[lanes] host budget 200.0 GiB process-wide (requested 200.0 GiB per GPU, visible cgroup limit unlimited or unavailable): 155.7 GiB shared records, 24.2 GiB workspace per GPU, 20.0 GiB headroom; 2 CPU executions, 1 prepared queue slots; 38.9 GiB initial reservation, growth waits for shared capacity; 1500000000 trace cells
[lanes] per-record ceiling 128.0 GiB; oversized environment claims are bisected automatically
[lanes] building 1 resident workers
[lanes] 4 claims (0 reused from the index, 0 retired under cached joins without an indexed proof), 3 joins (0 cached)
[lanes] claim 0 dispatched at +0s
[lanes] claim 1 dispatched at +0s
[lanes] executor 0: claim 1 execution started at +0s
[lanes] executor 1: claim 0 execution started at +0s
[trace-shards] 11 shards, 1500000000 committed cells: record 22753858957 B in shared pool, host workspace 17329026695 B of 26088568116 B reserved per prover; regenerating round 2
[lanes] executor 0: claim 1 executed in 112.6s, record 22753858957 B (21.1 GiB) at +112s
[lanes] claim 2 dispatched at +112s
[lanes] worker 0: claim 1 proving started at +112s
[lanes] executor 0: claim 2 execution started at +112s
2026-09-16T22:33:22.787008Z DEBUG aiur::gpu_trace: CPU trace: circuit lacks generated CUDA coverage circuit=117 rows=13240533
2026-09-16T22:33:22.787126Z DEBUG aiur::gpu_trace: CPU trace: circuit lacks generated CUDA coverage circuit=176 rows=1
2026-09-16T22:33:22.787346Z DEBUG aiur::gpu_trace: CPU trace: circuit lacks generated CUDA coverage circuit=90 rows=88084
2026-09-16T22:33:22.787695Z DEBUG aiur::gpu_trace: CPU trace: circuit lacks generated CUDA coverage circuit=57 rows=140
2026-09-16T22:33:22.788074Z DEBUG aiur::gpu_trace: CPU trace: circuit lacks generated CUDA coverage circuit=75 rows=8
2026-09-16T22:33:22.788410Z DEBUG aiur/codegen_memory_seeds{size=9 rows=133}: aiur::trace_codegen::cuda: prepared generated memory trace size=9 rows=133 seed_bytes=11704 seed_spans=1
2026-09-16T22:33:22.861014Z DEBUG aiur/codegen_seeds{circuit=16 rows=1048576}: aiur::trace_codegen::cuda: prepared generated CUDA trace circuit=16 rows=1048576 width=533 seed_bytes=184549376 seed_spans=16
2026-09-16T22:33:23.764552Z DEBUG aiur::gpu_trace: CPU trace: circuit lacks generated CUDA coverage circuit=22 rows=30
2026-09-16T22:33:23.764901Z DEBUG aiur::gpu_trace: CPU trace: circuit lacks generated CUDA coverage circuit=27 rows=2358
2026-09-16T22:33:23.765379Z DEBUG aiur::gpu_trace: CPU trace: circuit lacks generated CUDA coverage circuit=156 rows=304394
2026-09-16T22:33:23.765503Z DEBUG aiur::gpu_trace: CPU trace: circuit lacks generated CUDA coverage circuit=77 rows=2
2026-09-16T22:33:23.765803Z DEBUG aiur::gpu_trace: CPU trace: circuit lacks generated CUDA coverage circuit=91 rows=4960939
2026-09-16T22:33:23.766544Z DEBUG aiur/codegen_memory_seeds{size=2 rows=19}: aiur::trace_codegen::cuda: prepared generated memory trace size=2 rows=19 seed_bytes=608 seed_spans=1
2026-09-16T22:33:23.768349Z DEBUG aiur::gpu_trace: CPU trace: circuit lacks generated CUDA coverage circuit=62 rows=258
2026-09-16T22:33:23.826354Z DEBUG aiur/codegen_seeds{circuit=16 rows=1048576}: aiur::trace_codegen::cuda: prepared generated CUDA trace circuit=16 rows=1048576 width=533 seed_bytes=184549376 seed_spans=16
[trace-shards] 11 shards, 1500000000 committed cells: record 23506774632 B in shared pool, host workspace 17328975783 B of 26088568116 B reserved per prover; regenerating round 2
[lanes] executor 1: claim 0 executed in 114.5s, record 23506774632 B (21.8 GiB) at +114s
[lanes] claim 3 dispatched at +114s
[lanes] executor 1: claim 3 execution started at +114s
2026-09-16T22:33:24.967377Z DEBUG aiur::gpu_trace: CPU trace: circuit lacks generated CUDA coverage circuit=12 rows=16777216
2026-09-16T22:33:24.967385Z DEBUG aiur::gpu_trace: CPU trace: circuit lacks generated CUDA coverage circuit=26 rows=6
2026-09-16T22:33:24.967383Z DEBUG aiur::gpu_trace: CPU trace: circuit lacks generated CUDA coverage circuit=69 rows=15
2026-09-16T22:33:24.968058Z DEBUG aiur::gpu_trace: CPU trace: circuit lacks generated CUDA coverage circuit=70 rows=16
2026-09-16T22:33:24.968157Z DEBUG aiur::gpu_trace: CPU trace: circuit lacks generated CUDA coverage circuit=64 rows=60
2026-09-16T22:33:24.968188Z DEBUG aiur::gpu_trace: CPU trace: circuit lacks generated CUDA coverage circuit=34 rows=1016406
2026-09-16T22:33:24.968897Z DEBUG aiur::gpu_trace: CPU trace: circuit lacks generated CUDA coverage circuit=71 rows=16
2026-09-16T22:33:24.969244Z DEBUG aiur/codegen_memory_seeds{size=8 rows=151}: aiur::trace_codegen::cuda: prepared generated memory trace size=8 rows=151 seed_bytes=12080 seed_spans=1
2026-09-16T22:33:24.969287Z DEBUG aiur::gpu_trace: CPU trace: circuit lacks generated CUDA coverage circuit=68 rows=16
2026-09-16T22:33:25.017333Z DEBUG aiur/codegen_seeds{circuit=16 rows=1048576}: aiur::trace_codegen::cuda: prepared generated CUDA trace circuit=16 rows=1048576 width=533 seed_bytes=184549376 seed_spans=16
2026-09-16T22:33:26.441050Z DEBUG aiur::gpu_trace: CPU trace: circuit lacks generated CUDA coverage circuit=3 rows=19
2026-09-16T22:33:26.441121Z DEBUG aiur::gpu_trace: CPU trace: circuit lacks generated CUDA coverage circuit=38 rows=4375748
2026-09-16T22:33:26.441827Z DEBUG aiur::gpu_trace: CPU trace: circuit lacks generated CUDA coverage circuit=119 rows=10189848
2026-09-16T22:33:26.443011Z DEBUG aiur::gpu_trace: CPU trace: circuit lacks generated CUDA coverage circuit=47 rows=296840
2026-09-16T22:33:26.443126Z DEBUG aiur::gpu_trace: CPU trace: circuit lacks generated CUDA coverage circuit=87 rows=2
2026-09-16T22:33:26.443578Z DEBUG aiur::gpu_trace: CPU trace: circuit lacks generated CUDA coverage circuit=42 rows=6466839
2026-09-16T22:33:27.484692Z DEBUG aiur::gpu_trace: CPU trace: circuit lacks generated CUDA coverage circuit=9 rows=46085
2026-09-16T22:33:27.484695Z DEBUG aiur::gpu_trace: CPU trace: circuit lacks generated CUDA coverage circuit=28 rows=3052
2026-09-16T22:33:27.484692Z DEBUG aiur::gpu_trace: CPU trace: circuit lacks generated CUDA coverage circuit=12 rows=8603438
2026-09-16T22:33:27.484699Z DEBUG aiur::gpu_trace: CPU trace: circuit lacks generated CUDA coverage circuit=179 rows=2858316
2026-09-16T22:33:27.486269Z DEBUG aiur::gpu_trace: CPU trace: circuit lacks generated CUDA coverage circuit=60 rows=150
2026-09-16T22:33:27.486905Z DEBUG aiur::gpu_trace: CPU trace: circuit lacks generated CUDA coverage circuit=112 rows=5516647
2026-09-16T22:33:27.518667Z DEBUG aiur/codegen_seeds{circuit=16 rows=452160}: aiur::trace_codegen::cuda: prepared generated CUDA trace circuit=16 rows=452160 width=533 seed_bytes=79580160 seed_spans=7
2026-09-16T22:33:28.588300Z DEBUG aiur::gpu_trace: CPU trace: circuit lacks generated CUDA coverage circuit=89 rows=108199
2026-09-16T22:33:28.589470Z DEBUG aiur::gpu_trace: CPU trace: circuit lacks generated CUDA coverage circuit=36 rows=6487894
2026-09-16T22:33:28.590241Z DEBUG aiur::gpu_trace: CPU trace: circuit lacks generated CUDA coverage circuit=170 rows=10085609
2026-09-16T22:33:28.590426Z DEBUG aiur::gpu_trace: CPU trace: circuit lacks generated CUDA coverage circuit=107 rows=7498195
2026-09-16T22:33:28.590436Z DEBUG aiur::gpu_trace: CPU trace: circuit lacks generated CUDA coverage circuit=101 rows=6786968
2026-09-16T22:33:28.590880Z DEBUG aiur::gpu_trace: CPU trace: circuit lacks generated CUDA coverage circuit=111 rows=5757201
2026-09-16T22:33:30.207460Z DEBUG aiur::gpu_trace: CPU trace: circuit lacks generated CUDA coverage circuit=153 rows=1233
2026-09-16T22:33:30.209048Z DEBUG aiur::gpu_trace: CPU trace: circuit lacks generated CUDA coverage circuit=118 rows=3307842
2026-09-16T22:33:30.209113Z DEBUG aiur::gpu_trace: CPU trace: circuit lacks generated CUDA coverage circuit=74 rows=943
2026-09-16T22:33:30.209114Z DEBUG aiur::gpu_trace: CPU trace: circuit lacks generated CUDA coverage circuit=33 rows=6295443
2026-09-16T22:33:30.209996Z DEBUG aiur::gpu_trace: CPU trace: circuit lacks generated CUDA coverage circuit=106 rows=7689551
2026-09-16T22:33:30.210581Z DEBUG aiur::gpu_trace: CPU trace: circuit lacks generated CUDA coverage circuit=154 rows=23096
2026-09-16T22:33:30.211390Z DEBUG aiur::gpu_trace: CPU trace: circuit lacks generated CUDA coverage circuit=177 rows=6288862
2026-09-16T22:33:30.226918Z DEBUG aiur::gpu_trace: CPU trace: circuit lacks generated CUDA coverage circuit=162 rows=2225576
2026-09-16T22:33:30.260346Z DEBUG aiur/codegen_memory_seeds{size=4 rows=8423211}: aiur::trace_codegen::cuda: prepared generated memory trace size=4 rows=8423211 seed_bytes=404314128 seed_spans=129
2026-09-16T22:33:30.260342Z DEBUG aiur/codegen_memory_seeds{size=3 rows=16777216}: aiur::trace_codegen::cuda: prepared generated memory trace size=3 rows=16777216 seed_bytes=671088640 seed_spans=256
2026-09-16T22:33:31.429399Z DEBUG aiur::gpu_trace: CPU trace: circuit lacks generated CUDA coverage circuit=39 rows=211388
2026-09-16T22:33:31.429454Z DEBUG aiur::gpu_trace: CPU trace: circuit lacks generated CUDA coverage circuit=13 rows=374903
2026-09-16T22:33:31.429469Z DEBUG aiur::gpu_trace: CPU trace: circuit lacks generated CUDA coverage circuit=183 rows=7134758
2026-09-16T22:33:31.430155Z DEBUG aiur::gpu_trace: CPU trace: circuit lacks generated CUDA coverage circuit=120 rows=2153673
2026-09-16T22:33:31.431156Z DEBUG aiur::gpu_trace: CPU trace: circuit lacks generated CUDA coverage circuit=20 rows=716732
2026-09-16T22:33:31.431212Z DEBUG aiur::gpu_trace: CPU trace: circuit lacks generated CUDA coverage circuit=41 rows=559887
2026-09-16T22:33:31.431788Z DEBUG aiur::gpu_trace: CPU trace: circuit lacks generated CUDA coverage circuit=110 rows=2410949
2026-09-16T22:33:31.452612Z DEBUG aiur::gpu_trace: CPU trace: circuit lacks generated CUDA coverage circuit=24 rows=826390
2026-09-16T22:33:32.011292Z DEBUG aiur/codegen_memory_seeds{size=3 rows=16777216}: aiur::trace_codegen::cuda: prepared generated memory trace size=3 rows=16777216 seed_bytes=671088640 seed_spans=256
2026-09-16T22:33:32.021016Z DEBUG aiur/codegen_seeds{circuit=102 rows=1644769}: aiur::trace_codegen::cuda: prepared generated CUDA trace circuit=102 rows=1644769 width=43 seed_bytes=65790760 seed_spans=26
2026-09-16T22:33:32.031994Z DEBUG aiur/codegen_seeds{circuit=15 rows=374330}: aiur::trace_codegen::cuda: prepared generated CUDA trace circuit=15 rows=374330 width=177 seed_bytes=152726640 seed_spans=10
2026-09-16T22:33:33.104255Z DEBUG aiur::gpu_trace: CPU trace: circuit lacks generated CUDA coverage circuit=109 rows=2918563
2026-09-16T22:33:33.104426Z DEBUG aiur::gpu_trace: CPU trace: circuit lacks generated CUDA coverage circuit=122 rows=1436501
2026-09-16T22:33:33.104503Z DEBUG aiur::gpu_trace: CPU trace: circuit lacks generated CUDA coverage circuit=113 rows=1563647
2026-09-16T22:33:33.104538Z DEBUG aiur::gpu_trace: CPU trace: circuit lacks generated CUDA coverage circuit=44 rows=317156
2026-09-16T22:33:33.104565Z DEBUG aiur::gpu_trace: CPU trace: circuit lacks generated CUDA coverage circuit=103 rows=318056
2026-09-16T22:33:33.104736Z DEBUG aiur::gpu_trace: CPU trace: circuit lacks generated CUDA coverage circuit=54 rows=3433489
2026-09-16T22:33:33.105448Z DEBUG aiur::gpu_trace: CPU trace: circuit lacks generated CUDA coverage circuit=45 rows=1492791
2026-09-16T22:33:33.105611Z DEBUG aiur::gpu_trace: CPU trace: circuit lacks generated CUDA coverage circuit=166 rows=1717297
2026-09-16T22:33:33.105789Z DEBUG aiur::gpu_trace: CPU trace: circuit lacks generated CUDA coverage circuit=132 rows=1178024
2026-09-16T22:33:33.106027Z DEBUG aiur::gpu_trace: CPU trace: circuit lacks generated CUDA coverage circuit=167 rows=2001425
2026-09-16T22:33:33.106140Z DEBUG aiur::gpu_trace: CPU trace: circuit lacks generated CUDA coverage circuit=180 rows=3400442
2026-09-16T22:33:33.106180Z DEBUG aiur::gpu_trace: CPU trace: circuit lacks generated CUDA coverage circuit=168 rows=1558774
2026-09-16T22:33:33.107298Z DEBUG aiur::gpu_trace: CPU trace: circuit lacks generated CUDA coverage circuit=178 rows=3846505
2026-09-16T22:33:33.108161Z DEBUG aiur::gpu_trace: CPU trace: circuit lacks generated CUDA coverage circuit=88 rows=2575976
2026-09-16T22:33:34.037252Z DEBUG aiur/codegen_memory_seeds{size=3 rows=16777216}: aiur::trace_codegen::cuda: prepared generated memory trace size=3 rows=16777216 seed_bytes=671088640 seed_spans=256
2026-09-16T22:33:34.037252Z DEBUG aiur/codegen_memory_seeds{size=18 rows=1712867}: aiur::trace_codegen::cuda: prepared generated memory trace size=18 rows=1712867 seed_bytes=274058720 seed_spans=27
2026-09-16T22:33:35.024175Z DEBUG aiur::gpu_trace: CPU trace: circuit lacks generated CUDA coverage circuit=108 rows=1040866
2026-09-16T22:33:35.024184Z DEBUG aiur::gpu_trace: CPU trace: circuit lacks generated CUDA coverage circuit=51 rows=23767
2026-09-16T22:33:35.024183Z DEBUG aiur::gpu_trace: CPU trace: circuit lacks generated CUDA coverage circuit=25 rows=62579
2026-09-16T22:33:35.024188Z DEBUG aiur::gpu_trace: CPU trace: circuit lacks generated CUDA coverage circuit=0 rows=157999
2026-09-16T22:33:35.024186Z DEBUG aiur::gpu_trace: CPU trace: circuit lacks generated CUDA coverage circuit=127 rows=414251
2026-09-16T22:33:35.024200Z DEBUG aiur::gpu_trace: CPU trace: circuit lacks generated CUDA coverage circuit=115 rows=1281575
2026-09-16T22:33:35.024183Z DEBUG aiur::gpu_trace: CPU trace: circuit lacks generated CUDA coverage circuit=52 rows=179044
2026-09-16T22:33:35.024183Z DEBUG aiur::gpu_trace: CPU trace: circuit lacks generated CUDA coverage circuit=114 rows=568832
2026-09-16T22:33:35.024191Z DEBUG aiur::gpu_trace: CPU trace: circuit lacks generated CUDA coverage circuit=105 rows=471940
2026-09-16T22:33:35.024479Z DEBUG aiur::gpu_trace: CPU trace: circuit lacks generated CUDA coverage circuit=14 rows=1121711
2026-09-16T22:33:35.024916Z DEBUG aiur::gpu_trace: CPU trace: circuit lacks generated CUDA coverage circuit=23 rows=77214
2026-09-16T22:33:35.024944Z DEBUG aiur::gpu_trace: CPU trace: circuit lacks generated CUDA coverage circuit=32 rows=208775
2026-09-16T22:33:35.025048Z DEBUG aiur::gpu_trace: CPU trace: circuit lacks generated CUDA coverage circuit=121 rows=382960
2026-09-16T22:33:35.025194Z DEBUG aiur::gpu_trace: CPU trace: circuit lacks generated CUDA coverage circuit=65 rows=80417
2026-09-16T22:33:35.025297Z DEBUG aiur::gpu_trace: CPU trace: circuit lacks generated CUDA coverage circuit=40 rows=147565
2026-09-16T22:33:35.025359Z DEBUG aiur::gpu_trace: CPU trace: circuit lacks generated CUDA coverage circuit=8 rows=34735
2026-09-16T22:33:35.025540Z DEBUG aiur::gpu_trace: CPU trace: circuit lacks generated CUDA coverage circuit=10 rows=32163
2026-09-16T22:33:35.025571Z DEBUG aiur::gpu_trace: CPU trace: circuit lacks generated CUDA coverage circuit=181 rows=342355
2026-09-16T22:33:35.025590Z DEBUG aiur::gpu_trace: CPU trace: circuit lacks generated CUDA coverage circuit=59 rows=110700
2026-09-16T22:33:35.025591Z DEBUG aiur::gpu_trace: CPU trace: circuit lacks generated CUDA coverage circuit=104 rows=224121
2026-09-16T22:33:35.025691Z DEBUG aiur::gpu_trace: CPU trace: circuit lacks generated CUDA coverage circuit=46 rows=157100
2026-09-16T22:33:35.025801Z DEBUG aiur/codegen_memory_seeds{size=11 rows=340}: aiur::trace_codegen::cuda: prepared generated memory trace size=11 rows=340 seed_bytes=35360 seed_spans=1
2026-09-16T22:33:35.025853Z DEBUG aiur::gpu_trace: CPU trace: circuit lacks generated CUDA coverage circuit=157 rows=160781
2026-09-16T22:33:35.026023Z DEBUG aiur::gpu_trace: CPU trace: circuit lacks generated CUDA coverage circuit=147 rows=280270
2026-09-16T22:33:35.026064Z DEBUG aiur::gpu_trace: CPU trace: circuit lacks generated CUDA coverage circuit=43 rows=65963
2026-09-16T22:33:35.026130Z DEBUG aiur::gpu_trace: CPU trace: circuit lacks generated CUDA coverage circuit=2 rows=211584
2026-09-16T22:33:35.026760Z DEBUG aiur/codegen_memory_seeds{size=5 rows=12432}: aiur::trace_codegen::cuda: prepared generated memory trace size=5 rows=12432 seed_bytes=696192 seed_spans=1
2026-09-16T22:33:35.029133Z DEBUG aiur::gpu_trace: CPU trace: circuit lacks generated CUDA coverage circuit=81 rows=100397
2026-09-16T22:33:35.032130Z DEBUG aiur::gpu_trace: CPU trace: circuit lacks generated CUDA coverage circuit=82 rows=136254
2026-09-16T22:33:35.034112Z DEBUG aiur::gpu_trace: CPU trace: circuit lacks generated CUDA coverage circuit=96 rows=74354
2026-09-16T22:33:35.054396Z DEBUG aiur/codegen_memory_seeds{size=6 rows=352382}: aiur::trace_codegen::cuda: prepared generated memory trace size=6 rows=352382 seed_bytes=22552448 seed_spans=6
2026-09-16T22:33:35.054466Z DEBUG aiur::gpu_trace: CPU trace: circuit lacks generated CUDA coverage circuit=11 rows=156277
2026-09-16T22:33:35.088416Z DEBUG aiur/codegen_memory_seeds{size=32 rows=423876}: aiur::trace_codegen::cuda: prepared generated memory trace size=32 rows=423876 seed_bytes=115294272 seed_spans=7
2026-09-16T22:33:35.090561Z DEBUG aiur::gpu_trace: CPU trace: circuit lacks generated CUDA coverage circuit=98 rows=236429
2026-09-16T22:33:35.116095Z DEBUG aiur::gpu_trace: CPU trace: circuit lacks generated CUDA coverage circuit=97 rows=236664
2026-09-16T22:33:35.122551Z DEBUG aiur::gpu_trace: CPU trace: circuit lacks generated CUDA coverage circuit=116 rows=798287
2026-09-16T22:33:35.134428Z DEBUG aiur/codegen_memory_seeds{size=3 rows=4827338}: aiur::trace_codegen::cuda: prepared generated memory trace size=3 rows=4827338 seed_bytes=193093520 seed_spans=74
2026-09-16T22:33:35.134483Z DEBUG aiur::gpu_trace: CPU trace: circuit lacks generated CUDA coverage circuit=182 rows=449563
2026-09-16T22:33:35.146684Z DEBUG aiur::gpu_trace: CPU trace: circuit lacks generated CUDA coverage circuit=150 rows=1385542
2026-09-16T22:33:35.149259Z DEBUG aiur::gpu_trace: CPU trace: circuit lacks generated CUDA coverage circuit=100 rows=355288
2026-09-16T22:33:35.152732Z DEBUG aiur::gpu_trace: CPU trace: circuit lacks generated CUDA coverage circuit=144 rows=237882
2026-09-16T22:33:35.174005Z DEBUG aiur/codegen_seeds{circuit=140 rows=512889}: aiur::trace_codegen::cuda: prepared generated CUDA trace circuit=140 rows=512889 width=25 seed_bytes=17950008 seed_spans=9
2026-09-16T22:33:35.174044Z DEBUG aiur::gpu_trace: CPU trace: circuit lacks generated CUDA coverage circuit=141 rows=305582
2026-09-16T22:33:35.181211Z DEBUG aiur::gpu_trace: CPU trace: circuit lacks generated CUDA coverage circuit=49 rows=117350
2026-09-16T22:33:35.194563Z DEBUG aiur::gpu_trace: CPU trace: circuit lacks generated CUDA coverage circuit=85 rows=765
2026-09-16T22:33:35.202028Z DEBUG aiur::gpu_trace: CPU trace: circuit lacks generated CUDA coverage circuit=145 rows=330078
2026-09-16T22:33:35.223297Z DEBUG aiur::gpu_trace: CPU trace: circuit lacks generated CUDA coverage circuit=35 rows=66262
2026-09-16T22:33:35.266760Z DEBUG aiur::gpu_trace: CPU trace: circuit lacks generated CUDA coverage circuit=133 rows=234725
2026-09-16T22:33:35.267743Z DEBUG aiur::gpu_trace: CPU trace: circuit lacks generated CUDA coverage circuit=161 rows=128195
2026-09-16T22:33:35.300440Z DEBUG aiur::gpu_trace: CPU trace: circuit lacks generated CUDA coverage circuit=148 rows=254624
2026-09-16T22:33:35.302202Z DEBUG aiur::gpu_trace: CPU trace: circuit lacks generated CUDA coverage circuit=37 rows=949031
2026-09-16T22:33:35.303597Z DEBUG aiur::gpu_trace: CPU trace: circuit lacks generated CUDA coverage circuit=137 rows=299727
2026-09-16T22:33:35.308104Z DEBUG aiur::gpu_trace: CPU trace: circuit lacks generated CUDA coverage circuit=184 rows=235257
2026-09-16T22:33:35.379142Z DEBUG aiur::gpu_trace: CPU trace: circuit lacks generated CUDA coverage circuit=169 rows=1314208
2026-09-16T22:33:35.396117Z DEBUG aiur::gpu_trace: CPU trace: circuit lacks generated CUDA coverage circuit=99 rows=362554
2026-09-16T22:33:35.458943Z DEBUG aiur::gpu_trace: CPU trace: circuit lacks generated CUDA coverage circuit=151 rows=1005800
2026-09-16T22:33:35.462677Z DEBUG aiur::gpu_trace: CPU trace: circuit lacks generated CUDA coverage circuit=164 rows=892751
2026-09-16T22:33:35.489171Z DEBUG aiur::gpu_trace: CPU trace: circuit lacks generated CUDA coverage circuit=142 rows=354483
2026-09-16T22:33:35.513720Z DEBUG aiur::gpu_trace: CPU trace: circuit lacks generated CUDA coverage circuit=123 rows=196229
2026-09-16T22:33:35.535134Z DEBUG aiur::gpu_trace: CPU trace: circuit lacks generated CUDA coverage circuit=152 rows=744283
2026-09-16T22:33:35.540220Z DEBUG aiur::gpu_trace: CPU trace: circuit lacks generated CUDA coverage circuit=125 rows=486323
2026-09-16T22:33:35.550953Z DEBUG aiur::gpu_trace: CPU trace: circuit lacks generated CUDA coverage circuit=126 rows=384556
2026-09-16T22:33:35.664006Z DEBUG aiur::gpu_trace: CPU trace: circuit lacks generated CUDA coverage circuit=130 rows=241940
2026-09-16T22:33:35.671191Z DEBUG aiur::gpu_trace: CPU trace: circuit lacks generated CUDA coverage circuit=138 rows=890089
2026-09-16T22:33:35.782253Z DEBUG aiur::gpu_trace: CPU trace: circuit lacks generated CUDA coverage circuit=128 rows=305944
2026-09-16T22:33:35.813331Z DEBUG aiur::gpu_trace: CPU trace: circuit lacks generated CUDA coverage circuit=139 rows=280374
2026-09-16T22:33:35.831360Z DEBUG aiur/codegen_seeds{circuit=124 rows=56264}: aiur::trace_codegen::cuda: prepared generated CUDA trace circuit=124 rows=56264 width=98 seed_bytes=12896528 seed_spans=2
2026-09-16T22:33:35.831394Z DEBUG aiur::gpu_trace: CPU trace: circuit lacks generated CUDA coverage circuit=134 rows=260774
2026-09-16T22:33:35.878571Z DEBUG aiur::gpu_trace: CPU trace: circuit lacks generated CUDA coverage circuit=131 rows=417876
2026-09-16T22:33:36.031827Z DEBUG aiur::gpu_trace: CPU trace: circuit lacks generated CUDA coverage circuit=129 rows=394210
2026-09-16T22:33:36.841413Z DEBUG aiur::gpu_trace: CPU trace: circuit lacks generated CUDA coverage circuit=83 rows=40524
2026-09-16T22:33:36.841417Z DEBUG aiur::gpu_trace: CPU trace: circuit lacks generated CUDA coverage circuit=76 rows=50798
2026-09-16T22:33:36.841423Z DEBUG aiur::gpu_trace: CPU trace: circuit lacks generated CUDA coverage circuit=18 rows=20519
2026-09-16T22:33:36.841413Z DEBUG aiur::gpu_trace: CPU trace: circuit lacks generated CUDA coverage circuit=4 rows=19046
2026-09-16T22:33:36.841419Z DEBUG aiur::gpu_trace: CPU trace: circuit lacks generated CUDA coverage circuit=31 rows=3245
2026-09-16T22:33:36.841412Z DEBUG aiur::gpu_trace: CPU trace: circuit lacks generated CUDA coverage circuit=1 rows=26104
2026-09-16T22:33:36.841449Z DEBUG aiur::gpu_trace: CPU trace: circuit lacks generated CUDA coverage circuit=66 rows=927
2026-09-16T22:33:36.841578Z DEBUG aiur/codegen_seeds{circuit=63 rows=151}: aiur::trace_codegen::cuda: prepared generated CUDA trace circuit=63 rows=151 width=68 seed_bytes=31408 seed_spans=1
2026-09-16T22:33:36.841840Z DEBUG aiur::gpu_trace: CPU trace: circuit lacks generated CUDA coverage circuit=30 rows=18979
2026-09-16T22:33:36.841924Z DEBUG aiur::gpu_trace: CPU trace: circuit lacks generated CUDA coverage circuit=95 rows=30131
2026-09-16T22:33:36.842039Z DEBUG aiur::gpu_trace: CPU trace: circuit lacks generated CUDA coverage circuit=19 rows=61412
2026-09-16T22:33:36.842192Z DEBUG aiur::gpu_trace: CPU trace: circuit lacks generated CUDA coverage circuit=86 rows=12372
2026-09-16T22:33:36.842259Z DEBUG aiur::gpu_trace: CPU trace: circuit lacks generated CUDA coverage circuit=84 rows=36
2026-09-16T22:33:36.842405Z DEBUG aiur::gpu_trace: CPU trace: circuit lacks generated CUDA coverage circuit=17 rows=20257
2026-09-16T22:33:36.842477Z DEBUG aiur::gpu_trace: CPU trace: circuit lacks generated CUDA coverage circuit=159 rows=18795
2026-09-16T22:33:36.842658Z DEBUG aiur::gpu_trace: CPU trace: circuit lacks generated CUDA coverage circuit=155 rows=28497
2026-09-16T22:33:36.842674Z DEBUG aiur::gpu_trace: CPU trace: circuit lacks generated CUDA coverage circuit=5 rows=302
2026-09-16T22:33:36.842747Z DEBUG aiur::gpu_trace: CPU trace: circuit lacks generated CUDA coverage circuit=53 rows=20659
2026-09-16T22:33:36.842871Z DEBUG aiur::gpu_trace: CPU trace: circuit lacks generated CUDA coverage circuit=67 rows=3669
2026-09-16T22:33:36.842973Z DEBUG aiur::gpu_trace: CPU trace: circuit lacks generated CUDA coverage circuit=92 rows=94738
2026-09-16T22:33:36.843076Z DEBUG aiur::gpu_trace: CPU trace: circuit lacks generated CUDA coverage circuit=72 rows=13643
2026-09-16T22:33:36.843158Z DEBUG aiur::gpu_trace: CPU trace: circuit lacks generated CUDA coverage circuit=93 rows=25383
2026-09-16T22:33:36.843532Z DEBUG aiur::gpu_trace: CPU trace: circuit lacks generated CUDA coverage circuit=163 rows=183970
2026-09-16T22:33:36.843995Z DEBUG aiur/codegen_memory_seeds{size=10 rows=909}: aiur::trace_codegen::cuda: prepared generated memory trace size=10 rows=909 seed_bytes=87264 seed_spans=1
2026-09-16T22:33:36.844061Z DEBUG aiur::gpu_trace: CPU trace: circuit lacks generated CUDA coverage circuit=48 rows=25228
2026-09-16T22:33:36.844106Z DEBUG aiur::gpu_trace: CPU trace: circuit lacks generated CUDA coverage circuit=160 rows=22356
2026-09-16T22:33:36.844350Z DEBUG aiur::gpu_trace: CPU trace: circuit lacks generated CUDA coverage circuit=73 rows=25332
2026-09-16T22:33:36.844399Z DEBUG aiur::gpu_trace: CPU trace: circuit lacks generated CUDA coverage circuit=135 rows=3923
2026-09-16T22:33:36.844416Z DEBUG aiur::gpu_trace: CPU trace: circuit lacks generated CUDA coverage circuit=80 rows=44451
2026-09-16T22:33:36.844434Z DEBUG aiur::gpu_trace: CPU trace: circuit lacks generated CUDA coverage circuit=7 rows=37966
2026-09-16T22:33:36.845644Z DEBUG aiur::gpu_trace: CPU trace: circuit lacks generated CUDA coverage circuit=50 rows=1658
2026-09-16T22:33:36.847920Z DEBUG aiur/codegen_memory_seeds{size=12 rows=20666}: aiur::trace_codegen::cuda: prepared generated memory trace size=12 rows=20666 seed_bytes=2314592 seed_spans=1
2026-09-16T22:33:36.848140Z DEBUG aiur::gpu_trace: CPU trace: circuit lacks generated CUDA coverage circuit=143 rows=237741
2026-09-16T22:33:36.849627Z DEBUG aiur::gpu_trace: CPU trace: circuit lacks generated CUDA coverage circuit=94 rows=27952
2026-09-16T22:33:36.849787Z DEBUG aiur::gpu_trace: CPU trace: circuit lacks generated CUDA coverage circuit=136 rows=27850
2026-09-16T22:33:36.850164Z DEBUG aiur::gpu_trace: CPU trace: circuit lacks generated CUDA coverage circuit=158 rows=10373
2026-09-16T22:33:36.856464Z DEBUG aiur::gpu_trace: CPU trace: circuit lacks generated CUDA coverage circuit=146 rows=92582
2026-09-16T22:33:36.859118Z DEBUG aiur::gpu_trace: CPU trace: circuit lacks generated CUDA coverage circuit=55 rows=4887
2026-09-16T22:33:36.862033Z DEBUG aiur/codegen_memory_seeds{size=34 rows=93147}: aiur::trace_codegen::cuda: prepared generated memory trace size=34 rows=93147 seed_bytes=26826336 seed_spans=2
2026-09-16T22:33:36.865130Z DEBUG aiur/codegen_memory_seeds{size=36 rows=486}: aiur::trace_codegen::cuda: prepared generated memory trace size=36 rows=486 seed_bytes=147744 seed_spans=1
2026-09-16T22:33:36.865189Z DEBUG aiur/codegen_memory_seeds{size=47 rows=360}: aiur::trace_codegen::cuda: prepared generated memory trace size=47 rows=360 seed_bytes=141120 seed_spans=1
2026-09-16T22:33:36.867807Z DEBUG aiur/codegen_seeds{circuit=6 rows=25367}: aiur::trace_codegen::cuda: prepared generated CUDA trace circuit=6 rows=25367 width=63 seed_bytes=4731864 seed_spans=4
2026-09-16T22:33:36.868701Z DEBUG aiur/codegen_seeds{circuit=56 rows=141}: aiur::trace_codegen::cuda: prepared generated CUDA trace circuit=56 rows=141 width=49 seed_bytes=11280 seed_spans=1
2026-09-16T22:33:36.868738Z DEBUG aiur::gpu_trace: CPU trace: circuit lacks generated CUDA coverage circuit=58 rows=3263
2026-09-16T22:33:36.870792Z DEBUG aiur::gpu_trace: CPU trace: circuit lacks generated CUDA coverage circuit=61 rows=7877
2026-09-16T22:33:36.875491Z DEBUG aiur::gpu_trace: CPU trace: circuit lacks generated CUDA coverage circuit=78 rows=7581
2026-09-16T22:33:36.875544Z DEBUG aiur::gpu_trace: CPU trace: circuit lacks generated CUDA coverage circuit=149 rows=235731
2026-09-16T22:33:38.303903Z DEBUG aiur::gpu_trace: CPU trace: circuit lacks generated CUDA coverage circuit=57 rows=140
2026-09-16T22:33:38.303904Z DEBUG aiur::gpu_trace: CPU trace: circuit lacks generated CUDA coverage circuit=117 rows=13240533
2026-09-16T22:33:38.305612Z DEBUG aiur::gpu_trace: CPU trace: circuit lacks generated CUDA coverage circuit=75 rows=8
2026-09-16T22:33:38.306190Z DEBUG aiur::gpu_trace: CPU trace: circuit lacks generated CUDA coverage circuit=176 rows=1
2026-09-16T22:33:38.306361Z DEBUG aiur/codegen_memory_seeds{size=9 rows=133}: aiur::trace_codegen::cuda: prepared generated memory trace size=9 rows=133 seed_bytes=11704 seed_spans=1
2026-09-16T22:33:38.306491Z DEBUG aiur::gpu_trace: CPU trace: circuit lacks generated CUDA coverage circuit=90 rows=88084
2026-09-16T22:33:38.368879Z DEBUG aiur/codegen_seeds{circuit=16 rows=1048576}: aiur::trace_codegen::cuda: prepared generated CUDA trace circuit=16 rows=1048576 width=533 seed_bytes=184549376 seed_spans=16
2026-09-16T22:33:39.287019Z DEBUG aiur::gpu_trace: CPU trace: circuit lacks generated CUDA coverage circuit=77 rows=2
2026-09-16T22:33:39.287536Z DEBUG aiur::gpu_trace: CPU trace: circuit lacks generated CUDA coverage circuit=27 rows=2358
2026-09-16T22:33:39.287553Z DEBUG aiur::gpu_trace: CPU trace: circuit lacks generated CUDA coverage circuit=91 rows=4960939
2026-09-16T22:33:39.288142Z DEBUG aiur::gpu_trace: CPU trace: circuit lacks generated CUDA coverage circuit=156 rows=304394
2026-09-16T22:33:39.288522Z DEBUG aiur::gpu_trace: CPU trace: circuit lacks generated CUDA coverage circuit=22 rows=30
2026-09-16T22:33:39.288621Z DEBUG aiur::gpu_trace: CPU trace: circuit lacks generated CUDA coverage circuit=62 rows=258
2026-09-16T22:33:39.288935Z DEBUG aiur/codegen_memory_seeds{size=2 rows=19}: aiur::trace_codegen::cuda: prepared generated memory trace size=2 rows=19 seed_bytes=608 seed_spans=1
2026-09-16T22:33:39.349918Z DEBUG aiur/codegen_seeds{circuit=16 rows=1048576}: aiur::trace_codegen::cuda: prepared generated CUDA trace circuit=16 rows=1048576 width=533 seed_bytes=184549376 seed_spans=16
2026-09-16T22:33:42.093401Z DEBUG aiur::gpu_trace: CPU trace: circuit lacks generated CUDA coverage circuit=34 rows=1016406
2026-09-16T22:33:42.093406Z DEBUG aiur::gpu_trace: CPU trace: circuit lacks generated CUDA coverage circuit=12 rows=16777216
2026-09-16T22:33:42.093444Z DEBUG aiur::gpu_trace: CPU trace: circuit lacks generated CUDA coverage circuit=69 rows=15
2026-09-16T22:33:42.093824Z DEBUG aiur::gpu_trace: CPU trace: circuit lacks generated CUDA coverage circuit=64 rows=60
2026-09-16T22:33:42.094135Z DEBUG aiur::gpu_trace: CPU trace: circuit lacks generated CUDA coverage circuit=70 rows=16
2026-09-16T22:33:42.094296Z DEBUG aiur::gpu_trace: CPU trace: circuit lacks generated CUDA coverage circuit=26 rows=6
2026-09-16T22:33:42.094817Z DEBUG aiur::gpu_trace: CPU trace: circuit lacks generated CUDA coverage circuit=71 rows=16
2026-09-16T22:33:42.094834Z DEBUG aiur::gpu_trace: CPU trace: circuit lacks generated CUDA coverage circuit=68 rows=16
2026-09-16T22:33:42.095911Z DEBUG aiur/codegen_memory_seeds{size=8 rows=151}: aiur::trace_codegen::cuda: prepared generated memory trace size=8 rows=151 seed_bytes=12080 seed_spans=1
2026-09-16T22:33:42.162517Z DEBUG aiur/codegen_seeds{circuit=16 rows=1048576}: aiur::trace_codegen::cuda: prepared generated CUDA trace circuit=16 rows=1048576 width=533 seed_bytes=184549376 seed_spans=16
2026-09-16T22:33:45.111941Z DEBUG aiur::gpu_trace: CPU trace: circuit lacks generated CUDA coverage circuit=3 rows=19
2026-09-16T22:33:45.111979Z DEBUG aiur::gpu_trace: CPU trace: circuit lacks generated CUDA coverage circuit=38 rows=4375748
2026-09-16T22:33:45.113016Z DEBUG aiur::gpu_trace: CPU trace: circuit lacks generated CUDA coverage circuit=47 rows=296840
2026-09-16T22:33:45.113600Z DEBUG aiur::gpu_trace: CPU trace: circuit lacks generated CUDA coverage circuit=42 rows=6466839
2026-09-16T22:33:45.113852Z DEBUG aiur::gpu_trace: CPU trace: circuit lacks generated CUDA coverage circuit=119 rows=10189848
2026-09-16T22:33:45.114133Z DEBUG aiur::gpu_trace: CPU trace: circuit lacks generated CUDA coverage circuit=87 rows=2
2026-09-16T22:33:47.921990Z DEBUG aiur::gpu_trace: CPU trace: circuit lacks generated CUDA coverage circuit=179 rows=2858316
2026-09-16T22:33:47.922006Z DEBUG aiur::gpu_trace: CPU trace: circuit lacks generated CUDA coverage circuit=9 rows=46085
2026-09-16T22:33:47.922013Z DEBUG aiur::gpu_trace: CPU trace: circuit lacks generated CUDA coverage circuit=12 rows=8603438
2026-09-16T22:33:47.923485Z DEBUG aiur::gpu_trace: CPU trace: circuit lacks generated CUDA coverage circuit=28 rows=3052
2026-09-16T22:33:47.923620Z DEBUG aiur::gpu_trace: CPU trace: circuit lacks generated CUDA coverage circuit=112 rows=5516647
2026-09-16T22:33:47.923721Z DEBUG aiur::gpu_trace: CPU trace: circuit lacks generated CUDA coverage circuit=60 rows=150
2026-09-16T22:33:47.962341Z DEBUG aiur/codegen_seeds{circuit=16 rows=452160}: aiur::trace_codegen::cuda: prepared generated CUDA trace circuit=16 rows=452160 width=533 seed_bytes=79580160 seed_spans=7
2026-09-16T22:33:51.161349Z DEBUG aiur::gpu_trace: CPU trace: circuit lacks generated CUDA coverage circuit=111 rows=5757201
2026-09-16T22:33:51.161772Z DEBUG aiur::gpu_trace: CPU trace: circuit lacks generated CUDA coverage circuit=89 rows=108199
2026-09-16T22:33:51.161920Z DEBUG aiur::gpu_trace: CPU trace: circuit lacks generated CUDA coverage circuit=36 rows=6487894
2026-09-16T22:33:51.162047Z DEBUG aiur::gpu_trace: CPU trace: circuit lacks generated CUDA coverage circuit=107 rows=7498195
2026-09-16T22:33:51.162846Z DEBUG aiur::gpu_trace: CPU trace: circuit lacks generated CUDA coverage circuit=170 rows=10085609
2026-09-16T22:33:51.163136Z DEBUG aiur::gpu_trace: CPU trace: circuit lacks generated CUDA coverage circuit=101 rows=6786968
2026-09-16T22:33:54.655961Z DEBUG aiur::gpu_trace: CPU trace: circuit lacks generated CUDA coverage circuit=153 rows=1233
2026-09-16T22:33:54.655994Z DEBUG aiur::gpu_trace: CPU trace: circuit lacks generated CUDA coverage circuit=162 rows=2225576
2026-09-16T22:33:54.657164Z DEBUG aiur::gpu_trace: CPU trace: circuit lacks generated CUDA coverage circuit=106 rows=7689551
2026-09-16T22:33:54.657443Z DEBUG aiur::gpu_trace: CPU trace: circuit lacks generated CUDA coverage circuit=33 rows=6295443
2026-09-16T22:33:54.658439Z DEBUG aiur::gpu_trace: CPU trace: circuit lacks generated CUDA coverage circuit=118 rows=3307842
2026-09-16T22:33:54.658451Z DEBUG aiur::gpu_trace: CPU trace: circuit lacks generated CUDA coverage circuit=74 rows=943
2026-09-16T22:33:54.658606Z DEBUG aiur::gpu_trace: CPU trace: circuit lacks generated CUDA coverage circuit=177 rows=6288862
2026-09-16T22:33:54.658735Z DEBUG aiur::gpu_trace: CPU trace: circuit lacks generated CUDA coverage circuit=154 rows=23096
2026-09-16T22:33:54.708563Z DEBUG aiur/codegen_memory_seeds{size=4 rows=8423211}: aiur::trace_codegen::cuda: prepared generated memory trace size=4 rows=8423211 seed_bytes=404314128 seed_spans=129
2026-09-16T22:33:54.708570Z DEBUG aiur/codegen_memory_seeds{size=3 rows=16777216}: aiur::trace_codegen::cuda: prepared generated memory trace size=3 rows=16777216 seed_bytes=671088640 seed_spans=256
2026-09-16T22:33:57.828230Z DEBUG aiur::gpu_trace: CPU trace: circuit lacks generated CUDA coverage circuit=13 rows=374903
2026-09-16T22:33:57.828339Z DEBUG aiur::gpu_trace: CPU trace: circuit lacks generated CUDA coverage circuit=39 rows=211388
2026-09-16T22:33:57.828351Z DEBUG aiur::gpu_trace: CPU trace: circuit lacks generated CUDA coverage circuit=24 rows=826390
2026-09-16T22:33:57.828629Z DEBUG aiur::gpu_trace: CPU trace: circuit lacks generated CUDA coverage circuit=20 rows=716732
2026-09-16T22:33:57.828739Z DEBUG aiur::gpu_trace: CPU trace: circuit lacks generated CUDA coverage circuit=41 rows=559887
2026-09-16T22:33:57.829625Z DEBUG aiur::gpu_trace: CPU trace: circuit lacks generated CUDA coverage circuit=183 rows=7134758
2026-09-16T22:33:57.829928Z DEBUG aiur::gpu_trace: CPU trace: circuit lacks generated CUDA coverage circuit=120 rows=2153673
2026-09-16T22:33:57.830610Z DEBUG aiur::gpu_trace: CPU trace: circuit lacks generated CUDA coverage circuit=110 rows=2410949
2026-09-16T22:33:58.431405Z DEBUG aiur/codegen_memory_seeds{size=3 rows=16777216}: aiur::trace_codegen::cuda: prepared generated memory trace size=3 rows=16777216 seed_bytes=671088640 seed_spans=256
2026-09-16T22:33:58.441846Z DEBUG aiur/codegen_seeds{circuit=102 rows=1644769}: aiur::trace_codegen::cuda: prepared generated CUDA trace circuit=102 rows=1644769 width=43 seed_bytes=65790760 seed_spans=26
2026-09-16T22:33:58.458572Z DEBUG aiur/codegen_seeds{circuit=15 rows=374330}: aiur::trace_codegen::cuda: prepared generated CUDA trace circuit=15 rows=374330 width=177 seed_bytes=152726640 seed_spans=10
2026-09-16T22:34:01.798856Z DEBUG aiur::gpu_trace: CPU trace: circuit lacks generated CUDA coverage circuit=54 rows=3433489
2026-09-16T22:34:01.798854Z DEBUG aiur::gpu_trace: CPU trace: circuit lacks generated CUDA coverage circuit=103 rows=318056
2026-09-16T22:34:01.799512Z DEBUG aiur::gpu_trace: CPU trace: circuit lacks generated CUDA coverage circuit=109 rows=2918563
2026-09-16T22:34:01.800218Z DEBUG aiur::gpu_trace: CPU trace: circuit lacks generated CUDA coverage circuit=113 rows=1563647
2026-09-16T22:34:01.800325Z DEBUG aiur::gpu_trace: CPU trace: circuit lacks generated CUDA coverage circuit=44 rows=317156
2026-09-16T22:34:01.800376Z DEBUG aiur::gpu_trace: CPU trace: circuit lacks generated CUDA coverage circuit=180 rows=3400442
2026-09-16T22:34:01.800474Z DEBUG aiur::gpu_trace: CPU trace: circuit lacks generated CUDA coverage circuit=166 rows=1717297
2026-09-16T22:34:01.800694Z DEBUG aiur::gpu_trace: CPU trace: circuit lacks generated CUDA coverage circuit=122 rows=1436501
2026-09-16T22:34:01.801059Z DEBUG aiur::gpu_trace: CPU trace: circuit lacks generated CUDA coverage circuit=88 rows=2575976
2026-09-16T22:34:01.801423Z DEBUG aiur::gpu_trace: CPU trace: circuit lacks generated CUDA coverage circuit=178 rows=3846505
2026-09-16T22:34:01.801555Z DEBUG aiur::gpu_trace: CPU trace: circuit lacks generated CUDA coverage circuit=132 rows=1178024
2026-09-16T22:34:01.801627Z DEBUG aiur::gpu_trace: CPU trace: circuit lacks generated CUDA coverage circuit=45 rows=1492791
2026-09-16T22:34:01.802034Z DEBUG aiur::gpu_trace: CPU trace: circuit lacks generated CUDA coverage circuit=167 rows=2001425
2026-09-16T22:34:01.802313Z DEBUG aiur::gpu_trace: CPU trace: circuit lacks generated CUDA coverage circuit=168 rows=1558774
2026-09-16T22:34:02.753070Z DEBUG aiur/codegen_memory_seeds{size=3 rows=16777216}: aiur::trace_codegen::cuda: prepared generated memory trace size=3 rows=16777216 seed_bytes=671088640 seed_spans=256
2026-09-16T22:34:02.753071Z DEBUG aiur/codegen_memory_seeds{size=18 rows=1712867}: aiur::trace_codegen::cuda: prepared generated memory trace size=18 rows=1712867 seed_bytes=274058720 seed_spans=27
2026-09-16T22:34:06.099536Z DEBUG aiur::gpu_trace: CPU trace: circuit lacks generated CUDA coverage circuit=0 rows=157999
2026-09-16T22:34:06.099579Z DEBUG aiur::gpu_trace: CPU trace: circuit lacks generated CUDA coverage circuit=127 rows=414251
2026-09-16T22:34:06.099579Z DEBUG aiur::gpu_trace: CPU trace: circuit lacks generated CUDA coverage circuit=108 rows=1040866
2026-09-16T22:34:06.099578Z DEBUG aiur::gpu_trace: CPU trace: circuit lacks generated CUDA coverage circuit=51 rows=23767
2026-09-16T22:34:06.099579Z DEBUG aiur::gpu_trace: CPU trace: circuit lacks generated CUDA coverage circuit=2 rows=211584
2026-09-16T22:34:06.099580Z DEBUG aiur::gpu_trace: CPU trace: circuit lacks generated CUDA coverage circuit=25 rows=62579
2026-09-16T22:34:06.099579Z DEBUG aiur::gpu_trace: CPU trace: circuit lacks generated CUDA coverage circuit=133 rows=234725
2026-09-16T22:34:06.099577Z DEBUG aiur::gpu_trace: CPU trace: circuit lacks generated CUDA coverage circuit=114 rows=568832
2026-09-16T22:34:06.100172Z DEBUG aiur::gpu_trace: CPU trace: circuit lacks generated CUDA coverage circuit=105 rows=471940
2026-09-16T22:34:06.100238Z DEBUG aiur::gpu_trace: CPU trace: circuit lacks generated CUDA coverage circuit=32 rows=208775
2026-09-16T22:34:06.100305Z DEBUG aiur::gpu_trace: CPU trace: circuit lacks generated CUDA coverage circuit=14 rows=1121711
2026-09-16T22:34:06.100362Z DEBUG aiur::gpu_trace: CPU trace: circuit lacks generated CUDA coverage circuit=59 rows=110700
2026-09-16T22:34:06.100431Z DEBUG aiur::gpu_trace: CPU trace: circuit lacks generated CUDA coverage circuit=23 rows=77214
2026-09-16T22:34:06.100476Z DEBUG aiur::gpu_trace: CPU trace: circuit lacks generated CUDA coverage circuit=104 rows=224121
2026-09-16T22:34:06.100601Z DEBUG aiur::gpu_trace: CPU trace: circuit lacks generated CUDA coverage circuit=147 rows=280270
2026-09-16T22:34:06.100605Z DEBUG aiur::gpu_trace: CPU trace: circuit lacks generated CUDA coverage circuit=65 rows=80417
2026-09-16T22:34:06.100640Z DEBUG aiur::gpu_trace: CPU trace: circuit lacks generated CUDA coverage circuit=130 rows=241940
2026-09-16T22:34:06.100648Z DEBUG aiur::gpu_trace: CPU trace: circuit lacks generated CUDA coverage circuit=40 rows=147565
2026-09-16T22:34:06.100767Z DEBUG aiur::gpu_trace: CPU trace: circuit lacks generated CUDA coverage circuit=10 rows=32163
2026-09-16T22:34:06.100777Z DEBUG aiur::gpu_trace: CPU trace: circuit lacks generated CUDA coverage circuit=11 rows=156277
2026-09-16T22:34:06.100832Z DEBUG aiur::gpu_trace: CPU trace: circuit lacks generated CUDA coverage circuit=8 rows=34735
2026-09-16T22:34:06.100883Z DEBUG aiur::gpu_trace: CPU trace: circuit lacks generated CUDA coverage circuit=148 rows=254624
2026-09-16T22:34:06.100953Z DEBUG aiur::gpu_trace: CPU trace: circuit lacks generated CUDA coverage circuit=151 rows=1005800
2026-09-16T22:34:06.101219Z DEBUG aiur::gpu_trace: CPU trace: circuit lacks generated CUDA coverage circuit=150 rows=1385542
2026-09-16T22:34:06.101271Z DEBUG aiur::gpu_trace: CPU trace: circuit lacks generated CUDA coverage circuit=181 rows=342355
2026-09-16T22:34:06.101272Z DEBUG aiur::gpu_trace: CPU trace: circuit lacks generated CUDA coverage circuit=157 rows=160781
2026-09-16T22:34:06.101291Z DEBUG aiur::gpu_trace: CPU trace: circuit lacks generated CUDA coverage circuit=121 rows=382960
2026-09-16T22:34:06.101351Z DEBUG aiur::gpu_trace: CPU trace: circuit lacks generated CUDA coverage circuit=137 rows=299727
2026-09-16T22:34:06.101449Z DEBUG aiur::gpu_trace: CPU trace: circuit lacks generated CUDA coverage circuit=96 rows=74354
2026-09-16T22:34:06.104141Z DEBUG aiur::gpu_trace: CPU trace: circuit lacks generated CUDA coverage circuit=81 rows=100397
2026-09-16T22:34:06.105525Z DEBUG aiur::gpu_trace: CPU trace: circuit lacks generated CUDA coverage circuit=169 rows=1314208
2026-09-16T22:34:06.192511Z DEBUG aiur::gpu_trace: CPU trace: circuit lacks generated CUDA coverage circuit=43 rows=65963
2026-09-16T22:34:06.194753Z DEBUG aiur::gpu_trace: CPU trace: circuit lacks generated CUDA coverage circuit=128 rows=305944
2026-09-16T22:34:06.194895Z DEBUG aiur::gpu_trace: CPU trace: circuit lacks generated CUDA coverage circuit=97 rows=236664
2026-09-16T22:34:06.200321Z DEBUG aiur::gpu_trace: CPU trace: circuit lacks generated CUDA coverage circuit=52 rows=179044
2026-09-16T22:34:06.204714Z DEBUG aiur/codegen_memory_seeds{size=11 rows=340}: aiur::trace_codegen::cuda: prepared generated memory trace size=11 rows=340 seed_bytes=35360 seed_spans=1
2026-09-16T22:34:06.214509Z DEBUG aiur::gpu_trace: CPU trace: circuit lacks generated CUDA coverage circuit=46 rows=157100
2026-09-16T22:34:06.231750Z DEBUG aiur::gpu_trace: CPU trace: circuit lacks generated CUDA coverage circuit=131 rows=417876
2026-09-16T22:34:06.242673Z DEBUG aiur/codegen_memory_seeds{size=32 rows=423876}: aiur::trace_codegen::cuda: prepared generated memory trace size=32 rows=423876 seed_bytes=115294272 seed_spans=7
2026-09-16T22:34:06.257851Z DEBUG aiur/codegen_seeds{circuit=140 rows=512889}: aiur::trace_codegen::cuda: prepared generated CUDA trace circuit=140 rows=512889 width=25 seed_bytes=17950008 seed_spans=9
2026-09-16T22:34:06.257889Z DEBUG aiur::gpu_trace: CPU trace: circuit lacks generated CUDA coverage circuit=141 rows=305582
2026-09-16T22:34:06.312730Z DEBUG aiur::gpu_trace: CPU trace: circuit lacks generated CUDA coverage circuit=144 rows=237882
2026-09-16T22:34:06.328328Z DEBUG aiur::gpu_trace: CPU trace: circuit lacks generated CUDA coverage circuit=152 rows=744283
2026-09-16T22:34:06.342642Z DEBUG aiur::gpu_trace: CPU trace: circuit lacks generated CUDA coverage circuit=49 rows=117350
2026-09-16T22:34:06.351109Z DEBUG aiur::gpu_trace: CPU trace: circuit lacks generated CUDA coverage circuit=123 rows=196229
2026-09-16T22:34:06.355447Z DEBUG aiur::gpu_trace: CPU trace: circuit lacks generated CUDA coverage circuit=182 rows=449563
2026-09-16T22:34:06.356450Z DEBUG aiur::gpu_trace: CPU trace: circuit lacks generated CUDA coverage circuit=35 rows=66262
2026-09-16T22:34:06.373377Z DEBUG aiur::gpu_trace: CPU trace: circuit lacks generated CUDA coverage circuit=142 rows=354483
2026-09-16T22:34:06.456510Z DEBUG aiur::gpu_trace: CPU trace: circuit lacks generated CUDA coverage circuit=129 rows=394210
2026-09-16T22:34:06.458707Z DEBUG aiur::gpu_trace: CPU trace: circuit lacks generated CUDA coverage circuit=161 rows=128195
2026-09-16T22:34:06.462282Z DEBUG aiur::gpu_trace: CPU trace: circuit lacks generated CUDA coverage circuit=98 rows=236429
2026-09-16T22:34:06.465701Z DEBUG aiur::gpu_trace: CPU trace: circuit lacks generated CUDA coverage circuit=115 rows=1281575
2026-09-16T22:34:06.466546Z DEBUG aiur::gpu_trace: CPU trace: circuit lacks generated CUDA coverage circuit=37 rows=949031
2026-09-16T22:34:06.516947Z DEBUG aiur::gpu_trace: CPU trace: circuit lacks generated CUDA coverage circuit=145 rows=330078
2026-09-16T22:34:06.586110Z DEBUG aiur::gpu_trace: CPU trace: circuit lacks generated CUDA coverage circuit=125 rows=486323
2026-09-16T22:34:06.622068Z DEBUG aiur::gpu_trace: CPU trace: circuit lacks generated CUDA coverage circuit=82 rows=136254
2026-09-16T22:34:06.640828Z DEBUG aiur::gpu_trace: CPU trace: circuit lacks generated CUDA coverage circuit=138 rows=890089
2026-09-16T22:34:06.659128Z DEBUG aiur::gpu_trace: CPU trace: circuit lacks generated CUDA coverage circuit=116 rows=798287
2026-09-16T22:34:06.699280Z DEBUG aiur::gpu_trace: CPU trace: circuit lacks generated CUDA coverage circuit=100 rows=355288
2026-09-16T22:34:06.708710Z DEBUG aiur::gpu_trace: CPU trace: circuit lacks generated CUDA coverage circuit=85 rows=765
2026-09-16T22:34:06.709883Z DEBUG aiur::gpu_trace: CPU trace: circuit lacks generated CUDA coverage circuit=99 rows=362554
2026-09-16T22:34:06.746191Z DEBUG aiur::gpu_trace: CPU trace: circuit lacks generated CUDA coverage circuit=164 rows=892751
2026-09-16T22:34:06.751057Z DEBUG aiur::gpu_trace: CPU trace: circuit lacks generated CUDA coverage circuit=134 rows=260774
2026-09-16T22:34:06.754700Z DEBUG aiur::gpu_trace: CPU trace: circuit lacks generated CUDA coverage circuit=139 rows=280374
2026-09-16T22:34:06.801181Z DEBUG aiur::gpu_trace: CPU trace: circuit lacks generated CUDA coverage circuit=126 rows=384556
2026-09-16T22:34:06.810974Z DEBUG aiur/codegen_seeds{circuit=124 rows=56264}: aiur::trace_codegen::cuda: prepared generated CUDA trace circuit=124 rows=56264 width=98 seed_bytes=12896528 seed_spans=2
2026-09-16T22:34:06.993212Z DEBUG aiur::gpu_trace: CPU trace: circuit lacks generated CUDA coverage circuit=184 rows=235257
2026-09-16T22:34:07.044700Z DEBUG aiur/codegen_memory_seeds{size=3 rows=4827338}: aiur::trace_codegen::cuda: prepared generated memory trace size=3 rows=4827338 seed_bytes=193093520 seed_spans=74
2026-09-16T22:34:07.045246Z DEBUG aiur/codegen_memory_seeds{size=5 rows=12432}: aiur::trace_codegen::cuda: prepared generated memory trace size=5 rows=12432 seed_bytes=696192 seed_spans=1
2026-09-16T22:34:07.052950Z DEBUG aiur/codegen_memory_seeds{size=6 rows=352382}: aiur::trace_codegen::cuda: prepared generated memory trace size=6 rows=352382 seed_bytes=22552448 seed_spans=6
2026-09-16T22:34:10.309441Z DEBUG aiur::gpu_trace: CPU trace: circuit lacks generated CUDA coverage circuit=66 rows=927
2026-09-16T22:34:10.309440Z DEBUG aiur::gpu_trace: CPU trace: circuit lacks generated CUDA coverage circuit=1 rows=26104
2026-09-16T22:34:10.309444Z DEBUG aiur::gpu_trace: CPU trace: circuit lacks generated CUDA coverage circuit=159 rows=18795
2026-09-16T22:34:10.309440Z DEBUG aiur::gpu_trace: CPU trace: circuit lacks generated CUDA coverage circuit=160 rows=22356
2026-09-16T22:34:10.309440Z DEBUG aiur::gpu_trace: CPU trace: circuit lacks generated CUDA coverage circuit=76 rows=50798
2026-09-16T22:34:10.309650Z DEBUG aiur/codegen_memory_seeds{size=10 rows=909}: aiur::trace_codegen::cuda: prepared generated memory trace size=10 rows=909 seed_bytes=87264 seed_spans=1
2026-09-16T22:34:10.309700Z DEBUG aiur/codegen_seeds{circuit=63 rows=151}: aiur::trace_codegen::cuda: prepared generated CUDA trace circuit=63 rows=151 width=68 seed_bytes=31408 seed_spans=1
2026-09-16T22:34:10.309831Z DEBUG aiur::gpu_trace: CPU trace: circuit lacks generated CUDA coverage circuit=58 rows=3263
2026-09-16T22:34:10.309867Z DEBUG aiur::gpu_trace: CPU trace: circuit lacks generated CUDA coverage circuit=83 rows=40524
2026-09-16T22:34:10.309911Z DEBUG aiur::gpu_trace: CPU trace: circuit lacks generated CUDA coverage circuit=4 rows=19046
2026-09-16T22:34:10.310101Z DEBUG aiur::gpu_trace: CPU trace: circuit lacks generated CUDA coverage circuit=55 rows=4887
2026-09-16T22:34:10.310465Z DEBUG aiur::gpu_trace: CPU trace: circuit lacks generated CUDA coverage circuit=61 rows=7877
2026-09-16T22:34:10.310484Z DEBUG aiur::gpu_trace: CPU trace: circuit lacks generated CUDA coverage circuit=163 rows=183970
2026-09-16T22:34:10.310505Z DEBUG aiur::gpu_trace: CPU trace: circuit lacks generated CUDA coverage circuit=67 rows=3669
2026-09-16T22:34:10.310509Z DEBUG aiur::gpu_trace: CPU trace: circuit lacks generated CUDA coverage circuit=53 rows=20659
2026-09-16T22:34:10.310567Z DEBUG aiur::gpu_trace: CPU trace: circuit lacks generated CUDA coverage circuit=135 rows=3923
2026-09-16T22:34:10.310624Z DEBUG aiur::gpu_trace: CPU trace: circuit lacks generated CUDA coverage circuit=155 rows=28497
2026-09-16T22:34:10.310774Z DEBUG aiur::gpu_trace: CPU trace: circuit lacks generated CUDA coverage circuit=86 rows=12372
2026-09-16T22:34:10.310955Z DEBUG aiur::gpu_trace: CPU trace: circuit lacks generated CUDA coverage circuit=72 rows=13643
2026-09-16T22:34:10.311002Z DEBUG aiur/codegen_memory_seeds{size=12 rows=20666}: aiur::trace_codegen::cuda: prepared generated memory trace size=12 rows=20666 seed_bytes=2314592 seed_spans=1
2026-09-16T22:34:10.311041Z DEBUG aiur::gpu_trace: CPU trace: circuit lacks generated CUDA coverage circuit=92 rows=94738
2026-09-16T22:34:10.311168Z DEBUG aiur::gpu_trace: CPU trace: circuit lacks generated CUDA coverage circuit=158 rows=10373
2026-09-16T22:34:10.311297Z DEBUG aiur::gpu_trace: CPU trace: circuit lacks generated CUDA coverage circuit=143 rows=237741
2026-09-16T22:34:10.311418Z DEBUG aiur::gpu_trace: CPU trace: circuit lacks generated CUDA coverage circuit=84 rows=36
2026-09-16T22:34:10.311567Z DEBUG aiur::gpu_trace: CPU trace: circuit lacks generated CUDA coverage circuit=17 rows=20257
2026-09-16T22:34:10.311821Z DEBUG aiur::gpu_trace: CPU trace: circuit lacks generated CUDA coverage circuit=18 rows=20519
2026-09-16T22:34:10.311883Z DEBUG aiur::gpu_trace: CPU trace: circuit lacks generated CUDA coverage circuit=80 rows=44451
2026-09-16T22:34:10.312046Z DEBUG aiur::gpu_trace: CPU trace: circuit lacks generated CUDA coverage circuit=146 rows=92582
2026-09-16T22:34:10.312177Z DEBUG aiur::gpu_trace: CPU trace: circuit lacks generated CUDA coverage circuit=30 rows=18979
2026-09-16T22:34:10.312175Z DEBUG aiur::gpu_trace: CPU trace: circuit lacks generated CUDA coverage circuit=95 rows=30131
2026-09-16T22:34:10.315122Z DEBUG aiur::gpu_trace: CPU trace: circuit lacks generated CUDA coverage circuit=78 rows=7581
2026-09-16T22:34:10.315452Z DEBUG aiur::gpu_trace: CPU trace: circuit lacks generated CUDA coverage circuit=48 rows=25228
2026-09-16T22:34:10.316031Z DEBUG aiur::gpu_trace: CPU trace: circuit lacks generated CUDA coverage circuit=136 rows=27850
2026-09-16T22:34:10.318405Z DEBUG aiur::gpu_trace: CPU trace: circuit lacks generated CUDA coverage circuit=5 rows=302
2026-09-16T22:34:10.318544Z DEBUG aiur/codegen_seeds{circuit=56 rows=141}: aiur::trace_codegen::cuda: prepared generated CUDA trace circuit=56 rows=141 width=49 seed_bytes=11280 seed_spans=1
2026-09-16T22:34:10.320222Z DEBUG aiur::gpu_trace: CPU trace: circuit lacks generated CUDA coverage circuit=31 rows=3245
2026-09-16T22:34:10.323210Z DEBUG aiur::gpu_trace: CPU trace: circuit lacks generated CUDA coverage circuit=93 rows=25383
2026-09-16T22:34:10.323453Z DEBUG aiur/codegen_memory_seeds{size=34 rows=93147}: aiur::trace_codegen::cuda: prepared generated memory trace size=34 rows=93147 seed_bytes=26826336 seed_spans=2
2026-09-16T22:34:10.323537Z DEBUG aiur/codegen_memory_seeds{size=36 rows=486}: aiur::trace_codegen::cuda: prepared generated memory trace size=36 rows=486 seed_bytes=147744 seed_spans=1
2026-09-16T22:34:10.323562Z DEBUG aiur::gpu_trace: CPU trace: circuit lacks generated CUDA coverage circuit=73 rows=25332
2026-09-16T22:34:10.323597Z DEBUG aiur/codegen_memory_seeds{size=47 rows=360}: aiur::trace_codegen::cuda: prepared generated memory trace size=47 rows=360 seed_bytes=141120 seed_spans=1
2026-09-16T22:34:10.324165Z DEBUG aiur::gpu_trace: CPU trace: circuit lacks generated CUDA coverage circuit=50 rows=1658
2026-09-16T22:34:10.327418Z DEBUG aiur::gpu_trace: CPU trace: circuit lacks generated CUDA coverage circuit=19 rows=61412
2026-09-16T22:34:10.329956Z DEBUG aiur::gpu_trace: CPU trace: circuit lacks generated CUDA coverage circuit=94 rows=27952
2026-09-16T22:34:10.330182Z DEBUG aiur::gpu_trace: CPU trace: circuit lacks generated CUDA coverage circuit=149 rows=235731
2026-09-16T22:34:10.336814Z DEBUG aiur/codegen_seeds{circuit=6 rows=25367}: aiur::trace_codegen::cuda: prepared generated CUDA trace circuit=6 rows=25367 width=63 seed_bytes=4731864 seed_spans=4
2026-09-16T22:34:10.336840Z DEBUG aiur::gpu_trace: CPU trace: circuit lacks generated CUDA coverage circuit=7 rows=37966
[lanes] worker 0: claim 1 proven at +164s (3 left)
[lanes] worker 0: claim 0 proving started at +164s
2026-09-16T22:34:14.483140Z DEBUG aiur::gpu_trace: CPU trace: circuit lacks generated CUDA coverage circuit=117 rows=12699666
2026-09-16T22:34:14.484140Z DEBUG aiur::gpu_trace: CPU trace: circuit lacks generated CUDA coverage circuit=75 rows=33
2026-09-16T22:34:14.484174Z DEBUG aiur::gpu_trace: CPU trace: circuit lacks generated CUDA coverage circuit=90 rows=75467
2026-09-16T22:34:14.484531Z DEBUG aiur::gpu_trace: CPU trace: circuit lacks generated CUDA coverage circuit=176 rows=1
2026-09-16T22:34:14.484571Z DEBUG aiur::gpu_trace: CPU trace: circuit lacks generated CUDA coverage circuit=79 rows=2
2026-09-16T22:34:14.484728Z DEBUG aiur/codegen_memory_seeds{size=2 rows=20}: aiur::trace_codegen::cuda: prepared generated memory trace size=2 rows=20 seed_bytes=640 seed_spans=1
2026-09-16T22:34:14.484950Z DEBUG aiur/codegen_memory_seeds{size=9 rows=100}: aiur::trace_codegen::cuda: prepared generated memory trace size=9 rows=100 seed_bytes=8800 seed_spans=1
2026-09-16T22:34:14.531484Z DEBUG aiur/codegen_seeds{circuit=16 rows=1048576}: aiur::trace_codegen::cuda: prepared generated CUDA trace circuit=16 rows=1048576 width=533 seed_bytes=184549376 seed_spans=16
2026-09-16T22:34:15.403533Z DEBUG aiur::gpu_trace: CPU trace: circuit lacks generated CUDA coverage circuit=3 rows=7
2026-09-16T22:34:15.403899Z DEBUG aiur::gpu_trace: CPU trace: circuit lacks generated CUDA coverage circuit=64 rows=99
2026-09-16T22:34:15.404125Z DEBUG aiur::gpu_trace: CPU trace: circuit lacks generated CUDA coverage circuit=57 rows=304
2026-09-16T22:34:15.404217Z DEBUG aiur::gpu_trace: CPU trace: circuit lacks generated CUDA coverage circuit=7 rows=13162
2026-09-16T22:34:15.404362Z DEBUG aiur::gpu_trace: CPU trace: circuit lacks generated CUDA coverage circuit=136 rows=31882
2026-09-16T22:34:15.404683Z DEBUG aiur::gpu_trace: CPU trace: circuit lacks generated CUDA coverage circuit=129 rows=339422
2026-09-16T22:34:15.404783Z DEBUG aiur::gpu_trace: CPU trace: circuit lacks generated CUDA coverage circuit=91 rows=5100597
2026-09-16T22:34:15.471630Z DEBUG aiur/codegen_seeds{circuit=16 rows=1048576}: aiur::trace_codegen::cuda: prepared generated CUDA trace circuit=16 rows=1048576 width=533 seed_bytes=184549376 seed_spans=16
2026-09-16T22:34:16.293837Z DEBUG aiur::gpu_trace: CPU trace: circuit lacks generated CUDA coverage circuit=12 rows=16777216
2026-09-16T22:34:16.294272Z DEBUG aiur::gpu_trace: CPU trace: circuit lacks generated CUDA coverage circuit=26 rows=19
2026-09-16T22:34:16.294323Z DEBUG aiur::gpu_trace: CPU trace: circuit lacks generated CUDA coverage circuit=77 rows=15
2026-09-16T22:34:16.295290Z DEBUG aiur/codegen_memory_seeds{size=8 rows=45}: aiur::trace_codegen::cuda: prepared generated memory trace size=8 rows=45 seed_bytes=3600 seed_spans=1
2026-09-16T22:34:16.295362Z DEBUG aiur::gpu_trace: CPU trace: circuit lacks generated CUDA coverage circuit=22 rows=31
2026-09-16T22:34:16.295981Z DEBUG aiur::gpu_trace: CPU trace: circuit lacks generated CUDA coverage circuit=150 rows=1145750
2026-09-16T22:34:16.352882Z DEBUG aiur/codegen_seeds{circuit=16 rows=1048576}: aiur::trace_codegen::cuda: prepared generated CUDA trace circuit=16 rows=1048576 width=533 seed_bytes=184549376 seed_spans=16
2026-09-16T22:34:17.536302Z DEBUG aiur::gpu_trace: CPU trace: circuit lacks generated CUDA coverage circuit=12 rows=11961305
2026-09-16T22:34:17.536928Z DEBUG aiur::gpu_trace: CPU trace: circuit lacks generated CUDA coverage circuit=158 rows=8712
2026-09-16T22:34:17.537511Z DEBUG aiur/codegen_memory_seeds{size=36 rows=425}: aiur::trace_codegen::cuda: prepared generated memory trace size=36 rows=425 seed_bytes=129200 seed_spans=1
2026-09-16T22:34:17.538613Z DEBUG aiur::gpu_trace: CPU trace: circuit lacks generated CUDA coverage circuit=68 rows=16
2026-09-16T22:34:17.538875Z DEBUG aiur::gpu_trace: CPU trace: circuit lacks generated CUDA coverage circuit=126 rows=446516
2026-09-16T22:34:17.539180Z DEBUG aiur::gpu_trace: CPU trace: circuit lacks generated CUDA coverage circuit=94 rows=15788
2026-09-16T22:34:17.592325Z DEBUG aiur/codegen_seeds{circuit=16 rows=905944}: aiur::trace_codegen::cuda: prepared generated CUDA trace circuit=16 rows=905944 width=533 seed_bytes=159446144 seed_spans=14
2026-09-16T22:34:18.525550Z DEBUG aiur::gpu_trace: CPU trace: circuit lacks generated CUDA coverage circuit=69 rows=16
2026-09-16T22:34:18.525977Z DEBUG aiur::gpu_trace: CPU trace: circuit lacks generated CUDA coverage circuit=38 rows=4629033
2026-09-16T22:34:18.526273Z DEBUG aiur::gpu_trace: CPU trace: circuit lacks generated CUDA coverage circuit=70 rows=16
2026-09-16T22:34:18.526512Z DEBUG aiur::gpu_trace: CPU trace: circuit lacks generated CUDA coverage circuit=71 rows=16
2026-09-16T22:34:18.527104Z DEBUG aiur::gpu_trace: CPU trace: circuit lacks generated CUDA coverage circuit=87 rows=12
2026-09-16T22:34:18.527853Z DEBUG aiur::gpu_trace: CPU trace: circuit lacks generated CUDA coverage circuit=119 rows=9771112
2026-09-16T22:34:18.527957Z DEBUG aiur::gpu_trace: CPU trace: circuit lacks generated CUDA coverage circuit=47 rows=362339
2026-09-16T22:34:18.527988Z DEBUG aiur::gpu_trace: CPU trace: circuit lacks generated CUDA coverage circuit=42 rows=6586741
2026-09-16T22:34:19.555417Z DEBUG aiur::gpu_trace: CPU trace: circuit lacks generated CUDA coverage circuit=138 rows=713933
2026-09-16T22:34:19.556040Z DEBUG aiur::gpu_trace: CPU trace: circuit lacks generated CUDA coverage circuit=170 rows=15815678
2026-09-16T22:34:19.556174Z DEBUG aiur::gpu_trace: CPU trace: circuit lacks generated CUDA coverage circuit=107 rows=5046546
2026-09-16T22:34:19.556597Z DEBUG aiur::gpu_trace: CPU trace: circuit lacks generated CUDA coverage circuit=36 rows=6609473
2026-09-16T22:34:19.557887Z DEBUG aiur::gpu_trace: CPU trace: circuit lacks generated CUDA coverage circuit=101 rows=5539615
2026-09-16T22:34:19.557911Z DEBUG aiur::gpu_trace: CPU trace: circuit lacks generated CUDA coverage circuit=177 rows=6293918
2026-09-16T22:34:21.137533Z DEBUG aiur::gpu_trace: CPU trace: circuit lacks generated CUDA coverage circuit=33 rows=6140427
2026-09-16T22:34:21.137864Z DEBUG aiur::gpu_trace: CPU trace: circuit lacks generated CUDA coverage circuit=106 rows=5236793
2026-09-16T22:34:21.138204Z DEBUG aiur::gpu_trace: CPU trace: circuit lacks generated CUDA coverage circuit=112 rows=3351648
2026-09-16T22:34:21.139850Z DEBUG aiur::gpu_trace: CPU trace: circuit lacks generated CUDA coverage circuit=162 rows=2173375
2026-09-16T22:34:21.140119Z DEBUG aiur::gpu_trace: CPU trace: circuit lacks generated CUDA coverage circuit=178 rows=4406516
2026-09-16T22:34:21.140306Z DEBUG aiur::gpu_trace: CPU trace: circuit lacks generated CUDA coverage circuit=145 rows=257178
2026-09-16T22:34:21.198823Z DEBUG aiur/codegen_memory_seeds{size=3 rows=16777216}: aiur::trace_codegen::cuda: prepared generated memory trace size=3 rows=16777216 seed_bytes=671088640 seed_spans=256
2026-09-16T22:34:21.215105Z DEBUG aiur/codegen_seeds{circuit=102 rows=1233322}: aiur::trace_codegen::cuda: prepared generated CUDA trace circuit=102 rows=1233322 width=43 seed_bytes=49332880 seed_spans=19
2026-09-16T22:34:22.194537Z DEBUG aiur::gpu_trace: CPU trace: circuit lacks generated CUDA coverage circuit=13 rows=400257
2026-09-16T22:34:22.194593Z DEBUG aiur::gpu_trace: CPU trace: circuit lacks generated CUDA coverage circuit=40 rows=110945
2026-09-16T22:34:22.195768Z DEBUG aiur::gpu_trace: CPU trace: circuit lacks generated CUDA coverage circuit=167 rows=1873085
2026-09-16T22:34:22.195803Z DEBUG aiur::gpu_trace: CPU trace: circuit lacks generated CUDA coverage circuit=120 rows=2332114
2026-09-16T22:34:22.196124Z DEBUG aiur::gpu_trace: CPU trace: circuit lacks generated CUDA coverage circuit=168 rows=1399631
2026-09-16T22:34:22.196936Z DEBUG aiur::gpu_trace: CPU trace: circuit lacks generated CUDA coverage circuit=183 rows=7272697
2026-09-16T22:34:22.196960Z DEBUG aiur::gpu_trace: CPU trace: circuit lacks generated CUDA coverage circuit=24 rows=908138
2026-09-16T22:34:22.197036Z DEBUG aiur::gpu_trace: CPU trace: circuit lacks generated CUDA coverage circuit=20 rows=854779
2026-09-16T22:34:22.782120Z DEBUG aiur/codegen_memory_seeds{size=4 rows=7224811}: aiur::trace_codegen::cuda: prepared generated memory trace size=4 rows=7224811 seed_bytes=346790928 seed_spans=111
2026-09-16T22:34:22.782135Z DEBUG aiur/codegen_memory_seeds{size=3 rows=16777216}: aiur::trace_codegen::cuda: prepared generated memory trace size=3 rows=16777216 seed_bytes=671088640 seed_spans=256
2026-09-16T22:34:22.807020Z DEBUG aiur/codegen_seeds{circuit=15 rows=425142}: aiur::trace_codegen::cuda: prepared generated CUDA trace circuit=15 rows=425142 width=177 seed_bytes=173457936 seed_spans=11
2026-09-16T22:34:23.545748Z DEBUG aiur::gpu_trace: CPU trace: circuit lacks generated CUDA coverage circuit=45 rows=1507309
2026-09-16T22:34:23.545786Z DEBUG aiur::gpu_trace: CPU trace: circuit lacks generated CUDA coverage circuit=44 rows=384342
2026-09-16T22:34:23.546203Z DEBUG aiur::gpu_trace: CPU trace: circuit lacks generated CUDA coverage circuit=111 rows=3555642
2026-09-16T22:34:23.546345Z DEBUG aiur::gpu_trace: CPU trace: circuit lacks generated CUDA coverage circuit=50 rows=3316
2026-09-16T22:34:23.546409Z DEBUG aiur::gpu_trace: CPU trace: circuit lacks generated CUDA coverage circuit=34 rows=1152953
2026-09-16T22:34:23.546619Z DEBUG aiur::gpu_trace: CPU trace: circuit lacks generated CUDA coverage circuit=110 rows=1209604
2026-09-16T22:34:23.546943Z DEBUG aiur::gpu_trace: CPU trace: circuit lacks generated CUDA coverage circuit=37 rows=1081649
2026-09-16T22:34:23.547198Z DEBUG aiur::gpu_trace: CPU trace: circuit lacks generated CUDA coverage circuit=118 rows=3297187
2026-09-16T22:34:23.547393Z DEBUG aiur::gpu_trace: CPU trace: circuit lacks generated CUDA coverage circuit=113 rows=1097921
2026-09-16T22:34:23.547393Z DEBUG aiur::gpu_trace: CPU trace: circuit lacks generated CUDA coverage circuit=179 rows=2959760
2026-09-16T22:34:23.547482Z DEBUG aiur::gpu_trace: CPU trace: circuit lacks generated CUDA coverage circuit=122 rows=1662709
2026-09-16T22:34:23.547691Z DEBUG aiur::gpu_trace: CPU trace: circuit lacks generated CUDA coverage circuit=54 rows=3372270
2026-09-16T22:34:23.547920Z DEBUG aiur::gpu_trace: CPU trace: circuit lacks generated CUDA coverage circuit=166 rows=1607107
2026-09-16T22:34:23.548203Z DEBUG aiur::gpu_trace: CPU trace: circuit lacks generated CUDA coverage circuit=134 rows=239238
2026-09-16T22:34:23.548227Z DEBUG aiur::gpu_trace: CPU trace: circuit lacks generated CUDA coverage circuit=88 rows=2419252
2026-09-16T22:34:23.548668Z DEBUG aiur::gpu_trace: CPU trace: circuit lacks generated CUDA coverage circuit=135 rows=3998
2026-09-16T22:34:23.548869Z DEBUG aiur/codegen_memory_seeds{size=11 rows=301}: aiur::trace_codegen::cuda: prepared generated memory trace size=11 rows=301 seed_bytes=31304 seed_spans=1
2026-09-16T22:34:23.549249Z DEBUG aiur::gpu_trace: CPU trace: circuit lacks generated CUDA coverage circuit=180 rows=3622920
2026-09-16T22:34:24.540010Z DEBUG aiur/codegen_memory_seeds{size=3 rows=16777216}: aiur::trace_codegen::cuda: prepared generated memory trace size=3 rows=16777216 seed_bytes=671088640 seed_spans=256
2026-09-16T22:34:25.203698Z DEBUG aiur::gpu_trace: CPU trace: circuit lacks generated CUDA coverage circuit=25 rows=68380
2026-09-16T22:34:25.203704Z DEBUG aiur::gpu_trace: CPU trace: circuit lacks generated CUDA coverage circuit=89 rows=99720
2026-09-16T22:34:25.203704Z DEBUG aiur::gpu_trace: CPU trace: circuit lacks generated CUDA coverage circuit=0 rows=136036
2026-09-16T22:34:25.203706Z DEBUG aiur::gpu_trace: CPU trace: circuit lacks generated CUDA coverage circuit=127 rows=436663
2026-09-16T22:34:25.203707Z DEBUG aiur::gpu_trace: CPU trace: circuit lacks generated CUDA coverage circuit=41 rows=415072
2026-09-16T22:34:25.203736Z DEBUG aiur::gpu_trace: CPU trace: circuit lacks generated CUDA coverage circuit=164 rows=780872
2026-09-16T22:34:25.204103Z DEBUG aiur::gpu_trace: CPU trace: circuit lacks generated CUDA coverage circuit=14 rows=1101513
2026-09-16T22:34:25.204271Z DEBUG aiur::gpu_trace: CPU trace: circuit lacks generated CUDA coverage circuit=161 rows=189170
2026-09-16T22:34:25.204464Z DEBUG aiur::gpu_trace: CPU trace: circuit lacks generated CUDA coverage circuit=52 rows=153516
2026-09-16T22:34:25.204490Z DEBUG aiur::gpu_trace: CPU trace: circuit lacks generated CUDA coverage circuit=66 rows=753
2026-09-16T22:34:25.204508Z DEBUG aiur::gpu_trace: CPU trace: circuit lacks generated CUDA coverage circuit=65 rows=94436
2026-09-16T22:34:25.204533Z DEBUG aiur::gpu_trace: CPU trace: circuit lacks generated CUDA coverage circuit=43 rows=65569
2026-09-16T22:34:25.204705Z DEBUG aiur::gpu_trace: CPU trace: circuit lacks generated CUDA coverage circuit=104 rows=179314
2026-09-16T22:34:25.204781Z DEBUG aiur::gpu_trace: CPU trace: circuit lacks generated CUDA coverage circuit=46 rows=165428
2026-09-16T22:34:25.204783Z DEBUG aiur::gpu_trace: CPU trace: circuit lacks generated CUDA coverage circuit=95 rows=24713
2026-09-16T22:34:25.204880Z DEBUG aiur::gpu_trace: CPU trace: circuit lacks generated CUDA coverage circuit=182 rows=460244
2026-09-16T22:34:25.204920Z DEBUG aiur::gpu_trace: CPU trace: circuit lacks generated CUDA coverage circuit=114 rows=431091
2026-09-16T22:34:25.204945Z DEBUG aiur::gpu_trace: CPU trace: circuit lacks generated CUDA coverage circuit=10 rows=36458
2026-09-16T22:34:25.204947Z DEBUG aiur::gpu_trace: CPU trace: circuit lacks generated CUDA coverage circuit=23 rows=83894
2026-09-16T22:34:25.205023Z DEBUG aiur::gpu_trace: CPU trace: circuit lacks generated CUDA coverage circuit=156 rows=227970
2026-09-16T22:34:25.205067Z DEBUG aiur::gpu_trace: CPU trace: circuit lacks generated CUDA coverage circuit=108 rows=530178
2026-09-16T22:34:25.205169Z DEBUG aiur::gpu_trace: CPU trace: circuit lacks generated CUDA coverage circuit=169 rows=1313302
2026-09-16T22:34:25.205246Z DEBUG aiur::gpu_trace: CPU trace: circuit lacks generated CUDA coverage circuit=130 rows=235475
2026-09-16T22:34:25.205570Z DEBUG aiur::gpu_trace: CPU trace: circuit lacks generated CUDA coverage circuit=81 rows=111119
2026-09-16T22:34:25.205839Z DEBUG aiur::gpu_trace: CPU trace: circuit lacks generated CUDA coverage circuit=157 rows=237378
2026-09-16T22:34:25.205906Z DEBUG aiur::gpu_trace: CPU trace: circuit lacks generated CUDA coverage circuit=11 rows=169166
2026-09-16T22:34:25.205960Z DEBUG aiur::gpu_trace: CPU trace: circuit lacks generated CUDA coverage circuit=137 rows=227483
2026-09-16T22:34:25.206149Z DEBUG aiur::gpu_trace: CPU trace: circuit lacks generated CUDA coverage circuit=128 rows=230802
2026-09-16T22:34:25.209301Z DEBUG aiur::gpu_trace: CPU trace: circuit lacks generated CUDA coverage circuit=139 rows=217573
2026-09-16T22:34:25.211157Z DEBUG aiur::gpu_trace: CPU trace: circuit lacks generated CUDA coverage circuit=147 rows=226531
2026-09-16T22:34:25.213055Z DEBUG aiur::gpu_trace: CPU trace: circuit lacks generated CUDA coverage circuit=144 rows=230199
2026-09-16T22:34:25.330880Z DEBUG aiur/codegen_memory_seeds{size=18 rows=1574020}: aiur::trace_codegen::cuda: prepared generated memory trace size=18 rows=1574020 seed_bytes=251843200 seed_spans=25
2026-09-16T22:34:25.350430Z DEBUG aiur/codegen_seeds{circuit=140 rows=474228}: aiur::trace_codegen::cuda: prepared generated CUDA trace circuit=140 rows=474228 width=25 seed_bytes=17111760 seed_spans=8
2026-09-16T22:34:25.350478Z DEBUG aiur::gpu_trace: CPU trace: circuit lacks generated CUDA coverage circuit=141 rows=266407
2026-09-16T22:34:25.368245Z DEBUG aiur/codegen_memory_seeds{size=32 rows=476414}: aiur::trace_codegen::cuda: prepared generated memory trace size=32 rows=476414 seed_bytes=129584608 seed_spans=8
2026-09-16T22:34:25.378909Z DEBUG aiur::gpu_trace: CPU trace: circuit lacks generated CUDA coverage circuit=2 rows=186190
2026-09-16T22:34:25.419308Z DEBUG aiur/codegen_memory_seeds{size=3 rows=8641253}: aiur::trace_codegen::cuda: prepared generated memory trace size=3 rows=8641253 seed_bytes=345650120 seed_spans=132
2026-09-16T22:34:25.419529Z DEBUG aiur/codegen_memory_seeds{size=5 rows=10268}: aiur::trace_codegen::cuda: prepared generated memory trace size=5 rows=10268 seed_bytes=575008 seed_spans=1
2026-09-16T22:34:25.426982Z DEBUG aiur/codegen_memory_seeds{size=6 rows=384167}: aiur::trace_codegen::cuda: prepared generated memory trace size=6 rows=384167 seed_bytes=24586688 seed_spans=6
2026-09-16T22:34:25.444210Z DEBUG aiur::gpu_trace: CPU trace: circuit lacks generated CUDA coverage circuit=131 rows=391965
2026-09-16T22:34:25.501004Z DEBUG aiur::gpu_trace: CPU trace: circuit lacks generated CUDA coverage circuit=105 rows=444844
2026-09-16T22:34:25.518079Z DEBUG aiur::gpu_trace: CPU trace: circuit lacks generated CUDA coverage circuit=109 rows=1713363
2026-09-16T22:34:25.528271Z DEBUG aiur::gpu_trace: CPU trace: circuit lacks generated CUDA coverage circuit=184 rows=258488
2026-09-16T22:34:25.580485Z DEBUG aiur::gpu_trace: CPU trace: circuit lacks generated CUDA coverage circuit=121 rows=438926
2026-09-16T22:34:25.587272Z DEBUG aiur::gpu_trace: CPU trace: circuit lacks generated CUDA coverage circuit=123 rows=226134
2026-09-16T22:34:25.603020Z DEBUG aiur::gpu_trace: CPU trace: circuit lacks generated CUDA coverage circuit=142 rows=317897
2026-09-16T22:34:25.641622Z DEBUG aiur::gpu_trace: CPU trace: circuit lacks generated CUDA coverage circuit=132 rows=1097053
2026-09-16T22:34:25.650898Z DEBUG aiur::gpu_trace: CPU trace: circuit lacks generated CUDA coverage circuit=151 rows=800138
2026-09-16T22:34:25.654109Z DEBUG aiur::gpu_trace: CPU trace: circuit lacks generated CUDA coverage circuit=115 rows=1339296
2026-09-16T22:34:25.658813Z DEBUG aiur::gpu_trace: CPU trace: circuit lacks generated CUDA coverage circuit=125 rows=532278
2026-09-16T22:34:25.659282Z DEBUG aiur::gpu_trace: CPU trace: circuit lacks generated CUDA coverage circuit=148 rows=257365
2026-09-16T22:34:25.760958Z DEBUG aiur::gpu_trace: CPU trace: circuit lacks generated CUDA coverage circuit=116 rows=822587
2026-09-16T22:34:25.768797Z DEBUG aiur/codegen_seeds{circuit=124 rows=61448}: aiur::trace_codegen::cuda: prepared generated CUDA trace circuit=124 rows=61448 width=98 seed_bytes=14213176 seed_spans=2
2026-09-16T22:34:25.803484Z DEBUG aiur::gpu_trace: CPU trace: circuit lacks generated CUDA coverage circuit=152 rows=665982
2026-09-16T22:34:26.694268Z DEBUG aiur::gpu_trace: CPU trace: circuit lacks generated CUDA coverage circuit=1 rows=26755
2026-09-16T22:34:26.694273Z DEBUG aiur::gpu_trace: CPU trace: circuit lacks generated CUDA coverage circuit=4 rows=6787
2026-09-16T22:34:26.694268Z DEBUG aiur::gpu_trace: CPU trace: circuit lacks generated CUDA coverage circuit=19 rows=59494
2026-09-16T22:34:26.694270Z DEBUG aiur::gpu_trace: CPU trace: circuit lacks generated CUDA coverage circuit=31 rows=2660
2026-09-16T22:34:26.694268Z DEBUG aiur::gpu_trace: CPU trace: circuit lacks generated CUDA coverage circuit=18 rows=22386
2026-09-16T22:34:26.694271Z DEBUG aiur::gpu_trace: CPU trace: circuit lacks generated CUDA coverage circuit=153 rows=1371
2026-09-16T22:34:26.694268Z DEBUG aiur::gpu_trace: CPU trace: circuit lacks generated CUDA coverage circuit=9 rows=47216
2026-09-16T22:34:26.694302Z DEBUG aiur::gpu_trace: CPU trace: circuit lacks generated CUDA coverage circuit=28 rows=4945
2026-09-16T22:34:26.694270Z DEBUG aiur::gpu_trace: CPU trace: circuit lacks generated CUDA coverage circuit=159 rows=15915
2026-09-16T22:34:26.694268Z DEBUG aiur::gpu_trace: CPU trace: circuit lacks generated CUDA coverage circuit=133 rows=213403
2026-09-16T22:34:26.694268Z DEBUG aiur::gpu_trace: CPU trace: circuit lacks generated CUDA coverage circuit=51 rows=24976
2026-09-16T22:34:26.694666Z DEBUG aiur::gpu_trace: CPU trace: circuit lacks generated CUDA coverage circuit=5 rows=377
2026-09-16T22:34:26.694698Z DEBUG aiur::gpu_trace: CPU trace: circuit lacks generated CUDA coverage circuit=39 rows=156324
2026-09-16T22:34:26.694854Z DEBUG aiur::gpu_trace: CPU trace: circuit lacks generated CUDA coverage circuit=103 rows=253275
2026-09-16T22:34:26.694864Z DEBUG aiur::gpu_trace: CPU trace: circuit lacks generated CUDA coverage circuit=181 rows=382628
2026-09-16T22:34:26.694887Z DEBUG aiur/codegen_memory_seeds{size=10 rows=2808}: aiur::trace_codegen::cuda: prepared generated memory trace size=10 rows=2808 seed_bytes=269568 seed_spans=1
2026-09-16T22:34:26.694980Z DEBUG aiur::gpu_trace: CPU trace: circuit lacks generated CUDA coverage circuit=8 rows=32832
2026-09-16T22:34:26.695002Z DEBUG aiur::gpu_trace: CPU trace: circuit lacks generated CUDA coverage circuit=27 rows=1842
2026-09-16T22:34:26.695162Z DEBUG aiur::gpu_trace: CPU trace: circuit lacks generated CUDA coverage circuit=154 rows=30934
2026-09-16T22:34:26.695195Z DEBUG aiur::gpu_trace: CPU trace: circuit lacks generated CUDA coverage circuit=17 rows=21861
2026-09-16T22:34:26.695261Z DEBUG aiur::gpu_trace: CPU trace: circuit lacks generated CUDA coverage circuit=155 rows=28359
2026-09-16T22:34:26.695275Z DEBUG aiur::gpu_trace: CPU trace: circuit lacks generated CUDA coverage circuit=76 rows=50726
2026-09-16T22:34:26.695551Z DEBUG aiur::gpu_trace: CPU trace: circuit lacks generated CUDA coverage circuit=30 rows=20321
2026-09-16T22:34:26.695561Z DEBUG aiur::gpu_trace: CPU trace: circuit lacks generated CUDA coverage circuit=143 rows=230042
2026-09-16T22:34:26.695708Z DEBUG aiur::gpu_trace: CPU trace: circuit lacks generated CUDA coverage circuit=96 rows=64465
2026-09-16T22:34:26.695802Z DEBUG aiur::gpu_trace: CPU trace: circuit lacks generated CUDA coverage circuit=82 rows=103437
2026-09-16T22:34:26.695944Z DEBUG aiur::gpu_trace: CPU trace: circuit lacks generated CUDA coverage circuit=92 rows=101982
2026-09-16T22:34:26.695996Z DEBUG aiur::gpu_trace: CPU trace: circuit lacks generated CUDA coverage circuit=93 rows=28376
2026-09-16T22:34:26.696550Z DEBUG aiur::gpu_trace: CPU trace: circuit lacks generated CUDA coverage circuit=80 rows=49596
2026-09-16T22:34:26.696565Z DEBUG aiur/codegen_memory_seeds{size=12 rows=22401}: aiur::trace_codegen::cuda: prepared generated memory trace size=12 rows=22401 seed_bytes=2508912 seed_spans=1
2026-09-16T22:34:26.696838Z DEBUG aiur::gpu_trace: CPU trace: circuit lacks generated CUDA coverage circuit=98 rows=194729
2026-09-16T22:34:26.699233Z DEBUG aiur::gpu_trace: CPU trace: circuit lacks generated CUDA coverage circuit=32 rows=235824
2026-09-16T22:34:26.700364Z DEBUG aiur::gpu_trace: CPU trace: circuit lacks generated CUDA coverage circuit=146 rows=91414
2026-09-16T22:34:26.700661Z DEBUG aiur::gpu_trace: CPU trace: circuit lacks generated CUDA coverage circuit=149 rows=227570
2026-09-16T22:34:26.700886Z DEBUG aiur::gpu_trace: CPU trace: circuit lacks generated CUDA coverage circuit=97 rows=195012
2026-09-16T22:34:26.703307Z DEBUG aiur::gpu_trace: CPU trace: circuit lacks generated CUDA coverage circuit=48 rows=26035
2026-09-16T22:34:26.704255Z DEBUG aiur::gpu_trace: CPU trace: circuit lacks generated CUDA coverage circuit=163 rows=137801
2026-09-16T22:34:26.709922Z DEBUG aiur::gpu_trace: CPU trace: circuit lacks generated CUDA coverage circuit=85 rows=1503
2026-09-16T22:34:26.711869Z DEBUG aiur::gpu_trace: CPU trace: circuit lacks generated CUDA coverage circuit=86 rows=6555
2026-09-16T22:34:26.713401Z DEBUG aiur/codegen_memory_seeds{size=34 rows=102311}: aiur::trace_codegen::cuda: prepared generated memory trace size=34 rows=102311 seed_bytes=29465568 seed_spans=2
2026-09-16T22:34:26.713491Z DEBUG aiur/codegen_memory_seeds{size=47 rows=300}: aiur::trace_codegen::cuda: prepared generated memory trace size=47 rows=300 seed_bytes=117600 seed_spans=1
2026-09-16T22:34:26.724700Z DEBUG aiur::gpu_trace: CPU trace: circuit lacks generated CUDA coverage circuit=49 rows=126383
2026-09-16T22:34:26.726550Z DEBUG aiur/codegen_seeds{circuit=6 rows=28377}: aiur::trace_codegen::cuda: prepared generated CUDA trace circuit=6 rows=28377 width=63 seed_bytes=5236104 seed_spans=4
2026-09-16T22:34:26.728432Z DEBUG aiur::gpu_trace: CPU trace: circuit lacks generated CUDA coverage circuit=35 rows=75579
2026-09-16T22:34:26.739003Z DEBUG aiur::gpu_trace: CPU trace: circuit lacks generated CUDA coverage circuit=160 rows=16540
2026-09-16T22:34:26.742609Z DEBUG aiur::gpu_trace: CPU trace: circuit lacks generated CUDA coverage circuit=100 rows=130928
2026-09-16T22:34:26.744315Z DEBUG aiur::gpu_trace: CPU trace: circuit lacks generated CUDA coverage circuit=78 rows=11710
2026-09-16T22:34:26.753295Z DEBUG aiur::gpu_trace: CPU trace: circuit lacks generated CUDA coverage circuit=83 rows=43731
2026-09-16T22:34:26.753379Z DEBUG aiur::gpu_trace: CPU trace: circuit lacks generated CUDA coverage circuit=99 rows=144762
2026-09-16T22:34:26.769398Z DEBUG aiur::gpu_trace: CPU trace: circuit lacks generated CUDA coverage circuit=58 rows=8618
2026-09-16T22:34:26.769459Z DEBUG aiur/codegen_seeds{circuit=63 rows=204}: aiur::trace_codegen::cuda: prepared generated CUDA trace circuit=63 rows=204 width=68 seed_bytes=42432 seed_spans=1
2026-09-16T22:34:26.769553Z DEBUG aiur::gpu_trace: CPU trace: circuit lacks generated CUDA coverage circuit=67 rows=3174
2026-09-16T22:34:26.769616Z DEBUG aiur::gpu_trace: CPU trace: circuit lacks generated CUDA coverage circuit=72 rows=11118
2026-09-16T22:34:26.773773Z DEBUG aiur::gpu_trace: CPU trace: circuit lacks generated CUDA coverage circuit=53 rows=22398
2026-09-16T22:34:26.777592Z DEBUG aiur::gpu_trace: CPU trace: circuit lacks generated CUDA coverage circuit=73 rows=19604
2026-09-16T22:34:26.781534Z DEBUG aiur::gpu_trace: CPU trace: circuit lacks generated CUDA coverage circuit=59 rows=98991
2026-09-16T22:34:26.783337Z DEBUG aiur::gpu_trace: CPU trace: circuit lacks generated CUDA coverage circuit=74 rows=188
2026-09-16T22:34:26.787743Z DEBUG aiur::gpu_trace: CPU trace: circuit lacks generated CUDA coverage circuit=55 rows=6878
2026-09-16T22:34:26.798126Z DEBUG aiur/codegen_seeds{circuit=56 rows=305}: aiur::trace_codegen::cuda: prepared generated CUDA trace circuit=56 rows=305 width=49 seed_bytes=24400 seed_spans=1
2026-09-16T22:34:26.844006Z DEBUG aiur::gpu_trace: CPU trace: circuit lacks generated CUDA coverage circuit=60 rows=2232
2026-09-16T22:34:26.844611Z DEBUG aiur::gpu_trace: CPU trace: circuit lacks generated CUDA coverage circuit=61 rows=9034
2026-09-16T22:34:26.845304Z DEBUG aiur::gpu_trace: CPU trace: circuit lacks generated CUDA coverage circuit=62 rows=358
2026-09-16T22:34:28.256983Z DEBUG aiur::gpu_trace: CPU trace: circuit lacks generated CUDA coverage circuit=75 rows=33
2026-09-16T22:34:28.257341Z DEBUG aiur::gpu_trace: CPU trace: circuit lacks generated CUDA coverage circuit=90 rows=75467
2026-09-16T22:34:28.257413Z DEBUG aiur::gpu_trace: CPU trace: circuit lacks generated CUDA coverage circuit=79 rows=2
2026-09-16T22:34:28.257989Z DEBUG aiur::gpu_trace: CPU trace: circuit lacks generated CUDA coverage circuit=176 rows=1
2026-09-16T22:34:28.258017Z DEBUG aiur/codegen_memory_seeds{size=2 rows=20}: aiur::trace_codegen::cuda: prepared generated memory trace size=2 rows=20 seed_bytes=640 seed_spans=1
2026-09-16T22:34:28.258222Z DEBUG aiur::gpu_trace: CPU trace: circuit lacks generated CUDA coverage circuit=117 rows=12699666
2026-09-16T22:34:28.258511Z DEBUG aiur/codegen_memory_seeds{size=9 rows=100}: aiur::trace_codegen::cuda: prepared generated memory trace size=9 rows=100 seed_bytes=8800 seed_spans=1
2026-09-16T22:34:28.316627Z DEBUG aiur/codegen_seeds{circuit=16 rows=1048576}: aiur::trace_codegen::cuda: prepared generated CUDA trace circuit=16 rows=1048576 width=533 seed_bytes=184549376 seed_spans=16
2026-09-16T22:34:29.185001Z DEBUG aiur::gpu_trace: CPU trace: circuit lacks generated CUDA coverage circuit=3 rows=7
2026-09-16T22:34:29.185004Z DEBUG aiur::gpu_trace: CPU trace: circuit lacks generated CUDA coverage circuit=7 rows=13162
2026-09-16T22:34:29.185439Z DEBUG aiur::gpu_trace: CPU trace: circuit lacks generated CUDA coverage circuit=57 rows=304
2026-09-16T22:34:29.185613Z DEBUG aiur::gpu_trace: CPU trace: circuit lacks generated CUDA coverage circuit=64 rows=99
2026-09-16T22:34:29.186113Z DEBUG aiur::gpu_trace: CPU trace: circuit lacks generated CUDA coverage circuit=129 rows=339422
2026-09-16T22:34:29.186475Z DEBUG aiur::gpu_trace: CPU trace: circuit lacks generated CUDA coverage circuit=136 rows=31882
2026-09-16T22:34:29.186515Z DEBUG aiur::gpu_trace: CPU trace: circuit lacks generated CUDA coverage circuit=91 rows=5100597
2026-09-16T22:34:29.252519Z DEBUG aiur/codegen_seeds{circuit=16 rows=1048576}: aiur::trace_codegen::cuda: prepared generated CUDA trace circuit=16 rows=1048576 width=533 seed_bytes=184549376 seed_spans=16
2026-09-16T22:34:31.938955Z DEBUG aiur::gpu_trace: CPU trace: circuit lacks generated CUDA coverage circuit=12 rows=16777216
2026-09-16T22:34:31.939215Z DEBUG aiur::gpu_trace: CPU trace: circuit lacks generated CUDA coverage circuit=26 rows=19
2026-09-16T22:34:31.939430Z DEBUG aiur::gpu_trace: CPU trace: circuit lacks generated CUDA coverage circuit=77 rows=15
2026-09-16T22:34:31.940574Z DEBUG aiur::gpu_trace: CPU trace: circuit lacks generated CUDA coverage circuit=22 rows=31
2026-09-16T22:34:31.940617Z DEBUG aiur::gpu_trace: CPU trace: circuit lacks generated CUDA coverage circuit=150 rows=1145750
2026-09-16T22:34:31.940805Z DEBUG aiur/codegen_memory_seeds{size=8 rows=45}: aiur::trace_codegen::cuda: prepared generated memory trace size=8 rows=45 seed_bytes=3600 seed_spans=1
2026-09-16T22:34:31.999836Z DEBUG aiur/codegen_seeds{circuit=16 rows=1048576}: aiur::trace_codegen::cuda: prepared generated CUDA trace circuit=16 rows=1048576 width=533 seed_bytes=184549376 seed_spans=16
2026-09-16T22:34:34.949424Z DEBUG aiur::gpu_trace: CPU trace: circuit lacks generated CUDA coverage circuit=12 rows=11961305
2026-09-16T22:34:34.951488Z DEBUG aiur::gpu_trace: CPU trace: circuit lacks generated CUDA coverage circuit=68 rows=16
2026-09-16T22:34:34.951585Z DEBUG aiur::gpu_trace: CPU trace: circuit lacks generated CUDA coverage circuit=94 rows=15788
2026-09-16T22:34:34.952035Z DEBUG aiur/codegen_memory_seeds{size=36 rows=425}: aiur::trace_codegen::cuda: prepared generated memory trace size=36 rows=425 seed_bytes=129200 seed_spans=1
2026-09-16T22:34:34.952225Z DEBUG aiur::gpu_trace: CPU trace: circuit lacks generated CUDA coverage circuit=126 rows=446516
2026-09-16T22:34:34.952370Z DEBUG aiur::gpu_trace: CPU trace: circuit lacks generated CUDA coverage circuit=158 rows=8712
2026-09-16T22:34:35.004717Z DEBUG aiur/codegen_seeds{circuit=16 rows=905944}: aiur::trace_codegen::cuda: prepared generated CUDA trace circuit=16 rows=905944 width=533 seed_bytes=159446144 seed_spans=14
2026-09-16T22:34:37.748070Z DEBUG aiur::gpu_trace: CPU trace: circuit lacks generated CUDA coverage circuit=38 rows=4629033
2026-09-16T22:34:37.749426Z DEBUG aiur::gpu_trace: CPU trace: circuit lacks generated CUDA coverage circuit=47 rows=362339
2026-09-16T22:34:37.749576Z DEBUG aiur::gpu_trace: CPU trace: circuit lacks generated CUDA coverage circuit=42 rows=6586741
2026-09-16T22:34:37.749751Z DEBUG aiur::gpu_trace: CPU trace: circuit lacks generated CUDA coverage circuit=69 rows=16
2026-09-16T22:34:37.749901Z DEBUG aiur::gpu_trace: CPU trace: circuit lacks generated CUDA coverage circuit=119 rows=9771112
2026-09-16T22:34:37.750049Z DEBUG aiur::gpu_trace: CPU trace: circuit lacks generated CUDA coverage circuit=70 rows=16
2026-09-16T22:34:37.750505Z DEBUG aiur::gpu_trace: CPU trace: circuit lacks generated CUDA coverage circuit=71 rows=16
2026-09-16T22:34:37.750545Z DEBUG aiur::gpu_trace: CPU trace: circuit lacks generated CUDA coverage circuit=87 rows=12
2026-09-16T22:34:40.599374Z DEBUG aiur::gpu_trace: CPU trace: circuit lacks generated CUDA coverage circuit=107 rows=5046546
2026-09-16T22:34:40.600158Z DEBUG aiur::gpu_trace: CPU trace: circuit lacks generated CUDA coverage circuit=101 rows=5539615
2026-09-16T22:34:40.600275Z DEBUG aiur::gpu_trace: CPU trace: circuit lacks generated CUDA coverage circuit=36 rows=6609473
2026-09-16T22:34:40.601170Z DEBUG aiur::gpu_trace: CPU trace: circuit lacks generated CUDA coverage circuit=138 rows=713933
2026-09-16T22:34:40.601219Z DEBUG aiur::gpu_trace: CPU trace: circuit lacks generated CUDA coverage circuit=170 rows=15815678
2026-09-16T22:34:40.601421Z DEBUG aiur::gpu_trace: CPU trace: circuit lacks generated CUDA coverage circuit=177 rows=6293918
2026-09-16T22:34:44.369607Z DEBUG aiur::gpu_trace: CPU trace: circuit lacks generated CUDA coverage circuit=106 rows=5236793
2026-09-16T22:34:44.370685Z DEBUG aiur::gpu_trace: CPU trace: circuit lacks generated CUDA coverage circuit=112 rows=3351648
2026-09-16T22:34:44.371079Z DEBUG aiur::gpu_trace: CPU trace: circuit lacks generated CUDA coverage circuit=162 rows=2173375
2026-09-16T22:34:44.371353Z DEBUG aiur::gpu_trace: CPU trace: circuit lacks generated CUDA coverage circuit=145 rows=257178
2026-09-16T22:34:44.371866Z DEBUG aiur::gpu_trace: CPU trace: circuit lacks generated CUDA coverage circuit=178 rows=4406516
2026-09-16T22:34:44.372170Z DEBUG aiur::gpu_trace: CPU trace: circuit lacks generated CUDA coverage circuit=33 rows=6140427
2026-09-16T22:34:44.426940Z DEBUG aiur/codegen_memory_seeds{size=3 rows=16777216}: aiur::trace_codegen::cuda: prepared generated memory trace size=3 rows=16777216 seed_bytes=671088640 seed_spans=256
2026-09-16T22:34:44.439686Z DEBUG aiur/codegen_seeds{circuit=102 rows=1233322}: aiur::trace_codegen::cuda: prepared generated CUDA trace circuit=102 rows=1233322 width=43 seed_bytes=49332880 seed_spans=19
2026-09-16T22:34:47.369142Z DEBUG aiur::gpu_trace: CPU trace: circuit lacks generated CUDA coverage circuit=120 rows=2332114
2026-09-16T22:34:47.369565Z DEBUG aiur::gpu_trace: CPU trace: circuit lacks generated CUDA coverage circuit=183 rows=7272697
2026-09-16T22:34:47.369887Z DEBUG aiur::gpu_trace: CPU trace: circuit lacks generated CUDA coverage circuit=13 rows=400257
2026-09-16T22:34:47.369946Z DEBUG aiur::gpu_trace: CPU trace: circuit lacks generated CUDA coverage circuit=167 rows=1873085
2026-09-16T22:34:47.370760Z DEBUG aiur::gpu_trace: CPU trace: circuit lacks generated CUDA coverage circuit=20 rows=854779
2026-09-16T22:34:47.371565Z DEBUG aiur::gpu_trace: CPU trace: circuit lacks generated CUDA coverage circuit=24 rows=908138
2026-09-16T22:34:47.372366Z DEBUG aiur::gpu_trace: CPU trace: circuit lacks generated CUDA coverage circuit=40 rows=110945
2026-09-16T22:34:47.376672Z DEBUG aiur::gpu_trace: CPU trace: circuit lacks generated CUDA coverage circuit=168 rows=1399631
2026-09-16T22:34:47.953484Z DEBUG aiur/codegen_memory_seeds{size=4 rows=7224811}: aiur::trace_codegen::cuda: prepared generated memory trace size=4 rows=7224811 seed_bytes=346790928 seed_spans=111
2026-09-16T22:34:47.953486Z DEBUG aiur/codegen_memory_seeds{size=3 rows=16777216}: aiur::trace_codegen::cuda: prepared generated memory trace size=3 rows=16777216 seed_bytes=671088640 seed_spans=256
2026-09-16T22:34:47.981790Z DEBUG aiur/codegen_seeds{circuit=15 rows=425142}: aiur::trace_codegen::cuda: prepared generated CUDA trace circuit=15 rows=425142 width=177 seed_bytes=173457936 seed_spans=11
2026-09-16T22:34:51.198479Z DEBUG aiur::gpu_trace: CPU trace: circuit lacks generated CUDA coverage circuit=44 rows=384342
2026-09-16T22:34:51.198479Z DEBUG aiur::gpu_trace: CPU trace: circuit lacks generated CUDA coverage circuit=179 rows=2959760
2026-09-16T22:34:51.198982Z DEBUG aiur/codegen_memory_seeds{size=11 rows=301}: aiur::trace_codegen::cuda: prepared generated memory trace size=11 rows=301 seed_bytes=31304 seed_spans=1
2026-09-16T22:34:51.199113Z DEBUG aiur::gpu_trace: CPU trace: circuit lacks generated CUDA coverage circuit=110 rows=1209604
2026-09-16T22:34:51.199578Z DEBUG aiur::gpu_trace: CPU trace: circuit lacks generated CUDA coverage circuit=54 rows=3372270
2026-09-16T22:34:51.200061Z DEBUG aiur::gpu_trace: CPU trace: circuit lacks generated CUDA coverage circuit=34 rows=1152953
2026-09-16T22:34:51.200288Z DEBUG aiur::gpu_trace: CPU trace: circuit lacks generated CUDA coverage circuit=118 rows=3297187
2026-09-16T22:34:51.200360Z DEBUG aiur::gpu_trace: CPU trace: circuit lacks generated CUDA coverage circuit=45 rows=1507309
2026-09-16T22:34:51.200370Z DEBUG aiur::gpu_trace: CPU trace: circuit lacks generated CUDA coverage circuit=180 rows=3622920
2026-09-16T22:34:51.200764Z DEBUG aiur::gpu_trace: CPU trace: circuit lacks generated CUDA coverage circuit=88 rows=2419252
2026-09-16T22:34:51.200828Z DEBUG aiur::gpu_trace: CPU trace: circuit lacks generated CUDA coverage circuit=37 rows=1081649
2026-09-16T22:34:51.200832Z DEBUG aiur::gpu_trace: CPU trace: circuit lacks generated CUDA coverage circuit=166 rows=1607107
2026-09-16T22:34:51.200882Z DEBUG aiur::gpu_trace: CPU trace: circuit lacks generated CUDA coverage circuit=122 rows=1662709
2026-09-16T22:34:51.200949Z DEBUG aiur::gpu_trace: CPU trace: circuit lacks generated CUDA coverage circuit=111 rows=3555642
2026-09-16T22:34:51.201016Z DEBUG aiur::gpu_trace: CPU trace: circuit lacks generated CUDA coverage circuit=50 rows=3316
2026-09-16T22:34:51.201231Z DEBUG aiur::gpu_trace: CPU trace: circuit lacks generated CUDA coverage circuit=134 rows=239238
2026-09-16T22:34:51.201249Z DEBUG aiur::gpu_trace: CPU trace: circuit lacks generated CUDA coverage circuit=113 rows=1097921
2026-09-16T22:34:51.233396Z DEBUG aiur::gpu_trace: CPU trace: circuit lacks generated CUDA coverage circuit=135 rows=3998
2026-09-16T22:34:52.195943Z DEBUG aiur/codegen_memory_seeds{size=3 rows=16777216}: aiur::trace_codegen::cuda: prepared generated memory trace size=3 rows=16777216 seed_bytes=671088640 seed_spans=256
2026-09-16T22:34:55.559862Z DEBUG aiur::gpu_trace: CPU trace: circuit lacks generated CUDA coverage circuit=0 rows=136036
2026-09-16T22:34:55.559877Z DEBUG aiur::gpu_trace: CPU trace: circuit lacks generated CUDA coverage circuit=66 rows=753
2026-09-16T22:34:55.559894Z DEBUG aiur::gpu_trace: CPU trace: circuit lacks generated CUDA coverage circuit=127 rows=436663
2026-09-16T22:34:55.559898Z DEBUG aiur::gpu_trace: CPU trace: circuit lacks generated CUDA coverage circuit=89 rows=99720
2026-09-16T22:34:55.559899Z DEBUG aiur::gpu_trace: CPU trace: circuit lacks generated CUDA coverage circuit=41 rows=415072
2026-09-16T22:34:55.559898Z DEBUG aiur::gpu_trace: CPU trace: circuit lacks generated CUDA coverage circuit=25 rows=68380
2026-09-16T22:34:55.559936Z DEBUG aiur::gpu_trace: CPU trace: circuit lacks generated CUDA coverage circuit=95 rows=24713
2026-09-16T22:34:55.560149Z DEBUG aiur::gpu_trace: CPU trace: circuit lacks generated CUDA coverage circuit=2 rows=186190
2026-09-16T22:34:55.560491Z DEBUG aiur::gpu_trace: CPU trace: circuit lacks generated CUDA coverage circuit=65 rows=94436
2026-09-16T22:34:55.560712Z DEBUG aiur::gpu_trace: CPU trace: circuit lacks generated CUDA coverage circuit=52 rows=153516
2026-09-16T22:34:55.560810Z DEBUG aiur::gpu_trace: CPU trace: circuit lacks generated CUDA coverage circuit=114 rows=431091
2026-09-16T22:34:55.560815Z DEBUG aiur::gpu_trace: CPU trace: circuit lacks generated CUDA coverage circuit=10 rows=36458
2026-09-16T22:34:55.560857Z DEBUG aiur::gpu_trace: CPU trace: circuit lacks generated CUDA coverage circuit=23 rows=83894
2026-09-16T22:34:55.560928Z DEBUG aiur::gpu_trace: CPU trace: circuit lacks generated CUDA coverage circuit=104 rows=179314
2026-09-16T22:34:55.561000Z DEBUG aiur::gpu_trace: CPU trace: circuit lacks generated CUDA coverage circuit=14 rows=1101513
2026-09-16T22:34:55.561254Z DEBUG aiur::gpu_trace: CPU trace: circuit lacks generated CUDA coverage circuit=46 rows=165428
2026-09-16T22:34:55.561261Z DEBUG aiur::gpu_trace: CPU trace: circuit lacks generated CUDA coverage circuit=156 rows=227970
2026-09-16T22:34:55.561530Z DEBUG aiur::gpu_trace: CPU trace: circuit lacks generated CUDA coverage circuit=108 rows=530178
2026-09-16T22:34:55.561589Z DEBUG aiur::gpu_trace: CPU trace: circuit lacks generated CUDA coverage circuit=141 rows=266407
2026-09-16T22:34:55.561644Z DEBUG aiur::gpu_trace: CPU trace: circuit lacks generated CUDA coverage circuit=147 rows=226531
2026-09-16T22:34:55.561743Z DEBUG aiur::gpu_trace: CPU trace: circuit lacks generated CUDA coverage circuit=81 rows=111119
2026-09-16T22:34:55.561775Z DEBUG aiur::gpu_trace: CPU trace: circuit lacks generated CUDA coverage circuit=144 rows=230199
2026-09-16T22:34:55.561826Z DEBUG aiur::gpu_trace: CPU trace: circuit lacks generated CUDA coverage circuit=105 rows=444844
2026-09-16T22:34:55.561860Z DEBUG aiur::gpu_trace: CPU trace: circuit lacks generated CUDA coverage circuit=142 rows=317897
2026-09-16T22:34:55.562263Z DEBUG aiur::gpu_trace: CPU trace: circuit lacks generated CUDA coverage circuit=43 rows=65569
2026-09-16T22:34:55.562415Z DEBUG aiur::gpu_trace: CPU trace: circuit lacks generated CUDA coverage circuit=130 rows=235475
2026-09-16T22:34:55.562430Z DEBUG aiur::gpu_trace: CPU trace: circuit lacks generated CUDA coverage circuit=137 rows=227483
2026-09-16T22:34:55.565110Z DEBUG aiur::gpu_trace: CPU trace: circuit lacks generated CUDA coverage circuit=121 rows=438926
2026-09-16T22:34:55.568187Z DEBUG aiur::gpu_trace: CPU trace: circuit lacks generated CUDA coverage circuit=182 rows=460244
2026-09-16T22:34:55.573396Z DEBUG aiur/codegen_seeds{circuit=140 rows=474228}: aiur::gpu_trace: CPU trace: circuit lacks generated CUDA coverage circuit=139 rows=217573
2026-09-16T22:34:55.575477Z DEBUG aiur::gpu_trace: CPU trace: circuit lacks generated CUDA coverage circuit=123 rows=226134
2026-09-16T22:34:55.628235Z DEBUG aiur/codegen_memory_seeds{size=5 rows=10268}: aiur::trace_codegen::cuda: prepared generated memory trace size=5 rows=10268 seed_bytes=575008 seed_spans=1
2026-09-16T22:34:55.643850Z DEBUG aiur/codegen_memory_seeds{size=6 rows=384167}: aiur::trace_codegen::cuda: prepared generated memory trace size=6 rows=384167 seed_bytes=24586688 seed_spans=6
2026-09-16T22:34:55.707886Z DEBUG aiur::gpu_trace: CPU trace: circuit lacks generated CUDA coverage circuit=11 rows=169166
2026-09-16T22:34:55.753352Z DEBUG aiur/codegen_memory_seeds{size=3 rows=8641253}: aiur::trace_codegen::cuda: prepared generated memory trace size=3 rows=8641253 seed_bytes=345650120 seed_spans=132
2026-09-16T22:34:55.754941Z DEBUG aiur/codegen_memory_seeds{size=18 rows=1574020}: aiur::trace_codegen::cuda: prepared generated memory trace size=18 rows=1574020 seed_bytes=251843200 seed_spans=25
2026-09-16T22:34:55.797946Z DEBUG aiur/codegen_memory_seeds{size=32 rows=476414}: aiur::trace_codegen::cuda: prepared generated memory trace size=32 rows=476414 seed_bytes=129584608 seed_spans=8
2026-09-16T22:34:55.820332Z DEBUG aiur::gpu_trace: CPU trace: circuit lacks generated CUDA coverage circuit=151 rows=800138
2026-09-16T22:34:55.842209Z DEBUG aiur::gpu_trace: CPU trace: circuit lacks generated CUDA coverage circuit=184 rows=258488
2026-09-16T22:34:55.850589Z DEBUG aiur::gpu_trace: CPU trace: circuit lacks generated CUDA coverage circuit=131 rows=391965
2026-09-16T22:34:55.853481Z DEBUG aiur::gpu_trace: CPU trace: circuit lacks generated CUDA coverage circuit=169 rows=1313302
2026-09-16T22:34:55.885707Z DEBUG aiur::gpu_trace: CPU trace: circuit lacks generated CUDA coverage circuit=148 rows=257365
2026-09-16T22:34:55.888385Z DEBUG aiur::gpu_trace: CPU trace: circuit lacks generated CUDA coverage circuit=125 rows=532278
2026-09-16T22:34:55.904897Z DEBUG aiur::gpu_trace: CPU trace: circuit lacks generated CUDA coverage circuit=128 rows=230802
2026-09-16T22:34:55.911922Z DEBUG aiur::gpu_trace: CPU trace: circuit lacks generated CUDA coverage circuit=157 rows=237378
2026-09-16T22:34:55.920763Z DEBUG aiur::gpu_trace: CPU trace: circuit lacks generated CUDA coverage circuit=115 rows=1339296
2026-09-16T22:34:55.921650Z DEBUG aiur::gpu_trace: CPU trace: circuit lacks generated CUDA coverage circuit=152 rows=665982
2026-09-16T22:34:55.952186Z DEBUG aiur::gpu_trace: CPU trace: circuit lacks generated CUDA coverage circuit=132 rows=1097053
2026-09-16T22:34:55.984227Z DEBUG aiur::gpu_trace: CPU trace: circuit lacks generated CUDA coverage circuit=109 rows=1713363
2026-09-16T22:34:56.092770Z DEBUG aiur/codegen_seeds{circuit=124 rows=61448}: aiur::trace_codegen::cuda: prepared generated CUDA trace circuit=124 rows=61448 width=98 seed_bytes=14213176 seed_spans=2
2026-09-16T22:34:56.094203Z DEBUG aiur::gpu_trace: CPU trace: circuit lacks generated CUDA coverage circuit=116 rows=822587
2026-09-16T22:34:56.120482Z DEBUG aiur::gpu_trace: CPU trace: circuit lacks generated CUDA coverage circuit=161 rows=189170
2026-09-16T22:34:56.161683Z DEBUG aiur::gpu_trace: CPU trace: circuit lacks generated CUDA coverage circuit=164 rows=780872
2026-09-16T22:34:56.517046Z DEBUG aiur/codegen_seeds{circuit=140 rows=474228}: aiur::trace_codegen::cuda: prepared generated CUDA trace circuit=140 rows=474228 width=25 seed_bytes=17111760 seed_spans=8
2026-09-16T22:34:59.475429Z DEBUG aiur::gpu_trace: CPU trace: circuit lacks generated CUDA coverage circuit=1 rows=26755
2026-09-16T22:34:59.475450Z DEBUG aiur::gpu_trace: CPU trace: circuit lacks generated CUDA coverage circuit=76 rows=50726
2026-09-16T22:34:59.475455Z DEBUG aiur::gpu_trace: CPU trace: circuit lacks generated CUDA coverage circuit=19 rows=59494
2026-09-16T22:34:59.475459Z DEBUG aiur::gpu_trace: CPU trace: circuit lacks generated CUDA coverage circuit=4 rows=6787
2026-09-16T22:34:59.475463Z DEBUG aiur::gpu_trace: CPU trace: circuit lacks generated CUDA coverage circuit=18 rows=22386
2026-09-16T22:34:59.475457Z DEBUG aiur::gpu_trace: CPU trace: circuit lacks generated CUDA coverage circuit=153 rows=1371
2026-09-16T22:34:59.475471Z DEBUG aiur::gpu_trace: CPU trace: circuit lacks generated CUDA coverage circuit=67 rows=3174
2026-09-16T22:34:59.475450Z DEBUG aiur::gpu_trace: CPU trace: circuit lacks generated CUDA coverage circuit=9 rows=47216
2026-09-16T22:34:59.475456Z DEBUG aiur::gpu_trace: CPU trace: circuit lacks generated CUDA coverage circuit=51 rows=24976
2026-09-16T22:34:59.475478Z DEBUG aiur::gpu_trace: CPU trace: circuit lacks generated CUDA coverage circuit=60 rows=2232
2026-09-16T22:34:59.475619Z DEBUG aiur/codegen_seeds{circuit=63 rows=204}: aiur::trace_codegen::cuda: prepared generated CUDA trace circuit=63 rows=204 width=68 seed_bytes=42432 seed_spans=1
2026-09-16T22:34:59.475721Z DEBUG aiur::gpu_trace: CPU trace: circuit lacks generated CUDA coverage circuit=55 rows=6878
2026-09-16T22:34:59.475940Z DEBUG aiur::gpu_trace: CPU trace: circuit lacks generated CUDA coverage circuit=82 rows=103437
2026-09-16T22:34:59.475977Z DEBUG aiur::gpu_trace: CPU trace: circuit lacks generated CUDA coverage circuit=103 rows=253275
2026-09-16T22:34:59.475981Z DEBUG aiur::gpu_trace: CPU trace: circuit lacks generated CUDA coverage circuit=85 rows=1503
2026-09-16T22:34:59.475992Z DEBUG aiur::gpu_trace: CPU trace: circuit lacks generated CUDA coverage circuit=96 rows=64465
2026-09-16T22:34:59.476057Z DEBUG aiur::gpu_trace: CPU trace: circuit lacks generated CUDA coverage circuit=53 rows=22398
2026-09-16T22:34:59.476081Z DEBUG aiur::gpu_trace: CPU trace: circuit lacks generated CUDA coverage circuit=5 rows=377
2026-09-16T22:34:59.476141Z DEBUG aiur::gpu_trace: CPU trace: circuit lacks generated CUDA coverage circuit=27 rows=1842
2026-09-16T22:34:59.476327Z DEBUG aiur::gpu_trace: CPU trace: circuit lacks generated CUDA coverage circuit=17 rows=21861
2026-09-16T22:34:59.476494Z DEBUG aiur::gpu_trace: CPU trace: circuit lacks generated CUDA coverage circuit=8 rows=32832
2026-09-16T22:34:59.476508Z DEBUG aiur::gpu_trace: CPU trace: circuit lacks generated CUDA coverage circuit=58 rows=8618
2026-09-16T22:34:59.476738Z DEBUG aiur::gpu_trace: CPU trace: circuit lacks generated CUDA coverage circuit=98 rows=194729
2026-09-16T22:34:59.476747Z DEBUG aiur::gpu_trace: CPU trace: circuit lacks generated CUDA coverage circuit=92 rows=101982
2026-09-16T22:34:59.476765Z DEBUG aiur::gpu_trace: CPU trace: circuit lacks generated CUDA coverage circuit=39 rows=156324
2026-09-16T22:34:59.476820Z DEBUG aiur::gpu_trace: CPU trace: circuit lacks generated CUDA coverage circuit=61 rows=9034
2026-09-16T22:34:59.476838Z DEBUG aiur::gpu_trace: CPU trace: circuit lacks generated CUDA coverage circuit=72 rows=11118
2026-09-16T22:34:59.476970Z DEBUG aiur::gpu_trace: CPU trace: circuit lacks generated CUDA coverage circuit=80 rows=49596
2026-09-16T22:34:59.477023Z DEBUG aiur::gpu_trace: CPU trace: circuit lacks generated CUDA coverage circuit=133 rows=213403
2026-09-16T22:34:59.477927Z DEBUG aiur::gpu_trace: CPU trace: circuit lacks generated CUDA coverage circuit=78 rows=11710
2026-09-16T22:34:59.478060Z DEBUG aiur::gpu_trace: CPU trace: circuit lacks generated CUDA coverage circuit=143 rows=230042
2026-09-16T22:34:59.479135Z DEBUG aiur::gpu_trace: CPU trace: circuit lacks generated CUDA coverage circuit=62 rows=358
2026-09-16T22:34:59.479260Z DEBUG aiur/codegen_seeds{circuit=56 rows=305}: aiur::trace_codegen::cuda: prepared generated CUDA trace circuit=56 rows=305 width=49 seed_bytes=24400 seed_spans=1
2026-09-16T22:34:59.479526Z DEBUG aiur::gpu_trace: CPU trace: circuit lacks generated CUDA coverage circuit=181 rows=382628
2026-09-16T22:34:59.479926Z DEBUG aiur::gpu_trace: CPU trace: circuit lacks generated CUDA coverage circuit=86 rows=6555
2026-09-16T22:34:59.482071Z DEBUG aiur::gpu_trace: CPU trace: circuit lacks generated CUDA coverage circuit=154 rows=30934
2026-09-16T22:34:59.485587Z DEBUG aiur::gpu_trace: CPU trace: circuit lacks generated CUDA coverage circuit=100 rows=130928
2026-09-16T22:34:59.488388Z DEBUG aiur::gpu_trace: CPU trace: circuit lacks generated CUDA coverage circuit=73 rows=19604
2026-09-16T22:34:59.488410Z DEBUG aiur::gpu_trace: CPU trace: circuit lacks generated CUDA coverage circuit=28 rows=4945
2026-09-16T22:34:59.489776Z DEBUG aiur::gpu_trace: CPU trace: circuit lacks generated CUDA coverage circuit=146 rows=91414
2026-09-16T22:34:59.489886Z DEBUG aiur::gpu_trace: CPU trace: circuit lacks generated CUDA coverage circuit=97 rows=195012
2026-09-16T22:34:59.491834Z DEBUG aiur::gpu_trace: CPU trace: circuit lacks generated CUDA coverage circuit=59 rows=98991
2026-09-16T22:34:59.495744Z DEBUG aiur::gpu_trace: CPU trace: circuit lacks generated CUDA coverage circuit=31 rows=2660
2026-09-16T22:34:59.496187Z DEBUG aiur/codegen_memory_seeds{size=10 rows=2808}: aiur::trace_codegen::cuda: prepared generated memory trace size=10 rows=2808 seed_bytes=269568 seed_spans=1
2026-09-16T22:34:59.496883Z DEBUG aiur/codegen_memory_seeds{size=12 rows=22401}: aiur::trace_codegen::cuda: prepared generated memory trace size=12 rows=22401 seed_bytes=2508912 seed_spans=1
2026-09-16T22:34:59.498004Z DEBUG aiur::gpu_trace: CPU trace: circuit lacks generated CUDA coverage circuit=32 rows=235824
2026-09-16T22:34:59.498952Z DEBUG aiur/codegen_seeds{circuit=6 rows=28377}: aiur::gpu_trace: CPU trace: circuit lacks generated CUDA coverage circuit=30 rows=20321
2026-09-16T22:34:59.500851Z DEBUG aiur::gpu_trace: CPU trace: circuit lacks generated CUDA coverage circuit=74 rows=188
2026-09-16T22:34:59.501309Z DEBUG aiur::gpu_trace: CPU trace: circuit lacks generated CUDA coverage circuit=35 rows=75579
2026-09-16T22:34:59.503139Z DEBUG aiur::gpu_trace: CPU trace: circuit lacks generated CUDA coverage circuit=149 rows=227570
2026-09-16T22:34:59.503721Z DEBUG aiur::gpu_trace: CPU trace: circuit lacks generated CUDA coverage circuit=155 rows=28359
2026-09-16T22:34:59.505568Z DEBUG aiur::gpu_trace: CPU trace: circuit lacks generated CUDA coverage circuit=99 rows=144762
2026-09-16T22:34:59.506823Z DEBUG aiur/codegen_memory_seeds{size=34 rows=102311}: aiur::trace_codegen::cuda: prepared generated memory trace size=34 rows=102311 seed_bytes=29465568 seed_spans=2
2026-09-16T22:34:59.506902Z DEBUG aiur/codegen_memory_seeds{size=47 rows=300}: aiur::trace_codegen::cuda: prepared generated memory trace size=47 rows=300 seed_bytes=117600 seed_spans=1
2026-09-16T22:34:59.520883Z DEBUG aiur::gpu_trace: CPU trace: circuit lacks generated CUDA coverage circuit=159 rows=15915
2026-09-16T22:34:59.528048Z DEBUG aiur::gpu_trace: CPU trace: circuit lacks generated CUDA coverage circuit=93 rows=28376
2026-09-16T22:34:59.528483Z DEBUG aiur::gpu_trace: CPU trace: circuit lacks generated CUDA coverage circuit=48 rows=26035
2026-09-16T22:34:59.536230Z DEBUG aiur::gpu_trace: CPU trace: circuit lacks generated CUDA coverage circuit=49 rows=126383
2026-09-16T22:34:59.545364Z DEBUG aiur::gpu_trace: CPU trace: circuit lacks generated CUDA coverage circuit=83 rows=43731
2026-09-16T22:34:59.560032Z DEBUG aiur::gpu_trace: CPU trace: circuit lacks generated CUDA coverage circuit=160 rows=16540
2026-09-16T22:34:59.571070Z DEBUG aiur::gpu_trace: CPU trace: circuit lacks generated CUDA coverage circuit=163 rows=137801
2026-09-16T22:34:59.592398Z DEBUG aiur/codegen_seeds{circuit=6 rows=28377}: aiur::trace_codegen::cuda: prepared generated CUDA trace circuit=6 rows=28377 width=63 seed_bytes=5236104 seed_spans=4
[lanes] worker 0: claim 0 proven at +214s (2 left)
[trace-shards] 9 shards, 1500000000 committed cells: record 19464827503 B in shared pool, host workspace 16678134938 B of 26088568116 B reserved per prover; regenerating round 2
[lanes] executor 1: claim 3 executed in 112.2s, record 19464827503 B (18.1 GiB) at +226s
[lanes] join 2 dispatched at +226s
[lanes] worker 0: claim 3 proving started at +226s
[lanes] executor 1: join 2 execution started at +226s
[aggregate] structural-joining slots 0, 1 into 2
2026-09-16T22:35:16.844847Z DEBUG aiur::gpu_trace: CPU trace: circuit lacks generated CUDA coverage circuit=117 rows=10717034
2026-09-16T22:35:16.846294Z DEBUG aiur::gpu_trace: CPU trace: circuit lacks generated CUDA coverage circuit=90 rows=71405
2026-09-16T22:35:16.846699Z DEBUG aiur::gpu_trace: CPU trace: circuit lacks generated CUDA coverage circuit=79 rows=2
2026-09-16T22:35:16.847268Z DEBUG aiur::gpu_trace: CPU trace: circuit lacks generated CUDA coverage circuit=22 rows=40
2026-09-16T22:35:16.847690Z DEBUG aiur/codegen_memory_seeds{size=9 rows=132}: aiur::trace_codegen::cuda: prepared generated memory trace size=9 rows=132 seed_bytes=11616 seed_spans=1
2026-09-16T22:35:16.847712Z DEBUG aiur::gpu_trace: CPU trace: circuit lacks generated CUDA coverage circuit=176 rows=1
2026-09-16T22:35:16.918255Z DEBUG aiur/codegen_seeds{circuit=16 rows=1048576}: aiur::trace_codegen::cuda: prepared generated CUDA trace circuit=16 rows=1048576 width=533 seed_bytes=184549376 seed_spans=16
2026-09-16T22:35:17.681891Z DEBUG aiur::gpu_trace: CPU trace: circuit lacks generated CUDA coverage circuit=26 rows=5
2026-09-16T22:35:17.681905Z DEBUG aiur::gpu_trace: CPU trace: circuit lacks generated CUDA coverage circuit=153 rows=987
2026-09-16T22:35:17.682741Z DEBUG aiur::gpu_trace: CPU trace: circuit lacks generated CUDA coverage circuit=53 rows=13607
2026-09-16T22:35:17.683489Z DEBUG aiur::gpu_trace: CPU trace: circuit lacks generated CUDA coverage circuit=129 rows=305895
2026-09-16T22:35:17.683817Z DEBUG aiur::gpu_trace: CPU trace: circuit lacks generated CUDA coverage circuit=50 rows=956
2026-09-16T22:35:17.684456Z DEBUG aiur::gpu_trace: CPU trace: circuit lacks generated CUDA coverage circuit=91 rows=4288836
2026-09-16T22:35:17.748439Z DEBUG aiur/codegen_seeds{circuit=16 rows=1048576}: aiur::trace_codegen::cuda: prepared generated CUDA trace circuit=16 rows=1048576 width=533 seed_bytes=184549376 seed_spans=16
2026-09-16T22:35:18.565216Z DEBUG aiur::gpu_trace: CPU trace: circuit lacks generated CUDA coverage circuit=60 rows=51
2026-09-16T22:35:18.565219Z DEBUG aiur::gpu_trace: CPU trace: circuit lacks generated CUDA coverage circuit=12 rows=16777216
2026-09-16T22:35:18.565932Z DEBUG aiur::gpu_trace: CPU trace: circuit lacks generated CUDA coverage circuit=34 rows=806750
2026-09-16T22:35:18.567630Z DEBUG aiur::gpu_trace: CPU trace: circuit lacks generated CUDA coverage circuit=75 rows=5
2026-09-16T22:35:18.568148Z DEBUG aiur/codegen_memory_seeds{size=8 rows=166}: aiur::trace_codegen::cuda: prepared generated memory trace size=8 rows=166 seed_bytes=13280 seed_spans=1
2026-09-16T22:35:18.611373Z DEBUG aiur/codegen_seeds{circuit=16 rows=774008}: aiur::trace_codegen::cuda: prepared generated CUDA trace circuit=16 rows=774008 width=533 seed_bytes=136225408 seed_spans=12
2026-09-16T22:35:19.842705Z DEBUG aiur::gpu_trace: CPU trace: circuit lacks generated CUDA coverage circuit=52 rows=136816
2026-09-16T22:35:19.842846Z DEBUG aiur::gpu_trace: CPU trace: circuit lacks generated CUDA coverage circuit=84 rows=42
2026-09-16T22:35:19.842880Z DEBUG aiur::gpu_trace: CPU trace: circuit lacks generated CUDA coverage circuit=112 rows=6880798
2026-09-16T22:35:19.843079Z DEBUG aiur/codegen_seeds{circuit=56 rows=42}: aiur::trace_codegen::cuda: prepared generated CUDA trace circuit=56 rows=42 width=49 seed_bytes=3360 seed_spans=1
2026-09-16T22:35:19.843116Z DEBUG aiur::gpu_trace: CPU trace: circuit lacks generated CUDA coverage circuit=27 rows=2112
2026-09-16T22:35:19.843211Z DEBUG aiur::gpu_trace: CPU trace: circuit lacks generated CUDA coverage circuit=110 rows=3009599
2026-09-16T22:35:19.844227Z DEBUG aiur::gpu_trace: CPU trace: circuit lacks generated CUDA coverage circuit=170 rows=10342533
2026-09-16T22:35:19.844837Z DEBUG aiur::gpu_trace: CPU trace: circuit lacks generated CUDA coverage circuit=42 rows=5709906
2026-09-16T22:35:20.891822Z DEBUG aiur::gpu_trace: CPU trace: circuit lacks generated CUDA coverage circuit=3 rows=8
2026-09-16T22:35:20.892335Z DEBUG aiur::gpu_trace: CPU trace: circuit lacks generated CUDA coverage circuit=33 rows=6366783
2026-09-16T22:35:20.892549Z DEBUG aiur::gpu_trace: CPU trace: circuit lacks generated CUDA coverage circuit=36 rows=5723878
2026-09-16T22:35:20.892810Z DEBUG aiur/codegen_seeds{circuit=63 rows=27}: aiur::trace_codegen::cuda: prepared generated CUDA trace circuit=63 rows=27 width=68 seed_bytes=5616 seed_spans=1
2026-09-16T22:35:20.892904Z DEBUG aiur::gpu_trace: CPU trace: circuit lacks generated CUDA coverage circuit=77 rows=3
2026-09-16T22:35:20.893344Z DEBUG aiur::gpu_trace: CPU trace: circuit lacks generated CUDA coverage circuit=87 rows=24
2026-09-16T22:35:20.893768Z DEBUG aiur::gpu_trace: CPU trace: circuit lacks generated CUDA coverage circuit=121 rows=285799
2026-09-16T22:35:20.894723Z DEBUG aiur::gpu_trace: CPU trace: circuit lacks generated CUDA coverage circuit=62 rows=45
2026-09-16T22:35:20.894868Z DEBUG aiur::gpu_trace: CPU trace: circuit lacks generated CUDA coverage circuit=107 rows=7702343
2026-09-16T22:35:20.894998Z DEBUG aiur::gpu_trace: CPU trace: circuit lacks generated CUDA coverage circuit=101 rows=6149238
2026-09-16T22:35:20.981845Z DEBUG aiur/codegen_seeds{circuit=102 rows=2155801}: aiur::trace_codegen::cuda: prepared generated CUDA trace circuit=102 rows=2155801 width=43 seed_bytes=86232040 seed_spans=33
2026-09-16T22:35:22.503590Z DEBUG aiur::gpu_trace: CPU trace: circuit lacks generated CUDA coverage circuit=13 rows=306826
2026-09-16T22:35:22.503613Z DEBUG aiur::gpu_trace: CPU trace: circuit lacks generated CUDA coverage circuit=106 rows=7892517
2026-09-16T22:35:22.503613Z DEBUG aiur::gpu_trace: CPU trace: circuit lacks generated CUDA coverage circuit=38 rows=3812578
2026-09-16T22:35:22.503613Z DEBUG aiur::gpu_trace: CPU trace: circuit lacks generated CUDA coverage circuit=57 rows=42
2026-09-16T22:35:22.504414Z DEBUG aiur::gpu_trace: CPU trace: circuit lacks generated CUDA coverage circuit=64 rows=12
2026-09-16T22:35:22.504733Z DEBUG aiur::gpu_trace: CPU trace: circuit lacks generated CUDA coverage circuit=111 rows=7179957
2026-09-16T22:35:22.504816Z DEBUG aiur::gpu_trace: CPU trace: circuit lacks generated CUDA coverage circuit=116 rows=846200
2026-09-16T22:35:22.504979Z DEBUG aiur::gpu_trace: CPU trace: circuit lacks generated CUDA coverage circuit=21 rows=5
2026-09-16T22:35:22.505153Z DEBUG aiur::gpu_trace: CPU trace: circuit lacks generated CUDA coverage circuit=93 rows=13648
2026-09-16T22:35:22.505510Z DEBUG aiur::gpu_trace: CPU trace: circuit lacks generated CUDA coverage circuit=69 rows=15
2026-09-16T22:35:22.505908Z DEBUG aiur::gpu_trace: CPU trace: circuit lacks generated CUDA coverage circuit=70 rows=16
2026-09-16T22:35:22.506216Z DEBUG aiur::gpu_trace: CPU trace: circuit lacks generated CUDA coverage circuit=119 rows=8276495
2026-09-16T22:35:22.506236Z DEBUG aiur/codegen_memory_seeds{size=2 rows=17}: aiur::trace_codegen::cuda: prepared generated memory trace size=2 rows=17 seed_bytes=544 seed_spans=1
2026-09-16T22:35:22.506260Z DEBUG aiur::gpu_trace: CPU trace: circuit lacks generated CUDA coverage circuit=68 rows=16
2026-09-16T22:35:22.506477Z DEBUG aiur::gpu_trace: CPU trace: circuit lacks generated CUDA coverage circuit=71 rows=16
2026-09-16T22:35:22.506770Z DEBUG aiur::gpu_trace: CPU trace: circuit lacks generated CUDA coverage circuit=177 rows=4936168
2026-09-16T22:35:22.507064Z DEBUG aiur::gpu_trace: CPU trace: circuit lacks generated CUDA coverage circuit=74 rows=775
2026-09-16T22:35:22.647964Z DEBUG aiur/codegen_memory_seeds{size=3 rows=16777216}: aiur::trace_codegen::cuda: prepared generated memory trace size=3 rows=16777216 seed_bytes=671088640 seed_spans=256
2026-09-16T22:35:23.867148Z DEBUG aiur::gpu_trace: CPU trace: circuit lacks generated CUDA coverage circuit=54 rows=2684902
2026-09-16T22:35:23.867152Z DEBUG aiur::gpu_trace: CPU trace: circuit lacks generated CUDA coverage circuit=5 rows=679
2026-09-16T22:35:23.867148Z DEBUG aiur::gpu_trace: CPU trace: circuit lacks generated CUDA coverage circuit=85 rows=478
2026-09-16T22:35:23.867155Z DEBUG aiur::gpu_trace: CPU trace: circuit lacks generated CUDA coverage circuit=12 rows=3707799
2026-09-16T22:35:23.867900Z DEBUG aiur::gpu_trace: CPU trace: circuit lacks generated CUDA coverage circuit=61 rows=5486
2026-09-16T22:35:23.868185Z DEBUG aiur::gpu_trace: CPU trace: circuit lacks generated CUDA coverage circuit=167 rows=1827728
2026-09-16T22:35:23.868664Z DEBUG aiur::gpu_trace: CPU trace: circuit lacks generated CUDA coverage circuit=162 rows=1722394
2026-09-16T22:35:23.869146Z DEBUG aiur::gpu_trace: CPU trace: circuit lacks generated CUDA coverage circuit=118 rows=2674877
2026-09-16T22:35:23.869185Z DEBUG aiur::gpu_trace: CPU trace: circuit lacks generated CUDA coverage circuit=183 rows=5848581
2026-09-16T22:35:23.869891Z DEBUG aiur::gpu_trace: CPU trace: circuit lacks generated CUDA coverage circuit=109 rows=3450567
2026-09-16T22:35:23.870463Z DEBUG aiur::gpu_trace: CPU trace: circuit lacks generated CUDA coverage circuit=168 rows=1508723
2026-09-16T22:35:23.874768Z DEBUG aiur::gpu_trace: CPU trace: circuit lacks generated CUDA coverage circuit=37 rows=759836
2026-09-16T22:35:24.767488Z DEBUG aiur/codegen_memory_seeds{size=3 rows=16777216}: aiur::trace_codegen::cuda: prepared generated memory trace size=3 rows=16777216 seed_bytes=671088640 seed_spans=256
2026-09-16T22:35:24.767523Z DEBUG aiur/codegen_memory_seeds{size=4 rows=7467782}: aiur::trace_codegen::cuda: prepared generated memory trace size=4 rows=7467782 seed_bytes=358453536 seed_spans=114
2026-09-16T22:35:24.785879Z DEBUG aiur/codegen_seeds{circuit=15 rows=305220}: aiur::trace_codegen::cuda: prepared generated CUDA trace circuit=15 rows=305220 width=177 seed_bytes=124529760 seed_spans=8
2026-09-16T22:35:25.308732Z DEBUG aiur::gpu_trace: CPU trace: circuit lacks generated CUDA coverage circuit=20 rows=473770
2026-09-16T22:35:25.308739Z DEBUG aiur::gpu_trace: CPU trace: circuit lacks generated CUDA coverage circuit=128 rows=230572
2026-09-16T22:35:25.309185Z DEBUG aiur::gpu_trace: CPU trace: circuit lacks generated CUDA coverage circuit=179 rows=2249785
2026-09-16T22:35:25.309271Z DEBUG aiur::gpu_trace: CPU trace: circuit lacks generated CUDA coverage circuit=115 rows=1314496
2026-09-16T22:35:25.309741Z DEBUG aiur::gpu_trace: CPU trace: circuit lacks generated CUDA coverage circuit=44 rows=228794
2026-09-16T22:35:25.309757Z DEBUG aiur::gpu_trace: CPU trace: circuit lacks generated CUDA coverage circuit=24 rows=515620
2026-09-16T22:35:25.309942Z DEBUG aiur::gpu_trace: CPU trace: circuit lacks generated CUDA coverage circuit=156 rows=573574
2026-09-16T22:35:25.310309Z DEBUG aiur::gpu_trace: CPU trace: circuit lacks generated CUDA coverage circuit=120 rows=1657250
2026-09-16T22:35:25.310358Z DEBUG aiur::gpu_trace: CPU trace: circuit lacks generated CUDA coverage circuit=166 rows=1520898
2026-09-16T22:35:25.310393Z DEBUG aiur::gpu_trace: CPU trace: circuit lacks generated CUDA coverage circuit=88 rows=2066135
2026-09-16T22:35:25.310699Z DEBUG aiur::gpu_trace: CPU trace: circuit lacks generated CUDA coverage circuit=150 rows=1076571
2026-09-16T22:35:25.310935Z DEBUG aiur::gpu_trace: CPU trace: circuit lacks generated CUDA coverage circuit=152 rows=558410
2026-09-16T22:35:25.311067Z DEBUG aiur::gpu_trace: CPU trace: circuit lacks generated CUDA coverage circuit=178 rows=3069412
2026-09-16T22:35:25.311150Z DEBUG aiur::gpu_trace: CPU trace: circuit lacks generated CUDA coverage circuit=169 rows=1249211
2026-09-16T22:35:25.311244Z DEBUG aiur::gpu_trace: CPU trace: circuit lacks generated CUDA coverage circuit=45 rows=1379852
2026-09-16T22:35:25.311509Z DEBUG aiur::gpu_trace: CPU trace: circuit lacks generated CUDA coverage circuit=113 rows=1955430
2026-09-16T22:35:25.311659Z DEBUG aiur::gpu_trace: CPU trace: circuit lacks generated CUDA coverage circuit=180 rows=2669537
2026-09-16T22:35:25.311734Z DEBUG aiur::gpu_trace: CPU trace: circuit lacks generated CUDA coverage circuit=126 rows=279647
2026-09-16T22:35:25.321340Z DEBUG aiur::gpu_trace: CPU trace: circuit lacks generated CUDA coverage circuit=122 rows=1060856
2026-09-16T22:35:26.186209Z DEBUG aiur/codegen_memory_seeds{size=18 rows=1631226}: aiur::trace_codegen::cuda: prepared generated memory trace size=18 rows=1631226 seed_bytes=260996160 seed_spans=25
2026-09-16T22:35:26.186207Z DEBUG aiur/codegen_memory_seeds{size=3 rows=11701409}: aiur::trace_codegen::cuda: prepared generated memory trace size=3 rows=11701409 seed_bytes=468056360 seed_spans=179
2026-09-16T22:35:26.739138Z DEBUG aiur::gpu_trace: CPU trace: circuit lacks generated CUDA coverage circuit=4 rows=22108
2026-09-16T22:35:26.739173Z DEBUG aiur::gpu_trace: CPU trace: circuit lacks generated CUDA coverage circuit=51 rows=16537
2026-09-16T22:35:26.739175Z DEBUG aiur::gpu_trace: CPU trace: circuit lacks generated CUDA coverage circuit=31 rows=3207
2026-09-16T22:35:26.739178Z DEBUG aiur::gpu_trace: CPU trace: circuit lacks generated CUDA coverage circuit=10 rows=29752
2026-09-16T22:35:26.739183Z DEBUG aiur::gpu_trace: CPU trace: circuit lacks generated CUDA coverage circuit=154 rows=21826
2026-09-16T22:35:26.739186Z DEBUG aiur::gpu_trace: CPU trace: circuit lacks generated CUDA coverage circuit=25 rows=41274
2026-09-16T22:35:26.739175Z DEBUG aiur::gpu_trace: CPU trace: circuit lacks generated CUDA coverage circuit=9 rows=32455
2026-09-16T22:35:26.739175Z DEBUG aiur::gpu_trace: CPU trace: circuit lacks generated CUDA coverage circuit=66 rows=339
2026-09-16T22:35:26.739178Z DEBUG aiur::gpu_trace: CPU trace: circuit lacks generated CUDA coverage circuit=28 rows=2524
2026-09-16T22:35:26.739178Z DEBUG aiur::gpu_trace: CPU trace: circuit lacks generated CUDA coverage circuit=127 rows=324508
2026-09-16T22:35:26.739201Z DEBUG aiur::gpu_trace: CPU trace: circuit lacks generated CUDA coverage circuit=7 rows=44180
2026-09-16T22:35:26.739185Z DEBUG aiur::gpu_trace: CPU trace: circuit lacks generated CUDA coverage circuit=76 rows=38610
2026-09-16T22:35:26.739186Z DEBUG aiur::gpu_trace: CPU trace: circuit lacks generated CUDA coverage circuit=0 rows=114125
2026-09-16T22:35:26.739195Z DEBUG aiur::gpu_trace: CPU trace: circuit lacks generated CUDA coverage circuit=67 rows=2996
2026-09-16T22:35:26.739181Z DEBUG aiur::gpu_trace: CPU trace: circuit lacks generated CUDA coverage circuit=159 rows=24094
2026-09-16T22:35:26.739178Z DEBUG aiur::gpu_trace: CPU trace: circuit lacks generated CUDA coverage circuit=55 rows=3987
2026-09-16T22:35:26.739565Z DEBUG aiur::gpu_trace: CPU trace: circuit lacks generated CUDA coverage circuit=18 rows=13256
2026-09-16T22:35:26.739587Z DEBUG aiur::gpu_trace: CPU trace: circuit lacks generated CUDA coverage circuit=114 rows=580548
2026-09-16T22:35:26.739621Z DEBUG aiur::gpu_trace: CPU trace: circuit lacks generated CUDA coverage circuit=58 rows=1862
2026-09-16T22:35:26.739668Z DEBUG aiur::gpu_trace: CPU trace: circuit lacks generated CUDA coverage circuit=65 rows=59383
2026-09-16T22:35:26.739673Z DEBUG aiur::gpu_trace: CPU trace: circuit lacks generated CUDA coverage circuit=157 rows=180752
2026-09-16T22:35:26.739719Z DEBUG aiur::gpu_trace: CPU trace: circuit lacks generated CUDA coverage circuit=39 rows=189266
2026-09-16T22:35:26.739745Z DEBUG aiur::gpu_trace: CPU trace: circuit lacks generated CUDA coverage circuit=181 rows=285687
2026-09-16T22:35:26.739830Z DEBUG aiur::gpu_trace: CPU trace: circuit lacks generated CUDA coverage circuit=103 rows=345717
2026-09-16T22:35:26.739890Z DEBUG aiur::gpu_trace: CPU trace: circuit lacks generated CUDA coverage circuit=155 rows=30887
2026-09-16T22:35:26.739942Z DEBUG aiur/codegen_memory_seeds{size=10 rows=928}: aiur::trace_codegen::cuda: prepared generated memory trace size=10 rows=928 seed_bytes=89088 seed_spans=1
2026-09-16T22:35:26.739999Z DEBUG aiur::gpu_trace: CPU trace: circuit lacks generated CUDA coverage circuit=72 rows=14482
2026-09-16T22:35:26.740003Z DEBUG aiur::gpu_trace: CPU trace: circuit lacks generated CUDA coverage circuit=14 rows=820034
2026-09-16T22:35:26.740042Z DEBUG aiur/codegen_memory_seeds{size=11 rows=304}: aiur::trace_codegen::cuda: prepared generated memory trace size=11 rows=304 seed_bytes=31616 seed_spans=1
2026-09-16T22:35:26.740060Z DEBUG aiur::gpu_trace: CPU trace: circuit lacks generated CUDA coverage circuit=30 rows=12783
2026-09-16T22:35:26.743576Z DEBUG aiur::gpu_trace: CPU trace: circuit lacks generated CUDA coverage circuit=32 rows=171950
2026-09-16T22:35:26.744162Z DEBUG aiur/codegen_memory_seeds{size=12 rows=13613}: aiur::trace_codegen::cuda: prepared generated memory trace size=12 rows=13613 seed_bytes=1524656 seed_spans=1
2026-09-16T22:35:26.740158Z DEBUG aiur::gpu_trace: CPU trace: circuit lacks generated CUDA coverage circuit=123 rows=147121
2026-09-16T22:35:26.746361Z DEBUG aiur::gpu_trace: CPU trace: circuit lacks generated CUDA coverage circuit=35 rows=49000
2026-09-16T22:35:26.747194Z DEBUG aiur::gpu_trace: CPU trace: circuit lacks generated CUDA coverage circuit=59 rows=84180
2026-09-16T22:35:26.740932Z DEBUG aiur/codegen_memory_seeds{size=5 rows=13111}: aiur::trace_codegen::cuda: prepared generated memory trace size=5 rows=13111 seed_bytes=734216 seed_spans=1
2026-09-16T22:35:26.751322Z DEBUG aiur::gpu_trace: CPU trace: circuit lacks generated CUDA coverage circuit=8 rows=27552
2026-09-16T22:35:26.751910Z DEBUG aiur::gpu_trace: CPU trace: circuit lacks generated CUDA coverage circuit=125 rows=362935
2026-09-16T22:35:26.757101Z DEBUG aiur::gpu_trace: CPU trace: circuit lacks generated CUDA coverage circuit=19 rows=43062
2026-09-16T22:35:26.761561Z DEBUG aiur::gpu_trace: CPU trace: circuit lacks generated CUDA coverage circuit=133 rows=193798
2026-09-16T22:35:26.761706Z DEBUG aiur/codegen_memory_seeds{size=6 rows=216495}: aiur::trace_codegen::cuda: prepared generated memory trace size=6 rows=216495 seed_bytes=13855680 seed_spans=4
2026-09-16T22:35:26.765678Z DEBUG aiur/codegen_seeds{circuit=6 rows=17291}: aiur::trace_codegen::cuda: prepared generated CUDA trace circuit=6 rows=17291 width=63 seed_bytes=3062304 seed_spans=4
2026-09-16T22:35:26.765718Z DEBUG aiur::gpu_trace: CPU trace: circuit lacks generated CUDA coverage circuit=130 rows=182278
2026-09-16T22:35:26.769952Z DEBUG aiur::gpu_trace: CPU trace: circuit lacks generated CUDA coverage circuit=73 rows=23494
2026-09-16T22:35:26.780492Z DEBUG aiur::gpu_trace: CPU trace: circuit lacks generated CUDA coverage circuit=158 rows=11082
2026-09-16T22:35:26.788075Z DEBUG aiur::gpu_trace: CPU trace: circuit lacks generated CUDA coverage circuit=182 rows=322703
2026-09-16T22:35:26.788501Z DEBUG aiur::gpu_trace: CPU trace: circuit lacks generated CUDA coverage circuit=78 rows=4827
2026-09-16T22:35:26.796514Z DEBUG aiur::gpu_trace: CPU trace: circuit lacks generated CUDA coverage circuit=108 rows=981571
2026-09-16T22:35:26.798832Z DEBUG aiur::gpu_trace: CPU trace: circuit lacks generated CUDA coverage circuit=80 rows=36365
2026-09-16T22:35:26.800191Z DEBUG aiur/codegen_memory_seeds{size=32 rows=334859}: aiur::trace_codegen::cuda: prepared generated memory trace size=32 rows=334859 seed_bytes=91081648 seed_spans=6
2026-09-16T22:35:26.802796Z DEBUG aiur::gpu_trace: CPU trace: circuit lacks generated CUDA coverage circuit=160 rows=26663
2026-09-16T22:35:26.808159Z DEBUG aiur/codegen_memory_seeds{size=34 rows=70165}: aiur::trace_codegen::cuda: prepared generated memory trace size=34 rows=70165 seed_bytes=20207520 seed_spans=2
2026-09-16T22:35:26.808221Z DEBUG aiur/codegen_memory_seeds{size=36 rows=474}: aiur::trace_codegen::cuda: prepared generated memory trace size=36 rows=474 seed_bytes=144096 seed_spans=1
2026-09-16T22:35:26.808262Z DEBUG aiur/codegen_memory_seeds{size=47 rows=336}: aiur::trace_codegen::cuda: prepared generated memory trace size=47 rows=336 seed_bytes=131712 seed_spans=1
2026-09-16T22:35:26.815437Z DEBUG aiur/codegen_seeds{circuit=124 rows=40552}: aiur::trace_codegen::cuda: prepared generated CUDA trace circuit=124 rows=40552 width=98 seed_bytes=9262464 seed_spans=2
2026-09-16T22:35:26.816913Z DEBUG aiur::gpu_trace: CPU trace: circuit lacks generated CUDA coverage circuit=161 rows=141476
2026-09-16T22:35:26.817609Z DEBUG aiur::gpu_trace: CPU trace: circuit lacks generated CUDA coverage circuit=105 rows=359561
2026-09-16T22:35:26.821795Z DEBUG aiur::gpu_trace: CPU trace: circuit lacks generated CUDA coverage circuit=163 rows=136129
2026-09-16T22:35:26.826214Z DEBUG aiur::gpu_trace: CPU trace: circuit lacks generated CUDA coverage circuit=81 rows=75199
2026-09-16T22:35:26.830201Z DEBUG aiur::gpu_trace: CPU trace: circuit lacks generated CUDA coverage circuit=17 rows=13259
2026-09-16T22:35:26.830761Z DEBUG aiur::gpu_trace: CPU trace: circuit lacks generated CUDA coverage circuit=40 rows=113054
2026-09-16T22:35:26.831697Z DEBUG aiur::gpu_trace: CPU trace: circuit lacks generated CUDA coverage circuit=23 rows=50260
2026-09-16T22:35:26.834218Z DEBUG aiur::gpu_trace: CPU trace: circuit lacks generated CUDA coverage circuit=11 rows=105737
2026-09-16T22:35:26.834476Z DEBUG aiur::gpu_trace: CPU trace: circuit lacks generated CUDA coverage circuit=1 rows=19037
2026-09-16T22:35:26.835226Z DEBUG aiur::gpu_trace: CPU trace: circuit lacks generated CUDA coverage circuit=104 rows=166358
2026-09-16T22:35:26.840113Z DEBUG aiur::gpu_trace: CPU trace: circuit lacks generated CUDA coverage circuit=146 rows=69945
2026-09-16T22:35:26.843038Z DEBUG aiur/codegen_seeds{circuit=140 rows=407209}: aiur::trace_codegen::cuda: prepared generated CUDA trace circuit=140 rows=407209 width=25 seed_bytes=14255856 seed_spans=7
2026-09-16T22:35:26.843097Z DEBUG aiur::gpu_trace: CPU trace: circuit lacks generated CUDA coverage circuit=141 rows=243148
2026-09-16T22:35:26.853597Z DEBUG aiur::gpu_trace: CPU trace: circuit lacks generated CUDA coverage circuit=136 rows=18256
2026-09-16T22:35:26.865018Z DEBUG aiur::gpu_trace: CPU trace: circuit lacks generated CUDA coverage circuit=137 rows=247247
2026-09-16T22:35:26.873714Z DEBUG aiur::gpu_trace: CPU trace: circuit lacks generated CUDA coverage circuit=2 rows=164005
2026-09-16T22:35:26.880308Z DEBUG aiur::gpu_trace: CPU trace: circuit lacks generated CUDA coverage circuit=41 rows=483204
2026-09-16T22:35:26.889195Z DEBUG aiur::gpu_trace: CPU trace: circuit lacks generated CUDA coverage circuit=89 rows=91635
2026-09-16T22:35:26.893158Z DEBUG aiur::gpu_trace: CPU trace: circuit lacks generated CUDA coverage circuit=138 rows=718413
2026-09-16T22:35:26.905749Z DEBUG aiur::gpu_trace: CPU trace: circuit lacks generated CUDA coverage circuit=143 rows=188385
2026-09-16T22:35:26.914385Z DEBUG aiur::gpu_trace: CPU trace: circuit lacks generated CUDA coverage circuit=95 rows=21394
2026-09-16T22:35:26.924855Z DEBUG aiur::gpu_trace: CPU trace: circuit lacks generated CUDA coverage circuit=98 rows=187513
2026-09-16T22:35:26.948621Z DEBUG aiur::gpu_trace: CPU trace: circuit lacks generated CUDA coverage circuit=96 rows=63896
2026-09-16T22:35:26.961765Z DEBUG aiur::gpu_trace: CPU trace: circuit lacks generated CUDA coverage circuit=164 rows=704045
2026-09-16T22:35:27.005933Z DEBUG aiur::gpu_trace: CPU trace: circuit lacks generated CUDA coverage circuit=97 rows=185222
2026-09-16T22:35:27.023587Z DEBUG aiur::gpu_trace: CPU trace: circuit lacks generated CUDA coverage circuit=144 rows=188490
2026-09-16T22:35:27.032138Z DEBUG aiur::gpu_trace: CPU trace: circuit lacks generated CUDA coverage circuit=147 rows=222828
2026-09-16T22:35:27.049017Z DEBUG aiur::gpu_trace: CPU trace: circuit lacks generated CUDA coverage circuit=46 rows=125926
2026-09-16T22:35:27.053479Z DEBUG aiur::gpu_trace: CPU trace: circuit lacks generated CUDA coverage circuit=92 rows=74955
2026-09-16T22:35:27.053699Z DEBUG aiur::gpu_trace: CPU trace: circuit lacks generated CUDA coverage circuit=149 rows=187224
2026-09-16T22:35:27.055533Z DEBUG aiur::gpu_trace: CPU trace: circuit lacks generated CUDA coverage circuit=131 rows=333194
2026-09-16T22:35:27.057173Z DEBUG aiur::gpu_trace: CPU trace: circuit lacks generated CUDA coverage circuit=139 rows=226589
2026-09-16T22:35:27.106721Z DEBUG aiur::gpu_trace: CPU trace: circuit lacks generated CUDA coverage circuit=94 rows=18884
2026-09-16T22:35:27.108374Z DEBUG aiur::gpu_trace: CPU trace: circuit lacks generated CUDA coverage circuit=145 rows=251077
2026-09-16T22:35:27.118848Z DEBUG aiur::gpu_trace: CPU trace: circuit lacks generated CUDA coverage circuit=132 rows=956867
2026-09-16T22:35:27.119598Z DEBUG aiur::gpu_trace: CPU trace: circuit lacks generated CUDA coverage circuit=134 rows=209735
2026-09-16T22:35:27.128684Z DEBUG aiur::gpu_trace: CPU trace: circuit lacks generated CUDA coverage circuit=47 rows=215550
2026-09-16T22:35:27.151297Z DEBUG aiur::gpu_trace: CPU trace: circuit lacks generated CUDA coverage circuit=135 rows=3063
2026-09-16T22:35:27.155855Z DEBUG aiur::gpu_trace: CPU trace: circuit lacks generated CUDA coverage circuit=148 rows=202435
2026-09-16T22:35:27.156444Z DEBUG aiur::gpu_trace: CPU trace: circuit lacks generated CUDA coverage circuit=82 rows=98184
2026-09-16T22:35:27.159401Z DEBUG aiur::gpu_trace: CPU trace: circuit lacks generated CUDA coverage circuit=142 rows=291805
2026-09-16T22:35:27.160851Z DEBUG aiur::gpu_trace: CPU trace: circuit lacks generated CUDA coverage circuit=99 rows=371390
2026-09-16T22:35:27.167881Z DEBUG aiur::gpu_trace: CPU trace: circuit lacks generated CUDA coverage circuit=43 rows=54587
2026-09-16T22:35:27.203241Z DEBUG aiur::gpu_trace: CPU trace: circuit lacks generated CUDA coverage circuit=86 rows=9322
2026-09-16T22:35:27.207184Z DEBUG aiur::gpu_trace: CPU trace: circuit lacks generated CUDA coverage circuit=184 rows=146301
2026-09-16T22:35:27.208140Z DEBUG aiur::gpu_trace: CPU trace: circuit lacks generated CUDA coverage circuit=49 rows=91574
2026-09-16T22:35:27.224438Z DEBUG aiur::gpu_trace: CPU trace: circuit lacks generated CUDA coverage circuit=100 rows=367368
2026-09-16T22:35:27.242021Z DEBUG aiur::gpu_trace: CPU trace: circuit lacks generated CUDA coverage circuit=83 rows=26521
2026-09-16T22:35:27.253942Z DEBUG aiur::gpu_trace: CPU trace: circuit lacks generated CUDA coverage circuit=151 rows=782908
2026-09-16T22:35:27.328047Z DEBUG aiur::gpu_trace: CPU trace: circuit lacks generated CUDA coverage circuit=48 rows=16909
2026-09-16T22:35:29.178284Z DEBUG aiur::gpu_trace: CPU trace: circuit lacks generated CUDA coverage circuit=22 rows=40
2026-09-16T22:35:29.178756Z DEBUG aiur/codegen_memory_seeds{size=9 rows=132}: aiur::trace_codegen::cuda: prepared generated memory trace size=9 rows=132 seed_bytes=11616 seed_spans=1
2026-09-16T22:35:29.178799Z DEBUG aiur::gpu_trace: CPU trace: circuit lacks generated CUDA coverage circuit=117 rows=10717034
2026-09-16T22:35:29.178869Z DEBUG aiur::gpu_trace: CPU trace: circuit lacks generated CUDA coverage circuit=79 rows=2
2026-09-16T22:35:29.178930Z DEBUG aiur::gpu_trace: CPU trace: circuit lacks generated CUDA coverage circuit=90 rows=71405
2026-09-16T22:35:29.179871Z DEBUG aiur::gpu_trace: CPU trace: circuit lacks generated CUDA coverage circuit=176 rows=1
2026-09-16T22:35:29.225999Z DEBUG aiur/codegen_seeds{circuit=16 rows=1048576}: aiur::trace_codegen::cuda: prepared generated CUDA trace circuit=16 rows=1048576 width=533 seed_bytes=184549376 seed_spans=16
2026-09-16T22:35:30.008570Z DEBUG aiur::gpu_trace: CPU trace: circuit lacks generated CUDA coverage circuit=153 rows=987
2026-09-16T22:35:30.009222Z DEBUG aiur::gpu_trace: CPU trace: circuit lacks generated CUDA coverage circuit=26 rows=5
2026-09-16T22:35:30.009775Z DEBUG aiur::gpu_trace: CPU trace: circuit lacks generated CUDA coverage circuit=129 rows=305895
2026-09-16T22:35:30.009844Z DEBUG aiur::gpu_trace: CPU trace: circuit lacks generated CUDA coverage circuit=53 rows=13607
2026-09-16T22:35:30.010313Z DEBUG aiur::gpu_trace: CPU trace: circuit lacks generated CUDA coverage circuit=91 rows=4288836
2026-09-16T22:35:30.011651Z DEBUG aiur::gpu_trace: CPU trace: circuit lacks generated CUDA coverage circuit=50 rows=956
2026-09-16T22:35:30.073729Z DEBUG aiur/codegen_seeds{circuit=16 rows=1048576}: aiur::trace_codegen::cuda: prepared generated CUDA trace circuit=16 rows=1048576 width=533 seed_bytes=184549376 seed_spans=16
2026-09-16T22:35:32.799858Z DEBUG aiur::gpu_trace: CPU trace: circuit lacks generated CUDA coverage circuit=12 rows=16777216
2026-09-16T22:35:32.801681Z DEBUG aiur::gpu_trace: CPU trace: circuit lacks generated CUDA coverage circuit=34 rows=806750
2026-09-16T22:35:32.801802Z DEBUG aiur/codegen_memory_seeds{size=8 rows=166}: aiur::trace_codegen::cuda: prepared generated memory trace size=8 rows=166 seed_bytes=13280 seed_spans=1
2026-09-16T22:35:32.802200Z DEBUG aiur::gpu_trace: CPU trace: circuit lacks generated CUDA coverage circuit=60 rows=51
2026-09-16T22:35:32.802625Z DEBUG aiur::gpu_trace: CPU trace: circuit lacks generated CUDA coverage circuit=75 rows=5
2026-09-16T22:35:32.864652Z DEBUG aiur/codegen_seeds{circuit=16 rows=774008}: aiur::trace_codegen::cuda: prepared generated CUDA trace circuit=16 rows=774008 width=533 seed_bytes=136225408 seed_spans=12
[trace-shards] 10 shards, 1500000000 committed cells: record 22378934326 B in shared pool, host workspace 17347067431 B of 26088568116 B reserved per prover; regenerating round 2
[lanes] executor 0: claim 2 executed in 130.5s, record 22378934326 B (20.8 GiB) at +243s
2026-09-16T22:35:35.844390Z DEBUG aiur::gpu_trace: CPU trace: circuit lacks generated CUDA coverage circuit=27 rows=2112
2026-09-16T22:35:35.844463Z DEBUG aiur::gpu_trace: CPU trace: circuit lacks generated CUDA coverage circuit=52 rows=136816
2026-09-16T22:35:35.844599Z DEBUG aiur::gpu_trace: CPU trace: circuit lacks generated CUDA coverage circuit=110 rows=3009599
2026-09-16T22:35:35.844661Z DEBUG aiur::gpu_trace: CPU trace: circuit lacks generated CUDA coverage circuit=42 rows=5709906
2026-09-16T22:35:35.844985Z DEBUG aiur/codegen_seeds{circuit=56 rows=42}: aiur::trace_codegen::cuda: prepared generated CUDA trace circuit=56 rows=42 width=49 seed_bytes=3360 seed_spans=1
2026-09-16T22:35:35.845213Z DEBUG aiur::gpu_trace: CPU trace: circuit lacks generated CUDA coverage circuit=84 rows=42
2026-09-16T22:35:35.845369Z DEBUG aiur::gpu_trace: CPU trace: circuit lacks generated CUDA coverage circuit=112 rows=6880798
2026-09-16T22:35:35.846741Z DEBUG aiur::gpu_trace: CPU trace: circuit lacks generated CUDA coverage circuit=170 rows=10342533
2026-09-16T22:35:38.634847Z DEBUG aiur::gpu_trace: CPU trace: circuit lacks generated CUDA coverage circuit=3 rows=8
2026-09-16T22:35:38.634976Z DEBUG aiur/codegen_seeds{circuit=63 rows=27}: aiur::trace_codegen::cuda: prepared generated CUDA trace circuit=63 rows=27 width=68 seed_bytes=5616 seed_spans=1
2026-09-16T22:35:38.635448Z DEBUG aiur::gpu_trace: CPU trace: circuit lacks generated CUDA coverage circuit=107 rows=7702343
2026-09-16T22:35:38.635641Z DEBUG aiur::gpu_trace: CPU trace: circuit lacks generated CUDA coverage circuit=77 rows=3
2026-09-16T22:35:38.636315Z DEBUG aiur::gpu_trace: CPU trace: circuit lacks generated CUDA coverage circuit=87 rows=24
2026-09-16T22:35:38.636486Z DEBUG aiur::gpu_trace: CPU trace: circuit lacks generated CUDA coverage circuit=33 rows=6366783
2026-09-16T22:35:38.636577Z DEBUG aiur::gpu_trace: CPU trace: circuit lacks generated CUDA coverage circuit=62 rows=45
2026-09-16T22:35:38.637046Z DEBUG aiur::gpu_trace: CPU trace: circuit lacks generated CUDA coverage circuit=36 rows=5723878
2026-09-16T22:35:38.637200Z DEBUG aiur::gpu_trace: CPU trace: circuit lacks generated CUDA coverage circuit=121 rows=285799
2026-09-16T22:35:38.637770Z DEBUG aiur::gpu_trace: CPU trace: circuit lacks generated CUDA coverage circuit=101 rows=6149238
2026-09-16T22:35:38.722354Z DEBUG aiur/codegen_seeds{circuit=102 rows=2155801}: aiur::trace_codegen::cuda: prepared generated CUDA trace circuit=102 rows=2155801 width=43 seed_bytes=86232040 seed_spans=33
2026-09-16T22:35:43.131112Z DEBUG aiur::gpu_trace: CPU trace: circuit lacks generated CUDA coverage circuit=57 rows=42
2026-09-16T22:35:43.131112Z DEBUG aiur::gpu_trace: CPU trace: circuit lacks generated CUDA coverage circuit=69 rows=15
2026-09-16T22:35:43.131139Z DEBUG aiur::gpu_trace: CPU trace: circuit lacks generated CUDA coverage circuit=38 rows=3812578
2026-09-16T22:35:43.131673Z DEBUG aiur::gpu_trace: CPU trace: circuit lacks generated CUDA coverage circuit=21 rows=5
2026-09-16T22:35:43.131712Z DEBUG aiur::gpu_trace: CPU trace: circuit lacks generated CUDA coverage circuit=74 rows=775
2026-09-16T22:35:43.131841Z DEBUG aiur::gpu_trace: CPU trace: circuit lacks generated CUDA coverage circuit=119 rows=8276495
2026-09-16T22:35:43.131887Z DEBUG aiur::gpu_trace: CPU trace: circuit lacks generated CUDA coverage circuit=68 rows=16
2026-09-16T22:35:43.131964Z DEBUG aiur::gpu_trace: CPU trace: circuit lacks generated CUDA coverage circuit=64 rows=12
2026-09-16T22:35:43.131995Z DEBUG aiur::gpu_trace: CPU trace: circuit lacks generated CUDA coverage circuit=70 rows=16
2026-09-16T22:35:43.132003Z DEBUG aiur::gpu_trace: CPU trace: circuit lacks generated CUDA coverage circuit=13 rows=306826
2026-09-16T22:35:43.132046Z DEBUG aiur::gpu_trace: CPU trace: circuit lacks generated CUDA coverage circuit=116 rows=846200
2026-09-16T22:35:43.132394Z DEBUG aiur::gpu_trace: CPU trace: circuit lacks generated CUDA coverage circuit=71 rows=16
2026-09-16T22:35:43.132640Z DEBUG aiur::gpu_trace: CPU trace: circuit lacks generated CUDA coverage circuit=106 rows=7892517
2026-09-16T22:35:43.133079Z DEBUG aiur::gpu_trace: CPU trace: circuit lacks generated CUDA coverage circuit=111 rows=7179957
2026-09-16T22:35:43.133640Z DEBUG aiur::gpu_trace: CPU trace: circuit lacks generated CUDA coverage circuit=93 rows=13648
2026-09-16T22:35:43.133691Z DEBUG aiur/codegen_memory_seeds{size=2 rows=17}: aiur::trace_codegen::cuda: prepared generated memory trace size=2 rows=17 seed_bytes=544 seed_spans=1
2026-09-16T22:35:43.134398Z DEBUG aiur::gpu_trace: CPU trace: circuit lacks generated CUDA coverage circuit=177 rows=4936168
2026-09-16T22:35:43.232536Z DEBUG aiur/codegen_memory_seeds{size=3 rows=16777216}: aiur::trace_codegen::cuda: prepared generated memory trace size=3 rows=16777216 seed_bytes=671088640 seed_spans=256
2026-09-16T22:35:46.379212Z DEBUG aiur::gpu_trace: CPU trace: circuit lacks generated CUDA coverage circuit=12 rows=3707799
2026-09-16T22:35:46.379679Z DEBUG aiur::gpu_trace: CPU trace: circuit lacks generated CUDA coverage circuit=162 rows=1722394
2026-09-16T22:35:46.379743Z DEBUG aiur::gpu_trace: CPU trace: circuit lacks generated CUDA coverage circuit=109 rows=3450567
2026-09-16T22:35:46.379746Z DEBUG aiur::gpu_trace: CPU trace: circuit lacks generated CUDA coverage circuit=167 rows=1827728
2026-09-16T22:35:46.379843Z DEBUG aiur::gpu_trace: CPU trace: circuit lacks generated CUDA coverage circuit=37 rows=759836
2026-09-16T22:35:46.379991Z DEBUG aiur::gpu_trace: CPU trace: circuit lacks generated CUDA coverage circuit=5 rows=679
2026-09-16T22:35:46.380419Z DEBUG aiur::gpu_trace: CPU trace: circuit lacks generated CUDA coverage circuit=54 rows=2684902
2026-09-16T22:35:46.381712Z DEBUG aiur::gpu_trace: CPU trace: circuit lacks generated CUDA coverage circuit=61 rows=5486
2026-09-16T22:35:46.381763Z DEBUG aiur::gpu_trace: CPU trace: circuit lacks generated CUDA coverage circuit=183 rows=5848581
2026-09-16T22:35:46.381964Z DEBUG aiur::gpu_trace: CPU trace: circuit lacks generated CUDA coverage circuit=85 rows=478
2026-09-16T22:35:46.381965Z DEBUG aiur::gpu_trace: CPU trace: circuit lacks generated CUDA coverage circuit=118 rows=2674877
2026-09-16T22:35:46.382585Z DEBUG aiur::gpu_trace: CPU trace: circuit lacks generated CUDA coverage circuit=168 rows=1508723
2026-09-16T22:35:47.267108Z DEBUG aiur/codegen_memory_seeds{size=4 rows=7467782}: aiur::trace_codegen::cuda: prepared generated memory trace size=4 rows=7467782 seed_bytes=358453536 seed_spans=114
2026-09-16T22:35:47.267108Z DEBUG aiur/codegen_memory_seeds{size=3 rows=16777216}: aiur::trace_codegen::cuda: prepared generated memory trace size=3 rows=16777216 seed_bytes=671088640 seed_spans=256
2026-09-16T22:35:47.294115Z DEBUG aiur/codegen_seeds{circuit=15 rows=305220}: aiur::trace_codegen::cuda: prepared generated CUDA trace circuit=15 rows=305220 width=177 seed_bytes=124529760 seed_spans=8
2026-09-16T22:35:50.313054Z DEBUG aiur::gpu_trace: CPU trace: circuit lacks generated CUDA coverage circuit=179 rows=2249785
2026-09-16T22:35:50.313054Z DEBUG aiur::gpu_trace: CPU trace: circuit lacks generated CUDA coverage circuit=166 rows=1520898
2026-09-16T22:35:50.313054Z DEBUG aiur::gpu_trace: CPU trace: circuit lacks generated CUDA coverage circuit=20 rows=473770
2026-09-16T22:35:50.313590Z DEBUG aiur::gpu_trace: CPU trace: circuit lacks generated CUDA coverage circuit=44 rows=228794
2026-09-16T22:35:50.313750Z DEBUG aiur::gpu_trace: CPU trace: circuit lacks generated CUDA coverage circuit=24 rows=515620
2026-09-16T22:35:50.313763Z DEBUG aiur::gpu_trace: CPU trace: circuit lacks generated CUDA coverage circuit=128 rows=230572
2026-09-16T22:35:50.314147Z DEBUG aiur::gpu_trace: CPU trace: circuit lacks generated CUDA coverage circuit=156 rows=573574
2026-09-16T22:35:50.314353Z DEBUG aiur::gpu_trace: CPU trace: circuit lacks generated CUDA coverage circuit=115 rows=1314496
2026-09-16T22:35:50.315026Z DEBUG aiur::gpu_trace: CPU trace: circuit lacks generated CUDA coverage circuit=169 rows=1249211
2026-09-16T22:35:50.315028Z DEBUG aiur::gpu_trace: CPU trace: circuit lacks generated CUDA coverage circuit=120 rows=1657250
2026-09-16T22:35:50.315249Z DEBUG aiur::gpu_trace: CPU trace: circuit lacks generated CUDA coverage circuit=150 rows=1076571
2026-09-16T22:35:50.315338Z DEBUG aiur::gpu_trace: CPU trace: circuit lacks generated CUDA coverage circuit=88 rows=2066135
2026-09-16T22:35:50.315610Z DEBUG aiur::gpu_trace: CPU trace: circuit lacks generated CUDA coverage circuit=152 rows=558410
2026-09-16T22:35:50.315901Z DEBUG aiur::gpu_trace: CPU trace: circuit lacks generated CUDA coverage circuit=126 rows=279647
2026-09-16T22:35:50.316200Z DEBUG aiur::gpu_trace: CPU trace: circuit lacks generated CUDA coverage circuit=45 rows=1379852
2026-09-16T22:35:50.316220Z DEBUG aiur::gpu_trace: CPU trace: circuit lacks generated CUDA coverage circuit=178 rows=3069412
2026-09-16T22:35:50.316241Z DEBUG aiur::gpu_trace: CPU trace: circuit lacks generated CUDA coverage circuit=113 rows=1955430
2026-09-16T22:35:50.316417Z DEBUG aiur::gpu_trace: CPU trace: circuit lacks generated CUDA coverage circuit=122 rows=1060856
2026-09-16T22:35:50.334010Z DEBUG aiur::gpu_trace: CPU trace: circuit lacks generated CUDA coverage circuit=180 rows=2669537
2026-09-16T22:35:51.167034Z DEBUG aiur/codegen_memory_seeds{size=3 rows=11701409}: aiur::trace_codegen::cuda: prepared generated memory trace size=3 rows=11701409 seed_bytes=468056360 seed_spans=179
2026-09-16T22:35:51.167035Z DEBUG aiur/codegen_memory_seeds{size=18 rows=1631226}: aiur::trace_codegen::cuda: prepared generated memory trace size=18 rows=1631226 seed_bytes=260996160 seed_spans=25
2026-09-16T22:35:54.199541Z DEBUG aiur::gpu_trace: CPU trace: circuit lacks generated CUDA coverage circuit=0 rows=114125
2026-09-16T22:35:54.199561Z DEBUG aiur::gpu_trace: CPU trace: circuit lacks generated CUDA coverage circuit=1 rows=19037
2026-09-16T22:35:54.199585Z DEBUG aiur::gpu_trace: CPU trace: circuit lacks generated CUDA coverage circuit=154 rows=21826
2026-09-16T22:35:54.199585Z DEBUG aiur::gpu_trace: CPU trace: circuit lacks generated CUDA coverage circuit=157 rows=180752
2026-09-16T22:35:54.199587Z DEBUG aiur::gpu_trace: CPU trace: circuit lacks generated CUDA coverage circuit=159 rows=24094
2026-09-16T22:35:54.199590Z DEBUG aiur::gpu_trace: CPU trace: circuit lacks generated CUDA coverage circuit=51 rows=16537
2026-09-16T22:35:54.199588Z DEBUG aiur::gpu_trace: CPU trace: circuit lacks generated CUDA coverage circuit=4 rows=22108
2026-09-16T22:35:54.199589Z DEBUG aiur::gpu_trace: CPU trace: circuit lacks generated CUDA coverage circuit=2 rows=164005
2026-09-16T22:35:54.199589Z DEBUG aiur::gpu_trace: CPU trace: circuit lacks generated CUDA coverage circuit=76 rows=38610
2026-09-16T22:35:54.199589Z DEBUG aiur::gpu_trace: CPU trace: circuit lacks generated CUDA coverage circuit=127 rows=324508
2026-09-16T22:35:54.199590Z DEBUG aiur::gpu_trace: CPU trace: circuit lacks generated CUDA coverage circuit=18 rows=13256
2026-09-16T22:35:54.199587Z DEBUG aiur::gpu_trace: CPU trace: circuit lacks generated CUDA coverage circuit=155 rows=30887
2026-09-16T22:35:54.199595Z DEBUG aiur::gpu_trace: CPU trace: circuit lacks generated CUDA coverage circuit=25 rows=41274
2026-09-16T22:35:54.199596Z DEBUG aiur::gpu_trace: CPU trace: circuit lacks generated CUDA coverage circuit=89 rows=91635
2026-09-16T22:35:54.199586Z DEBUG aiur::gpu_trace: CPU trace: circuit lacks generated CUDA coverage circuit=158 rows=11082
2026-09-16T22:35:54.199600Z DEBUG aiur::gpu_trace: CPU trace: circuit lacks generated CUDA coverage circuit=82 rows=98184
2026-09-16T22:35:54.199837Z DEBUG aiur::gpu_trace: CPU trace: circuit lacks generated CUDA coverage circuit=181 rows=285687
2026-09-16T22:35:54.200019Z DEBUG aiur::gpu_trace: CPU trace: circuit lacks generated CUDA coverage circuit=9 rows=32455
2026-09-16T22:35:54.200041Z DEBUG aiur::gpu_trace: CPU trace: circuit lacks generated CUDA coverage circuit=103 rows=345717
2026-09-16T22:35:54.200159Z DEBUG aiur::gpu_trace: CPU trace: circuit lacks generated CUDA coverage circuit=58 rows=1862
2026-09-16T22:35:54.200164Z DEBUG aiur::gpu_trace: CPU trace: circuit lacks generated CUDA coverage circuit=19 rows=43062
2026-09-16T22:35:54.200179Z DEBUG aiur::gpu_trace: CPU trace: circuit lacks generated CUDA coverage circuit=114 rows=580548
2026-09-16T22:35:54.200226Z DEBUG aiur::gpu_trace: CPU trace: circuit lacks generated CUDA coverage circuit=55 rows=3987
2026-09-16T22:35:54.200350Z DEBUG aiur::gpu_trace: CPU trace: circuit lacks generated CUDA coverage circuit=23 rows=50260
2026-09-16T22:35:54.200378Z DEBUG aiur::gpu_trace: CPU trace: circuit lacks generated CUDA coverage circuit=65 rows=59383
2026-09-16T22:35:54.200413Z DEBUG aiur::gpu_trace: CPU trace: circuit lacks generated CUDA coverage circuit=14 rows=820034
2026-09-16T22:35:54.200505Z DEBUG aiur::gpu_trace: CPU trace: circuit lacks generated CUDA coverage circuit=17 rows=13259
2026-09-16T22:35:54.200524Z DEBUG aiur/codegen_memory_seeds{size=10 rows=928}: aiur::trace_codegen::cuda: prepared generated memory trace size=10 rows=928 seed_bytes=89088 seed_spans=1
2026-09-16T22:35:54.201275Z DEBUG aiur/codegen_memory_seeds{size=11 rows=304}: aiur::trace_codegen::cuda: prepared generated memory trace size=11 rows=304 seed_bytes=31616 seed_spans=1
2026-09-16T22:35:54.202124Z DEBUG aiur/codegen_memory_seeds{size=12 rows=13613}: aiur::trace_codegen::cuda: prepared generated memory trace size=12 rows=13613 seed_bytes=1524656 seed_spans=1
2026-09-16T22:35:54.204415Z DEBUG aiur/codegen_memory_seeds{size=5 rows=13111}: aiur::trace_codegen::cuda: prepared generated memory trace size=5 rows=13111 seed_bytes=734216 seed_spans=1
2026-09-16T22:35:54.205244Z DEBUG aiur::gpu_trace: CPU trace: circuit lacks generated CUDA coverage circuit=7 rows=44180
2026-09-16T22:35:54.205703Z DEBUG aiur::gpu_trace: CPU trace: circuit lacks generated CUDA coverage circuit=133 rows=193798
2026-09-16T22:35:54.208407Z DEBUG aiur::gpu_trace: CPU trace: circuit lacks generated CUDA coverage circuit=59 rows=84180
2026-09-16T22:35:54.211681Z DEBUG aiur::gpu_trace: CPU trace: circuit lacks generated CUDA coverage circuit=72 rows=14482
2026-09-16T22:35:54.214000Z DEBUG aiur::gpu_trace: CPU trace: circuit lacks generated CUDA coverage circuit=130 rows=182278
2026-09-16T22:35:54.216352Z DEBUG aiur::gpu_trace: CPU trace: circuit lacks generated CUDA coverage circuit=10 rows=29752
2026-09-16T22:35:54.217516Z DEBUG aiur::gpu_trace: CPU trace: circuit lacks generated CUDA coverage circuit=123 rows=147121
2026-09-16T22:35:54.220581Z DEBUG aiur/codegen_memory_seeds{size=6 rows=216495}: aiur::trace_codegen::cuda: prepared generated memory trace size=6 rows=216495 seed_bytes=13855680 seed_spans=4
2026-09-16T22:35:54.220651Z DEBUG aiur::gpu_trace: CPU trace: circuit lacks generated CUDA coverage circuit=136 rows=18256
2026-09-16T22:35:54.223852Z DEBUG aiur::gpu_trace: CPU trace: circuit lacks generated CUDA coverage circuit=73 rows=23494
2026-09-16T22:35:54.228745Z DEBUG aiur/codegen_seeds{circuit=6 rows=17291}: aiur::trace_codegen::cuda: prepared generated CUDA trace circuit=6 rows=17291 width=63 seed_bytes=3062304 seed_spans=4
2026-09-16T22:35:54.228781Z DEBUG aiur::gpu_trace: CPU trace: circuit lacks generated CUDA coverage circuit=138 rows=718413
2026-09-16T22:35:54.233348Z DEBUG aiur::gpu_trace: CPU trace: circuit lacks generated CUDA coverage circuit=137 rows=247247
2026-09-16T22:35:54.246843Z DEBUG aiur::gpu_trace: CPU trace: circuit lacks generated CUDA coverage circuit=78 rows=4827
2026-09-16T22:35:54.249930Z DEBUG aiur::gpu_trace: CPU trace: circuit lacks generated CUDA coverage circuit=8 rows=27552
2026-09-16T22:35:54.251573Z DEBUG aiur::gpu_trace: CPU trace: circuit lacks generated CUDA coverage circuit=66 rows=339
2026-09-16T22:35:54.252069Z DEBUG aiur::gpu_trace: CPU trace: circuit lacks generated CUDA coverage circuit=67 rows=2996
2026-09-16T22:35:54.256892Z DEBUG aiur::gpu_trace: CPU trace: circuit lacks generated CUDA coverage circuit=80 rows=36365
2026-09-16T22:35:54.261751Z DEBUG aiur::gpu_trace: CPU trace: circuit lacks generated CUDA coverage circuit=108 rows=981571
2026-09-16T22:35:54.264723Z DEBUG aiur::gpu_trace: CPU trace: circuit lacks generated CUDA coverage circuit=81 rows=75199
2026-09-16T22:35:54.265913Z DEBUG aiur::gpu_trace: CPU trace: circuit lacks generated CUDA coverage circuit=160 rows=26663
2026-09-16T22:35:54.272673Z DEBUG aiur::gpu_trace: CPU trace: circuit lacks generated CUDA coverage circuit=139 rows=226589
2026-09-16T22:35:54.277301Z DEBUG aiur::gpu_trace: CPU trace: circuit lacks generated CUDA coverage circuit=146 rows=69945
2026-09-16T22:35:54.277331Z DEBUG aiur::gpu_trace: CPU trace: circuit lacks generated CUDA coverage circuit=143 rows=188385
2026-09-16T22:35:54.279980Z DEBUG aiur::gpu_trace: CPU trace: circuit lacks generated CUDA coverage circuit=161 rows=141476
2026-09-16T22:35:54.282776Z DEBUG aiur::gpu_trace: CPU trace: circuit lacks generated CUDA coverage circuit=83 rows=26521
2026-09-16T22:35:54.283073Z DEBUG aiur::gpu_trace: CPU trace: circuit lacks generated CUDA coverage circuit=105 rows=359561
2026-09-16T22:35:54.289741Z DEBUG aiur/codegen_memory_seeds{size=32 rows=334859}: aiur::trace_codegen::cuda: prepared generated memory trace size=32 rows=334859 seed_bytes=91081648 seed_spans=6
2026-09-16T22:35:54.304221Z DEBUG aiur/codegen_memory_seeds{size=34 rows=70165}: aiur::trace_codegen::cuda: prepared generated memory trace size=34 rows=70165 seed_bytes=20207520 seed_spans=2
2026-09-16T22:35:54.304294Z DEBUG aiur/codegen_memory_seeds{size=36 rows=474}: aiur::trace_codegen::cuda: prepared generated memory trace size=36 rows=474 seed_bytes=144096 seed_spans=1
2026-09-16T22:35:54.304341Z DEBUG aiur/codegen_memory_seeds{size=47 rows=336}: aiur::trace_codegen::cuda: prepared generated memory trace size=47 rows=336 seed_bytes=131712 seed_spans=1
2026-09-16T22:35:54.312149Z DEBUG aiur::gpu_trace: CPU trace: circuit lacks generated CUDA coverage circuit=11 rows=105737
2026-09-16T22:35:54.314070Z DEBUG aiur::gpu_trace: CPU trace: circuit lacks generated CUDA coverage circuit=86 rows=9322
2026-09-16T22:35:54.327502Z DEBUG aiur::gpu_trace: CPU trace: circuit lacks generated CUDA coverage circuit=163 rows=136129
2026-09-16T22:35:54.330406Z DEBUG aiur/codegen_seeds{circuit=140 rows=407209}: aiur::trace_codegen::cuda: prepared generated CUDA trace circuit=140 rows=407209 width=25 seed_bytes=14255856 seed_spans=7
2026-09-16T22:35:54.330464Z DEBUG aiur::gpu_trace: CPU trace: circuit lacks generated CUDA coverage circuit=141 rows=243148
2026-09-16T22:35:54.338790Z DEBUG aiur::gpu_trace: CPU trace: circuit lacks generated CUDA coverage circuit=182 rows=322703
2026-09-16T22:35:54.353076Z DEBUG aiur::gpu_trace: CPU trace: circuit lacks generated CUDA coverage circuit=125 rows=362935
2026-09-16T22:35:54.363417Z DEBUG aiur::gpu_trace: CPU trace: circuit lacks generated CUDA coverage circuit=104 rows=166358
2026-09-16T22:35:54.366637Z DEBUG aiur::gpu_trace: CPU trace: circuit lacks generated CUDA coverage circuit=131 rows=333194
2026-09-16T22:35:54.376113Z DEBUG aiur::gpu_trace: CPU trace: circuit lacks generated CUDA coverage circuit=95 rows=21394
2026-09-16T22:35:54.378918Z DEBUG aiur::gpu_trace: CPU trace: circuit lacks generated CUDA coverage circuit=144 rows=188490
2026-09-16T22:35:54.379270Z DEBUG aiur::gpu_trace: CPU trace: circuit lacks generated CUDA coverage circuit=147 rows=222828
2026-09-16T22:35:54.382410Z DEBUG aiur::gpu_trace: CPU trace: circuit lacks generated CUDA coverage circuit=92 rows=74955
2026-09-16T22:35:54.391826Z DEBUG aiur::gpu_trace: CPU trace: circuit lacks generated CUDA coverage circuit=142 rows=291805
2026-09-16T22:35:54.410804Z DEBUG aiur::gpu_trace: CPU trace: circuit lacks generated CUDA coverage circuit=96 rows=63896
2026-09-16T22:35:54.439381Z DEBUG aiur::gpu_trace: CPU trace: circuit lacks generated CUDA coverage circuit=94 rows=18884
2026-09-16T22:35:54.453780Z DEBUG aiur::gpu_trace: CPU trace: circuit lacks generated CUDA coverage circuit=164 rows=704045
2026-09-16T22:35:54.464237Z DEBUG aiur::gpu_trace: CPU trace: circuit lacks generated CUDA coverage circuit=149 rows=187224
2026-09-16T22:35:54.467030Z DEBUG aiur::gpu_trace: CPU trace: circuit lacks generated CUDA coverage circuit=97 rows=185222
2026-09-16T22:35:54.470572Z DEBUG aiur::gpu_trace: CPU trace: circuit lacks generated CUDA coverage circuit=184 rows=146301
2026-09-16T22:35:54.513007Z DEBUG aiur::gpu_trace: CPU trace: circuit lacks generated CUDA coverage circuit=145 rows=251077
2026-09-16T22:35:54.563907Z DEBUG aiur::gpu_trace: CPU trace: circuit lacks generated CUDA coverage circuit=134 rows=209735
2026-09-16T22:35:54.570211Z DEBUG aiur::gpu_trace: CPU trace: circuit lacks generated CUDA coverage circuit=148 rows=202435
2026-09-16T22:35:54.570291Z DEBUG aiur/codegen_seeds{circuit=124 rows=40552}: aiur::trace_codegen::cuda: prepared generated CUDA trace circuit=124 rows=40552 width=98 seed_bytes=9262464 seed_spans=2
2026-09-16T22:35:54.619146Z DEBUG aiur::gpu_trace: CPU trace: circuit lacks generated CUDA coverage circuit=39 rows=189266
2026-09-16T22:35:54.633617Z DEBUG aiur::gpu_trace: CPU trace: circuit lacks generated CUDA coverage circuit=132 rows=956867
2026-09-16T22:35:54.634782Z DEBUG aiur::gpu_trace: CPU trace: circuit lacks generated CUDA coverage circuit=135 rows=3063
2026-09-16T22:35:54.639023Z DEBUG aiur::gpu_trace: CPU trace: circuit lacks generated CUDA coverage circuit=98 rows=187513
2026-09-16T22:35:54.642622Z DEBUG aiur::gpu_trace: CPU trace: circuit lacks generated CUDA coverage circuit=151 rows=782908
2026-09-16T22:35:54.645919Z DEBUG aiur::gpu_trace: CPU trace: circuit lacks generated CUDA coverage circuit=46 rows=125926
2026-09-16T22:35:54.677818Z DEBUG aiur::gpu_trace: CPU trace: circuit lacks generated CUDA coverage circuit=47 rows=215550
2026-09-16T22:35:54.693276Z DEBUG aiur::gpu_trace: CPU trace: circuit lacks generated CUDA coverage circuit=31 rows=3207
2026-09-16T22:35:54.694941Z DEBUG aiur::gpu_trace: CPU trace: circuit lacks generated CUDA coverage circuit=40 rows=113054
2026-09-16T22:35:54.699270Z DEBUG aiur::gpu_trace: CPU trace: circuit lacks generated CUDA coverage circuit=32 rows=171950
2026-09-16T22:35:54.706613Z DEBUG aiur::gpu_trace: CPU trace: circuit lacks generated CUDA coverage circuit=41 rows=483204
2026-09-16T22:35:54.719040Z DEBUG aiur::gpu_trace: CPU trace: circuit lacks generated CUDA coverage circuit=49 rows=91574
2026-09-16T22:35:54.723864Z DEBUG aiur::gpu_trace: CPU trace: circuit lacks generated CUDA coverage circuit=28 rows=2524
2026-09-16T22:35:54.727814Z DEBUG aiur::gpu_trace: CPU trace: circuit lacks generated CUDA coverage circuit=30 rows=12783
2026-09-16T22:35:54.730233Z DEBUG aiur::gpu_trace: CPU trace: circuit lacks generated CUDA coverage circuit=48 rows=16909
2026-09-16T22:35:54.738437Z DEBUG aiur::gpu_trace: CPU trace: circuit lacks generated CUDA coverage circuit=100 rows=367368
2026-09-16T22:35:54.739613Z DEBUG aiur::gpu_trace: CPU trace: circuit lacks generated CUDA coverage circuit=99 rows=371390
2026-09-16T22:35:54.787376Z DEBUG aiur::gpu_trace: CPU trace: circuit lacks generated CUDA coverage circuit=35 rows=49000
2026-09-16T22:35:54.806181Z DEBUG aiur::gpu_trace: CPU trace: circuit lacks generated CUDA coverage circuit=43 rows=54587
[trace-shards] 9 shards, 1500000000 committed cells: record 16263532668 B in shared pool, host workspace 16607614388 B of 26088568116 B reserved per prover; regenerating round 2
[lanes] executor 1: join 2 executed in 41.0s, record 16263532668 B (15.1 GiB) at +267s
[lanes] worker 0: claim 3 proven at +270s (1 left)
[lanes] worker 0: claim 2 proving started at +270s
2026-09-16T22:36:00.611480Z DEBUG aiur::gpu_trace: CPU trace: circuit lacks generated CUDA coverage circuit=90 rows=88211
2026-09-16T22:36:00.611752Z DEBUG aiur/codegen_memory_seeds{size=2 rows=22}: aiur::trace_codegen::cuda: prepared generated memory trace size=2 rows=22 seed_bytes=704 seed_spans=1
2026-09-16T22:36:00.612344Z DEBUG aiur::gpu_trace: CPU trace: circuit lacks generated CUDA coverage circuit=117 rows=15066656
2026-09-16T22:36:00.612399Z DEBUG aiur/codegen_seeds{circuit=56 rows=99}: aiur::trace_codegen::cuda: prepared generated CUDA trace circuit=56 rows=99 width=49 seed_bytes=7920 seed_spans=1
2026-09-16T22:36:00.612427Z DEBUG aiur::gpu_trace: CPU trace: circuit lacks generated CUDA coverage circuit=79 rows=2
2026-09-16T22:36:00.613114Z DEBUG aiur::gpu_trace: CPU trace: circuit lacks generated CUDA coverage circuit=176 rows=1
2026-09-16T22:36:00.666004Z DEBUG aiur/codegen_seeds{circuit=16 rows=1048576}: aiur::trace_codegen::cuda: prepared generated CUDA trace circuit=16 rows=1048576 width=533 seed_bytes=184549376 seed_spans=16
2026-09-16T22:36:01.620540Z DEBUG aiur::gpu_trace: CPU trace: circuit lacks generated CUDA coverage circuit=3 rows=9
2026-09-16T22:36:01.620570Z DEBUG aiur::gpu_trace: CPU trace: circuit lacks generated CUDA coverage circuit=153 rows=1191
2026-09-16T22:36:01.620772Z DEBUG aiur/codegen_seeds{circuit=63 rows=106}: aiur::trace_codegen::cuda: prepared generated CUDA trace circuit=63 rows=106 width=68 seed_bytes=22048 seed_spans=1
2026-09-16T22:36:01.621892Z DEBUG aiur::gpu_trace: CPU trace: circuit lacks generated CUDA coverage circuit=91 rows=4931554
2026-09-16T22:36:01.622328Z DEBUG aiur::gpu_trace: CPU trace: circuit lacks generated CUDA coverage circuit=22 rows=29
2026-09-16T22:36:01.623093Z DEBUG aiur::gpu_trace: CPU trace: circuit lacks generated CUDA coverage circuit=156 rows=375191
2026-09-16T22:36:01.623143Z DEBUG aiur::gpu_trace: CPU trace: circuit lacks generated CUDA coverage circuit=58 rows=2177
2026-09-16T22:36:01.671962Z DEBUG aiur/codegen_seeds{circuit=16 rows=1048576}: aiur::trace_codegen::cuda: prepared generated CUDA trace circuit=16 rows=1048576 width=533 seed_bytes=184549376 seed_spans=16
2026-09-16T22:36:02.516302Z DEBUG aiur::gpu_trace: CPU trace: circuit lacks generated CUDA coverage circuit=12 rows=16777216
2026-09-16T22:36:02.516854Z DEBUG aiur::gpu_trace: CPU trace: circuit lacks generated CUDA coverage circuit=26 rows=6
2026-09-16T22:36:02.517501Z DEBUG aiur::gpu_trace: CPU trace: circuit lacks generated CUDA coverage circuit=60 rows=65
2026-09-16T22:36:02.517978Z DEBUG aiur::gpu_trace: CPU trace: circuit lacks generated CUDA coverage circuit=34 rows=907035
2026-09-16T22:36:02.519027Z DEBUG aiur::gpu_trace: CPU trace: circuit lacks generated CUDA coverage circuit=84 rows=5
2026-09-16T22:36:02.567181Z DEBUG aiur/codegen_seeds{circuit=16 rows=1048576}: aiur::trace_codegen::cuda: prepared generated CUDA trace circuit=16 rows=1048576 width=533 seed_bytes=184549376 seed_spans=16
2026-09-16T22:36:03.690793Z DEBUG aiur::gpu_trace: CPU trace: circuit lacks generated CUDA coverage circuit=38 rows=4479712
2026-09-16T22:36:03.690791Z DEBUG aiur::gpu_trace: CPU trace: circuit lacks generated CUDA coverage circuit=57 rows=98
2026-09-16T22:36:03.691684Z DEBUG aiur::gpu_trace: CPU trace: circuit lacks generated CUDA coverage circuit=64 rows=38
2026-09-16T22:36:03.691767Z DEBUG aiur::gpu_trace: CPU trace: circuit lacks generated CUDA coverage circuit=68 rows=16
2026-09-16T22:36:03.692503Z DEBUG aiur::gpu_trace: CPU trace: circuit lacks generated CUDA coverage circuit=42 rows=6583335
2026-09-16T22:36:03.692977Z DEBUG aiur/codegen_memory_seeds{size=11 rows=219}: aiur::trace_codegen::cuda: prepared generated memory trace size=11 rows=219 seed_bytes=22776 seed_spans=1
2026-09-16T22:36:03.692986Z DEBUG aiur::gpu_trace: CPU trace: circuit lacks generated CUDA coverage circuit=89 rows=127640
2026-09-16T22:36:03.693543Z DEBUG aiur::gpu_trace: CPU trace: circuit lacks generated CUDA coverage circuit=119 rows=11635949
2026-09-16T22:36:04.740236Z DEBUG aiur::gpu_trace: CPU trace: circuit lacks generated CUDA coverage circuit=77 rows=2
2026-09-16T22:36:04.740685Z DEBUG aiur::gpu_trace: CPU trace: circuit lacks generated CUDA coverage circuit=69 rows=15
2026-09-16T22:36:04.740841Z DEBUG aiur::gpu_trace: CPU trace: circuit lacks generated CUDA coverage circuit=112 rows=6260162
2026-09-16T22:36:04.741232Z DEBUG aiur::gpu_trace: CPU trace: circuit lacks generated CUDA coverage circuit=70 rows=16
2026-09-16T22:36:04.741500Z DEBUG aiur::gpu_trace: CPU trace: circuit lacks generated CUDA coverage circuit=71 rows=16
2026-09-16T22:36:04.741607Z DEBUG aiur::gpu_trace: CPU trace: circuit lacks generated CUDA coverage circuit=97 rows=232051
2026-09-16T22:36:04.741917Z DEBUG aiur::gpu_trace: CPU trace: circuit lacks generated CUDA coverage circuit=36 rows=6598250
2026-09-16T22:36:04.741941Z DEBUG aiur::gpu_trace: CPU trace: circuit lacks generated CUDA coverage circuit=152 rows=650998
2026-09-16T22:36:04.742239Z DEBUG aiur::gpu_trace: CPU trace: circuit lacks generated CUDA coverage circuit=75 rows=4
2026-09-16T22:36:04.742307Z DEBUG aiur::gpu_trace: CPU trace: circuit lacks generated CUDA coverage circuit=170 rows=11286266
2026-09-16T22:36:04.742723Z DEBUG aiur::gpu_trace: CPU trace: circuit lacks generated CUDA coverage circuit=107 rows=7689358
2026-09-16T22:36:04.742902Z DEBUG aiur/codegen_memory_seeds{size=9 rows=149}: aiur::trace_codegen::cuda: prepared generated memory trace size=9 rows=149 seed_bytes=13112 seed_spans=1
2026-09-16T22:36:06.361433Z DEBUG aiur::gpu_trace: CPU trace: circuit lacks generated CUDA coverage circuit=12 rows=6325048
2026-09-16T22:36:06.362461Z DEBUG aiur/codegen_memory_seeds{size=8 rows=151}: aiur::trace_codegen::cuda: prepared generated memory trace size=8 rows=151 seed_bytes=12080 seed_spans=1
2026-09-16T22:36:06.362627Z DEBUG aiur::gpu_trace: CPU trace: circuit lacks generated CUDA coverage circuit=40 rows=120138
2026-09-16T22:36:06.364286Z DEBUG aiur::gpu_trace: CPU trace: circuit lacks generated CUDA coverage circuit=162 rows=2106830
2026-09-16T22:36:06.365299Z DEBUG aiur::gpu_trace: CPU trace: circuit lacks generated CUDA coverage circuit=101 rows=6980607
2026-09-16T22:36:06.415389Z DEBUG aiur/codegen_memory_seeds{size=4 rows=8832657}: aiur::trace_codegen::cuda: prepared generated memory trace size=4 rows=8832657 seed_bytes=423967536 seed_spans=135
2026-09-16T22:36:06.415400Z DEBUG aiur/codegen_memory_seeds{size=3 rows=16777216}: aiur::trace_codegen::cuda: prepared generated memory trace size=3 rows=16777216 seed_bytes=671088640 seed_spans=256
2026-09-16T22:36:06.429439Z DEBUG aiur/codegen_seeds{circuit=102 rows=1879966}: aiur::trace_codegen::cuda: prepared generated CUDA trace circuit=102 rows=1879966 width=43 seed_bytes=75198640 seed_spans=29
2026-09-16T22:36:07.832443Z DEBUG aiur::gpu_trace: CPU trace: circuit lacks generated CUDA coverage circuit=85 rows=585
2026-09-16T22:36:07.833238Z DEBUG aiur::gpu_trace: CPU trace: circuit lacks generated CUDA coverage circuit=13 rows=339773
2026-09-16T22:36:07.834132Z DEBUG aiur::gpu_trace: CPU trace: circuit lacks generated CUDA coverage circuit=111 rows=6505080
2026-09-16T22:36:07.834223Z DEBUG aiur::gpu_trace: CPU trace: circuit lacks generated CUDA coverage circuit=33 rows=7366504
2026-09-16T22:36:07.834464Z DEBUG aiur::gpu_trace: CPU trace: circuit lacks generated CUDA coverage circuit=183 rows=7486634
2026-09-16T22:36:07.834485Z DEBUG aiur::gpu_trace: CPU trace: circuit lacks generated CUDA coverage circuit=118 rows=3703715
2026-09-16T22:36:07.834498Z DEBUG aiur::gpu_trace: CPU trace: circuit lacks generated CUDA coverage circuit=61 rows=6422
2026-09-16T22:36:07.834869Z DEBUG aiur::gpu_trace: CPU trace: circuit lacks generated CUDA coverage circuit=106 rows=7882444
2026-09-16T22:36:07.835164Z DEBUG aiur::gpu_trace: CPU trace: circuit lacks generated CUDA coverage circuit=62 rows=184
2026-09-16T22:36:07.835647Z DEBUG aiur::gpu_trace: CPU trace: circuit lacks generated CUDA coverage circuit=177 rows=6798544
2026-09-16T22:36:07.937042Z DEBUG aiur/codegen_memory_seeds{size=3 rows=16777216}: aiur::trace_codegen::cuda: prepared generated memory trace size=3 rows=16777216 seed_bytes=671088640 seed_spans=256
2026-09-16T22:36:09.221002Z DEBUG aiur::gpu_trace: CPU trace: circuit lacks generated CUDA coverage circuit=54 rows=3652594
2026-09-16T22:36:09.221043Z DEBUG aiur::gpu_trace: CPU trace: circuit lacks generated CUDA coverage circuit=67 rows=3047
2026-09-16T22:36:09.221040Z DEBUG aiur::gpu_trace: CPU trace: circuit lacks generated CUDA coverage circuit=108 rows=905603
2026-09-16T22:36:09.221498Z DEBUG aiur::gpu_trace: CPU trace: circuit lacks generated CUDA coverage circuit=83 rows=28481
2026-09-16T22:36:09.221900Z DEBUG aiur::gpu_trace: CPU trace: circuit lacks generated CUDA coverage circuit=120 rows=2586271
2026-09-16T22:36:09.222226Z DEBUG aiur::gpu_trace: CPU trace: circuit lacks generated CUDA coverage circuit=167 rows=1992255
2026-09-16T22:36:09.223442Z DEBUG aiur::gpu_trace: CPU trace: circuit lacks generated CUDA coverage circuit=20 rows=528891
2026-09-16T22:36:09.223547Z DEBUG aiur::gpu_trace: CPU trace: circuit lacks generated CUDA coverage circuit=109 rows=3151977
2026-09-16T22:36:09.224370Z DEBUG aiur::gpu_trace: CPU trace: circuit lacks generated CUDA coverage circuit=24 rows=560736
2026-09-16T22:36:09.224415Z DEBUG aiur::gpu_trace: CPU trace: circuit lacks generated CUDA coverage circuit=110 rows=2638124
2026-09-16T22:36:09.224481Z DEBUG aiur::gpu_trace: CPU trace: circuit lacks generated CUDA coverage circuit=168 rows=1611823
2026-09-16T22:36:09.839074Z DEBUG aiur/codegen_memory_seeds{size=3 rows=16777216}: aiur::trace_codegen::cuda: prepared generated memory trace size=3 rows=16777216 seed_bytes=671088640 seed_spans=256
2026-09-16T22:36:09.840947Z DEBUG aiur/codegen_seeds{circuit=16 rows=79824}: aiur::trace_codegen::cuda: prepared generated CUDA trace circuit=16 rows=79824 width=533 seed_bytes=14049024 seed_spans=2
2026-09-16T22:36:09.862732Z DEBUG aiur/codegen_seeds{circuit=15 rows=345283}: aiur::trace_codegen::cuda: prepared generated CUDA trace circuit=15 rows=345283 width=177 seed_bytes=140875464 seed_spans=9
2026-09-16T22:36:10.613855Z DEBUG aiur::gpu_trace: CPU trace: circuit lacks generated CUDA coverage circuit=166 rows=1683279
2026-09-16T22:36:10.613855Z DEBUG aiur::gpu_trace: CPU trace: circuit lacks generated CUDA coverage circuit=19 rows=53132
2026-09-16T22:36:10.613855Z DEBUG aiur::gpu_trace: CPU trace: circuit lacks generated CUDA coverage circuit=179 rows=3061159
2026-09-16T22:36:10.614228Z DEBUG aiur::gpu_trace: CPU trace: circuit lacks generated CUDA coverage circuit=115 rows=1509591
2026-09-16T22:36:10.614497Z DEBUG aiur::gpu_trace: CPU trace: circuit lacks generated CUDA coverage circuit=105 rows=479743
2026-09-16T22:36:10.614525Z DEBUG aiur::gpu_trace: CPU trace: circuit lacks generated CUDA coverage circuit=147 rows=285969
2026-09-16T22:36:10.614918Z DEBUG aiur::gpu_trace: CPU trace: circuit lacks generated CUDA coverage circuit=125 rows=538318
2026-09-16T22:36:10.615125Z DEBUG aiur::gpu_trace: CPU trace: circuit lacks generated CUDA coverage circuit=151 rows=909410
2026-09-16T22:36:10.615238Z DEBUG aiur::gpu_trace: CPU trace: circuit lacks generated CUDA coverage circuit=122 rows=1676534
2026-09-16T22:36:10.615302Z DEBUG aiur::gpu_trace: CPU trace: circuit lacks generated CUDA coverage circuit=150 rows=1255693
2026-09-16T22:36:10.615406Z DEBUG aiur::gpu_trace: CPU trace: circuit lacks generated CUDA coverage circuit=113 rows=1850721
2026-09-16T22:36:10.615605Z DEBUG aiur::gpu_trace: CPU trace: circuit lacks generated CUDA coverage circuit=37 rows=858034
2026-09-16T22:36:10.615667Z DEBUG aiur::gpu_trace: CPU trace: circuit lacks generated CUDA coverage circuit=169 rows=1404773
2026-09-16T22:36:10.615800Z DEBUG aiur::gpu_trace: CPU trace: circuit lacks generated CUDA coverage circuit=126 rows=437729
2026-09-16T22:36:10.616284Z DEBUG aiur::gpu_trace: CPU trace: circuit lacks generated CUDA coverage circuit=44 rows=249606
2026-09-16T22:36:10.616305Z DEBUG aiur::gpu_trace: CPU trace: circuit lacks generated CUDA coverage circuit=132 rows=1364805
2026-09-16T22:36:10.616600Z DEBUG aiur/codegen_memory_seeds{size=36 rows=413}: aiur::trace_codegen::cuda: prepared generated memory trace size=36 rows=413 seed_bytes=125552 seed_spans=1
2026-09-16T22:36:10.616677Z DEBUG aiur::gpu_trace: CPU trace: circuit lacks generated CUDA coverage circuit=184 rows=158891
2026-09-16T22:36:10.616749Z DEBUG aiur::gpu_trace: CPU trace: circuit lacks generated CUDA coverage circuit=45 rows=1579511
2026-09-16T22:36:10.616784Z DEBUG aiur::gpu_trace: CPU trace: circuit lacks generated CUDA coverage circuit=178 rows=4158809
2026-09-16T22:36:10.617338Z DEBUG aiur::gpu_trace: CPU trace: circuit lacks generated CUDA coverage circuit=88 rows=3001118
2026-09-16T22:36:10.619208Z DEBUG aiur::gpu_trace: CPU trace: circuit lacks generated CUDA coverage circuit=180 rows=3602210
2026-09-16T22:36:10.628878Z DEBUG aiur::gpu_trace: CPU trace: circuit lacks generated CUDA coverage circuit=134 rows=295238
2026-09-16T22:36:10.636139Z DEBUG aiur::gpu_trace: CPU trace: circuit lacks generated CUDA coverage circuit=137 rows=304108
2026-09-16T22:36:10.638688Z DEBUG aiur::gpu_trace: CPU trace: circuit lacks generated CUDA coverage circuit=116 rows=961712
2026-09-16T22:36:10.641715Z DEBUG aiur::gpu_trace: CPU trace: circuit lacks generated CUDA coverage circuit=135 rows=4327
2026-09-16T22:36:10.644294Z DEBUG aiur::gpu_trace: CPU trace: circuit lacks generated CUDA coverage circuit=138 rows=844040
2026-09-16T22:36:10.653687Z DEBUG aiur/codegen_memory_seeds{size=3 rows=1722088}: aiur::trace_codegen::cuda: prepared generated memory trace size=3 rows=1722088 seed_bytes=68883520 seed_spans=27
2026-09-16T22:36:11.710548Z DEBUG aiur/codegen_memory_seeds{size=18 rows=1808226}: aiur::trace_codegen::cuda: prepared generated memory trace size=18 rows=1808226 seed_bytes=289316160 seed_spans=28
2026-09-16T22:36:11.718953Z DEBUG aiur/codegen_seeds{circuit=140 rows=540493}: aiur::trace_codegen::cuda: prepared generated CUDA trace circuit=140 rows=540493 width=25 seed_bytes=19479240 seed_spans=10
2026-09-16T22:36:12.106855Z DEBUG aiur::gpu_trace: CPU trace: circuit lacks generated CUDA coverage circuit=114 rows=597833
2026-09-16T22:36:12.106868Z DEBUG aiur::gpu_trace: CPU trace: circuit lacks generated CUDA coverage circuit=82 rows=122500
2026-09-16T22:36:12.106870Z DEBUG aiur::gpu_trace: CPU trace: circuit lacks generated CUDA coverage circuit=8 rows=26243
2026-09-16T22:36:12.106869Z DEBUG aiur::gpu_trace: CPU trace: circuit lacks generated CUDA coverage circuit=7 rows=37830
2026-09-16T22:36:12.106875Z DEBUG aiur::gpu_trace: CPU trace: circuit lacks generated CUDA coverage circuit=0 rows=162420
2026-09-16T22:36:12.106880Z DEBUG aiur::gpu_trace: CPU trace: circuit lacks generated CUDA coverage circuit=66 rows=629
2026-09-16T22:36:12.106870Z DEBUG aiur::gpu_trace: CPU trace: circuit lacks generated CUDA coverage circuit=9 rows=33736
2026-09-16T22:36:12.106871Z DEBUG aiur::gpu_trace: CPU trace: circuit lacks generated CUDA coverage circuit=18 rows=14298
2026-09-16T22:36:12.106873Z DEBUG aiur::gpu_trace: CPU trace: circuit lacks generated CUDA coverage circuit=25 rows=44061
2026-09-16T22:36:12.106875Z DEBUG aiur::gpu_trace: CPU trace: circuit lacks generated CUDA coverage circuit=51 rows=17021
2026-09-16T22:36:12.106884Z DEBUG aiur::gpu_trace: CPU trace: circuit lacks generated CUDA coverage circuit=4 rows=18957
2026-09-16T22:36:12.106873Z DEBUG aiur::gpu_trace: CPU trace: circuit lacks generated CUDA coverage circuit=127 rows=434509
2026-09-16T22:36:12.106871Z DEBUG aiur::gpu_trace: CPU trace: circuit lacks generated CUDA coverage circuit=76 rows=47808
2026-09-16T22:36:12.107005Z DEBUG aiur::gpu_trace: CPU trace: circuit lacks generated CUDA coverage circuit=95 rows=30509
2026-09-16T22:36:12.107028Z DEBUG aiur::gpu_trace: CPU trace: circuit lacks generated CUDA coverage circuit=103 rows=327531
2026-09-16T22:36:12.107431Z DEBUG aiur::gpu_trace: CPU trace: circuit lacks generated CUDA coverage circuit=121 rows=460545
2026-09-16T22:36:12.107441Z DEBUG aiur::gpu_trace: CPU trace: circuit lacks generated CUDA coverage circuit=14 rows=793076
2026-09-16T22:36:12.107438Z DEBUG aiur::gpu_trace: CPU trace: circuit lacks generated CUDA coverage circuit=141 rows=302459
2026-09-16T22:36:12.107573Z DEBUG aiur::gpu_trace: CPU trace: circuit lacks generated CUDA coverage circuit=17 rows=14235
2026-09-16T22:36:12.107604Z DEBUG aiur::gpu_trace: CPU trace: circuit lacks generated CUDA coverage circuit=154 rows=28644
2026-09-16T22:36:12.107628Z DEBUG aiur::gpu_trace: CPU trace: circuit lacks generated CUDA coverage circuit=39 rows=191507
2026-09-16T22:36:12.107718Z DEBUG aiur::gpu_trace: CPU trace: circuit lacks generated CUDA coverage circuit=92 rows=101041
2026-09-16T22:36:12.107730Z DEBUG aiur::gpu_trace: CPU trace: circuit lacks generated CUDA coverage circuit=46 rows=180256
2026-09-16T22:36:12.107798Z DEBUG aiur::gpu_trace: CPU trace: circuit lacks generated CUDA coverage circuit=72 rows=11125
2026-09-16T22:36:12.107810Z DEBUG aiur::gpu_trace: CPU trace: circuit lacks generated CUDA coverage circuit=65 rows=91747
2026-09-16T22:36:12.107898Z DEBUG aiur::gpu_trace: CPU trace: circuit lacks generated CUDA coverage circuit=93 rows=19709
2026-09-16T22:36:12.107902Z DEBUG aiur::gpu_trace: CPU trace: circuit lacks generated CUDA coverage circuit=98 rows=233884
2026-09-16T22:36:12.108013Z DEBUG aiur::gpu_trace: CPU trace: circuit lacks generated CUDA coverage circuit=47 rows=235340
2026-09-16T22:36:12.108017Z DEBUG aiur::gpu_trace: CPU trace: circuit lacks generated CUDA coverage circuit=5 rows=270
2026-09-16T22:36:12.108098Z DEBUG aiur::gpu_trace: CPU trace: circuit lacks generated CUDA coverage circuit=104 rows=211082
2026-09-16T22:36:12.108200Z DEBUG aiur::gpu_trace: CPU trace: circuit lacks generated CUDA coverage circuit=23 rows=54100
2026-09-16T22:36:12.108828Z DEBUG aiur::gpu_trace: CPU trace: circuit lacks generated CUDA coverage circuit=59 rows=99846
2026-09-16T22:36:12.111165Z DEBUG aiur::gpu_trace: CPU trace: circuit lacks generated CUDA coverage circuit=41 rows=492517
2026-09-16T22:36:12.122220Z DEBUG aiur::gpu_trace: CPU trace: circuit lacks generated CUDA coverage circuit=73 rows=24412
2026-09-16T22:36:12.128476Z DEBUG aiur::gpu_trace: CPU trace: circuit lacks generated CUDA coverage circuit=155 rows=34309
2026-09-16T22:36:12.128924Z DEBUG aiur::gpu_trace: CPU trace: circuit lacks generated CUDA coverage circuit=94 rows=20688
2026-09-16T22:36:12.135020Z DEBUG aiur/codegen_seeds{circuit=6 rows=17820}: aiur::trace_codegen::cuda: prepared generated CUDA trace circuit=6 rows=17820 width=63 seed_bytes=3289032 seed_spans=4
2026-09-16T22:36:12.135054Z DEBUG aiur::gpu_trace: CPU trace: circuit lacks generated CUDA coverage circuit=133 rows=284408
2026-09-16T22:36:12.147877Z DEBUG aiur::gpu_trace: CPU trace: circuit lacks generated CUDA coverage circuit=31 rows=2621
2026-09-16T22:36:12.151253Z DEBUG aiur::gpu_trace: CPU trace: circuit lacks generated CUDA coverage circuit=32 rows=218051
2026-09-16T22:36:12.154764Z DEBUG aiur::gpu_trace: CPU trace: circuit lacks generated CUDA coverage circuit=157 rows=219356
2026-09-16T22:36:12.160075Z DEBUG aiur::gpu_trace: CPU trace: circuit lacks generated CUDA coverage circuit=74 rows=737
2026-09-16T22:36:12.161262Z DEBUG aiur::gpu_trace: CPU trace: circuit lacks generated CUDA coverage circuit=49 rows=117560
2026-09-16T22:36:12.165800Z DEBUG aiur::gpu_trace: CPU trace: circuit lacks generated CUDA coverage circuit=50 rows=1207
2026-09-16T22:36:12.167593Z DEBUG aiur::gpu_trace: CPU trace: circuit lacks generated CUDA coverage circuit=78 rows=6731
2026-09-16T22:36:12.168924Z DEBUG aiur::gpu_trace: CPU trace: circuit lacks generated CUDA coverage circuit=55 rows=4178
2026-09-16T22:36:12.171997Z DEBUG aiur::gpu_trace: CPU trace: circuit lacks generated CUDA coverage circuit=96 rows=82447
2026-09-16T22:36:12.172158Z DEBUG aiur::gpu_trace: CPU trace: circuit lacks generated CUDA coverage circuit=123 rows=221681
2026-09-16T22:36:12.172646Z DEBUG aiur::gpu_trace: CPU trace: circuit lacks generated CUDA coverage circuit=80 rows=42321
2026-09-16T22:36:12.175709Z DEBUG aiur::gpu_trace: CPU trace: circuit lacks generated CUDA coverage circuit=52 rows=170568
2026-09-16T22:36:12.179131Z DEBUG aiur::gpu_trace: CPU trace: circuit lacks generated CUDA coverage circuit=86 rows=10372
2026-09-16T22:36:12.187634Z DEBUG aiur::gpu_trace: CPU trace: circuit lacks generated CUDA coverage circuit=53 rows=14613
2026-09-16T22:36:12.192404Z DEBUG aiur::gpu_trace: CPU trace: circuit lacks generated CUDA coverage circuit=43 rows=74208
2026-09-16T22:36:12.196427Z DEBUG aiur::gpu_trace: CPU trace: circuit lacks generated CUDA coverage circuit=28 rows=1817
2026-09-16T22:36:12.198870Z DEBUG aiur::gpu_trace: CPU trace: circuit lacks generated CUDA coverage circuit=30 rows=13216
2026-09-16T22:36:12.200228Z DEBUG aiur::gpu_trace: CPU trace: circuit lacks generated CUDA coverage circuit=81 rows=109094
2026-09-16T22:36:12.213544Z DEBUG aiur::gpu_trace: CPU trace: circuit lacks generated CUDA coverage circuit=146 rows=98985
2026-09-16T22:36:12.222821Z DEBUG aiur::gpu_trace: CPU trace: circuit lacks generated CUDA coverage circuit=10 rows=33570
2026-09-16T22:36:12.228668Z DEBUG aiur::gpu_trace: CPU trace: circuit lacks generated CUDA coverage circuit=1 rows=18432
2026-09-16T22:36:12.229740Z DEBUG aiur::gpu_trace: CPU trace: circuit lacks generated CUDA coverage circuit=149 rows=267179
2026-09-16T22:36:12.236877Z DEBUG aiur::gpu_trace: CPU trace: circuit lacks generated CUDA coverage circuit=136 rows=19762
2026-09-16T22:36:12.241488Z DEBUG aiur::gpu_trace: CPU trace: circuit lacks generated CUDA coverage circuit=139 rows=269295
2026-09-16T22:36:12.254285Z DEBUG aiur::gpu_trace: CPU trace: circuit lacks generated CUDA coverage circuit=100 rows=323504
2026-09-16T22:36:12.264863Z DEBUG aiur::gpu_trace: CPU trace: circuit lacks generated CUDA coverage circuit=2 rows=153453
2026-09-16T22:36:12.280791Z DEBUG aiur::gpu_trace: CPU trace: circuit lacks generated CUDA coverage circuit=143 rows=269496
2026-09-16T22:36:12.301675Z DEBUG aiur::gpu_trace: CPU trace: circuit lacks generated CUDA coverage circuit=35 rows=66945
2026-09-16T22:36:12.326677Z DEBUG aiur::gpu_trace: CPU trace: circuit lacks generated CUDA coverage circuit=11 rows=112011
2026-09-16T22:36:12.339714Z DEBUG aiur::gpu_trace: CPU trace: circuit lacks generated CUDA coverage circuit=48 rows=18047
2026-09-16T22:36:12.340309Z DEBUG aiur::gpu_trace: CPU trace: circuit lacks generated CUDA coverage circuit=148 rows=292072
2026-09-16T22:36:12.349254Z DEBUG aiur::gpu_trace: CPU trace: circuit lacks generated CUDA coverage circuit=99 rows=328143
2026-09-16T22:36:12.357843Z DEBUG aiur::gpu_trace: CPU trace: circuit lacks generated CUDA coverage circuit=181 rows=322610
2026-09-16T22:36:12.361898Z DEBUG aiur/codegen_memory_seeds{size=10 rows=839}: aiur::trace_codegen::cuda: prepared generated memory trace size=10 rows=839 seed_bytes=80544 seed_spans=1
2026-09-16T22:36:12.365639Z DEBUG aiur/codegen_memory_seeds{size=12 rows=14616}: aiur::trace_codegen::cuda: prepared generated memory trace size=12 rows=14616 seed_bytes=1636992 seed_spans=1
2026-09-16T22:36:12.412156Z DEBUG aiur::gpu_trace: CPU trace: circuit lacks generated CUDA coverage circuit=144 rows=269603
2026-09-16T22:36:12.414232Z DEBUG aiur/codegen_memory_seeds{size=32 rows=375239}: aiur::trace_codegen::cuda: prepared generated memory trace size=32 rows=375239 seed_bytes=102065008 seed_spans=7
2026-09-16T22:36:12.421482Z DEBUG aiur/codegen_memory_seeds{size=34 rows=76391}: aiur::trace_codegen::cuda: prepared generated memory trace size=34 rows=76391 seed_bytes=22000608 seed_spans=2
2026-09-16T22:36:12.421560Z DEBUG aiur/codegen_memory_seeds{size=47 rows=270}: aiur::trace_codegen::cuda: prepared generated memory trace size=47 rows=270 seed_bytes=105840 seed_spans=1
2026-09-16T22:36:12.438448Z DEBUG aiur::gpu_trace: CPU trace: circuit lacks generated CUDA coverage circuit=145 rows=305191
2026-09-16T22:36:12.441874Z DEBUG aiur::gpu_trace: CPU trace: circuit lacks generated CUDA coverage circuit=142 rows=364189
2026-09-16T22:36:12.447921Z DEBUG aiur/codegen_memory_seeds{size=5 rows=14628}: aiur::trace_codegen::cuda: prepared generated memory trace size=5 rows=14628 seed_bytes=819168 seed_spans=1
2026-09-16T22:36:12.449417Z DEBUG aiur::gpu_trace: CPU trace: circuit lacks generated CUDA coverage circuit=27 rows=1549
2026-09-16T22:36:12.453895Z DEBUG aiur/codegen_memory_seeds{size=6 rows=235087}: aiur::trace_codegen::cuda: prepared generated memory trace size=6 rows=235087 seed_bytes=15045568 seed_spans=4
2026-09-16T22:36:12.457438Z DEBUG aiur::gpu_trace: CPU trace: circuit lacks generated CUDA coverage circuit=158 rows=12623
2026-09-16T22:36:12.460972Z DEBUG aiur::gpu_trace: CPU trace: circuit lacks generated CUDA coverage circuit=159 rows=23171
2026-09-16T22:36:12.469599Z DEBUG aiur::gpu_trace: CPU trace: circuit lacks generated CUDA coverage circuit=182 rows=482112
2026-09-16T22:36:12.512114Z DEBUG aiur::gpu_trace: CPU trace: circuit lacks generated CUDA coverage circuit=130 rows=255769
2026-09-16T22:36:12.512552Z DEBUG aiur::gpu_trace: CPU trace: circuit lacks generated CUDA coverage circuit=160 rows=28285
2026-09-16T22:36:12.513575Z DEBUG aiur::gpu_trace: CPU trace: circuit lacks generated CUDA coverage circuit=128 rows=280069
2026-09-16T22:36:12.528566Z DEBUG aiur::gpu_trace: CPU trace: circuit lacks generated CUDA coverage circuit=161 rows=176127
2026-09-16T22:36:12.532658Z DEBUG aiur::gpu_trace: CPU trace: circuit lacks generated CUDA coverage circuit=129 rows=397753
2026-09-16T22:36:12.541149Z DEBUG aiur::gpu_trace: CPU trace: circuit lacks generated CUDA coverage circuit=131 rows=464979
2026-09-16T22:36:12.590923Z DEBUG aiur::gpu_trace: CPU trace: circuit lacks generated CUDA coverage circuit=163 rows=149601
2026-09-16T22:36:12.658773Z DEBUG aiur::gpu_trace: CPU trace: circuit lacks generated CUDA coverage circuit=164 rows=836789
2026-09-16T22:36:12.671409Z DEBUG aiur/codegen_seeds{circuit=124 rows=64132}: aiur::trace_codegen::cuda: prepared generated CUDA trace circuit=124 rows=64132 width=98 seed_bytes=14951040 seed_spans=2
2026-09-16T22:36:14.332894Z DEBUG aiur::gpu_trace: CPU trace: circuit lacks generated CUDA coverage circuit=117 rows=15066656
2026-09-16T22:36:14.333631Z DEBUG aiur::gpu_trace: CPU trace: circuit lacks generated CUDA coverage circuit=90 rows=88211
2026-09-16T22:36:14.334048Z DEBUG aiur::gpu_trace: CPU trace: circuit lacks generated CUDA coverage circuit=79 rows=2
2026-09-16T22:36:14.335118Z DEBUG aiur/codegen_memory_seeds{size=2 rows=22}: aiur::trace_codegen::cuda: prepared generated memory trace size=2 rows=22 seed_bytes=704 seed_spans=1
2026-09-16T22:36:14.335132Z DEBUG aiur/codegen_seeds{circuit=56 rows=99}: aiur::trace_codegen::cuda: prepared generated CUDA trace circuit=56 rows=99 width=49 seed_bytes=7920 seed_spans=1
2026-09-16T22:36:14.335436Z DEBUG aiur::gpu_trace: CPU trace: circuit lacks generated CUDA coverage circuit=176 rows=1
2026-09-16T22:36:14.389542Z DEBUG aiur/codegen_seeds{circuit=16 rows=1048576}: aiur::trace_codegen::cuda: prepared generated CUDA trace circuit=16 rows=1048576 width=533 seed_bytes=184549376 seed_spans=16
2026-09-16T22:36:15.338225Z DEBUG aiur::gpu_trace: CPU trace: circuit lacks generated CUDA coverage circuit=153 rows=1191
2026-09-16T22:36:15.338643Z DEBUG aiur/codegen_seeds{circuit=63 rows=106}: aiur::trace_codegen::cuda: prepared generated CUDA trace circuit=63 rows=106 width=68 seed_bytes=22048 seed_spans=1
2026-09-16T22:36:15.339275Z DEBUG aiur::gpu_trace: CPU trace: circuit lacks generated CUDA coverage circuit=22 rows=29
2026-09-16T22:36:15.339580Z DEBUG aiur::gpu_trace: CPU trace: circuit lacks generated CUDA coverage circuit=156 rows=375191
2026-09-16T22:36:15.339678Z DEBUG aiur::gpu_trace: CPU trace: circuit lacks generated CUDA coverage circuit=91 rows=4931554
2026-09-16T22:36:15.339810Z DEBUG aiur::gpu_trace: CPU trace: circuit lacks generated CUDA coverage circuit=3 rows=9
2026-09-16T22:36:15.340262Z DEBUG aiur::gpu_trace: CPU trace: circuit lacks generated CUDA coverage circuit=58 rows=2177
2026-09-16T22:36:15.400698Z DEBUG aiur/codegen_seeds{circuit=16 rows=1048576}: aiur::trace_codegen::cuda: prepared generated CUDA trace circuit=16 rows=1048576 width=533 seed_bytes=184549376 seed_spans=16
2026-09-16T22:36:18.037723Z DEBUG aiur::gpu_trace: CPU trace: circuit lacks generated CUDA coverage circuit=12 rows=16777216
2026-09-16T22:36:18.037723Z DEBUG aiur::gpu_trace: CPU trace: circuit lacks generated CUDA coverage circuit=34 rows=907035
2026-09-16T22:36:18.038758Z DEBUG aiur::gpu_trace: CPU trace: circuit lacks generated CUDA coverage circuit=60 rows=65
2026-09-16T22:36:18.039175Z DEBUG aiur::gpu_trace: CPU trace: circuit lacks generated CUDA coverage circuit=26 rows=6
2026-09-16T22:36:18.040447Z DEBUG aiur::gpu_trace: CPU trace: circuit lacks generated CUDA coverage circuit=84 rows=5
2026-09-16T22:36:18.099851Z DEBUG aiur/codegen_seeds{circuit=16 rows=1048576}: aiur::trace_codegen::cuda: prepared generated CUDA trace circuit=16 rows=1048576 width=533 seed_bytes=184549376 seed_spans=16
2026-09-16T22:36:21.049884Z DEBUG aiur::gpu_trace: CPU trace: circuit lacks generated CUDA coverage circuit=38 rows=4479712
2026-09-16T22:36:21.049923Z DEBUG aiur::gpu_trace: CPU trace: circuit lacks generated CUDA coverage circuit=57 rows=98
2026-09-16T22:36:21.050263Z DEBUG aiur::gpu_trace: CPU trace: circuit lacks generated CUDA coverage circuit=64 rows=38
2026-09-16T22:36:21.050320Z DEBUG aiur::gpu_trace: CPU trace: circuit lacks generated CUDA coverage circuit=89 rows=127640
2026-09-16T22:36:21.050967Z DEBUG aiur/codegen_memory_seeds{size=11 rows=219}: aiur::trace_codegen::cuda: prepared generated memory trace size=11 rows=219 seed_bytes=22776 seed_spans=1
2026-09-16T22:36:21.051972Z DEBUG aiur::gpu_trace: CPU trace: circuit lacks generated CUDA coverage circuit=42 rows=6583335
2026-09-16T22:36:21.052117Z DEBUG aiur::gpu_trace: CPU trace: circuit lacks generated CUDA coverage circuit=119 rows=11635949
2026-09-16T22:36:21.052497Z DEBUG aiur::gpu_trace: CPU trace: circuit lacks generated CUDA coverage circuit=68 rows=16
2026-09-16T22:36:23.800120Z DEBUG aiur::gpu_trace: CPU trace: circuit lacks generated CUDA coverage circuit=69 rows=15
2026-09-16T22:36:23.800223Z DEBUG aiur::gpu_trace: CPU trace: circuit lacks generated CUDA coverage circuit=77 rows=2
2026-09-16T22:36:23.800420Z DEBUG aiur::gpu_trace: CPU trace: circuit lacks generated CUDA coverage circuit=170 rows=11286266
2026-09-16T22:36:23.800619Z DEBUG aiur::gpu_trace: CPU trace: circuit lacks generated CUDA coverage circuit=112 rows=6260162
2026-09-16T22:36:23.800755Z DEBUG aiur::gpu_trace: CPU trace: circuit lacks generated CUDA coverage circuit=70 rows=16
2026-09-16T22:36:23.801008Z DEBUG aiur::gpu_trace: CPU trace: circuit lacks generated CUDA coverage circuit=71 rows=16
2026-09-16T22:36:23.801082Z DEBUG aiur::gpu_trace: CPU trace: circuit lacks generated CUDA coverage circuit=97 rows=232051
2026-09-16T22:36:23.801655Z DEBUG aiur::gpu_trace: CPU trace: circuit lacks generated CUDA coverage circuit=107 rows=7689358
2026-09-16T22:36:23.801958Z DEBUG aiur::gpu_trace: CPU trace: circuit lacks generated CUDA coverage circuit=75 rows=4
2026-09-16T22:36:23.802121Z DEBUG aiur/codegen_memory_seeds{size=9 rows=149}: aiur::trace_codegen::cuda: prepared generated memory trace size=9 rows=149 seed_bytes=13112 seed_spans=1
2026-09-16T22:36:23.802239Z DEBUG aiur::gpu_trace: CPU trace: circuit lacks generated CUDA coverage circuit=36 rows=6598250
2026-09-16T22:36:23.802468Z DEBUG aiur::gpu_trace: CPU trace: circuit lacks generated CUDA coverage circuit=152 rows=650998
2026-09-16T22:36:28.197405Z DEBUG aiur::gpu_trace: CPU trace: circuit lacks generated CUDA coverage circuit=12 rows=6325048
2026-09-16T22:36:28.198678Z DEBUG aiur/codegen_memory_seeds{size=8 rows=151}: aiur::trace_codegen::cuda: prepared generated memory trace size=8 rows=151 seed_bytes=12080 seed_spans=1
2026-09-16T22:36:28.199453Z DEBUG aiur::gpu_trace: CPU trace: circuit lacks generated CUDA coverage circuit=40 rows=120138
2026-09-16T22:36:28.200300Z DEBUG aiur::gpu_trace: CPU trace: circuit lacks generated CUDA coverage circuit=101 rows=6980607
2026-09-16T22:36:28.200944Z DEBUG aiur::gpu_trace: CPU trace: circuit lacks generated CUDA coverage circuit=162 rows=2106830
2026-09-16T22:36:28.256851Z DEBUG aiur/codegen_memory_seeds{size=4 rows=8832657}: aiur::trace_codegen::cuda: prepared generated memory trace size=4 rows=8832657 seed_bytes=423967536 seed_spans=135
2026-09-16T22:36:28.256851Z DEBUG aiur/codegen_memory_seeds{size=3 rows=16777216}: aiur::trace_codegen::cuda: prepared generated memory trace size=3 rows=16777216 seed_bytes=671088640 seed_spans=256
2026-09-16T22:36:28.274988Z DEBUG aiur/codegen_seeds{circuit=102 rows=1879966}: aiur::trace_codegen::cuda: prepared generated CUDA trace circuit=102 rows=1879966 width=43 seed_bytes=75198640 seed_spans=29
2026-09-16T22:36:32.152007Z DEBUG aiur::gpu_trace: CPU trace: circuit lacks generated CUDA coverage circuit=13 rows=339773
2026-09-16T22:36:32.152445Z DEBUG aiur::gpu_trace: CPU trace: circuit lacks generated CUDA coverage circuit=106 rows=7882444
2026-09-16T22:36:32.152788Z DEBUG aiur::gpu_trace: CPU trace: circuit lacks generated CUDA coverage circuit=111 rows=6505080
2026-09-16T22:36:32.152873Z DEBUG aiur::gpu_trace: CPU trace: circuit lacks generated CUDA coverage circuit=33 rows=7366504
2026-09-16T22:36:32.153290Z DEBUG aiur::gpu_trace: CPU trace: circuit lacks generated CUDA coverage circuit=85 rows=585
2026-09-16T22:36:32.153913Z DEBUG aiur::gpu_trace: CPU trace: circuit lacks generated CUDA coverage circuit=61 rows=6422
2026-09-16T22:36:32.153971Z DEBUG aiur::gpu_trace: CPU trace: circuit lacks generated CUDA coverage circuit=118 rows=3703715
2026-09-16T22:36:32.154274Z DEBUG aiur::gpu_trace: CPU trace: circuit lacks generated CUDA coverage circuit=183 rows=7486634
2026-09-16T22:36:32.154497Z DEBUG aiur::gpu_trace: CPU trace: circuit lacks generated CUDA coverage circuit=62 rows=184
2026-09-16T22:36:32.159273Z DEBUG aiur::gpu_trace: CPU trace: circuit lacks generated CUDA coverage circuit=177 rows=6798544
2026-09-16T22:36:32.255821Z DEBUG aiur/codegen_memory_seeds{size=3 rows=16777216}: aiur::trace_codegen::cuda: prepared generated memory trace size=3 rows=16777216 seed_bytes=671088640 seed_spans=256
2026-09-16T22:36:36.028026Z DEBUG aiur::gpu_trace: CPU trace: circuit lacks generated CUDA coverage circuit=20 rows=528891
2026-09-16T22:36:36.028046Z DEBUG aiur::gpu_trace: CPU trace: circuit lacks generated CUDA coverage circuit=108 rows=905603
2026-09-16T22:36:36.028318Z DEBUG aiur::gpu_trace: CPU trace: circuit lacks generated CUDA coverage circuit=167 rows=1992255
2026-09-16T22:36:36.028679Z DEBUG aiur::gpu_trace: CPU trace: circuit lacks generated CUDA coverage circuit=67 rows=3047
2026-09-16T22:36:36.028775Z DEBUG aiur::gpu_trace: CPU trace: circuit lacks generated CUDA coverage circuit=24 rows=560736
2026-09-16T22:36:36.028900Z DEBUG aiur::gpu_trace: CPU trace: circuit lacks generated CUDA coverage circuit=109 rows=3151977
2026-09-16T22:36:36.029856Z DEBUG aiur::gpu_trace: CPU trace: circuit lacks generated CUDA coverage circuit=54 rows=3652594
2026-09-16T22:36:36.030606Z DEBUG aiur::gpu_trace: CPU trace: circuit lacks generated CUDA coverage circuit=110 rows=2638124
2026-09-16T22:36:36.030735Z DEBUG aiur::gpu_trace: CPU trace: circuit lacks generated CUDA coverage circuit=120 rows=2586271
2026-09-16T22:36:36.030996Z DEBUG aiur::gpu_trace: CPU trace: circuit lacks generated CUDA coverage circuit=83 rows=28481
2026-09-16T22:36:36.032038Z DEBUG aiur/codegen_seeds{circuit=16 rows=79824}: aiur::gpu_trace: CPU trace: circuit lacks generated CUDA coverage circuit=168 rows=1611823
2026-09-16T22:36:36.648437Z DEBUG aiur/codegen_memory_seeds{size=3 rows=16777216}: aiur::trace_codegen::cuda: prepared generated memory trace size=3 rows=16777216 seed_bytes=671088640 seed_spans=256
2026-09-16T22:36:36.651212Z DEBUG aiur/codegen_seeds{circuit=16 rows=79824}: aiur::trace_codegen::cuda: prepared generated CUDA trace circuit=16 rows=79824 width=533 seed_bytes=14049024 seed_spans=2
2026-09-16T22:36:36.676437Z DEBUG aiur/codegen_seeds{circuit=15 rows=345283}: aiur::trace_codegen::cuda: prepared generated CUDA trace circuit=15 rows=345283 width=177 seed_bytes=140875464 seed_spans=9
2026-09-16T22:36:39.890720Z DEBUG aiur::gpu_trace: CPU trace: circuit lacks generated CUDA coverage circuit=105 rows=479743
2026-09-16T22:36:39.890720Z DEBUG aiur::gpu_trace: CPU trace: circuit lacks generated CUDA coverage circuit=179 rows=3061159
2026-09-16T22:36:39.890721Z DEBUG aiur::gpu_trace: CPU trace: circuit lacks generated CUDA coverage circuit=166 rows=1683279
2026-09-16T22:36:39.891237Z DEBUG aiur::gpu_trace: CPU trace: circuit lacks generated CUDA coverage circuit=19 rows=53132
2026-09-16T22:36:39.891470Z DEBUG aiur::gpu_trace: CPU trace: circuit lacks generated CUDA coverage circuit=115 rows=1509591
2026-09-16T22:36:39.891723Z DEBUG aiur::gpu_trace: CPU trace: circuit lacks generated CUDA coverage circuit=122 rows=1676534
2026-09-16T22:36:39.891957Z DEBUG aiur::gpu_trace: CPU trace: circuit lacks generated CUDA coverage circuit=44 rows=249606
2026-09-16T22:36:39.892054Z DEBUG aiur::gpu_trace: CPU trace: circuit lacks generated CUDA coverage circuit=151 rows=909410
2026-09-16T22:36:39.892073Z DEBUG aiur::gpu_trace: CPU trace: circuit lacks generated CUDA coverage circuit=116 rows=961712
2026-09-16T22:36:39.892080Z DEBUG aiur::gpu_trace: CPU trace: circuit lacks generated CUDA coverage circuit=150 rows=1255693
2026-09-16T22:36:39.892082Z DEBUG aiur::gpu_trace: CPU trace: circuit lacks generated CUDA coverage circuit=147 rows=285969
2026-09-16T22:36:39.892161Z DEBUG aiur::gpu_trace: CPU trace: circuit lacks generated CUDA coverage circuit=37 rows=858034
2026-09-16T22:36:39.892158Z DEBUG aiur::gpu_trace: CPU trace: circuit lacks generated CUDA coverage circuit=113 rows=1850721
2026-09-16T22:36:39.892289Z DEBUG aiur::gpu_trace: CPU trace: circuit lacks generated CUDA coverage circuit=45 rows=1579511
2026-09-16T22:36:39.892687Z DEBUG aiur::gpu_trace: CPU trace: circuit lacks generated CUDA coverage circuit=132 rows=1364805
2026-09-16T22:36:39.892813Z DEBUG aiur::gpu_trace: CPU trace: circuit lacks generated CUDA coverage circuit=134 rows=295238
2026-09-16T22:36:39.893193Z DEBUG aiur/codegen_memory_seeds{size=36 rows=413}: aiur::trace_codegen::cuda: prepared generated memory trace size=36 rows=413 seed_bytes=125552 seed_spans=1
2026-09-16T22:36:39.893600Z DEBUG aiur::gpu_trace: CPU trace: circuit lacks generated CUDA coverage circuit=125 rows=538318
2026-09-16T22:36:39.893610Z DEBUG aiur::gpu_trace: CPU trace: circuit lacks generated CUDA coverage circuit=137 rows=304108
2026-09-16T22:36:39.893784Z DEBUG aiur::gpu_trace: CPU trace: circuit lacks generated CUDA coverage circuit=138 rows=844040
2026-09-16T22:36:39.894112Z DEBUG aiur::gpu_trace: CPU trace: circuit lacks generated CUDA coverage circuit=88 rows=3001118
2026-09-16T22:36:39.894201Z DEBUG aiur::gpu_trace: CPU trace: circuit lacks generated CUDA coverage circuit=126 rows=437729
2026-09-16T22:36:39.894419Z DEBUG aiur::gpu_trace: CPU trace: circuit lacks generated CUDA coverage circuit=178 rows=4158809
2026-09-16T22:36:39.900516Z DEBUG aiur/codegen_memory_seeds{size=18 rows=1808226}: aiur::gpu_trace: CPU trace: circuit lacks generated CUDA coverage circuit=135 rows=4327
2026-09-16T22:36:39.902933Z DEBUG aiur::gpu_trace: CPU trace: circuit lacks generated CUDA coverage circuit=169 rows=1404773
2026-09-16T22:36:39.973035Z DEBUG aiur::gpu_trace: CPU trace: circuit lacks generated CUDA coverage circuit=184 rows=158891
2026-09-16T22:36:39.987617Z DEBUG aiur::gpu_trace: CPU trace: circuit lacks generated CUDA coverage circuit=180 rows=3602210
2026-09-16T22:36:40.801036Z DEBUG aiur/codegen_memory_seeds{size=3 rows=1722088}: aiur::trace_codegen::cuda: prepared generated memory trace size=3 rows=1722088 seed_bytes=68883520 seed_spans=27
2026-09-16T22:36:41.010639Z DEBUG aiur/codegen_memory_seeds{size=18 rows=1808226}: aiur::trace_codegen::cuda: prepared generated memory trace size=18 rows=1808226 seed_bytes=289316160 seed_spans=28
2026-09-16T22:36:41.011296Z DEBUG aiur/codegen_seeds{circuit=140 rows=540493}: aiur::trace_codegen::cuda: prepared generated CUDA trace circuit=140 rows=540493 width=25 seed_bytes=19479240 seed_spans=10
2026-09-16T22:36:43.942230Z DEBUG aiur::gpu_trace: CPU trace: circuit lacks generated CUDA coverage circuit=0 rows=162420
2026-09-16T22:36:43.942253Z DEBUG aiur::gpu_trace: CPU trace: circuit lacks generated CUDA coverage circuit=1 rows=18432
2026-09-16T22:36:43.942268Z DEBUG aiur::gpu_trace: CPU trace: circuit lacks generated CUDA coverage circuit=9 rows=33736
2026-09-16T22:36:43.942272Z DEBUG aiur::gpu_trace: CPU trace: circuit lacks generated CUDA coverage circuit=103 rows=327531
2026-09-16T22:36:43.942272Z DEBUG aiur::gpu_trace: CPU trace: circuit lacks generated CUDA coverage circuit=95 rows=30509
2026-09-16T22:36:43.942279Z DEBUG aiur::gpu_trace: CPU trace: circuit lacks generated CUDA coverage circuit=76 rows=47808
2026-09-16T22:36:43.942280Z DEBUG aiur::gpu_trace: CPU trace: circuit lacks generated CUDA coverage circuit=133 rows=284408
2026-09-16T22:36:43.942272Z DEBUG aiur::gpu_trace: CPU trace: circuit lacks generated CUDA coverage circuit=2 rows=153453
2026-09-16T22:36:43.942276Z DEBUG aiur::gpu_trace: CPU trace: circuit lacks generated CUDA coverage circuit=52 rows=170568
2026-09-16T22:36:43.942277Z DEBUG aiur::gpu_trace: CPU trace: circuit lacks generated CUDA coverage circuit=146 rows=98985
2026-09-16T22:36:43.942277Z DEBUG aiur::gpu_trace: CPU trace: circuit lacks generated CUDA coverage circuit=127 rows=434509
2026-09-16T22:36:43.942284Z DEBUG aiur::gpu_trace: CPU trace: circuit lacks generated CUDA coverage circuit=31 rows=2621
2026-09-16T22:36:43.942308Z DEBUG aiur::gpu_trace: CPU trace: circuit lacks generated CUDA coverage circuit=114 rows=597833
2026-09-16T22:36:43.942301Z DEBUG aiur::gpu_trace: CPU trace: circuit lacks generated CUDA coverage circuit=143 rows=269496
2026-09-16T22:36:43.942268Z DEBUG aiur::gpu_trace: CPU trace: circuit lacks generated CUDA coverage circuit=82 rows=122500
2026-09-16T22:36:43.942272Z DEBUG aiur::gpu_trace: CPU trace: circuit lacks generated CUDA coverage circuit=92 rows=101041
2026-09-16T22:36:43.942278Z DEBUG aiur::gpu_trace: CPU trace: circuit lacks generated CUDA coverage circuit=51 rows=17021
2026-09-16T22:36:43.942280Z DEBUG aiur::gpu_trace: CPU trace: circuit lacks generated CUDA coverage circuit=7 rows=37830
2026-09-16T22:36:43.942272Z DEBUG aiur::gpu_trace: CPU trace: circuit lacks generated CUDA coverage circuit=25 rows=44061
2026-09-16T22:36:43.942723Z DEBUG aiur::gpu_trace: CPU trace: circuit lacks generated CUDA coverage circuit=53 rows=14613
2026-09-16T22:36:43.942755Z DEBUG aiur::gpu_trace: CPU trace: circuit lacks generated CUDA coverage circuit=55 rows=4178
2026-09-16T22:36:43.942777Z DEBUG aiur::gpu_trace: CPU trace: circuit lacks generated CUDA coverage circuit=154 rows=28644
2026-09-16T22:36:43.942798Z DEBUG aiur::gpu_trace: CPU trace: circuit lacks generated CUDA coverage circuit=39 rows=191507
2026-09-16T22:36:43.942809Z DEBUG aiur::gpu_trace: CPU trace: circuit lacks generated CUDA coverage circuit=141 rows=302459
2026-09-16T22:36:43.942889Z DEBUG aiur::gpu_trace: CPU trace: circuit lacks generated CUDA coverage circuit=4 rows=18957
2026-09-16T22:36:43.942940Z DEBUG aiur::gpu_trace: CPU trace: circuit lacks generated CUDA coverage circuit=65 rows=91747
2026-09-16T22:36:43.942957Z DEBUG aiur::gpu_trace: CPU trace: circuit lacks generated CUDA coverage circuit=14 rows=793076
2026-09-16T22:36:43.942960Z DEBUG aiur::gpu_trace: CPU trace: circuit lacks generated CUDA coverage circuit=59 rows=99846
2026-09-16T22:36:43.943141Z DEBUG aiur::gpu_trace: CPU trace: circuit lacks generated CUDA coverage circuit=136 rows=19762
2026-09-16T22:36:43.943236Z DEBUG aiur::gpu_trace: CPU trace: circuit lacks generated CUDA coverage circuit=86 rows=10372
2026-09-16T22:36:43.943340Z DEBUG aiur::gpu_trace: CPU trace: circuit lacks generated CUDA coverage circuit=181 rows=322610
2026-09-16T22:36:43.947154Z DEBUG aiur::gpu_trace: CPU trace: circuit lacks generated CUDA coverage circuit=32 rows=218051
2026-09-16T22:36:43.949505Z DEBUG aiur::gpu_trace: CPU trace: circuit lacks generated CUDA coverage circuit=139 rows=269295
2026-09-16T22:36:43.953966Z DEBUG aiur::gpu_trace: CPU trace: circuit lacks generated CUDA coverage circuit=5 rows=270
2026-09-16T22:36:43.954423Z DEBUG aiur::gpu_trace: CPU trace: circuit lacks generated CUDA coverage circuit=46 rows=180256
2026-09-16T22:36:43.957749Z DEBUG aiur::gpu_trace: CPU trace: circuit lacks generated CUDA coverage circuit=144 rows=269603
2026-09-16T22:36:43.961780Z DEBUG aiur::gpu_trace: CPU trace: circuit lacks generated CUDA coverage circuit=8 rows=26243
2026-09-16T22:36:43.964040Z DEBUG aiur::gpu_trace: CPU trace: circuit lacks generated CUDA coverage circuit=145 rows=305191
2026-09-16T22:36:43.967193Z DEBUG aiur::gpu_trace: CPU trace: circuit lacks generated CUDA coverage circuit=28 rows=1817
2026-09-16T22:36:43.969513Z DEBUG aiur/codegen_seeds{circuit=6 rows=17820}: aiur::trace_codegen::cuda: prepared generated CUDA trace circuit=6 rows=17820 width=63 seed_bytes=3289032 seed_spans=4
2026-09-16T22:36:43.969554Z DEBUG aiur::gpu_trace: CPU trace: circuit lacks generated CUDA coverage circuit=142 rows=364189
2026-09-16T22:36:43.970362Z DEBUG aiur::gpu_trace: CPU trace: circuit lacks generated CUDA coverage circuit=30 rows=13216
2026-09-16T22:36:43.980516Z DEBUG aiur::gpu_trace: CPU trace: circuit lacks generated CUDA coverage circuit=155 rows=34309
2026-09-16T22:36:44.003623Z DEBUG aiur::gpu_trace: CPU trace: circuit lacks generated CUDA coverage circuit=78 rows=6731
2026-09-16T22:36:44.008706Z DEBUG aiur::gpu_trace: CPU trace: circuit lacks generated CUDA coverage circuit=96 rows=82447
2026-09-16T22:36:44.009822Z DEBUG aiur::gpu_trace: CPU trace: circuit lacks generated CUDA coverage circuit=98 rows=233884
2026-09-16T22:36:44.012534Z DEBUG aiur::gpu_trace: CPU trace: circuit lacks generated CUDA coverage circuit=93 rows=19709
2026-09-16T22:36:44.018103Z DEBUG aiur::gpu_trace: CPU trace: circuit lacks generated CUDA coverage circuit=80 rows=42321
2026-09-16T22:36:44.034064Z DEBUG aiur::gpu_trace: CPU trace: circuit lacks generated CUDA coverage circuit=104 rows=211082
2026-09-16T22:36:44.036471Z DEBUG aiur::gpu_trace: CPU trace: circuit lacks generated CUDA coverage circuit=121 rows=460545
2026-09-16T22:36:44.039038Z DEBUG aiur::gpu_trace: CPU trace: circuit lacks generated CUDA coverage circuit=157 rows=219356
2026-09-16T22:36:44.039754Z DEBUG aiur::gpu_trace: CPU trace: circuit lacks generated CUDA coverage circuit=149 rows=267179
2026-09-16T22:36:44.043377Z DEBUG aiur::gpu_trace: CPU trace: circuit lacks generated CUDA coverage circuit=94 rows=20688
2026-09-16T22:36:44.047214Z DEBUG aiur::gpu_trace: CPU trace: circuit lacks generated CUDA coverage circuit=41 rows=492517
2026-09-16T22:36:44.047746Z DEBUG aiur::gpu_trace: CPU trace: circuit lacks generated CUDA coverage circuit=81 rows=109094
2026-09-16T22:36:44.049554Z DEBUG aiur::gpu_trace: CPU trace: circuit lacks generated CUDA coverage circuit=10 rows=33570
2026-09-16T22:36:44.077098Z DEBUG aiur::gpu_trace: CPU trace: circuit lacks generated CUDA coverage circuit=18 rows=14298
2026-09-16T22:36:44.086624Z DEBUG aiur::gpu_trace: CPU trace: circuit lacks generated CUDA coverage circuit=27 rows=1549
2026-09-16T22:36:44.090098Z DEBUG aiur::gpu_trace: CPU trace: circuit lacks generated CUDA coverage circuit=159 rows=23171
2026-09-16T22:36:44.090417Z DEBUG aiur::gpu_trace: CPU trace: circuit lacks generated CUDA coverage circuit=23 rows=54100
2026-09-16T22:36:44.100187Z DEBUG aiur::gpu_trace: CPU trace: circuit lacks generated CUDA coverage circuit=66 rows=629
2026-09-16T22:36:44.100900Z DEBUG aiur::gpu_trace: CPU trace: circuit lacks generated CUDA coverage circuit=72 rows=11125
2026-09-16T22:36:44.103303Z DEBUG aiur::gpu_trace: CPU trace: circuit lacks generated CUDA coverage circuit=148 rows=292072
2026-09-16T22:36:44.103433Z DEBUG aiur::gpu_trace: CPU trace: circuit lacks generated CUDA coverage circuit=182 rows=482112
2026-09-16T22:36:44.108054Z DEBUG aiur::gpu_trace: CPU trace: circuit lacks generated CUDA coverage circuit=73 rows=24412
2026-09-16T22:36:44.118918Z DEBUG aiur::gpu_trace: CPU trace: circuit lacks generated CUDA coverage circuit=163 rows=149601
2026-09-16T22:36:44.134533Z DEBUG aiur/codegen_memory_seeds{size=10 rows=839}: aiur::trace_codegen::cuda: prepared generated memory trace size=10 rows=839 seed_bytes=80544 seed_spans=1
2026-09-16T22:36:44.134943Z DEBUG aiur/codegen_memory_seeds{size=12 rows=14616}: aiur::trace_codegen::cuda: prepared generated memory trace size=12 rows=14616 seed_bytes=1636992 seed_spans=1
2026-09-16T22:36:44.142416Z DEBUG aiur::gpu_trace: CPU trace: circuit lacks generated CUDA coverage circuit=74 rows=737
2026-09-16T22:36:44.149688Z DEBUG aiur::gpu_trace: CPU trace: circuit lacks generated CUDA coverage circuit=160 rows=28285
2026-09-16T22:36:44.149895Z DEBUG aiur::gpu_trace: CPU trace: circuit lacks generated CUDA coverage circuit=35 rows=66945
2026-09-16T22:36:44.154985Z DEBUG aiur::gpu_trace: CPU trace: circuit lacks generated CUDA coverage circuit=11 rows=112011
2026-09-16T22:36:44.161510Z DEBUG aiur/codegen_memory_seeds{size=32 rows=375239}: aiur::trace_codegen::cuda: prepared generated memory trace size=32 rows=375239 seed_bytes=102065008 seed_spans=7
2026-09-16T22:36:44.165394Z DEBUG aiur::gpu_trace: CPU trace: circuit lacks generated CUDA coverage circuit=161 rows=176127
2026-09-16T22:36:44.167252Z DEBUG aiur/codegen_memory_seeds{size=34 rows=76391}: aiur::trace_codegen::cuda: prepared generated memory trace size=34 rows=76391 seed_bytes=22000608 seed_spans=2
2026-09-16T22:36:44.167318Z DEBUG aiur/codegen_memory_seeds{size=47 rows=270}: aiur::trace_codegen::cuda: prepared generated memory trace size=47 rows=270 seed_bytes=105840 seed_spans=1
2026-09-16T22:36:44.175790Z DEBUG aiur::gpu_trace: CPU trace: circuit lacks generated CUDA coverage circuit=47 rows=235340
2026-09-16T22:36:44.176629Z DEBUG aiur::gpu_trace: CPU trace: circuit lacks generated CUDA coverage circuit=100 rows=323504
2026-09-16T22:36:44.177199Z DEBUG aiur::gpu_trace: CPU trace: circuit lacks generated CUDA coverage circuit=99 rows=328143
2026-09-16T22:36:44.186584Z DEBUG aiur::gpu_trace: CPU trace: circuit lacks generated CUDA coverage circuit=164 rows=836789
2026-09-16T22:36:44.215495Z DEBUG aiur::gpu_trace: CPU trace: circuit lacks generated CUDA coverage circuit=49 rows=117560
2026-09-16T22:36:44.246410Z DEBUG aiur::gpu_trace: CPU trace: circuit lacks generated CUDA coverage circuit=158 rows=12623
2026-09-16T22:36:44.266124Z DEBUG aiur/codegen_memory_seeds{size=5 rows=14628}: aiur::trace_codegen::cuda: prepared generated memory trace size=5 rows=14628 seed_bytes=819168 seed_spans=1
2026-09-16T22:36:44.270735Z DEBUG aiur/codegen_memory_seeds{size=6 rows=235087}: aiur::trace_codegen::cuda: prepared generated memory trace size=6 rows=235087 seed_bytes=15045568 seed_spans=4
2026-09-16T22:36:44.271100Z DEBUG aiur::gpu_trace: CPU trace: circuit lacks generated CUDA coverage circuit=43 rows=74208
2026-09-16T22:36:44.275631Z DEBUG aiur::gpu_trace: CPU trace: circuit lacks generated CUDA coverage circuit=48 rows=18047
2026-09-16T22:36:44.276923Z DEBUG aiur::gpu_trace: CPU trace: circuit lacks generated CUDA coverage circuit=123 rows=221681
2026-09-16T22:36:44.281864Z DEBUG aiur::gpu_trace: CPU trace: circuit lacks generated CUDA coverage circuit=50 rows=1207
2026-09-16T22:36:44.315540Z DEBUG aiur::gpu_trace: CPU trace: circuit lacks generated CUDA coverage circuit=130 rows=255769
2026-09-16T22:36:44.317874Z DEBUG aiur::gpu_trace: CPU trace: circuit lacks generated CUDA coverage circuit=17 rows=14235
2026-09-16T22:36:44.318259Z DEBUG aiur::gpu_trace: CPU trace: circuit lacks generated CUDA coverage circuit=128 rows=280069
2026-09-16T22:36:44.325602Z DEBUG aiur::gpu_trace: CPU trace: circuit lacks generated CUDA coverage circuit=129 rows=397753
2026-09-16T22:36:44.380469Z DEBUG aiur::gpu_trace: CPU trace: circuit lacks generated CUDA coverage circuit=131 rows=464979
2026-09-16T22:36:44.453285Z DEBUG aiur/codegen_seeds{circuit=124 rows=64132}: aiur::trace_codegen::cuda: prepared generated CUDA trace circuit=124 rows=64132 width=98 seed_bytes=14951040 seed_spans=2
[lanes] worker 0: claim 2 proven at +319s (0 left)
[lanes] join 5 dispatched at +319s
[lanes] worker 0: join 2 proving started at +319s
[lanes] executor 0: join 5 execution started at +319s
[aggregate] structural-joining slots 3, 4 into 5
2026-09-16T22:36:49.432333Z DEBUG aiur::gpu_trace: CPU trace: circuit lacks generated CUDA coverage circuit=32 rows=6053003
2026-09-16T22:36:49.432333Z DEBUG aiur::gpu_trace: CPU trace: circuit lacks generated CUDA coverage circuit=9 rows=3302498
2026-09-16T22:36:49.433070Z DEBUG aiur::gpu_trace: CPU trace: circuit lacks generated CUDA coverage circuit=42 rows=24
2026-09-16T22:36:49.433614Z DEBUG aiur::gpu_trace: CPU trace: circuit lacks generated CUDA coverage circuit=61 rows=22
2026-09-16T22:36:49.486231Z DEBUG aiur/codegen_seeds{circuit=20 rows=1048576}: aiur::trace_codegen::cuda: prepared generated CUDA trace circuit=20 rows=1048576 width=533 seed_bytes=184549376 seed_spans=16
2026-09-16T22:36:49.908144Z DEBUG aiur::gpu_trace: CPU trace: circuit lacks generated CUDA coverage circuit=15 rows=24
2026-09-16T22:36:49.908142Z DEBUG aiur::gpu_trace: CPU trace: circuit lacks generated CUDA coverage circuit=62 rows=24
2026-09-16T22:36:49.908154Z DEBUG aiur::gpu_trace: CPU trace: circuit lacks generated CUDA coverage circuit=10 rows=778622
2026-09-16T22:36:49.908141Z DEBUG aiur::gpu_trace: CPU trace: circuit lacks generated CUDA coverage circuit=63 rows=23
2026-09-16T22:36:49.908144Z DEBUG aiur::gpu_trace: CPU trace: circuit lacks generated CUDA coverage circuit=43 rows=2
2026-09-16T22:36:49.908142Z DEBUG aiur::gpu_trace: CPU trace: circuit lacks generated CUDA coverage circuit=50 rows=23
2026-09-16T22:36:49.908146Z DEBUG aiur::gpu_trace: CPU trace: circuit lacks generated CUDA coverage circuit=64 rows=2
2026-09-16T22:36:49.908142Z DEBUG aiur::gpu_trace: CPU trace: circuit lacks generated CUDA coverage circuit=40 rows=24
2026-09-16T22:36:49.908147Z DEBUG aiur::gpu_trace: CPU trace: circuit lacks generated CUDA coverage circuit=46 rows=22
2026-09-16T22:36:49.908214Z DEBUG aiur::gpu_trace: CPU trace: circuit lacks generated CUDA coverage circuit=38 rows=110
2026-09-16T22:36:49.908439Z DEBUG aiur::gpu_trace: CPU trace: circuit lacks generated CUDA coverage circuit=2 rows=106
2026-09-16T22:36:49.908465Z DEBUG aiur::gpu_trace: CPU trace: circuit lacks generated CUDA coverage circuit=44 rows=61
2026-09-16T22:36:49.908466Z DEBUG aiur::gpu_trace: CPU trace: circuit lacks generated CUDA coverage circuit=39 rows=22
2026-09-16T22:36:49.908479Z DEBUG aiur::gpu_trace: CPU trace: circuit lacks generated CUDA coverage circuit=48 rows=21
2026-09-16T22:36:49.908537Z DEBUG aiur::gpu_trace: CPU trace: circuit lacks generated CUDA coverage circuit=56 rows=1
2026-09-16T22:36:49.908546Z DEBUG aiur::gpu_trace: CPU trace: circuit lacks generated CUDA coverage circuit=41 rows=22
2026-09-16T22:36:49.908628Z DEBUG aiur::gpu_trace: CPU trace: circuit lacks generated CUDA coverage circuit=57 rows=45
2026-09-16T22:36:49.908642Z DEBUG aiur/codegen_seeds{circuit=59 rows=74}: aiur::trace_codegen::cuda: prepared generated CUDA trace circuit=59 rows=74 width=26 seed_bytes=6512 seed_spans=1
2026-09-16T22:36:49.908654Z DEBUG aiur::gpu_trace: CPU trace: circuit lacks generated CUDA coverage circuit=16 rows=62
2026-09-16T22:36:49.908677Z DEBUG aiur::gpu_trace: CPU trace: circuit lacks generated CUDA coverage circuit=47 rows=4361
2026-09-16T22:36:49.908733Z DEBUG aiur::gpu_trace: CPU trace: circuit lacks generated CUDA coverage circuit=60 rows=32
2026-09-16T22:36:49.908743Z DEBUG aiur::gpu_trace: CPU trace: circuit lacks generated CUDA coverage circuit=58 rows=127
2026-09-16T22:36:49.908810Z DEBUG aiur::gpu_trace: CPU trace: circuit lacks generated CUDA coverage circuit=45 rows=2
2026-09-16T22:36:49.908868Z DEBUG aiur/codegen_seeds{circuit=49 rows=3}: aiur::trace_codegen::cuda: prepared generated CUDA trace circuit=49 rows=3 width=13 seed_bytes=120 seed_spans=1
2026-09-16T22:36:49.908889Z DEBUG aiur::gpu_trace: CPU trace: circuit lacks generated CUDA coverage circuit=53 rows=24
2026-09-16T22:36:49.908935Z DEBUG aiur::gpu_trace: CPU trace: circuit lacks generated CUDA coverage circuit=17 rows=24
2026-09-16T22:36:49.908942Z DEBUG aiur/codegen_memory_seeds{size=11 rows=653}: aiur::trace_codegen::cuda: prepared generated memory trace size=11 rows=653 seed_bytes=67912 seed_spans=1
2026-09-16T22:36:49.908983Z DEBUG aiur::gpu_trace: CPU trace: circuit lacks generated CUDA coverage circuit=51 rows=440
2026-09-16T22:36:49.909114Z DEBUG aiur::gpu_trace: CPU trace: circuit lacks generated CUDA coverage circuit=5 rows=640503
2026-09-16T22:36:49.909114Z DEBUG aiur::gpu_trace: CPU trace: circuit lacks generated CUDA coverage circuit=24 rows=2285
2026-09-16T22:36:49.909170Z DEBUG aiur/codegen_memory_seeds{size=5 rows=515}: aiur::trace_codegen::cuda: prepared generated memory trace size=5 rows=515 seed_bytes=28840 seed_spans=1
2026-09-16T22:36:49.909237Z DEBUG aiur/codegen_memory_seeds{size=26 rows=23}: aiur::trace_codegen::cuda: prepared generated memory trace size=26 rows=23 seed_bytes=5152 seed_spans=1
2026-09-16T22:36:49.909247Z DEBUG aiur::gpu_trace: CPU trace: circuit lacks generated CUDA coverage circuit=54 rows=384
2026-09-16T22:36:49.909267Z DEBUG aiur::gpu_trace: CPU trace: circuit lacks generated CUDA coverage circuit=55 rows=3978
2026-09-16T22:36:49.909276Z DEBUG aiur/codegen_memory_seeds{size=8 rows=742}: aiur::trace_codegen::cuda: prepared generated memory trace size=8 rows=742 seed_bytes=59360 seed_spans=1
2026-09-16T22:36:49.909337Z DEBUG aiur::gpu_trace: CPU trace: circuit lacks generated CUDA coverage circuit=14 rows=22
2026-09-16T22:36:49.909374Z DEBUG aiur::gpu_trace: CPU trace: circuit lacks generated CUDA coverage circuit=52 rows=62
2026-09-16T22:36:49.909640Z DEBUG aiur::gpu_trace: CPU trace: circuit lacks generated CUDA coverage circuit=83 rows=1
2026-09-16T22:36:49.909779Z DEBUG aiur::gpu_trace: CPU trace: circuit lacks generated CUDA coverage circuit=85 rows=23
2026-09-16T22:36:49.934710Z DEBUG aiur/codegen_memory_seeds{size=3 rows=9005968}: aiur::trace_codegen::cuda: prepared generated memory trace size=3 rows=9005968 seed_bytes=360238720 seed_spans=138
2026-09-16T22:36:49.973778Z DEBUG aiur/codegen_seeds{circuit=20 rows=1048576}: aiur::trace_codegen::cuda: prepared generated CUDA trace circuit=20 rows=1048576 width=533 seed_bytes=184549376 seed_spans=16
2026-09-16T22:36:51.178744Z DEBUG aiur::gpu_trace: CPU trace: circuit lacks generated CUDA coverage circuit=31 rows=1362018
2026-09-16T22:36:51.178744Z DEBUG aiur::gpu_trace: CPU trace: circuit lacks generated CUDA coverage circuit=18 rows=3513116
2026-09-16T22:36:51.179631Z DEBUG aiur::gpu_trace: CPU trace: circuit lacks generated CUDA coverage circuit=29 rows=3300084
2026-09-16T22:36:51.180238Z DEBUG aiur::gpu_trace: CPU trace: circuit lacks generated CUDA coverage circuit=22 rows=142964
2026-09-16T22:36:51.349116Z DEBUG aiur/codegen_seeds{circuit=20 rows=1048576}: aiur::trace_codegen::cuda: prepared generated CUDA trace circuit=20 rows=1048576 width=533 seed_bytes=184549376 seed_spans=16
2026-09-16T22:36:51.374217Z DEBUG aiur/codegen_seeds{circuit=30 rows=434371}: aiur::trace_codegen::cuda: prepared generated CUDA trace circuit=30 rows=434371 width=234 seed_bytes=264097568 seed_spans=16
2026-09-16T22:36:52.281753Z DEBUG aiur::gpu_trace: CPU trace: circuit lacks generated CUDA coverage circuit=12 rows=669493
2026-09-16T22:36:52.281789Z DEBUG aiur::gpu_trace: CPU trace: circuit lacks generated CUDA coverage circuit=19 rows=212242
2026-09-16T22:36:52.282415Z DEBUG aiur::gpu_trace: CPU trace: circuit lacks generated CUDA coverage circuit=84 rows=776911
2026-09-16T22:36:52.282503Z DEBUG aiur::gpu_trace: CPU trace: circuit lacks generated CUDA coverage circuit=86 rows=2962421
2026-09-16T22:36:52.283491Z DEBUG aiur::gpu_trace: CPU trace: circuit lacks generated CUDA coverage circuit=27 rows=1203960
2026-09-16T22:36:52.522784Z DEBUG aiur/codegen_memory_seeds{size=10 rows=3129590}: aiur::trace_codegen::cuda: prepared generated memory trace size=10 rows=3129590 seed_bytes=300440640 seed_spans=48
2026-09-16T22:36:52.548193Z DEBUG aiur/codegen_seeds{circuit=20 rows=1048576}: aiur::trace_codegen::cuda: prepared generated CUDA trace circuit=20 rows=1048576 width=533 seed_bytes=184549376 seed_spans=16
2026-09-16T22:36:53.274426Z DEBUG aiur::gpu_trace: CPU trace: circuit lacks generated CUDA coverage circuit=0 rows=986096
2026-09-16T22:36:53.274475Z DEBUG aiur::gpu_trace: CPU trace: circuit lacks generated CUDA coverage circuit=4 rows=175092
2026-09-16T22:36:53.274512Z DEBUG aiur::gpu_trace: CPU trace: circuit lacks generated CUDA coverage circuit=37 rows=277795
2026-09-16T22:36:53.274743Z DEBUG aiur::gpu_trace: CPU trace: circuit lacks generated CUDA coverage circuit=33 rows=1053661
2026-09-16T22:36:53.274799Z DEBUG aiur::gpu_trace: CPU trace: circuit lacks generated CUDA coverage circuit=28 rows=922226
2026-09-16T22:36:53.275480Z DEBUG aiur::gpu_trace: CPU trace: circuit lacks generated CUDA coverage circuit=35 rows=344198
2026-09-16T22:36:53.275572Z DEBUG aiur::gpu_trace: CPU trace: circuit lacks generated CUDA coverage circuit=65 rows=86206
2026-09-16T22:36:53.510274Z DEBUG aiur/codegen_memory_seeds{size=32 rows=1543784}: aiur::trace_codegen::cuda: prepared generated memory trace size=32 rows=1543784 seed_bytes=419909248 seed_spans=26
2026-09-16T22:36:53.510280Z DEBUG aiur/codegen_memory_seeds{size=6 rows=1333373}: aiur::trace_codegen::cuda: prepared generated memory trace size=6 rows=1333373 seed_bytes=85335872 seed_spans=21
2026-09-16T22:36:53.549382Z DEBUG aiur/codegen_seeds{circuit=20 rows=1048576}: aiur::trace_codegen::cuda: prepared generated CUDA trace circuit=20 rows=1048576 width=533 seed_bytes=184549376 seed_spans=16
2026-09-16T22:36:54.257188Z DEBUG aiur::gpu_trace: CPU trace: circuit lacks generated CUDA coverage circuit=1 rows=20047
2026-09-16T22:36:54.257238Z DEBUG aiur::gpu_trace: CPU trace: circuit lacks generated CUDA coverage circuit=13 rows=178559
2026-09-16T22:36:54.257238Z DEBUG aiur::gpu_trace: CPU trace: circuit lacks generated CUDA coverage circuit=7 rows=212619
2026-09-16T22:36:54.257241Z DEBUG aiur::gpu_trace: CPU trace: circuit lacks generated CUDA coverage circuit=3 rows=35661
2026-09-16T22:36:54.257241Z DEBUG aiur::gpu_trace: CPU trace: circuit lacks generated CUDA coverage circuit=6 rows=335105
2026-09-16T22:36:54.257240Z DEBUG aiur::gpu_trace: CPU trace: circuit lacks generated CUDA coverage circuit=34 rows=228800
2026-09-16T22:36:54.257242Z DEBUG aiur::gpu_trace: CPU trace: circuit lacks generated CUDA coverage circuit=26 rows=533851
2026-09-16T22:36:54.257239Z DEBUG aiur::gpu_trace: CPU trace: circuit lacks generated CUDA coverage circuit=8 rows=440667
2026-09-16T22:36:54.257264Z DEBUG aiur::gpu_trace: CPU trace: circuit lacks generated CUDA coverage circuit=21 rows=800829
2026-09-16T22:36:54.257241Z DEBUG aiur::gpu_trace: CPU trace: circuit lacks generated CUDA coverage circuit=25 rows=142964
2026-09-16T22:36:54.257970Z DEBUG aiur::gpu_trace: CPU trace: circuit lacks generated CUDA coverage circuit=66 rows=27120
2026-09-16T22:36:54.258018Z DEBUG aiur::gpu_trace: CPU trace: circuit lacks generated CUDA coverage circuit=23 rows=306504
2026-09-16T22:36:54.258158Z DEBUG aiur::gpu_trace: CPU trace: circuit lacks generated CUDA coverage circuit=11 rows=214524
2026-09-16T22:36:54.258661Z DEBUG aiur::gpu_trace: CPU trace: circuit lacks generated CUDA coverage circuit=36 rows=141477
2026-09-16T22:36:54.259167Z DEBUG aiur::gpu_trace: CPU trace: circuit lacks generated CUDA coverage circuit=87 rows=132649
2026-09-16T22:36:54.266418Z DEBUG aiur/codegen_memory_seeds{size=4 rows=156024}: aiur::trace_codegen::cuda: prepared generated memory trace size=4 rows=156024 seed_bytes=7489152 seed_spans=3
2026-09-16T22:36:54.270195Z DEBUG aiur/codegen_memory_seeds{size=34 rows=150824}: aiur::trace_codegen::cuda: prepared generated memory trace size=34 rows=150824 seed_bytes=43437312 seed_spans=3
2026-09-16T22:36:54.402293Z DEBUG aiur/codegen_memory_seeds{size=7 rows=1041496}: aiur::trace_codegen::cuda: prepared generated memory trace size=7 rows=1041496 seed_bytes=74987712 seed_spans=16
2026-09-16T22:36:54.439904Z DEBUG aiur/codegen_seeds{circuit=20 rows=1048576}: aiur::trace_codegen::cuda: prepared generated CUDA trace circuit=20 rows=1048576 width=533 seed_bytes=184549376 seed_spans=16
2026-09-16T22:36:55.348538Z DEBUG aiur/codegen_seeds{circuit=20 rows=1048576}: aiur::trace_codegen::cuda: prepared generated CUDA trace circuit=20 rows=1048576 width=533 seed_bytes=184549376 seed_spans=16
2026-09-16T22:36:55.972493Z DEBUG aiur/codegen_seeds{circuit=20 rows=1048576}: aiur::trace_codegen::cuda: prepared generated CUDA trace circuit=20 rows=1048576 width=533 seed_bytes=184549376 seed_spans=16
2026-09-16T22:36:56.378506Z DEBUG aiur/codegen_seeds{circuit=20 rows=347416}: aiur::trace_codegen::cuda: prepared generated CUDA trace circuit=20 rows=347416 width=533 seed_bytes=61145216 seed_spans=6
2026-09-16T22:36:56.995513Z DEBUG aiur::gpu_trace: CPU trace: circuit lacks generated CUDA coverage circuit=9 rows=3302498
2026-09-16T22:36:56.996065Z DEBUG aiur::gpu_trace: CPU trace: circuit lacks generated CUDA coverage circuit=61 rows=22
2026-09-16T22:36:56.996240Z DEBUG aiur::gpu_trace: CPU trace: circuit lacks generated CUDA coverage circuit=32 rows=6053003
2026-09-16T22:36:56.996870Z DEBUG aiur::gpu_trace: CPU trace: circuit lacks generated CUDA coverage circuit=42 rows=24
2026-09-16T22:36:57.050265Z DEBUG aiur/codegen_seeds{circuit=20 rows=1048576}: aiur::trace_codegen::cuda: prepared generated CUDA trace circuit=20 rows=1048576 width=533 seed_bytes=184549376 seed_spans=16
2026-09-16T22:36:57.487048Z DEBUG aiur::gpu_trace: CPU trace: circuit lacks generated CUDA coverage circuit=50 rows=23
2026-09-16T22:36:57.487062Z DEBUG aiur::gpu_trace: CPU trace: circuit lacks generated CUDA coverage circuit=53 rows=24
2026-09-16T22:36:57.487065Z DEBUG aiur::gpu_trace: CPU trace: circuit lacks generated CUDA coverage circuit=54 rows=384
2026-09-16T22:36:57.487082Z DEBUG aiur::gpu_trace: CPU trace: circuit lacks generated CUDA coverage circuit=62 rows=24
2026-09-16T22:36:57.487106Z DEBUG aiur::gpu_trace: CPU trace: circuit lacks generated CUDA coverage circuit=58 rows=127
2026-09-16T22:36:57.487106Z DEBUG aiur::gpu_trace: CPU trace: circuit lacks generated CUDA coverage circuit=57 rows=45
2026-09-16T22:36:57.487111Z DEBUG aiur::gpu_trace: CPU trace: circuit lacks generated CUDA coverage circuit=63 rows=23
2026-09-16T22:36:57.487115Z DEBUG aiur::gpu_trace: CPU trace: circuit lacks generated CUDA coverage circuit=2 rows=106
2026-09-16T22:36:57.487108Z DEBUG aiur::gpu_trace: CPU trace: circuit lacks generated CUDA coverage circuit=51 rows=440
2026-09-16T22:36:57.487111Z DEBUG aiur::gpu_trace: CPU trace: circuit lacks generated CUDA coverage circuit=64 rows=2
2026-09-16T22:36:57.487134Z DEBUG aiur::gpu_trace: CPU trace: circuit lacks generated CUDA coverage circuit=55 rows=3978
2026-09-16T22:36:57.487105Z DEBUG aiur::gpu_trace: CPU trace: circuit lacks generated CUDA coverage circuit=56 rows=1
2026-09-16T22:36:57.487117Z DEBUG aiur::gpu_trace: CPU trace: circuit lacks generated CUDA coverage circuit=5 rows=640503
2026-09-16T22:36:57.487109Z DEBUG aiur::gpu_trace: CPU trace: circuit lacks generated CUDA coverage circuit=52 rows=62
2026-09-16T22:36:57.487110Z DEBUG aiur::gpu_trace: CPU trace: circuit lacks generated CUDA coverage circuit=60 rows=32
2026-09-16T22:36:57.487324Z DEBUG aiur::gpu_trace: CPU trace: circuit lacks generated CUDA coverage circuit=10 rows=778622
2026-09-16T22:36:57.487387Z DEBUG aiur/codegen_seeds{circuit=59 rows=74}: aiur::trace_codegen::cuda: prepared generated CUDA trace circuit=59 rows=74 width=26 seed_bytes=6512 seed_spans=1
2026-09-16T22:36:57.487853Z DEBUG aiur::gpu_trace: CPU trace: circuit lacks generated CUDA coverage circuit=15 rows=24
2026-09-16T22:36:57.488010Z DEBUG aiur::gpu_trace: CPU trace: circuit lacks generated CUDA coverage circuit=16 rows=62
2026-09-16T22:36:57.488175Z DEBUG aiur::gpu_trace: CPU trace: circuit lacks generated CUDA coverage circuit=17 rows=24
2026-09-16T22:36:57.488348Z DEBUG aiur::gpu_trace: CPU trace: circuit lacks generated CUDA coverage circuit=14 rows=22
2026-09-16T22:36:57.488627Z DEBUG aiur::gpu_trace: CPU trace: circuit lacks generated CUDA coverage circuit=24 rows=2285
2026-09-16T22:36:57.488676Z DEBUG aiur::gpu_trace: CPU trace: circuit lacks generated CUDA coverage circuit=43 rows=2
2026-09-16T22:36:57.488699Z DEBUG aiur::gpu_trace: CPU trace: circuit lacks generated CUDA coverage circuit=44 rows=61
2026-09-16T22:36:57.488820Z DEBUG aiur::gpu_trace: CPU trace: circuit lacks generated CUDA coverage circuit=45 rows=2
2026-09-16T22:36:57.488869Z DEBUG aiur::gpu_trace: CPU trace: circuit lacks generated CUDA coverage circuit=46 rows=22
2026-09-16T22:36:57.488985Z DEBUG aiur::gpu_trace: CPU trace: circuit lacks generated CUDA coverage circuit=47 rows=4361
2026-09-16T22:36:57.490293Z DEBUG aiur::gpu_trace: CPU trace: circuit lacks generated CUDA coverage circuit=38 rows=110
2026-09-16T22:36:57.490408Z DEBUG aiur::gpu_trace: CPU trace: circuit lacks generated CUDA coverage circuit=40 rows=24
2026-09-16T22:36:57.490418Z DEBUG aiur::gpu_trace: CPU trace: circuit lacks generated CUDA coverage circuit=41 rows=22
2026-09-16T22:36:57.490733Z DEBUG aiur::gpu_trace: CPU trace: circuit lacks generated CUDA coverage circuit=83 rows=1
2026-09-16T22:36:57.490923Z DEBUG aiur::gpu_trace: CPU trace: circuit lacks generated CUDA coverage circuit=48 rows=21
2026-09-16T22:36:57.490928Z DEBUG aiur::gpu_trace: CPU trace: circuit lacks generated CUDA coverage circuit=85 rows=23
2026-09-16T22:36:57.491026Z DEBUG aiur/codegen_seeds{circuit=49 rows=3}: aiur::trace_codegen::cuda: prepared generated CUDA trace circuit=49 rows=3 width=13 seed_bytes=120 seed_spans=1
2026-09-16T22:36:57.491120Z DEBUG aiur::gpu_trace: CPU trace: circuit lacks generated CUDA coverage circuit=39 rows=22
2026-09-16T22:36:57.491376Z DEBUG aiur/codegen_memory_seeds{size=11 rows=653}: aiur::trace_codegen::cuda: prepared generated memory trace size=11 rows=653 seed_bytes=67912 seed_spans=1
2026-09-16T22:36:57.491396Z DEBUG aiur/codegen_memory_seeds{size=26 rows=23}: aiur::trace_codegen::cuda: prepared generated memory trace size=26 rows=23 seed_bytes=5152 seed_spans=1
2026-09-16T22:36:57.491395Z DEBUG aiur/codegen_memory_seeds{size=8 rows=742}: aiur::trace_codegen::cuda: prepared generated memory trace size=8 rows=742 seed_bytes=59360 seed_spans=1
2026-09-16T22:36:57.491435Z DEBUG aiur/codegen_memory_seeds{size=5 rows=515}: aiur::trace_codegen::cuda: prepared generated memory trace size=5 rows=515 seed_bytes=28840 seed_spans=1
2026-09-16T22:36:57.519506Z DEBUG aiur/codegen_memory_seeds{size=3 rows=9005968}: aiur::trace_codegen::cuda: prepared generated memory trace size=3 rows=9005968 seed_bytes=360238720 seed_spans=138
2026-09-16T22:36:57.570222Z DEBUG aiur/codegen_seeds{circuit=20 rows=1048576}: aiur::trace_codegen::cuda: prepared generated CUDA trace circuit=20 rows=1048576 width=533 seed_bytes=184549376 seed_spans=16
2026-09-16T22:37:00.144676Z DEBUG aiur::gpu_trace: CPU trace: circuit lacks generated CUDA coverage circuit=18 rows=3513116
2026-09-16T22:37:00.145016Z DEBUG aiur::gpu_trace: CPU trace: circuit lacks generated CUDA coverage circuit=22 rows=142964
2026-09-16T22:37:00.145510Z DEBUG aiur::gpu_trace: CPU trace: circuit lacks generated CUDA coverage circuit=31 rows=1362018
2026-09-16T22:37:00.146060Z DEBUG aiur::gpu_trace: CPU trace: circuit lacks generated CUDA coverage circuit=29 rows=3300084
2026-09-16T22:37:00.311347Z DEBUG aiur/codegen_seeds{circuit=20 rows=1048576}: aiur::trace_codegen::cuda: prepared generated CUDA trace circuit=20 rows=1048576 width=533 seed_bytes=184549376 seed_spans=16
2026-09-16T22:37:00.331969Z DEBUG aiur/codegen_seeds{circuit=30 rows=434371}: aiur::trace_codegen::cuda: prepared generated CUDA trace circuit=30 rows=434371 width=234 seed_bytes=264097568 seed_spans=16
2026-09-16T22:37:03.209930Z DEBUG aiur::gpu_trace: CPU trace: circuit lacks generated CUDA coverage circuit=12 rows=669493
2026-09-16T22:37:03.209961Z DEBUG aiur::gpu_trace: CPU trace: circuit lacks generated CUDA coverage circuit=19 rows=212242
2026-09-16T22:37:03.210322Z DEBUG aiur::gpu_trace: CPU trace: circuit lacks generated CUDA coverage circuit=27 rows=1203960
2026-09-16T22:37:03.210705Z DEBUG aiur::gpu_trace: CPU trace: circuit lacks generated CUDA coverage circuit=84 rows=776911
2026-09-16T22:37:03.211305Z DEBUG aiur::gpu_trace: CPU trace: circuit lacks generated CUDA coverage circuit=86 rows=2962421
2026-09-16T22:37:03.223237Z DEBUG aiur/codegen_memory_seeds{size=10 rows=3129590}: aiur::trace_codegen::cuda: prepared generated memory trace size=10 rows=3129590 seed_bytes=300440640 seed_spans=48
2026-09-16T22:37:03.496194Z DEBUG aiur/codegen_seeds{circuit=20 rows=1048576}: aiur::trace_codegen::cuda: prepared generated CUDA trace circuit=20 rows=1048576 width=533 seed_bytes=184549376 seed_spans=16
2026-09-16T22:37:05.637077Z DEBUG aiur::gpu_trace: CPU trace: circuit lacks generated CUDA coverage circuit=0 rows=986096
2026-09-16T22:37:05.637132Z DEBUG aiur::gpu_trace: CPU trace: circuit lacks generated CUDA coverage circuit=4 rows=175092
2026-09-16T22:37:05.637131Z DEBUG aiur::gpu_trace: CPU trace: circuit lacks generated CUDA coverage circuit=28 rows=922226
2026-09-16T22:37:05.637132Z DEBUG aiur::gpu_trace: CPU trace: circuit lacks generated CUDA coverage circuit=65 rows=86206
2026-09-16T22:37:05.637132Z DEBUG aiur::gpu_trace: CPU trace: circuit lacks generated CUDA coverage circuit=37 rows=277795
2026-09-16T22:37:05.637865Z DEBUG aiur::gpu_trace: CPU trace: circuit lacks generated CUDA coverage circuit=35 rows=344198
2026-09-16T22:37:05.638171Z DEBUG aiur::gpu_trace: CPU trace: circuit lacks generated CUDA coverage circuit=33 rows=1053661
2026-09-16T22:37:05.695319Z DEBUG aiur/codegen_memory_seeds{size=6 rows=1333373}: aiur::trace_codegen::cuda: prepared generated memory trace size=6 rows=1333373 seed_bytes=85335872 seed_spans=21
2026-09-16T22:37:05.695317Z DEBUG aiur/codegen_memory_seeds{size=32 rows=1543784}: aiur::trace_codegen::cuda: prepared generated memory trace size=32 rows=1543784 seed_bytes=419909248 seed_spans=26
2026-09-16T22:37:05.745011Z DEBUG aiur/codegen_seeds{circuit=20 rows=1048576}: aiur::trace_codegen::cuda: prepared generated CUDA trace circuit=20 rows=1048576 width=533 seed_bytes=184549376 seed_spans=16
2026-09-16T22:37:08.382934Z DEBUG aiur::gpu_trace: CPU trace: circuit lacks generated CUDA coverage circuit=25 rows=142964
2026-09-16T22:37:08.382940Z DEBUG aiur::gpu_trace: CPU trace: circuit lacks generated CUDA coverage circuit=3 rows=35661
2026-09-16T22:37:08.382932Z DEBUG aiur::gpu_trace: CPU trace: circuit lacks generated CUDA coverage circuit=6 rows=335105
2026-09-16T22:37:08.382939Z DEBUG aiur::gpu_trace: CPU trace: circuit lacks generated CUDA coverage circuit=26 rows=533851
2026-09-16T22:37:08.382931Z DEBUG aiur::gpu_trace: CPU trace: circuit lacks generated CUDA coverage circuit=13 rows=178559
2026-09-16T22:37:08.382934Z DEBUG aiur::gpu_trace: CPU trace: circuit lacks generated CUDA coverage circuit=1 rows=20047
2026-09-16T22:37:08.382936Z DEBUG aiur::gpu_trace: CPU trace: circuit lacks generated CUDA coverage circuit=7 rows=212619
2026-09-16T22:37:08.382958Z DEBUG aiur::gpu_trace: CPU trace: circuit lacks generated CUDA coverage circuit=21 rows=800829
2026-09-16T22:37:08.383276Z DEBUG aiur::gpu_trace: CPU trace: circuit lacks generated CUDA coverage circuit=8 rows=440667
2026-09-16T22:37:08.383395Z DEBUG aiur::gpu_trace: CPU trace: circuit lacks generated CUDA coverage circuit=11 rows=214524
2026-09-16T22:37:08.383780Z DEBUG aiur::gpu_trace: CPU trace: circuit lacks generated CUDA coverage circuit=23 rows=306504
2026-09-16T22:37:08.384057Z DEBUG aiur::gpu_trace: CPU trace: circuit lacks generated CUDA coverage circuit=87 rows=132649
2026-09-16T22:37:08.384127Z DEBUG aiur::gpu_trace: CPU trace: circuit lacks generated CUDA coverage circuit=34 rows=228800
2026-09-16T22:37:08.384438Z DEBUG aiur::gpu_trace: CPU trace: circuit lacks generated CUDA coverage circuit=66 rows=27120
2026-09-16T22:37:08.384853Z DEBUG aiur::gpu_trace: CPU trace: circuit lacks generated CUDA coverage circuit=36 rows=141477
2026-09-16T22:37:08.391587Z DEBUG aiur/codegen_memory_seeds{size=4 rows=156024}: aiur::trace_codegen::cuda: prepared generated memory trace size=4 rows=156024 seed_bytes=7489152 seed_spans=3
2026-09-16T22:37:08.396429Z DEBUG aiur/codegen_memory_seeds{size=34 rows=150824}: aiur::trace_codegen::cuda: prepared generated memory trace size=34 rows=150824 seed_bytes=43437312 seed_spans=3
2026-09-16T22:37:08.397630Z DEBUG aiur/codegen_memory_seeds{size=7 rows=1041496}: aiur::trace_codegen::cuda: prepared generated memory trace size=7 rows=1041496 seed_bytes=74987712 seed_spans=16
2026-09-16T22:37:08.570960Z DEBUG aiur/codegen_seeds{circuit=20 rows=1048576}: aiur::trace_codegen::cuda: prepared generated CUDA trace circuit=20 rows=1048576 width=533 seed_bytes=184549376 seed_spans=16
2026-09-16T22:37:11.251199Z DEBUG aiur/codegen_seeds{circuit=20 rows=1048576}: aiur::trace_codegen::cuda: prepared generated CUDA trace circuit=20 rows=1048576 width=533 seed_bytes=184549376 seed_spans=16
2026-09-16T22:37:12.865594Z DEBUG aiur/codegen_seeds{circuit=20 rows=1048576}: aiur::trace_codegen::cuda: prepared generated CUDA trace circuit=20 rows=1048576 width=533 seed_bytes=184549376 seed_spans=16
2026-09-16T22:37:14.075474Z DEBUG aiur/codegen_seeds{circuit=20 rows=347416}: aiur::trace_codegen::cuda: prepared generated CUDA trace circuit=20 rows=347416 width=533 seed_bytes=61145216 seed_spans=6
[aggregate] slot 2: cached proof 8b859c8367afbd89fd5ed23bb625e2e6b23eebe1f18e8af9469e396299b611b5
[lanes] worker 0: join 2 published at +346s
[trace-shards] 8 shards, 1500000000 committed cells: record 14633395166 B in shared pool, host workspace 16607595674 B of 26088568116 B reserved per prover; regenerating round 2
[lanes] executor 0: join 5 executed in 32.3s, record 14633395166 B (13.6 GiB) at +351s
[lanes] worker 0: join 5 proving started at +351s
2026-09-16T22:37:21.720946Z DEBUG aiur::gpu_trace: CPU trace: circuit lacks generated CUDA coverage circuit=9 rows=3216024
2026-09-16T22:37:21.720951Z DEBUG aiur::gpu_trace: CPU trace: circuit lacks generated CUDA coverage circuit=32 rows=5818277
2026-09-16T22:37:21.721374Z DEBUG aiur/codegen_memory_seeds{size=5 rows=444}: aiur::trace_codegen::cuda: prepared generated memory trace size=5 rows=444 seed_bytes=24864 seed_spans=1
2026-09-16T22:37:21.778597Z DEBUG aiur/codegen_seeds{circuit=20 rows=1048576}: aiur::trace_codegen::cuda: prepared generated CUDA trace circuit=20 rows=1048576 width=533 seed_bytes=184549376 seed_spans=16
2026-09-16T22:37:22.182258Z DEBUG aiur::gpu_trace: CPU trace: circuit lacks generated CUDA coverage circuit=3 rows=32346
2026-09-16T22:37:22.182299Z DEBUG aiur::gpu_trace: CPU trace: circuit lacks generated CUDA coverage circuit=18 rows=2947138
2026-09-16T22:37:22.182704Z DEBUG aiur::gpu_trace: CPU trace: circuit lacks generated CUDA coverage circuit=55 rows=3480
2026-09-16T22:37:22.182869Z DEBUG aiur::gpu_trace: CPU trace: circuit lacks generated CUDA coverage circuit=5 rows=547570
2026-09-16T22:37:22.183389Z DEBUG aiur::gpu_trace: CPU trace: circuit lacks generated CUDA coverage circuit=43 rows=2
2026-09-16T22:37:22.183543Z DEBUG aiur::gpu_trace: CPU trace: circuit lacks generated CUDA coverage circuit=41 rows=19
2026-09-16T22:37:22.183735Z DEBUG aiur::gpu_trace: CPU trace: circuit lacks generated CUDA coverage circuit=29 rows=3159851
2026-09-16T22:37:22.260124Z DEBUG aiur/codegen_seeds{circuit=20 rows=1048576}: aiur::trace_codegen::cuda: prepared generated CUDA trace circuit=20 rows=1048576 width=533 seed_bytes=184549376 seed_spans=16
2026-09-16T22:37:23.270124Z DEBUG aiur::gpu_trace: CPU trace: circuit lacks generated CUDA coverage circuit=57 rows=45
2026-09-16T22:37:23.270130Z DEBUG aiur::gpu_trace: CPU trace: circuit lacks generated CUDA coverage circuit=50 rows=20
2026-09-16T22:37:23.270149Z DEBUG aiur::gpu_trace: CPU trace: circuit lacks generated CUDA coverage circuit=12 rows=577005
2026-09-16T22:37:23.270155Z DEBUG aiur::gpu_trace: CPU trace: circuit lacks generated CUDA coverage circuit=38 rows=104
2026-09-16T22:37:23.270125Z DEBUG aiur::gpu_trace: CPU trace: circuit lacks generated CUDA coverage circuit=56 rows=2
2026-09-16T22:37:23.270129Z DEBUG aiur::gpu_trace: CPU trace: circuit lacks generated CUDA coverage circuit=60 rows=32
2026-09-16T22:37:23.270127Z DEBUG aiur::gpu_trace: CPU trace: circuit lacks generated CUDA coverage circuit=46 rows=19
2026-09-16T22:37:23.270172Z DEBUG aiur::gpu_trace: CPU trace: circuit lacks generated CUDA coverage circuit=53 rows=25
2026-09-16T22:37:23.270142Z DEBUG aiur::gpu_trace: CPU trace: circuit lacks generated CUDA coverage circuit=16 rows=62
2026-09-16T22:37:23.270239Z DEBUG aiur/codegen_seeds{circuit=59 rows=74}: aiur::trace_codegen::cuda: prepared generated CUDA trace circuit=59 rows=74 width=26 seed_bytes=6512 seed_spans=1
2026-09-16T22:37:23.270342Z DEBUG aiur::gpu_trace: CPU trace: circuit lacks generated CUDA coverage circuit=61 rows=19
2026-09-16T22:37:23.270352Z DEBUG aiur::gpu_trace: CPU trace: circuit lacks generated CUDA coverage circuit=51 rows=434
2026-09-16T22:37:23.270438Z DEBUG aiur::gpu_trace: CPU trace: circuit lacks generated CUDA coverage circuit=44 rows=61
2026-09-16T22:37:23.270499Z DEBUG aiur::gpu_trace: CPU trace: circuit lacks generated CUDA coverage circuit=24 rows=1976
2026-09-16T22:37:23.270593Z DEBUG aiur::gpu_trace: CPU trace: circuit lacks generated CUDA coverage circuit=2 rows=94
2026-09-16T22:37:23.270604Z DEBUG aiur::gpu_trace: CPU trace: circuit lacks generated CUDA coverage circuit=52 rows=62
2026-09-16T22:37:23.270650Z DEBUG aiur::gpu_trace: CPU trace: circuit lacks generated CUDA coverage circuit=14 rows=19
2026-09-16T22:37:23.270733Z DEBUG aiur::gpu_trace: CPU trace: circuit lacks generated CUDA coverage circuit=47 rows=3865
2026-09-16T22:37:23.270739Z DEBUG aiur::gpu_trace: CPU trace: circuit lacks generated CUDA coverage circuit=45 rows=2
2026-09-16T22:37:23.270780Z DEBUG aiur::gpu_trace: CPU trace: circuit lacks generated CUDA coverage circuit=35 rows=338230
2026-09-16T22:37:23.270788Z DEBUG aiur::gpu_trace: CPU trace: circuit lacks generated CUDA coverage circuit=54 rows=386
2026-09-16T22:37:23.271062Z DEBUG aiur/codegen_memory_seeds{size=8 rows=742}: aiur::trace_codegen::cuda: prepared generated memory trace size=8 rows=742 seed_bytes=59360 seed_spans=1
2026-09-16T22:37:23.271238Z DEBUG aiur/codegen_memory_seeds{size=11 rows=657}: aiur::trace_codegen::cuda: prepared generated memory trace size=11 rows=657 seed_bytes=68328 seed_spans=1
2026-09-16T22:37:23.271307Z DEBUG aiur::gpu_trace: CPU trace: circuit lacks generated CUDA coverage circuit=86 rows=2848003
2026-09-16T22:37:23.474962Z DEBUG aiur/codegen_memory_seeds{size=3 rows=7466550}: aiur::trace_codegen::cuda: prepared generated memory trace size=3 rows=7466550 seed_bytes=298662000 seed_spans=114
2026-09-16T22:37:23.512848Z DEBUG aiur/codegen_seeds{circuit=20 rows=1048576}: aiur::trace_codegen::cuda: prepared generated CUDA trace circuit=20 rows=1048576 width=533 seed_bytes=184549376 seed_spans=16
2026-09-16T22:37:23.526449Z DEBUG aiur/codegen_seeds{circuit=30 rows=413610}: aiur::trace_codegen::cuda: prepared generated CUDA trace circuit=30 rows=413610 width=234 seed_bytes=251474880 seed_spans=15
2026-09-16T22:37:24.239562Z DEBUG aiur::gpu_trace: CPU trace: circuit lacks generated CUDA coverage circuit=1 rows=16918
2026-09-16T22:37:24.239600Z DEBUG aiur::gpu_trace: CPU trace: circuit lacks generated CUDA coverage circuit=15 rows=21
2026-09-16T22:37:24.239602Z DEBUG aiur::gpu_trace: CPU trace: circuit lacks generated CUDA coverage circuit=62 rows=21
2026-09-16T22:37:24.239607Z DEBUG aiur::gpu_trace: CPU trace: circuit lacks generated CUDA coverage circuit=0 rows=851186
2026-09-16T22:37:24.239765Z DEBUG aiur::gpu_trace: CPU trace: circuit lacks generated CUDA coverage circuit=63 rows=20
2026-09-16T22:37:24.240101Z DEBUG aiur::gpu_trace: CPU trace: circuit lacks generated CUDA coverage circuit=85 rows=20
2026-09-16T22:37:24.240156Z DEBUG aiur::gpu_trace: CPU trace: circuit lacks generated CUDA coverage circuit=83 rows=1
2026-09-16T22:37:24.240220Z DEBUG aiur::gpu_trace: CPU trace: circuit lacks generated CUDA coverage circuit=17 rows=21
2026-09-16T22:37:24.240231Z DEBUG aiur::gpu_trace: CPU trace: circuit lacks generated CUDA coverage circuit=48 rows=21
2026-09-16T22:37:24.240238Z DEBUG aiur::gpu_trace: CPU trace: circuit lacks generated CUDA coverage circuit=40 rows=21
2026-09-16T22:37:24.240313Z DEBUG aiur::gpu_trace: CPU trace: circuit lacks generated CUDA coverage circuit=19 rows=161660
2026-09-16T22:37:24.240334Z DEBUG aiur::gpu_trace: CPU trace: circuit lacks generated CUDA coverage circuit=58 rows=123
2026-09-16T22:37:24.240447Z DEBUG aiur::gpu_trace: CPU trace: circuit lacks generated CUDA coverage circuit=39 rows=19
2026-09-16T22:37:24.240476Z DEBUG aiur/codegen_seeds{circuit=49 rows=3}: aiur::trace_codegen::cuda: prepared generated CUDA trace circuit=49 rows=3 width=13 seed_bytes=120 seed_spans=1
2026-09-16T22:37:24.240592Z DEBUG aiur::gpu_trace: CPU trace: circuit lacks generated CUDA coverage circuit=27 rows=1309065
2026-09-16T22:37:24.240595Z DEBUG aiur::gpu_trace: CPU trace: circuit lacks generated CUDA coverage circuit=64 rows=2
2026-09-16T22:37:24.240669Z DEBUG aiur::gpu_trace: CPU trace: circuit lacks generated CUDA coverage circuit=10 rows=661386
2026-09-16T22:37:24.240728Z DEBUG aiur::gpu_trace: CPU trace: circuit lacks generated CUDA coverage circuit=42 rows=21
2026-09-16T22:37:24.240952Z DEBUG aiur/codegen_memory_seeds{size=26 rows=20}: aiur::trace_codegen::cuda: prepared generated memory trace size=26 rows=20 seed_bytes=4480 seed_spans=1
2026-09-16T22:37:24.395924Z DEBUG aiur/codegen_memory_seeds{size=32 rows=1357240}: aiur::trace_codegen::cuda: prepared generated memory trace size=32 rows=1357240 seed_bytes=369169280 seed_spans=23
2026-09-16T22:37:24.395928Z DEBUG aiur/codegen_memory_seeds{size=10 rows=2992017}: aiur::trace_codegen::cuda: prepared generated memory trace size=10 rows=2992017 seed_bytes=287233632 seed_spans=46
2026-09-16T22:37:24.433470Z DEBUG aiur/codegen_seeds{circuit=20 rows=1048576}: aiur::trace_codegen::cuda: prepared generated CUDA trace circuit=20 rows=1048576 width=533 seed_bytes=184549376 seed_spans=16
2026-09-16T22:37:25.238312Z DEBUG aiur::gpu_trace: CPU trace: circuit lacks generated CUDA coverage circuit=6 rows=325349
2026-09-16T22:37:25.238352Z DEBUG aiur::gpu_trace: CPU trace: circuit lacks generated CUDA coverage circuit=37 rows=279075
2026-09-16T22:37:25.238356Z DEBUG aiur::gpu_trace: CPU trace: circuit lacks generated CUDA coverage circuit=31 rows=1179962
2026-09-16T22:37:25.238352Z DEBUG aiur::gpu_trace: CPU trace: circuit lacks generated CUDA coverage circuit=7 rows=185113
2026-09-16T22:37:25.238354Z DEBUG aiur::gpu_trace: CPU trace: circuit lacks generated CUDA coverage circuit=4 rows=154466
2026-09-16T22:37:25.238359Z DEBUG aiur::gpu_trace: CPU trace: circuit lacks generated CUDA coverage circuit=25 rows=142964
2026-09-16T22:37:25.238503Z DEBUG aiur::gpu_trace: CPU trace: circuit lacks generated CUDA coverage circuit=65 rows=67742
2026-09-16T22:37:25.238742Z DEBUG aiur::gpu_trace: CPU trace: circuit lacks generated CUDA coverage circuit=84 rows=712429
2026-09-16T22:37:25.238833Z DEBUG aiur::gpu_trace: CPU trace: circuit lacks generated CUDA coverage circuit=28 rows=831505
2026-09-16T22:37:25.238938Z DEBUG aiur::gpu_trace: CPU trace: circuit lacks generated CUDA coverage circuit=11 rows=197079
2026-09-16T22:37:25.239005Z DEBUG aiur::gpu_trace: CPU trace: circuit lacks generated CUDA coverage circuit=66 rows=17044
2026-09-16T22:37:25.239121Z DEBUG aiur::gpu_trace: CPU trace: circuit lacks generated CUDA coverage circuit=13 rows=174956
2026-09-16T22:37:25.239214Z DEBUG aiur::gpu_trace: CPU trace: circuit lacks generated CUDA coverage circuit=26 rows=464886
2026-09-16T22:37:25.239330Z DEBUG aiur::gpu_trace: CPU trace: circuit lacks generated CUDA coverage circuit=21 rows=787211
2026-09-16T22:37:25.239438Z DEBUG aiur::gpu_trace: CPU trace: circuit lacks generated CUDA coverage circuit=87 rows=133953
2026-09-16T22:37:25.239784Z DEBUG aiur::gpu_trace: CPU trace: circuit lacks generated CUDA coverage circuit=34 rows=224600
2026-09-16T22:37:25.239973Z DEBUG aiur::gpu_trace: CPU trace: circuit lacks generated CUDA coverage circuit=8 rows=413049
2026-09-16T22:37:25.239987Z DEBUG aiur::gpu_trace: CPU trace: circuit lacks generated CUDA coverage circuit=33 rows=1023572
2026-09-16T22:37:25.239993Z DEBUG aiur::gpu_trace: CPU trace: circuit lacks generated CUDA coverage circuit=36 rows=136291
2026-09-16T22:37:25.240024Z DEBUG aiur::gpu_trace: CPU trace: circuit lacks generated CUDA coverage circuit=23 rows=306504
2026-09-16T22:37:25.257101Z DEBUG aiur/codegen_memory_seeds{size=34 rows=132180}: aiur::trace_codegen::cuda: prepared generated memory trace size=34 rows=132180 seed_bytes=38067840 seed_spans=3
2026-09-16T22:37:25.532480Z DEBUG aiur/codegen_memory_seeds{size=7 rows=1018842}: aiur::trace_codegen::cuda: prepared generated memory trace size=7 rows=1018842 seed_bytes=73356624 seed_spans=16
2026-09-16T22:37:25.532482Z DEBUG aiur/codegen_memory_seeds{size=6 rows=1163622}: aiur::trace_codegen::cuda: prepared generated memory trace size=6 rows=1163622 seed_bytes=74471808 seed_spans=18
2026-09-16T22:37:25.561238Z DEBUG aiur/codegen_seeds{circuit=20 rows=1048576}: aiur::trace_codegen::cuda: prepared generated CUDA trace circuit=20 rows=1048576 width=533 seed_bytes=184549376 seed_spans=16
2026-09-16T22:37:26.258324Z DEBUG aiur::gpu_trace: CPU trace: circuit lacks generated CUDA coverage circuit=22 rows=142964
2026-09-16T22:37:26.259008Z DEBUG aiur/codegen_memory_seeds{size=4 rows=141946}: aiur::trace_codegen::cuda: prepared generated memory trace size=4 rows=141946 seed_bytes=6813408 seed_spans=3
2026-09-16T22:37:26.317027Z DEBUG aiur/codegen_seeds{circuit=20 rows=1048576}: aiur::trace_codegen::cuda: prepared generated CUDA trace circuit=20 rows=1048576 width=533 seed_bytes=184549376 seed_spans=16
2026-09-16T22:37:27.256397Z DEBUG aiur/codegen_seeds{circuit=20 rows=1048576}: aiur::trace_codegen::cuda: prepared generated CUDA trace circuit=20 rows=1048576 width=533 seed_bytes=184549376 seed_spans=16
2026-09-16T22:37:27.667068Z DEBUG aiur/codegen_seeds{circuit=20 rows=476568}: aiur::trace_codegen::cuda: prepared generated CUDA trace circuit=20 rows=476568 width=533 seed_bytes=83875968 seed_spans=8
2026-09-16T22:37:28.276726Z DEBUG aiur::gpu_trace: CPU trace: circuit lacks generated CUDA coverage circuit=9 rows=3216024
2026-09-16T22:37:28.277081Z DEBUG aiur/codegen_memory_seeds{size=5 rows=444}: aiur::trace_codegen::cuda: prepared generated memory trace size=5 rows=444 seed_bytes=24864 seed_spans=1
2026-09-16T22:37:28.277232Z DEBUG aiur::gpu_trace: CPU trace: circuit lacks generated CUDA coverage circuit=32 rows=5818277
2026-09-16T22:37:28.335793Z DEBUG aiur/codegen_seeds{circuit=20 rows=1048576}: aiur::trace_codegen::cuda: prepared generated CUDA trace circuit=20 rows=1048576 width=533 seed_bytes=184549376 seed_spans=16
2026-09-16T22:37:28.732201Z DEBUG aiur::gpu_trace: CPU trace: circuit lacks generated CUDA coverage circuit=3 rows=32346
2026-09-16T22:37:28.732236Z DEBUG aiur::gpu_trace: CPU trace: circuit lacks generated CUDA coverage circuit=43 rows=2
2026-09-16T22:37:28.732238Z DEBUG aiur::gpu_trace: CPU trace: circuit lacks generated CUDA coverage circuit=18 rows=2947138
2026-09-16T22:37:28.732236Z DEBUG aiur::gpu_trace: CPU trace: circuit lacks generated CUDA coverage circuit=5 rows=547570
2026-09-16T22:37:28.732549Z DEBUG aiur::gpu_trace: CPU trace: circuit lacks generated CUDA coverage circuit=41 rows=19
2026-09-16T22:37:28.732622Z DEBUG aiur::gpu_trace: CPU trace: circuit lacks generated CUDA coverage circuit=29 rows=3159851
2026-09-16T22:37:28.733626Z DEBUG aiur::gpu_trace: CPU trace: circuit lacks generated CUDA coverage circuit=55 rows=3480
2026-09-16T22:37:28.888341Z DEBUG aiur/codegen_seeds{circuit=20 rows=1048576}: aiur::trace_codegen::cuda: prepared generated CUDA trace circuit=20 rows=1048576 width=533 seed_bytes=184549376 seed_spans=16
2026-09-16T22:37:31.404786Z DEBUG aiur::gpu_trace: CPU trace: circuit lacks generated CUDA coverage circuit=12 rows=577005
2026-09-16T22:37:31.404784Z DEBUG aiur::gpu_trace: CPU trace: circuit lacks generated CUDA coverage circuit=50 rows=20
2026-09-16T22:37:31.404787Z DEBUG aiur::gpu_trace: CPU trace: circuit lacks generated CUDA coverage circuit=56 rows=2
2026-09-16T22:37:31.405096Z DEBUG aiur::gpu_trace: CPU trace: circuit lacks generated CUDA coverage circuit=86 rows=2848003
2026-09-16T22:37:31.405219Z DEBUG aiur/codegen_memory_seeds{size=8 rows=742}: aiur::trace_codegen::cuda: prepared generated memory trace size=8 rows=742 seed_bytes=59360 seed_spans=1
2026-09-16T22:37:31.405223Z DEBUG aiur::gpu_trace: CPU trace: circuit lacks generated CUDA coverage circuit=2 rows=94
2026-09-16T22:37:31.405221Z DEBUG aiur/codegen_memory_seeds{size=11 rows=657}: aiur::trace_codegen::cuda: prepared generated memory trace size=11 rows=657 seed_bytes=68328 seed_spans=1
2026-09-16T22:37:31.405301Z DEBUG aiur::gpu_trace: CPU trace: circuit lacks generated CUDA coverage circuit=44 rows=61
2026-09-16T22:37:31.405360Z DEBUG aiur::gpu_trace: CPU trace: circuit lacks generated CUDA coverage circuit=38 rows=104
2026-09-16T22:37:31.405493Z DEBUG aiur::gpu_trace: CPU trace: circuit lacks generated CUDA coverage circuit=46 rows=19
2026-09-16T22:37:31.405512Z DEBUG aiur::gpu_trace: CPU trace: circuit lacks generated CUDA coverage circuit=16 rows=62
2026-09-16T22:37:31.405548Z DEBUG aiur::gpu_trace: CPU trace: circuit lacks generated CUDA coverage circuit=57 rows=45
2026-09-16T22:37:31.405550Z DEBUG aiur::gpu_trace: CPU trace: circuit lacks generated CUDA coverage circuit=45 rows=2
2026-09-16T22:37:31.405829Z DEBUG aiur::gpu_trace: CPU trace: circuit lacks generated CUDA coverage circuit=24 rows=1976
2026-09-16T22:37:31.405853Z DEBUG aiur::gpu_trace: CPU trace: circuit lacks generated CUDA coverage circuit=51 rows=434
2026-09-16T22:37:31.405946Z DEBUG aiur::gpu_trace: CPU trace: circuit lacks generated CUDA coverage circuit=14 rows=19
2026-09-16T22:37:31.406016Z DEBUG aiur/codegen_seeds{circuit=59 rows=74}: aiur::trace_codegen::cuda: prepared generated CUDA trace circuit=59 rows=74 width=26 seed_bytes=6512 seed_spans=1
2026-09-16T22:37:31.406076Z DEBUG aiur::gpu_trace: CPU trace: circuit lacks generated CUDA coverage circuit=60 rows=32
2026-09-16T22:37:31.406231Z DEBUG aiur::gpu_trace: CPU trace: circuit lacks generated CUDA coverage circuit=35 rows=338230
2026-09-16T22:37:31.406293Z DEBUG aiur::gpu_trace: CPU trace: circuit lacks generated CUDA coverage circuit=61 rows=19
2026-09-16T22:37:31.406336Z DEBUG aiur::gpu_trace: CPU trace: circuit lacks generated CUDA coverage circuit=52 rows=62
2026-09-16T22:37:31.406362Z DEBUG aiur::gpu_trace: CPU trace: circuit lacks generated CUDA coverage circuit=53 rows=25
2026-09-16T22:37:31.406438Z DEBUG aiur::gpu_trace: CPU trace: circuit lacks generated CUDA coverage circuit=54 rows=386
2026-09-16T22:37:31.406446Z DEBUG aiur::gpu_trace: CPU trace: circuit lacks generated CUDA coverage circuit=47 rows=3865
2026-09-16T22:37:31.613104Z DEBUG aiur/codegen_memory_seeds{size=3 rows=7466550}: aiur::trace_codegen::cuda: prepared generated memory trace size=3 rows=7466550 seed_bytes=298662000 seed_spans=114
2026-09-16T22:37:31.651885Z DEBUG aiur/codegen_seeds{circuit=20 rows=1048576}: aiur::trace_codegen::cuda: prepared generated CUDA trace circuit=20 rows=1048576 width=533 seed_bytes=184549376 seed_spans=16
2026-09-16T22:37:31.666412Z DEBUG aiur/codegen_seeds{circuit=30 rows=413610}: aiur::trace_codegen::cuda: prepared generated CUDA trace circuit=30 rows=413610 width=234 seed_bytes=251474880 seed_spans=15
2026-09-16T22:37:33.970454Z DEBUG aiur::gpu_trace: CPU trace: circuit lacks generated CUDA coverage circuit=0 rows=851186
2026-09-16T22:37:33.970470Z DEBUG aiur::gpu_trace: CPU trace: circuit lacks generated CUDA coverage circuit=1 rows=16918
2026-09-16T22:37:33.970491Z DEBUG aiur::gpu_trace: CPU trace: circuit lacks generated CUDA coverage circuit=39 rows=19
2026-09-16T22:37:33.970495Z DEBUG aiur::gpu_trace: CPU trace: circuit lacks generated CUDA coverage circuit=40 rows=21
2026-09-16T22:37:33.970502Z DEBUG aiur::gpu_trace: CPU trace: circuit lacks generated CUDA coverage circuit=15 rows=21
2026-09-16T22:37:33.970493Z DEBUG aiur::gpu_trace: CPU trace: circuit lacks generated CUDA coverage circuit=19 rows=161660
2026-09-16T22:37:33.970492Z DEBUG aiur::gpu_trace: CPU trace: circuit lacks generated CUDA coverage circuit=10 rows=661386
2026-09-16T22:37:33.970493Z DEBUG aiur::gpu_trace: CPU trace: circuit lacks generated CUDA coverage circuit=62 rows=21
2026-09-16T22:37:33.970976Z DEBUG aiur::gpu_trace: CPU trace: circuit lacks generated CUDA coverage circuit=63 rows=20
2026-09-16T22:37:33.971264Z DEBUG aiur::gpu_trace: CPU trace: circuit lacks generated CUDA coverage circuit=58 rows=123
2026-09-16T22:37:33.971463Z DEBUG aiur::gpu_trace: CPU trace: circuit lacks generated CUDA coverage circuit=42 rows=21
2026-09-16T22:37:33.971593Z DEBUG aiur::gpu_trace: CPU trace: circuit lacks generated CUDA coverage circuit=27 rows=1309065
2026-09-16T22:37:33.971635Z DEBUG aiur::gpu_trace: CPU trace: circuit lacks generated CUDA coverage circuit=17 rows=21
2026-09-16T22:37:33.971641Z DEBUG aiur/codegen_memory_seeds{size=26 rows=20}: aiur::trace_codegen::cuda: prepared generated memory trace size=26 rows=20 seed_bytes=4480 seed_spans=1
2026-09-16T22:37:33.971899Z DEBUG aiur::gpu_trace: CPU trace: circuit lacks generated CUDA coverage circuit=64 rows=2
2026-09-16T22:37:33.971925Z DEBUG aiur::gpu_trace: CPU trace: circuit lacks generated CUDA coverage circuit=83 rows=1
2026-09-16T22:37:33.971937Z DEBUG aiur::gpu_trace: CPU trace: circuit lacks generated CUDA coverage circuit=48 rows=21
2026-09-16T22:37:33.971963Z DEBUG aiur::gpu_trace: CPU trace: circuit lacks generated CUDA coverage circuit=85 rows=20
2026-09-16T22:37:33.972109Z DEBUG aiur/codegen_seeds{circuit=49 rows=3}: aiur::trace_codegen::cuda: prepared generated CUDA trace circuit=49 rows=3 width=13 seed_bytes=120 seed_spans=1
2026-09-16T22:37:34.130567Z DEBUG aiur/codegen_memory_seeds{size=32 rows=1357240}: aiur::trace_codegen::cuda: prepared generated memory trace size=32 rows=1357240 seed_bytes=369169280 seed_spans=23
2026-09-16T22:37:34.130573Z DEBUG aiur/codegen_memory_seeds{size=10 rows=2992017}: aiur::trace_codegen::cuda: prepared generated memory trace size=10 rows=2992017 seed_bytes=287233632 seed_spans=46
2026-09-16T22:37:34.170908Z DEBUG aiur/codegen_seeds{circuit=20 rows=1048576}: aiur::trace_codegen::cuda: prepared generated CUDA trace circuit=20 rows=1048576 width=533 seed_bytes=184549376 seed_spans=16
2026-09-16T22:37:36.822135Z DEBUG aiur::gpu_trace: CPU trace: circuit lacks generated CUDA coverage circuit=6 rows=325349
2026-09-16T22:37:36.822141Z DEBUG aiur::gpu_trace: CPU trace: circuit lacks generated CUDA coverage circuit=65 rows=67742
2026-09-16T22:37:36.822149Z DEBUG aiur::gpu_trace: CPU trace: circuit lacks generated CUDA coverage circuit=21 rows=787211
2026-09-16T22:37:36.822150Z DEBUG aiur::gpu_trace: CPU trace: circuit lacks generated CUDA coverage circuit=84 rows=712429
2026-09-16T22:37:36.822154Z DEBUG aiur::gpu_trace: CPU trace: circuit lacks generated CUDA coverage circuit=25 rows=142964
2026-09-16T22:37:36.822150Z DEBUG aiur::gpu_trace: CPU trace: circuit lacks generated CUDA coverage circuit=23 rows=306504
2026-09-16T22:37:36.822153Z DEBUG aiur::gpu_trace: CPU trace: circuit lacks generated CUDA coverage circuit=66 rows=17044
2026-09-16T22:37:36.822153Z DEBUG aiur::gpu_trace: CPU trace: circuit lacks generated CUDA coverage circuit=11 rows=197079
2026-09-16T22:37:36.822153Z DEBUG aiur::gpu_trace: CPU trace: circuit lacks generated CUDA coverage circuit=13 rows=174956
2026-09-16T22:37:36.822154Z DEBUG aiur::gpu_trace: CPU trace: circuit lacks generated CUDA coverage circuit=4 rows=154466
2026-09-16T22:37:36.822154Z DEBUG aiur::gpu_trace: CPU trace: circuit lacks generated CUDA coverage circuit=7 rows=185113
2026-09-16T22:37:36.822591Z DEBUG aiur::gpu_trace: CPU trace: circuit lacks generated CUDA coverage circuit=87 rows=133953
2026-09-16T22:37:36.823150Z DEBUG aiur::gpu_trace: CPU trace: circuit lacks generated CUDA coverage circuit=37 rows=279075
2026-09-16T22:37:36.823204Z DEBUG aiur::gpu_trace: CPU trace: circuit lacks generated CUDA coverage circuit=31 rows=1179962
2026-09-16T22:37:36.823523Z DEBUG aiur::gpu_trace: CPU trace: circuit lacks generated CUDA coverage circuit=28 rows=831505
2026-09-16T22:37:36.823636Z DEBUG aiur::gpu_trace: CPU trace: circuit lacks generated CUDA coverage circuit=26 rows=464886
2026-09-16T22:37:36.826744Z DEBUG aiur::gpu_trace: CPU trace: circuit lacks generated CUDA coverage circuit=8 rows=413049
2026-09-16T22:37:36.827903Z DEBUG aiur::gpu_trace: CPU trace: circuit lacks generated CUDA coverage circuit=34 rows=224600
2026-09-16T22:37:36.829555Z DEBUG aiur::gpu_trace: CPU trace: circuit lacks generated CUDA coverage circuit=33 rows=1023572
2026-09-16T22:37:36.833799Z DEBUG aiur/codegen_memory_seeds{size=6 rows=1163622}: aiur::gpu_trace: CPU trace: circuit lacks generated CUDA coverage circuit=36 rows=136291
2026-09-16T22:37:36.858161Z DEBUG aiur/codegen_memory_seeds{size=34 rows=132180}: aiur::trace_codegen::cuda: prepared generated memory trace size=34 rows=132180 seed_bytes=38067840 seed_spans=3
2026-09-16T22:37:37.122066Z DEBUG aiur/codegen_memory_seeds{size=7 rows=1018842}: aiur::trace_codegen::cuda: prepared generated memory trace size=7 rows=1018842 seed_bytes=73356624 seed_spans=16
2026-09-16T22:37:37.122252Z DEBUG aiur/codegen_memory_seeds{size=6 rows=1163622}: aiur::trace_codegen::cuda: prepared generated memory trace size=6 rows=1163622 seed_bytes=74471808 seed_spans=18
2026-09-16T22:37:37.160474Z DEBUG aiur/codegen_seeds{circuit=20 rows=1048576}: aiur::trace_codegen::cuda: prepared generated CUDA trace circuit=20 rows=1048576 width=533 seed_bytes=184549376 seed_spans=16
2026-09-16T22:37:39.626197Z DEBUG aiur::gpu_trace: CPU trace: circuit lacks generated CUDA coverage circuit=22 rows=142964
2026-09-16T22:37:39.627067Z DEBUG aiur/codegen_memory_seeds{size=4 rows=141946}: aiur::trace_codegen::cuda: prepared generated memory trace size=4 rows=141946 seed_bytes=6813408 seed_spans=3
2026-09-16T22:37:39.680964Z DEBUG aiur/codegen_seeds{circuit=20 rows=1048576}: aiur::trace_codegen::cuda: prepared generated CUDA trace circuit=20 rows=1048576 width=533 seed_bytes=184549376 seed_spans=16
2026-09-16T22:37:42.115612Z DEBUG aiur/codegen_seeds{circuit=20 rows=1048576}: aiur::trace_codegen::cuda: prepared generated CUDA trace circuit=20 rows=1048576 width=533 seed_bytes=184549376 seed_spans=16
2026-09-16T22:37:43.340661Z DEBUG aiur/codegen_seeds{circuit=20 rows=476568}: aiur::trace_codegen::cuda: prepared generated CUDA trace circuit=20 rows=476568 width=533 seed_bytes=83875968 seed_spans=8
[aggregate] slot 5: cached proof 6aaff85641805f0b44a900f2b8a73c9f1376a4342e53d32c9321b0f4cc29b1ca
[lanes] worker 0: join 5 published at +375s
[lanes] root dispatched at +375s
[aggregate] structural-joining slots 2, 5 into 6
[lanes] executor 1: root execution started at +375s
[trace-shards] 7 shards, 1500000000 committed cells: record 12215552497 B in shared pool, host workspace 16607595674 B of 26088568116 B reserved per prover; regenerating round 2
[lanes] executor 1: root executed in 26.4s, record 12215552497 B (11.3 GiB) at +401s
[lanes] worker 0: root proving started at +401s
2026-09-16T22:38:11.634337Z DEBUG aiur::gpu_trace: CPU trace: circuit lacks generated CUDA coverage circuit=32 rows=5041511
2026-09-16T22:38:11.634337Z DEBUG aiur::gpu_trace: CPU trace: circuit lacks generated CUDA coverage circuit=9 rows=2799792
2026-09-16T22:38:11.634810Z DEBUG aiur/codegen_memory_seeds{size=5 rows=362}: aiur::trace_codegen::cuda: prepared generated memory trace size=5 rows=362 seed_bytes=20272 seed_spans=1
2026-09-16T22:38:11.692946Z DEBUG aiur/codegen_seeds{circuit=20 rows=1048576}: aiur::trace_codegen::cuda: prepared generated CUDA trace circuit=20 rows=1048576 width=533 seed_bytes=184549376 seed_spans=16
2026-09-16T22:38:12.054234Z DEBUG aiur::gpu_trace: CPU trace: circuit lacks generated CUDA coverage circuit=54 rows=175
2026-09-16T22:38:12.054233Z DEBUG aiur::gpu_trace: CPU trace: circuit lacks generated CUDA coverage circuit=51 rows=215
2026-09-16T22:38:12.054235Z DEBUG aiur::gpu_trace: CPU trace: circuit lacks generated CUDA coverage circuit=38 rows=84
2026-09-16T22:38:12.054528Z DEBUG aiur::gpu_trace: CPU trace: circuit lacks generated CUDA coverage circuit=2 rows=94
2026-09-16T22:38:12.054594Z DEBUG aiur::gpu_trace: CPU trace: circuit lacks generated CUDA coverage circuit=60 rows=24
2026-09-16T22:38:12.054711Z DEBUG aiur::gpu_trace: CPU trace: circuit lacks generated CUDA coverage circuit=55 rows=1107
2026-09-16T22:38:12.054757Z DEBUG aiur::gpu_trace: CPU trace: circuit lacks generated CUDA coverage circuit=39 rows=17
2026-09-16T22:38:12.054847Z DEBUG aiur::gpu_trace: CPU trace: circuit lacks generated CUDA coverage circuit=45 rows=2
2026-09-16T22:38:12.054887Z DEBUG aiur::gpu_trace: CPU trace: circuit lacks generated CUDA coverage circuit=61 rows=17
2026-09-16T22:38:12.054997Z DEBUG aiur/codegen_memory_seeds{size=11 rows=319}: aiur::trace_codegen::cuda: prepared generated memory trace size=11 rows=319 seed_bytes=33176 seed_spans=1
2026-09-16T22:38:12.055001Z DEBUG aiur::gpu_trace: CPU trace: circuit lacks generated CUDA coverage circuit=47 rows=1281
2026-09-16T22:38:12.055153Z DEBUG aiur::gpu_trace: CPU trace: circuit lacks generated CUDA coverage circuit=29 rows=2691011
2026-09-16T22:38:12.055249Z DEBUG aiur/codegen_memory_seeds{size=8 rows=223}: aiur::trace_codegen::cuda: prepared generated memory trace size=8 rows=223 seed_bytes=17840 seed_spans=1
2026-09-16T22:38:12.055509Z DEBUG aiur::gpu_trace: CPU trace: circuit lacks generated CUDA coverage circuit=10 rows=574636
2026-09-16T22:38:12.067965Z DEBUG aiur/codegen_memory_seeds{size=34 rows=123400}: aiur::trace_codegen::cuda: prepared generated memory trace size=34 rows=123400 seed_bytes=35539200 seed_spans=3
2026-09-16T22:38:12.151366Z DEBUG aiur/codegen_memory_seeds{size=3 rows=8270254}: aiur::trace_codegen::cuda: prepared generated memory trace size=3 rows=8270254 seed_bytes=330810160 seed_spans=127
2026-09-16T22:38:12.187024Z DEBUG aiur/codegen_seeds{circuit=20 rows=1048576}: aiur::trace_codegen::cuda: prepared generated CUDA trace circuit=20 rows=1048576 width=533 seed_bytes=184549376 seed_spans=16
2026-09-16T22:38:12.195978Z DEBUG aiur/codegen_seeds{circuit=30 rows=350633}: aiur::trace_codegen::cuda: prepared generated CUDA trace circuit=30 rows=350633 width=234 seed_bytes=213184864 seed_spans=13
2026-09-16T22:38:13.126547Z DEBUG aiur::gpu_trace: CPU trace: circuit lacks generated CUDA coverage circuit=50 rows=18
2026-09-16T22:38:13.126543Z DEBUG aiur::gpu_trace: CPU trace: circuit lacks generated CUDA coverage circuit=56 rows=2
2026-09-16T22:38:13.126548Z DEBUG aiur::gpu_trace: CPU trace: circuit lacks generated CUDA coverage circuit=52 rows=46
2026-09-16T22:38:13.126549Z DEBUG aiur::gpu_trace: CPU trace: circuit lacks generated CUDA coverage circuit=15 rows=19
2026-09-16T22:38:13.126544Z DEBUG aiur::gpu_trace: CPU trace: circuit lacks generated CUDA coverage circuit=57 rows=32
2026-09-16T22:38:13.126543Z DEBUG aiur::gpu_trace: CPU trace: circuit lacks generated CUDA coverage circuit=58 rows=93
2026-09-16T22:38:13.126548Z DEBUG aiur::gpu_trace: CPU trace: circuit lacks generated CUDA coverage circuit=53 rows=22
2026-09-16T22:38:13.126550Z DEBUG aiur::gpu_trace: CPU trace: circuit lacks generated CUDA coverage circuit=40 rows=19
2026-09-16T22:38:13.126549Z DEBUG aiur::gpu_trace: CPU trace: circuit lacks generated CUDA coverage circuit=43 rows=2
2026-09-16T22:38:13.126550Z DEBUG aiur::gpu_trace: CPU trace: circuit lacks generated CUDA coverage circuit=62 rows=19
2026-09-16T22:38:13.126595Z DEBUG aiur/codegen_seeds{circuit=59 rows=52}: aiur::trace_codegen::cuda: prepared generated CUDA trace circuit=59 rows=52 width=26 seed_bytes=4576 seed_spans=1
2026-09-16T22:38:13.126549Z DEBUG aiur::gpu_trace: CPU trace: circuit lacks generated CUDA coverage circuit=18 rows=3223494
2026-09-16T22:38:13.126760Z DEBUG aiur::gpu_trace: CPU trace: circuit lacks generated CUDA coverage circuit=16 rows=46
2026-09-16T22:38:13.126881Z DEBUG aiur::gpu_trace: CPU trace: circuit lacks generated CUDA coverage circuit=44 rows=45
2026-09-16T22:38:13.127001Z DEBUG aiur::gpu_trace: CPU trace: circuit lacks generated CUDA coverage circuit=63 rows=18
2026-09-16T22:38:13.127017Z DEBUG aiur::gpu_trace: CPU trace: circuit lacks generated CUDA coverage circuit=14 rows=17
2026-09-16T22:38:13.127043Z DEBUG aiur::gpu_trace: CPU trace: circuit lacks generated CUDA coverage circuit=5 rows=421801
2026-09-16T22:38:13.127129Z DEBUG aiur::gpu_trace: CPU trace: circuit lacks generated CUDA coverage circuit=17 rows=19
2026-09-16T22:38:13.127196Z DEBUG aiur::gpu_trace: CPU trace: circuit lacks generated CUDA coverage circuit=19 rows=230976
2026-09-16T22:38:13.127363Z DEBUG aiur::gpu_trace: CPU trace: circuit lacks generated CUDA coverage circuit=46 rows=17
2026-09-16T22:38:13.127377Z DEBUG aiur::gpu_trace: CPU trace: circuit lacks generated CUDA coverage circuit=48 rows=37
2026-09-16T22:38:13.127430Z DEBUG aiur::gpu_trace: CPU trace: circuit lacks generated CUDA coverage circuit=86 rows=2487822
2026-09-16T22:38:13.127458Z DEBUG aiur::gpu_trace: CPU trace: circuit lacks generated CUDA coverage circuit=41 rows=17
2026-09-16T22:38:13.127611Z DEBUG aiur::gpu_trace: CPU trace: circuit lacks generated CUDA coverage circuit=64 rows=2
2026-09-16T22:38:13.127629Z DEBUG aiur::gpu_trace: CPU trace: circuit lacks generated CUDA coverage circuit=83 rows=1
2026-09-16T22:38:13.127659Z DEBUG aiur/codegen_seeds{circuit=49 rows=3}: aiur::trace_codegen::cuda: prepared generated CUDA trace circuit=49 rows=3 width=13 seed_bytes=120 seed_spans=1
2026-09-16T22:38:13.127750Z DEBUG aiur::gpu_trace: CPU trace: circuit lacks generated CUDA coverage circuit=42 rows=19
2026-09-16T22:38:13.127821Z DEBUG aiur::gpu_trace: CPU trace: circuit lacks generated CUDA coverage circuit=85 rows=18
2026-09-16T22:38:13.127909Z DEBUG aiur/codegen_memory_seeds{size=26 rows=18}: aiur::trace_codegen::cuda: prepared generated memory trace size=26 rows=18 seed_bytes=4032 seed_spans=1
2026-09-16T22:38:13.127946Z DEBUG aiur::gpu_trace: CPU trace: circuit lacks generated CUDA coverage circuit=87 rows=39148
2026-09-16T22:38:13.137780Z DEBUG aiur/codegen_memory_seeds{size=10 rows=2602059}: aiur::trace_codegen::cuda: prepared generated memory trace size=10 rows=2602059 seed_bytes=249797664 seed_spans=40
2026-09-16T22:38:13.314239Z DEBUG aiur/codegen_seeds{circuit=20 rows=1048576}: aiur::trace_codegen::cuda: prepared generated CUDA trace circuit=20 rows=1048576 width=533 seed_bytes=184549376 seed_spans=16
2026-09-16T22:38:14.086595Z DEBUG aiur::gpu_trace: CPU trace: circuit lacks generated CUDA coverage circuit=0 rows=691257
2026-09-16T22:38:14.086642Z DEBUG aiur::gpu_trace: CPU trace: circuit lacks generated CUDA coverage circuit=12 rows=426407
2026-09-16T22:38:14.086645Z DEBUG aiur::gpu_trace: CPU trace: circuit lacks generated CUDA coverage circuit=28 rows=563120
2026-09-16T22:38:14.086647Z DEBUG aiur::gpu_trace: CPU trace: circuit lacks generated CUDA coverage circuit=31 rows=889328
2026-09-16T22:38:14.087044Z DEBUG aiur::gpu_trace: CPU trace: circuit lacks generated CUDA coverage circuit=4 rows=145559
2026-09-16T22:38:14.087209Z DEBUG aiur::gpu_trace: CPU trace: circuit lacks generated CUDA coverage circuit=33 rows=598767
2026-09-16T22:38:14.087293Z DEBUG aiur::gpu_trace: CPU trace: circuit lacks generated CUDA coverage circuit=8 rows=252521
2026-09-16T22:38:14.087385Z DEBUG aiur::gpu_trace: CPU trace: circuit lacks generated CUDA coverage circuit=27 rows=508745
2026-09-16T22:38:14.293244Z DEBUG aiur/codegen_memory_seeds{size=7 rows=584345}: aiur::trace_codegen::cuda: prepared generated memory trace size=7 rows=584345 seed_bytes=42072840 seed_spans=9
2026-09-16T22:38:14.293248Z DEBUG aiur/codegen_memory_seeds{size=32 rows=1083776}: aiur::trace_codegen::cuda: prepared generated memory trace size=32 rows=1083776 seed_bytes=294787072 seed_spans=18
2026-09-16T22:38:14.293244Z DEBUG aiur/codegen_memory_seeds{size=6 rows=843767}: aiur::trace_codegen::cuda: prepared generated memory trace size=6 rows=843767 seed_bytes=54001088 seed_spans=13
2026-09-16T22:38:14.332702Z DEBUG aiur/codegen_seeds{circuit=20 rows=1048576}: aiur::trace_codegen::cuda: prepared generated CUDA trace circuit=20 rows=1048576 width=533 seed_bytes=184549376 seed_spans=16
2026-09-16T22:38:15.060518Z DEBUG aiur::gpu_trace: CPU trace: circuit lacks generated CUDA coverage circuit=1 rows=12496
2026-09-16T22:38:15.060539Z DEBUG aiur::gpu_trace: CPU trace: circuit lacks generated CUDA coverage circuit=25 rows=40840
2026-09-16T22:38:15.060565Z DEBUG aiur::gpu_trace: CPU trace: circuit lacks generated CUDA coverage circuit=26 rows=330656
2026-09-16T22:38:15.060565Z DEBUG aiur::gpu_trace: CPU trace: circuit lacks generated CUDA coverage circuit=3 rows=17799
2026-09-16T22:38:15.060571Z DEBUG aiur::gpu_trace: CPU trace: circuit lacks generated CUDA coverage circuit=37 rows=116111
2026-09-16T22:38:15.060576Z DEBUG aiur::gpu_trace: CPU trace: circuit lacks generated CUDA coverage circuit=6 rows=153364
2026-09-16T22:38:15.060573Z DEBUG aiur::gpu_trace: CPU trace: circuit lacks generated CUDA coverage circuit=34 rows=114300
2026-09-16T22:38:15.060574Z DEBUG aiur::gpu_trace: CPU trace: circuit lacks generated CUDA coverage circuit=21 rows=280877
2026-09-16T22:38:15.060597Z DEBUG aiur::gpu_trace: CPU trace: circuit lacks generated CUDA coverage circuit=65 rows=71797
2026-09-16T22:38:15.060891Z DEBUG aiur::gpu_trace: CPU trace: circuit lacks generated CUDA coverage circuit=13 rows=91165
2026-09-16T22:38:15.060926Z DEBUG aiur::gpu_trace: CPU trace: circuit lacks generated CUDA coverage circuit=23 rows=92470
2026-09-16T22:38:15.061016Z DEBUG aiur::gpu_trace: CPU trace: circuit lacks generated CUDA coverage circuit=66 rows=40583
2026-09-16T22:38:15.061302Z DEBUG aiur::gpu_trace: CPU trace: circuit lacks generated CUDA coverage circuit=22 rows=40840
2026-09-16T22:38:15.061454Z DEBUG aiur::gpu_trace: CPU trace: circuit lacks generated CUDA coverage circuit=24 rows=1770
2026-09-16T22:38:15.061607Z DEBUG aiur::gpu_trace: CPU trace: circuit lacks generated CUDA coverage circuit=11 rows=172169
2026-09-16T22:38:15.061698Z DEBUG aiur::gpu_trace: CPU trace: circuit lacks generated CUDA coverage circuit=7 rows=150438
2026-09-16T22:38:15.061898Z DEBUG aiur::gpu_trace: CPU trace: circuit lacks generated CUDA coverage circuit=35 rows=184458
2026-09-16T22:38:15.061961Z DEBUG aiur::gpu_trace: CPU trace: circuit lacks generated CUDA coverage circuit=84 rows=496027
2026-09-16T22:38:15.062293Z DEBUG aiur::gpu_trace: CPU trace: circuit lacks generated CUDA coverage circuit=36 rows=118726
2026-09-16T22:38:15.066118Z DEBUG aiur/codegen_memory_seeds{size=4 rows=117549}: aiur::trace_codegen::cuda: prepared generated memory trace size=4 rows=117549 seed_bytes=5642352 seed_spans=2
2026-09-16T22:38:15.198621Z DEBUG aiur/codegen_seeds{circuit=20 rows=1048576}: aiur::trace_codegen::cuda: prepared generated CUDA trace circuit=20 rows=1048576 width=533 seed_bytes=184549376 seed_spans=16
2026-09-16T22:38:16.087097Z DEBUG aiur/codegen_seeds{circuit=20 rows=1048576}: aiur::trace_codegen::cuda: prepared generated CUDA trace circuit=20 rows=1048576 width=533 seed_bytes=184549376 seed_spans=16
2026-09-16T22:38:16.642327Z DEBUG aiur/codegen_seeds{circuit=20 rows=117088}: aiur::trace_codegen::cuda: prepared generated CUDA trace circuit=20 rows=117088 width=533 seed_bytes=20607488 seed_spans=2
2026-09-16T22:38:17.127035Z DEBUG aiur::gpu_trace: CPU trace: circuit lacks generated CUDA coverage circuit=32 rows=5041511
2026-09-16T22:38:17.127037Z DEBUG aiur::gpu_trace: CPU trace: circuit lacks generated CUDA coverage circuit=9 rows=2799792
2026-09-16T22:38:17.128298Z DEBUG aiur/codegen_memory_seeds{size=5 rows=362}: aiur::trace_codegen::cuda: prepared generated memory trace size=5 rows=362 seed_bytes=20272 seed_spans=1
2026-09-16T22:38:17.177331Z DEBUG aiur/codegen_seeds{circuit=20 rows=1048576}: aiur::trace_codegen::cuda: prepared generated CUDA trace circuit=20 rows=1048576 width=533 seed_bytes=184549376 seed_spans=16
2026-09-16T22:38:17.540397Z DEBUG aiur::gpu_trace: CPU trace: circuit lacks generated CUDA coverage circuit=29 rows=2691011
2026-09-16T22:38:17.540437Z DEBUG aiur::gpu_trace: CPU trace: circuit lacks generated CUDA coverage circuit=2 rows=94
2026-09-16T22:38:17.540665Z DEBUG aiur::gpu_trace: CPU trace: circuit lacks generated CUDA coverage circuit=47 rows=1281
2026-09-16T22:38:17.540700Z DEBUG aiur::gpu_trace: CPU trace: circuit lacks generated CUDA coverage circuit=38 rows=84
2026-09-16T22:38:17.540717Z DEBUG aiur::gpu_trace: CPU trace: circuit lacks generated CUDA coverage circuit=45 rows=2
2026-09-16T22:38:17.540773Z DEBUG aiur::gpu_trace: CPU trace: circuit lacks generated CUDA coverage circuit=51 rows=215
2026-09-16T22:38:17.541033Z DEBUG aiur::gpu_trace: CPU trace: circuit lacks generated CUDA coverage circuit=39 rows=17
2026-09-16T22:38:17.541155Z DEBUG aiur::gpu_trace: CPU trace: circuit lacks generated CUDA coverage circuit=10 rows=574636
2026-09-16T22:38:17.541524Z DEBUG aiur::gpu_trace: CPU trace: circuit lacks generated CUDA coverage circuit=60 rows=24
2026-09-16T22:38:17.541636Z DEBUG aiur::gpu_trace: CPU trace: circuit lacks generated CUDA coverage circuit=61 rows=17
2026-09-16T22:38:17.541787Z DEBUG aiur/codegen_memory_seeds{size=8 rows=223}: aiur::trace_codegen::cuda: prepared generated memory trace size=8 rows=223 seed_bytes=17840 seed_spans=1
2026-09-16T22:38:17.541873Z DEBUG aiur::gpu_trace: CPU trace: circuit lacks generated CUDA coverage circuit=54 rows=175
2026-09-16T22:38:17.541988Z DEBUG aiur/codegen_memory_seeds{size=11 rows=319}: aiur::trace_codegen::cuda: prepared generated memory trace size=11 rows=319 seed_bytes=33176 seed_spans=1
2026-09-16T22:38:17.542781Z DEBUG aiur::gpu_trace: CPU trace: circuit lacks generated CUDA coverage circuit=55 rows=1107
2026-09-16T22:38:17.574791Z DEBUG aiur/codegen_memory_seeds{size=34 rows=123400}: aiur::trace_codegen::cuda: prepared generated memory trace size=34 rows=123400 seed_bytes=35539200 seed_spans=3
2026-09-16T22:38:17.636541Z DEBUG aiur/codegen_memory_seeds{size=3 rows=8270254}: aiur::trace_codegen::cuda: prepared generated memory trace size=3 rows=8270254 seed_bytes=330810160 seed_spans=127
2026-09-16T22:38:17.674183Z DEBUG aiur/codegen_seeds{circuit=20 rows=1048576}: aiur::trace_codegen::cuda: prepared generated CUDA trace circuit=20 rows=1048576 width=533 seed_bytes=184549376 seed_spans=16
2026-09-16T22:38:17.681668Z DEBUG aiur/codegen_seeds{circuit=30 rows=350633}: aiur::trace_codegen::cuda: prepared generated CUDA trace circuit=30 rows=350633 width=234 seed_bytes=213184864 seed_spans=13
2026-09-16T22:38:20.300541Z DEBUG aiur::gpu_trace: CPU trace: circuit lacks generated CUDA coverage circuit=18 rows=3223494
2026-09-16T22:38:20.300551Z DEBUG aiur::gpu_trace: CPU trace: circuit lacks generated CUDA coverage circuit=62 rows=19
2026-09-16T22:38:20.300541Z DEBUG aiur::gpu_trace: CPU trace: circuit lacks generated CUDA coverage circuit=53 rows=22
2026-09-16T22:38:20.300541Z DEBUG aiur::gpu_trace: CPU trace: circuit lacks generated CUDA coverage circuit=14 rows=17
2026-09-16T22:38:20.300551Z DEBUG aiur::gpu_trace: CPU trace: circuit lacks generated CUDA coverage circuit=50 rows=18
2026-09-16T22:38:20.300551Z DEBUG aiur::gpu_trace: CPU trace: circuit lacks generated CUDA coverage circuit=56 rows=2
2026-09-16T22:38:20.300552Z DEBUG aiur::gpu_trace: CPU trace: circuit lacks generated CUDA coverage circuit=57 rows=32
2026-09-16T22:38:20.300552Z DEBUG aiur::gpu_trace: CPU trace: circuit lacks generated CUDA coverage circuit=43 rows=2
2026-09-16T22:38:20.300547Z DEBUG aiur::gpu_trace: CPU trace: circuit lacks generated CUDA coverage circuit=16 rows=46
2026-09-16T22:38:20.300551Z DEBUG aiur::gpu_trace: CPU trace: circuit lacks generated CUDA coverage circuit=40 rows=19
2026-09-16T22:38:20.300549Z DEBUG aiur::gpu_trace: CPU trace: circuit lacks generated CUDA coverage circuit=19 rows=230976
2026-09-16T22:38:20.300545Z DEBUG aiur::gpu_trace: CPU trace: circuit lacks generated CUDA coverage circuit=15 rows=19
2026-09-16T22:38:20.300541Z DEBUG aiur::gpu_trace: CPU trace: circuit lacks generated CUDA coverage circuit=5 rows=421801
2026-09-16T22:38:20.300660Z DEBUG aiur::gpu_trace: CPU trace: circuit lacks generated CUDA coverage circuit=63 rows=18
2026-09-16T22:38:20.300709Z DEBUG aiur/codegen_seeds{circuit=59 rows=52}: aiur::trace_codegen::cuda: prepared generated CUDA trace circuit=59 rows=52 width=26 seed_bytes=4576 seed_spans=1
2026-09-16T22:38:20.300906Z DEBUG aiur::gpu_trace: CPU trace: circuit lacks generated CUDA coverage circuit=17 rows=19
2026-09-16T22:38:20.300983Z DEBUG aiur::gpu_trace: CPU trace: circuit lacks generated CUDA coverage circuit=41 rows=17
2026-09-16T22:38:20.301044Z DEBUG aiur::gpu_trace: CPU trace: circuit lacks generated CUDA coverage circuit=58 rows=93
2026-09-16T22:38:20.301046Z DEBUG aiur::gpu_trace: CPU trace: circuit lacks generated CUDA coverage circuit=46 rows=17
2026-09-16T22:38:20.301071Z DEBUG aiur::gpu_trace: CPU trace: circuit lacks generated CUDA coverage circuit=64 rows=2
2026-09-16T22:38:20.301074Z DEBUG aiur::gpu_trace: CPU trace: circuit lacks generated CUDA coverage circuit=48 rows=37
2026-09-16T22:38:20.301079Z DEBUG aiur::gpu_trace: CPU trace: circuit lacks generated CUDA coverage circuit=44 rows=45
2026-09-16T22:38:20.301318Z DEBUG aiur/codegen_seeds{circuit=49 rows=3}: aiur::trace_codegen::cuda: prepared generated CUDA trace circuit=49 rows=3 width=13 seed_bytes=120 seed_spans=1
2026-09-16T22:38:20.301450Z DEBUG aiur::gpu_trace: CPU trace: circuit lacks generated CUDA coverage circuit=42 rows=19
2026-09-16T22:38:20.301691Z DEBUG aiur::gpu_trace: CPU trace: circuit lacks generated CUDA coverage circuit=52 rows=46
2026-09-16T22:38:20.301735Z DEBUG aiur/codegen_memory_seeds{size=26 rows=18}: aiur::trace_codegen::cuda: prepared generated memory trace size=26 rows=18 seed_bytes=4032 seed_spans=1
2026-09-16T22:38:20.302512Z DEBUG aiur::gpu_trace: CPU trace: circuit lacks generated CUDA coverage circuit=83 rows=1
2026-09-16T22:38:20.302740Z DEBUG aiur::gpu_trace: CPU trace: circuit lacks generated CUDA coverage circuit=85 rows=18
2026-09-16T22:38:20.302873Z DEBUG aiur::gpu_trace: CPU trace: circuit lacks generated CUDA coverage circuit=86 rows=2487822
2026-09-16T22:38:20.306775Z DEBUG aiur::gpu_trace: CPU trace: circuit lacks generated CUDA coverage circuit=87 rows=39148
2026-09-16T22:38:20.595053Z DEBUG aiur/codegen_memory_seeds{size=10 rows=2602059}: aiur::trace_codegen::cuda: prepared generated memory trace size=10 rows=2602059 seed_bytes=249797664 seed_spans=40
2026-09-16T22:38:20.630139Z DEBUG aiur/codegen_seeds{circuit=20 rows=1048576}: aiur::trace_codegen::cuda: prepared generated CUDA trace circuit=20 rows=1048576 width=533 seed_bytes=184549376 seed_spans=16
2026-09-16T22:38:22.929290Z DEBUG aiur::gpu_trace: CPU trace: circuit lacks generated CUDA coverage circuit=0 rows=691257
2026-09-16T22:38:22.929322Z DEBUG aiur::gpu_trace: CPU trace: circuit lacks generated CUDA coverage circuit=4 rows=145559
2026-09-16T22:38:22.929328Z DEBUG aiur::gpu_trace: CPU trace: circuit lacks generated CUDA coverage circuit=33 rows=598767
2026-09-16T22:38:22.929330Z DEBUG aiur::gpu_trace: CPU trace: circuit lacks generated CUDA coverage circuit=31 rows=889328
2026-09-16T22:38:22.929328Z DEBUG aiur::gpu_trace: CPU trace: circuit lacks generated CUDA coverage circuit=12 rows=426407
2026-09-16T22:38:22.929757Z DEBUG aiur::gpu_trace: CPU trace: circuit lacks generated CUDA coverage circuit=8 rows=252521
2026-09-16T22:38:22.930222Z DEBUG aiur::gpu_trace: CPU trace: circuit lacks generated CUDA coverage circuit=27 rows=508745
2026-09-16T22:38:22.930296Z DEBUG aiur::gpu_trace: CPU trace: circuit lacks generated CUDA coverage circuit=28 rows=563120
2026-09-16T22:38:23.137218Z DEBUG aiur/codegen_memory_seeds{size=7 rows=584345}: aiur::trace_codegen::cuda: prepared generated memory trace size=7 rows=584345 seed_bytes=42072840 seed_spans=9
2026-09-16T22:38:23.137219Z DEBUG aiur/codegen_memory_seeds{size=6 rows=843767}: aiur::trace_codegen::cuda: prepared generated memory trace size=6 rows=843767 seed_bytes=54001088 seed_spans=13
2026-09-16T22:38:23.137219Z DEBUG aiur/codegen_memory_seeds{size=32 rows=1083776}: aiur::trace_codegen::cuda: prepared generated memory trace size=32 rows=1083776 seed_bytes=294787072 seed_spans=18
2026-09-16T22:38:23.177437Z DEBUG aiur/codegen_seeds{circuit=20 rows=1048576}: aiur::trace_codegen::cuda: prepared generated CUDA trace circuit=20 rows=1048576 width=533 seed_bytes=184549376 seed_spans=16
2026-09-16T22:38:25.529398Z DEBUG aiur::gpu_trace: CPU trace: circuit lacks generated CUDA coverage circuit=1 rows=12496
2026-09-16T22:38:25.529403Z DEBUG aiur::gpu_trace: CPU trace: circuit lacks generated CUDA coverage circuit=3 rows=17799
2026-09-16T22:38:25.529432Z DEBUG aiur::gpu_trace: CPU trace: circuit lacks generated CUDA coverage circuit=13 rows=91165
2026-09-16T22:38:25.529433Z DEBUG aiur::gpu_trace: CPU trace: circuit lacks generated CUDA coverage circuit=6 rows=153364
2026-09-16T22:38:25.529436Z DEBUG aiur::gpu_trace: CPU trace: circuit lacks generated CUDA coverage circuit=37 rows=116111
2026-09-16T22:38:25.529436Z DEBUG aiur::gpu_trace: CPU trace: circuit lacks generated CUDA coverage circuit=23 rows=92470
2026-09-16T22:38:25.529436Z DEBUG aiur::gpu_trace: CPU trace: circuit lacks generated CUDA coverage circuit=21 rows=280877
2026-09-16T22:38:25.529452Z DEBUG aiur::gpu_trace: CPU trace: circuit lacks generated CUDA coverage circuit=22 rows=40840
2026-09-16T22:38:25.529434Z DEBUG aiur::gpu_trace: CPU trace: circuit lacks generated CUDA coverage circuit=84 rows=496027
2026-09-16T22:38:25.529439Z DEBUG aiur::gpu_trace: CPU trace: circuit lacks generated CUDA coverage circuit=25 rows=40840
2026-09-16T22:38:25.530305Z DEBUG aiur::gpu_trace: CPU trace: circuit lacks generated CUDA coverage circuit=24 rows=1770
2026-09-16T22:38:25.530628Z DEBUG aiur::gpu_trace: CPU trace: circuit lacks generated CUDA coverage circuit=65 rows=71797
2026-09-16T22:38:25.530658Z DEBUG aiur::gpu_trace: CPU trace: circuit lacks generated CUDA coverage circuit=66 rows=40583
2026-09-16T22:38:25.530779Z DEBUG aiur::gpu_trace: CPU trace: circuit lacks generated CUDA coverage circuit=26 rows=330656
2026-09-16T22:38:25.530865Z DEBUG aiur::gpu_trace: CPU trace: circuit lacks generated CUDA coverage circuit=7 rows=150438
2026-09-16T22:38:25.530951Z DEBUG aiur::gpu_trace: CPU trace: circuit lacks generated CUDA coverage circuit=11 rows=172169
2026-09-16T22:38:25.531032Z DEBUG aiur::gpu_trace: CPU trace: circuit lacks generated CUDA coverage circuit=34 rows=114300
2026-09-16T22:38:25.531038Z DEBUG aiur/codegen_memory_seeds{size=4 rows=117549}: aiur::gpu_trace: CPU trace: circuit lacks generated CUDA coverage circuit=35 rows=184458
2026-09-16T22:38:25.532933Z DEBUG aiur::gpu_trace: CPU trace: circuit lacks generated CUDA coverage circuit=36 rows=118726
2026-09-16T22:38:25.627367Z DEBUG aiur/codegen_memory_seeds{size=4 rows=117549}: aiur::trace_codegen::cuda: prepared generated memory trace size=4 rows=117549 seed_bytes=5642352 seed_spans=2
2026-09-16T22:38:25.663341Z DEBUG aiur/codegen_seeds{circuit=20 rows=1048576}: aiur::trace_codegen::cuda: prepared generated CUDA trace circuit=20 rows=1048576 width=533 seed_bytes=184549376 seed_spans=16
2026-09-16T22:38:28.356637Z DEBUG aiur/codegen_seeds{circuit=20 rows=1048576}: aiur::trace_codegen::cuda: prepared generated CUDA trace circuit=20 rows=1048576 width=533 seed_bytes=184549376 seed_spans=16
2026-09-16T22:38:29.903466Z DEBUG aiur/codegen_seeds{circuit=20 rows=117088}: aiur::trace_codegen::cuda: prepared generated CUDA trace circuit=20 rows=117088 width=533 seed_bytes=20607488 seed_spans=2
[aggregate] slot 6: cached proof e48bbe71fa7b89d93fb106cfad61bd2c7e9a11f0b518aade7898cc909c45a7cd
[trace-shards] 3 shards, 1500000000 committed cells: record 4690810921 B in shared pool, host workspace 16332312908 B of 26088568116 B reserved per prover; regenerating round 2
2026-09-16T22:38:40.933930Z DEBUG aiur::gpu_trace: CPU trace: circuit lacks generated CUDA coverage circuit=56 rows=1
2026-09-16T22:38:40.933933Z DEBUG aiur::gpu_trace: CPU trace: circuit lacks generated CUDA coverage circuit=3 rows=8513
2026-09-16T22:38:40.933946Z DEBUG aiur::gpu_trace: CPU trace: circuit lacks generated CUDA coverage circuit=26 rows=134773
2026-09-16T22:38:40.933947Z DEBUG aiur::gpu_trace: CPU trace: circuit lacks generated CUDA coverage circuit=9 rows=1250460
2026-09-16T22:38:40.933947Z DEBUG aiur::gpu_trace: CPU trace: circuit lacks generated CUDA coverage circuit=32 rows=2222981
2026-09-16T22:38:40.934389Z DEBUG aiur::gpu_trace: CPU trace: circuit lacks generated CUDA coverage circuit=5 rows=155680
2026-09-16T22:38:40.934778Z DEBUG aiur::gpu_trace: CPU trace: circuit lacks generated CUDA coverage circuit=29 rows=1184771
2026-09-16T22:38:40.934929Z DEBUG aiur/codegen_memory_seeds{size=11 rows=211}: aiur::trace_codegen::cuda: prepared generated memory trace size=11 rows=211 seed_bytes=21944 seed_spans=1
2026-09-16T22:38:40.934934Z DEBUG aiur::gpu_trace: CPU trace: circuit lacks generated CUDA coverage circuit=44 rows=23
2026-09-16T22:38:40.935018Z DEBUG aiur/codegen_memory_seeds{size=8 rows=223}: aiur::trace_codegen::cuda: prepared generated memory trace size=8 rows=223 seed_bytes=17840 seed_spans=1
2026-09-16T22:38:40.935023Z DEBUG aiur::gpu_trace: CPU trace: circuit lacks generated CUDA coverage circuit=65 rows=54
2026-09-16T22:38:40.935323Z DEBUG aiur::gpu_trace: CPU trace: circuit lacks generated CUDA coverage circuit=47 rows=666
2026-09-16T22:38:41.002306Z DEBUG aiur/codegen_memory_seeds{size=3 rows=1595564}: aiur::trace_codegen::cuda: prepared generated memory trace size=3 rows=1595564 seed_bytes=63822560 seed_spans=25
2026-09-16T22:38:41.026262Z DEBUG aiur/codegen_seeds{circuit=30 rows=154984}: aiur::trace_codegen::cuda: prepared generated CUDA trace circuit=30 rows=154984 width=234 seed_bytes=94230272 seed_spans=6
2026-09-16T22:38:41.049980Z DEBUG aiur/codegen_seeds{circuit=20 rows=1048576}: aiur::trace_codegen::cuda: prepared generated CUDA trace circuit=20 rows=1048576 width=533 seed_bytes=184549376 seed_spans=16
2026-09-16T22:38:41.203780Z DEBUG aiur::gpu_trace: CPU trace: circuit lacks generated CUDA coverage circuit=0 rows=283283
2026-09-16T22:38:41.203793Z DEBUG aiur::gpu_trace: CPU trace: circuit lacks generated CUDA coverage circuit=31 rows=365003
2026-09-16T22:38:41.203783Z DEBUG aiur::gpu_trace: CPU trace: circuit lacks generated CUDA coverage circuit=6 rows=90367
2026-09-16T22:38:41.203806Z DEBUG aiur::gpu_trace: CPU trace: circuit lacks generated CUDA coverage circuit=38 rows=39
2026-09-16T22:38:41.203809Z DEBUG aiur::gpu_trace: CPU trace: circuit lacks generated CUDA coverage circuit=8 rows=112124
2026-09-16T22:38:41.203812Z DEBUG aiur::gpu_trace: CPU trace: circuit lacks generated CUDA coverage circuit=34 rows=54300
2026-09-16T22:38:41.203812Z DEBUG aiur::gpu_trace: CPU trace: circuit lacks generated CUDA coverage circuit=37 rows=54274
2026-09-16T22:38:41.203812Z DEBUG aiur::gpu_trace: CPU trace: circuit lacks generated CUDA coverage circuit=25 rows=40840
2026-09-16T22:38:41.203807Z DEBUG aiur::gpu_trace: CPU trace: circuit lacks generated CUDA coverage circuit=40 rows=8
2026-09-16T22:38:41.203813Z DEBUG aiur::gpu_trace: CPU trace: circuit lacks generated CUDA coverage circuit=41 rows=7
2026-09-16T22:38:41.203808Z DEBUG aiur::gpu_trace: CPU trace: circuit lacks generated CUDA coverage circuit=62 rows=8
2026-09-16T22:38:41.203809Z DEBUG aiur::gpu_trace: CPU trace: circuit lacks generated CUDA coverage circuit=28 rows=236239
2026-09-16T22:38:41.203808Z DEBUG aiur::gpu_trace: CPU trace: circuit lacks generated CUDA coverage circuit=7 rows=61674
2026-09-16T22:38:41.203808Z DEBUG aiur::gpu_trace: CPU trace: circuit lacks generated CUDA coverage circuit=53 rows=19
2026-09-16T22:38:41.203808Z DEBUG aiur::gpu_trace: CPU trace: circuit lacks generated CUDA coverage circuit=1 rows=7
2026-09-16T22:38:41.203811Z DEBUG aiur::gpu_trace: CPU trace: circuit lacks generated CUDA coverage circuit=50 rows=8
2026-09-16T22:38:41.203807Z DEBUG aiur::gpu_trace: CPU trace: circuit lacks generated CUDA coverage circuit=43 rows=1
2026-09-16T22:38:41.203810Z DEBUG aiur::gpu_trace: CPU trace: circuit lacks generated CUDA coverage circuit=54 rows=90
2026-09-16T22:38:41.203807Z DEBUG aiur::gpu_trace: CPU trace: circuit lacks generated CUDA coverage circuit=46 rows=7
2026-09-16T22:38:41.203812Z DEBUG aiur::gpu_trace: CPU trace: circuit lacks generated CUDA coverage circuit=12 rows=170291
2026-09-16T22:38:41.204106Z DEBUG aiur::gpu_trace: CPU trace: circuit lacks generated CUDA coverage circuit=33 rows=283295
2026-09-16T22:38:41.204230Z DEBUG aiur::gpu_trace: CPU trace: circuit lacks generated CUDA coverage circuit=2 rows=46
2026-09-16T22:38:41.204236Z DEBUG aiur::gpu_trace: CPU trace: circuit lacks generated CUDA coverage circuit=57 rows=22
2026-09-16T22:38:41.204260Z DEBUG aiur::gpu_trace: CPU trace: circuit lacks generated CUDA coverage circuit=4 rows=49635
2026-09-16T22:38:41.204381Z DEBUG aiur::gpu_trace: CPU trace: circuit lacks generated CUDA coverage circuit=10 rows=141594
2026-09-16T22:38:41.204388Z DEBUG aiur::gpu_trace: CPU trace: circuit lacks generated CUDA coverage circuit=51 rows=103
2026-09-16T22:38:41.204401Z DEBUG aiur::gpu_trace: CPU trace: circuit lacks generated CUDA coverage circuit=42 rows=8
2026-09-16T22:38:41.204408Z DEBUG aiur::gpu_trace: CPU trace: circuit lacks generated CUDA coverage circuit=63 rows=8
2026-09-16T22:38:41.204433Z DEBUG aiur::gpu_trace: CPU trace: circuit lacks generated CUDA coverage circuit=58 rows=57
2026-09-16T22:38:41.204437Z DEBUG aiur::gpu_trace: CPU trace: circuit lacks generated CUDA coverage circuit=45 rows=1
2026-09-16T22:38:41.204442Z DEBUG aiur::gpu_trace: CPU trace: circuit lacks generated CUDA coverage circuit=55 rows=577
2026-09-16T22:38:41.204493Z DEBUG aiur::gpu_trace: CPU trace: circuit lacks generated CUDA coverage circuit=48 rows=19
2026-09-16T22:38:41.204513Z DEBUG aiur::gpu_trace: CPU trace: circuit lacks generated CUDA coverage circuit=39 rows=7
2026-09-16T22:38:41.204557Z DEBUG aiur::gpu_trace: CPU trace: circuit lacks generated CUDA coverage circuit=83 rows=1
2026-09-16T22:38:41.204660Z DEBUG aiur/codegen_seeds{circuit=49 rows=2}: aiur::trace_codegen::cuda: prepared generated CUDA trace circuit=49 rows=2 width=13 seed_bytes=80 seed_spans=1
2026-09-16T22:38:41.204686Z DEBUG aiur/codegen_memory_seeds{size=26 rows=8}: aiur::trace_codegen::cuda: prepared generated memory trace size=26 rows=8 seed_bytes=1792 seed_spans=1
2026-09-16T22:38:41.204729Z DEBUG aiur::gpu_trace: CPU trace: circuit lacks generated CUDA coverage circuit=27 rows=242586
2026-09-16T22:38:41.204735Z DEBUG aiur::gpu_trace: CPU trace: circuit lacks generated CUDA coverage circuit=52 rows=23
2026-09-16T22:38:41.204805Z DEBUG aiur::gpu_trace: CPU trace: circuit lacks generated CUDA coverage circuit=11 rows=73861
2026-09-16T22:38:41.204813Z DEBUG aiur::gpu_trace: CPU trace: circuit lacks generated CUDA coverage circuit=18 rows=644486
2026-09-16T22:38:41.204821Z DEBUG aiur::gpu_trace: CPU trace: circuit lacks generated CUDA coverage circuit=64 rows=1
2026-09-16T22:38:41.204822Z DEBUG aiur/codegen_memory_seeds{size=5 rows=147}: aiur::trace_codegen::cuda: prepared generated memory trace size=5 rows=147 seed_bytes=8232 seed_spans=1
2026-09-16T22:38:41.204868Z DEBUG aiur::gpu_trace: CPU trace: circuit lacks generated CUDA coverage circuit=84 rows=214968
2026-09-16T22:38:41.204938Z DEBUG aiur/codegen_seeds{circuit=59 rows=33}: aiur::trace_codegen::cuda: prepared generated CUDA trace circuit=59 rows=33 width=26 seed_bytes=2904 seed_spans=1
2026-09-16T22:38:41.204960Z DEBUG aiur::gpu_trace: CPU trace: circuit lacks generated CUDA coverage circuit=60 rows=12
2026-09-16T22:38:41.205000Z DEBUG aiur::gpu_trace: CPU trace: circuit lacks generated CUDA coverage circuit=66 rows=3
2026-09-16T22:38:41.205023Z DEBUG aiur::gpu_trace: CPU trace: circuit lacks generated CUDA coverage circuit=61 rows=7
2026-09-16T22:38:41.205158Z DEBUG aiur/codegen_memory_seeds{size=4 rows=50381}: aiur::trace_codegen::cuda: prepared generated memory trace size=4 rows=50381 seed_bytes=2418288 seed_spans=1
2026-09-16T22:38:41.205198Z DEBUG aiur::gpu_trace: CPU trace: circuit lacks generated CUDA coverage circuit=15 rows=8
2026-09-16T22:38:41.205327Z DEBUG aiur::gpu_trace: CPU trace: circuit lacks generated CUDA coverage circuit=16 rows=23
2026-09-16T22:38:41.205341Z DEBUG aiur::gpu_trace: CPU trace: circuit lacks generated CUDA coverage circuit=17 rows=8
2026-09-16T22:38:41.205412Z DEBUG aiur::gpu_trace: CPU trace: circuit lacks generated CUDA coverage circuit=35 rows=86742
2026-09-16T22:38:41.205464Z DEBUG aiur::gpu_trace: CPU trace: circuit lacks generated CUDA coverage circuit=86 rows=1098354
2026-09-16T22:38:41.205466Z DEBUG aiur::gpu_trace: CPU trace: circuit lacks generated CUDA coverage circuit=21 rows=227800
2026-09-16T22:38:41.208556Z DEBUG aiur::gpu_trace: CPU trace: circuit lacks generated CUDA coverage circuit=87 rows=39148
2026-09-16T22:38:41.215179Z DEBUG aiur/codegen_memory_seeds{size=34 rows=39777}: aiur::trace_codegen::cuda: prepared generated memory trace size=34 rows=39777 seed_bytes=11455776 seed_spans=1
2026-09-16T22:38:41.215214Z DEBUG aiur::gpu_trace: CPU trace: circuit lacks generated CUDA coverage circuit=13 rows=51554
2026-09-16T22:38:41.219749Z DEBUG aiur/codegen_memory_seeds{size=32 rows=416296}: aiur::gpu_trace: CPU trace: circuit lacks generated CUDA coverage circuit=36 rows=52828
2026-09-16T22:38:41.223999Z DEBUG aiur/codegen_memory_seeds{size=6 rows=361750}: aiur::trace_codegen::cuda: prepared generated memory trace size=6 rows=361750 seed_bytes=23152000 seed_spans=6
2026-09-16T22:38:41.226552Z DEBUG aiur::gpu_trace: CPU trace: circuit lacks generated CUDA coverage circuit=23 rows=92470
2026-09-16T22:38:41.233537Z DEBUG aiur/codegen_memory_seeds{size=10 rows=1144436}: aiur::trace_codegen::cuda: prepared generated memory trace size=10 rows=1144436 seed_bytes=109865856 seed_spans=18
2026-09-16T22:38:41.236344Z DEBUG aiur/codegen_memory_seeds{size=7 rows=278417}: aiur::trace_codegen::cuda: prepared generated memory trace size=7 rows=278417 seed_bytes=20046024 seed_spans=5
2026-09-16T22:38:41.241292Z DEBUG aiur::gpu_trace: CPU trace: circuit lacks generated CUDA coverage circuit=85 rows=8
2026-09-16T22:38:41.242573Z DEBUG aiur::gpu_trace: CPU trace: circuit lacks generated CUDA coverage circuit=19 rows=21432
2026-09-16T22:38:41.263797Z DEBUG aiur::gpu_trace: CPU trace: circuit lacks generated CUDA coverage circuit=22 rows=40840
2026-09-16T22:38:41.281238Z DEBUG aiur::gpu_trace: CPU trace: circuit lacks generated CUDA coverage circuit=14 rows=7
2026-09-16T22:38:41.286991Z DEBUG aiur::gpu_trace: CPU trace: circuit lacks generated CUDA coverage circuit=24 rows=736
2026-09-16T22:38:41.394952Z DEBUG aiur/codegen_memory_seeds{size=32 rows=416296}: aiur::trace_codegen::cuda: prepared generated memory trace size=32 rows=416296 seed_bytes=113232512 seed_spans=7
2026-09-16T22:38:41.429940Z DEBUG aiur/codegen_seeds{circuit=20 rows=1048576}: aiur::trace_codegen::cuda: prepared generated CUDA trace circuit=20 rows=1048576 width=533 seed_bytes=184549376 seed_spans=16
2026-09-16T22:38:42.221332Z DEBUG aiur/codegen_seeds{circuit=20 rows=419208}: aiur::trace_codegen::cuda: prepared generated CUDA trace circuit=20 rows=419208 width=533 seed_bytes=73780608 seed_spans=7
2026-09-16T22:38:43.256723Z DEBUG aiur::gpu_trace: CPU trace: circuit lacks generated CUDA coverage circuit=3 rows=8513
2026-09-16T22:38:43.256747Z DEBUG aiur::gpu_trace: CPU trace: circuit lacks generated CUDA coverage circuit=56 rows=1
2026-09-16T22:38:43.256757Z DEBUG aiur::gpu_trace: CPU trace: circuit lacks generated CUDA coverage circuit=9 rows=1250460
2026-09-16T22:38:43.257063Z DEBUG aiur/codegen_memory_seeds{size=11 rows=211}: aiur::trace_codegen::cuda: prepared generated memory trace size=11 rows=211 seed_bytes=21944 seed_spans=1
2026-09-16T22:38:43.257249Z DEBUG aiur::gpu_trace: CPU trace: circuit lacks generated CUDA coverage circuit=29 rows=1184771
2026-09-16T22:38:43.257260Z DEBUG aiur::gpu_trace: CPU trace: circuit lacks generated CUDA coverage circuit=44 rows=23
2026-09-16T22:38:43.257294Z DEBUG aiur::gpu_trace: CPU trace: circuit lacks generated CUDA coverage circuit=26 rows=134773
2026-09-16T22:38:43.257310Z DEBUG aiur/codegen_memory_seeds{size=8 rows=223}: aiur::trace_codegen::cuda: prepared generated memory trace size=8 rows=223 seed_bytes=17840 seed_spans=1
2026-09-16T22:38:43.257450Z DEBUG aiur::gpu_trace: CPU trace: circuit lacks generated CUDA coverage circuit=32 rows=2222981
2026-09-16T22:38:43.257549Z DEBUG aiur::gpu_trace: CPU trace: circuit lacks generated CUDA coverage circuit=5 rows=155680
2026-09-16T22:38:43.257640Z DEBUG aiur::gpu_trace: CPU trace: circuit lacks generated CUDA coverage circuit=47 rows=666
2026-09-16T22:38:43.257916Z DEBUG aiur::gpu_trace: CPU trace: circuit lacks generated CUDA coverage circuit=65 rows=54
2026-09-16T22:38:43.515005Z DEBUG aiur/codegen_memory_seeds{size=3 rows=1595564}: aiur::trace_codegen::cuda: prepared generated memory trace size=3 rows=1595564 seed_bytes=63822560 seed_spans=25
2026-09-16T22:38:43.530257Z DEBUG aiur/codegen_seeds{circuit=30 rows=154984}: aiur::trace_codegen::cuda: prepared generated CUDA trace circuit=30 rows=154984 width=234 seed_bytes=94230272 seed_spans=6
2026-09-16T22:38:43.539544Z DEBUG aiur/codegen_seeds{circuit=20 rows=1048576}: aiur::trace_codegen::cuda: prepared generated CUDA trace circuit=20 rows=1048576 width=533 seed_bytes=184549376 seed_spans=16
2026-09-16T22:38:43.540335Z DEBUG aiur::gpu_trace: CPU trace: circuit lacks generated CUDA coverage circuit=1 rows=7
2026-09-16T22:38:43.540340Z DEBUG aiur::gpu_trace: CPU trace: circuit lacks generated CUDA coverage circuit=0 rows=283283
2026-09-16T22:38:43.540345Z DEBUG aiur::gpu_trace: CPU trace: circuit lacks generated CUDA coverage circuit=2 rows=46
2026-09-16T22:38:43.540359Z DEBUG aiur::gpu_trace: CPU trace: circuit lacks generated CUDA coverage circuit=4 rows=49635
2026-09-16T22:38:43.540364Z DEBUG aiur::gpu_trace: CPU trace: circuit lacks generated CUDA coverage circuit=62 rows=8
2026-09-16T22:38:43.540365Z DEBUG aiur::gpu_trace: CPU trace: circuit lacks generated CUDA coverage circuit=16 rows=23
2026-09-16T22:38:43.540367Z DEBUG aiur::gpu_trace: CPU trace: circuit lacks generated CUDA coverage circuit=50 rows=8
2026-09-16T22:38:43.540367Z DEBUG aiur::gpu_trace: CPU trace: circuit lacks generated CUDA coverage circuit=51 rows=103
2026-09-16T22:38:43.540370Z DEBUG aiur::gpu_trace: CPU trace: circuit lacks generated CUDA coverage circuit=63 rows=8
2026-09-16T22:38:43.540375Z DEBUG aiur::gpu_trace: CPU trace: circuit lacks generated CUDA coverage circuit=25 rows=40840
2026-09-16T22:38:43.540378Z DEBUG aiur::gpu_trace: CPU trace: circuit lacks generated CUDA coverage circuit=6 rows=90367
2026-09-16T22:38:43.540381Z DEBUG aiur::gpu_trace: CPU trace: circuit lacks generated CUDA coverage circuit=18 rows=644486
2026-09-16T22:38:43.540365Z DEBUG aiur::gpu_trace: CPU trace: circuit lacks generated CUDA coverage circuit=15 rows=8
2026-09-16T22:38:43.540378Z DEBUG aiur::gpu_trace: CPU trace: circuit lacks generated CUDA coverage circuit=19 rows=21432
2026-09-16T22:38:43.540375Z DEBUG aiur::gpu_trace: CPU trace: circuit lacks generated CUDA coverage circuit=64 rows=1
2026-09-16T22:38:43.540376Z DEBUG aiur::gpu_trace: CPU trace: circuit lacks generated CUDA coverage circuit=21 rows=227800
2026-09-16T22:38:43.540377Z DEBUG aiur::gpu_trace: CPU trace: circuit lacks generated CUDA coverage circuit=31 rows=365003
2026-09-16T22:38:43.540367Z DEBUG aiur::gpu_trace: CPU trace: circuit lacks generated CUDA coverage circuit=17 rows=8
2026-09-16T22:38:43.540377Z DEBUG aiur::gpu_trace: CPU trace: circuit lacks generated CUDA coverage circuit=12 rows=170291
2026-09-16T22:38:43.540374Z DEBUG aiur::gpu_trace: CPU trace: circuit lacks generated CUDA coverage circuit=53 rows=19
2026-09-16T22:38:43.540410Z DEBUG aiur::gpu_trace: CPU trace: circuit lacks generated CUDA coverage circuit=84 rows=214968
2026-09-16T22:38:43.540378Z DEBUG aiur::gpu_trace: CPU trace: circuit lacks generated CUDA coverage circuit=37 rows=54274
2026-09-16T22:38:43.540573Z DEBUG aiur::gpu_trace: CPU trace: circuit lacks generated CUDA coverage circuit=28 rows=236239
2026-09-16T22:38:43.540720Z DEBUG aiur::gpu_trace: CPU trace: circuit lacks generated CUDA coverage circuit=52 rows=23
2026-09-16T22:38:43.540729Z DEBUG aiur::gpu_trace: CPU trace: circuit lacks generated CUDA coverage circuit=54 rows=90
2026-09-16T22:38:43.540785Z DEBUG aiur::gpu_trace: CPU trace: circuit lacks generated CUDA coverage circuit=86 rows=1098354
2026-09-16T22:38:43.540802Z DEBUG aiur::gpu_trace: CPU trace: circuit lacks generated CUDA coverage circuit=43 rows=1
2026-09-16T22:38:43.540804Z DEBUG aiur::gpu_trace: CPU trace: circuit lacks generated CUDA coverage circuit=46 rows=7
2026-09-16T22:38:43.540808Z DEBUG aiur::gpu_trace: CPU trace: circuit lacks generated CUDA coverage circuit=66 rows=3
2026-09-16T22:38:43.540836Z DEBUG aiur::gpu_trace: CPU trace: circuit lacks generated CUDA coverage circuit=87 rows=39148
2026-09-16T22:38:43.540843Z DEBUG aiur::gpu_trace: CPU trace: circuit lacks generated CUDA coverage circuit=83 rows=1
2026-09-16T22:38:43.540845Z DEBUG aiur::gpu_trace: CPU trace: circuit lacks generated CUDA coverage circuit=57 rows=22
2026-09-16T22:38:43.540954Z DEBUG aiur::gpu_trace: CPU trace: circuit lacks generated CUDA coverage circuit=40 rows=8
2026-09-16T22:38:43.541012Z DEBUG aiur::gpu_trace: CPU trace: circuit lacks generated CUDA coverage circuit=13 rows=51554
2026-09-16T22:38:43.541022Z DEBUG aiur::gpu_trace: CPU trace: circuit lacks generated CUDA coverage circuit=55 rows=577
2026-09-16T22:38:43.541198Z DEBUG aiur::gpu_trace: CPU trace: circuit lacks generated CUDA coverage circuit=41 rows=7
2026-09-16T22:38:43.541193Z DEBUG aiur::gpu_trace: CPU trace: circuit lacks generated CUDA coverage circuit=38 rows=39
2026-09-16T22:38:43.541201Z DEBUG aiur::gpu_trace: CPU trace: circuit lacks generated CUDA coverage circuit=23 rows=92470
2026-09-16T22:38:43.541278Z DEBUG aiur::gpu_trace: CPU trace: circuit lacks generated CUDA coverage circuit=45 rows=1
2026-09-16T22:38:43.541323Z DEBUG aiur::gpu_trace: CPU trace: circuit lacks generated CUDA coverage circuit=58 rows=57
2026-09-16T22:38:43.541464Z DEBUG aiur::gpu_trace: CPU trace: circuit lacks generated CUDA coverage circuit=48 rows=19
2026-09-16T22:38:43.541558Z DEBUG aiur/codegen_seeds{circuit=59 rows=33}: aiur::trace_codegen::cuda: prepared generated CUDA trace circuit=59 rows=33 width=26 seed_bytes=2904 seed_spans=1
2026-09-16T22:38:43.541570Z DEBUG aiur::gpu_trace: CPU trace: circuit lacks generated CUDA coverage circuit=42 rows=8
2026-09-16T22:38:43.541577Z DEBUG aiur::gpu_trace: CPU trace: circuit lacks generated CUDA coverage circuit=85 rows=8
2026-09-16T22:38:43.541583Z DEBUG aiur::gpu_trace: CPU trace: circuit lacks generated CUDA coverage circuit=60 rows=12
2026-09-16T22:38:43.541680Z DEBUG aiur::gpu_trace: CPU trace: circuit lacks generated CUDA coverage circuit=14 rows=7
2026-09-16T22:38:43.541684Z DEBUG aiur::gpu_trace: CPU trace: circuit lacks generated CUDA coverage circuit=34 rows=54300
2026-09-16T22:38:43.541724Z DEBUG aiur/codegen_seeds{circuit=49 rows=2}: aiur::trace_codegen::cuda: prepared generated CUDA trace circuit=49 rows=2 width=13 seed_bytes=80 seed_spans=1
2026-09-16T22:38:43.541729Z DEBUG aiur::gpu_trace: CPU trace: circuit lacks generated CUDA coverage circuit=7 rows=61674
2026-09-16T22:38:43.541750Z DEBUG aiur::gpu_trace: CPU trace: circuit lacks generated CUDA coverage circuit=39 rows=7
2026-09-16T22:38:43.541768Z DEBUG aiur::gpu_trace: CPU trace: circuit lacks generated CUDA coverage circuit=61 rows=7
2026-09-16T22:38:43.541842Z DEBUG aiur::gpu_trace: CPU trace: circuit lacks generated CUDA coverage circuit=22 rows=40840
2026-09-16T22:38:43.541847Z DEBUG aiur::gpu_trace: CPU trace: circuit lacks generated CUDA coverage circuit=35 rows=86742
2026-09-16T22:38:43.541978Z DEBUG aiur::gpu_trace: CPU trace: circuit lacks generated CUDA coverage circuit=8 rows=112124
2026-09-16T22:38:43.541975Z DEBUG aiur/codegen_memory_seeds{size=4 rows=50381}: aiur::trace_codegen::cuda: prepared generated memory trace size=4 rows=50381 seed_bytes=2418288 seed_spans=1
2026-09-16T22:38:43.542026Z DEBUG aiur/codegen_memory_seeds{size=5 rows=147}: aiur::trace_codegen::cuda: prepared generated memory trace size=5 rows=147 seed_bytes=8232 seed_spans=1
2026-09-16T22:38:43.545118Z DEBUG aiur::gpu_trace: CPU trace: circuit lacks generated CUDA coverage circuit=10 rows=141594
2026-09-16T22:38:43.545470Z DEBUG aiur/codegen_memory_seeds{size=6 rows=361750}: aiur::gpu_trace: CPU trace: circuit lacks generated CUDA coverage circuit=36 rows=52828
2026-09-16T22:38:43.545619Z DEBUG aiur::gpu_trace: CPU trace: circuit lacks generated CUDA coverage circuit=24 rows=736
2026-09-16T22:38:43.550142Z DEBUG aiur/codegen_memory_seeds{size=34 rows=39777}: aiur::trace_codegen::cuda: prepared generated memory trace size=34 rows=39777 seed_bytes=11455776 seed_spans=1
2026-09-16T22:38:43.553873Z DEBUG aiur::gpu_trace: CPU trace: circuit lacks generated CUDA coverage circuit=33 rows=283295
2026-09-16T22:38:43.556572Z DEBUG aiur/codegen_memory_seeds{size=26 rows=8}: aiur::trace_codegen::cuda: prepared generated memory trace size=26 rows=8 seed_bytes=1792 seed_spans=1
2026-09-16T22:38:43.568698Z DEBUG aiur::gpu_trace: CPU trace: circuit lacks generated CUDA coverage circuit=11 rows=73861
2026-09-16T22:38:43.597798Z DEBUG aiur/codegen_memory_seeds{size=7 rows=278417}: aiur::trace_codegen::cuda: prepared generated memory trace size=7 rows=278417 seed_bytes=20046024 seed_spans=5
2026-09-16T22:38:43.597860Z DEBUG aiur/codegen_memory_seeds{size=32 rows=416296}: aiur::trace_codegen::cuda: prepared generated memory trace size=32 rows=416296 seed_bytes=113232512 seed_spans=7
2026-09-16T22:38:43.619485Z DEBUG aiur::gpu_trace: CPU trace: circuit lacks generated CUDA coverage circuit=27 rows=242586
2026-09-16T22:38:43.724507Z DEBUG aiur/codegen_memory_seeds{size=6 rows=361750}: aiur::trace_codegen::cuda: prepared generated memory trace size=6 rows=361750 seed_bytes=23152000 seed_spans=6
2026-09-16T22:38:43.753466Z DEBUG aiur/codegen_memory_seeds{size=10 rows=1144436}:aiur/codegen_seeds{circuit=20 rows=1048576}: aiur::trace_codegen::cuda: prepared generated CUDA trace circuit=20 rows=1048576 width=533 seed_bytes=184549376 seed_spans=16
2026-09-16T22:38:43.753495Z DEBUG aiur/codegen_memory_seeds{size=10 rows=1144436}: aiur::trace_codegen::cuda: prepared generated memory trace size=10 rows=1144436 seed_bytes=109865856 seed_spans=18
2026-09-16T22:38:46.128197Z DEBUG aiur/codegen_seeds{circuit=20 rows=419208}: aiur::trace_codegen::cuda: prepared generated CUDA trace circuit=20 rows=419208 width=533 seed_bytes=73780608 seed_spans=7
[aggregate] root wrap proven in 17.8s (query-record peak 65.4 GiB): 7 shard(s) verified into 3
[trace-shards] 2 shards, 1500000000 committed cells: record 2596471339 B in shared pool, host workspace 16024734011 B of 26088568116 B reserved per prover; regenerating round 2
2026-09-16T22:38:54.400410Z DEBUG aiur::gpu_trace: CPU trace: circuit lacks generated CUDA coverage circuit=1 rows=7
2026-09-16T22:38:54.400426Z DEBUG aiur::gpu_trace: CPU trace: circuit lacks generated CUDA coverage circuit=50 rows=4
2026-09-16T22:38:54.400432Z DEBUG aiur::gpu_trace: CPU trace: circuit lacks generated CUDA coverage circuit=0 rows=122767
2026-09-16T22:38:54.400426Z DEBUG aiur::gpu_trace: CPU trace: circuit lacks generated CUDA coverage circuit=9 rows=851972
2026-09-16T22:38:54.400434Z DEBUG aiur::gpu_trace: CPU trace: circuit lacks generated CUDA coverage circuit=15 rows=4
2026-09-16T22:38:54.400429Z DEBUG aiur::gpu_trace: CPU trace: circuit lacks generated CUDA coverage circuit=34 rows=46700
2026-09-16T22:38:54.400427Z DEBUG aiur::gpu_trace: CPU trace: circuit lacks generated CUDA coverage circuit=31 rows=163747
2026-09-16T22:38:54.400428Z DEBUG aiur::gpu_trace: CPU trace: circuit lacks generated CUDA coverage circuit=51 rows=91
2026-09-16T22:38:54.400430Z DEBUG aiur::gpu_trace: CPU trace: circuit lacks generated CUDA coverage circuit=21 rows=227800
2026-09-16T22:38:54.400425Z DEBUG aiur::gpu_trace: CPU trace: circuit lacks generated CUDA coverage circuit=2 rows=30
2026-09-16T22:38:54.400435Z DEBUG aiur::gpu_trace: CPU trace: circuit lacks generated CUDA coverage circuit=18 rows=505054
2026-09-16T22:38:54.400427Z DEBUG aiur::gpu_trace: CPU trace: circuit lacks generated CUDA coverage circuit=84 rows=128499
2026-09-16T22:38:54.400430Z DEBUG aiur::gpu_trace: CPU trace: circuit lacks generated CUDA coverage circuit=16 rows=23
2026-09-16T22:38:54.400429Z DEBUG aiur::gpu_trace: CPU trace: circuit lacks generated CUDA coverage circuit=32 rows=1309424
2026-09-16T22:38:54.400425Z DEBUG aiur::gpu_trace: CPU trace: circuit lacks generated CUDA coverage circuit=56 rows=1
2026-09-16T22:38:54.400428Z DEBUG aiur::gpu_trace: CPU trace: circuit lacks generated CUDA coverage circuit=37 rows=44190
2026-09-16T22:38:54.400426Z DEBUG aiur::gpu_trace: CPU trace: circuit lacks generated CUDA coverage circuit=62 rows=4
2026-09-16T22:38:54.400430Z DEBUG aiur::gpu_trace: CPU trace: circuit lacks generated CUDA coverage circuit=19 rows=16310
2026-09-16T22:38:54.400430Z DEBUG aiur::gpu_trace: CPU trace: circuit lacks generated CUDA coverage circuit=28 rows=135128
2026-09-16T22:38:54.400433Z DEBUG aiur::gpu_trace: CPU trace: circuit lacks generated CUDA coverage circuit=10 rows=68901
2026-09-16T22:38:54.400426Z DEBUG aiur::gpu_trace: CPU trace: circuit lacks generated CUDA coverage circuit=53 rows=19
2026-09-16T22:38:54.400430Z DEBUG aiur::gpu_trace: CPU trace: circuit lacks generated CUDA coverage circuit=12 rows=73897
2026-09-16T22:38:54.400430Z DEBUG aiur::gpu_trace: CPU trace: circuit lacks generated CUDA coverage circuit=25 rows=40840
2026-09-16T22:38:54.400426Z DEBUG aiur::gpu_trace: CPU trace: circuit lacks generated CUDA coverage circuit=6 rows=75487
2026-09-16T22:38:54.400737Z DEBUG aiur::gpu_trace: CPU trace: circuit lacks generated CUDA coverage circuit=33 rows=338351
2026-09-16T22:38:54.400837Z DEBUG aiur::gpu_trace: CPU trace: circuit lacks generated CUDA coverage circuit=52 rows=23
2026-09-16T22:38:54.400847Z DEBUG aiur::gpu_trace: CPU trace: circuit lacks generated CUDA coverage circuit=83 rows=1
2026-09-16T22:38:54.400955Z DEBUG aiur::gpu_trace: CPU trace: circuit lacks generated CUDA coverage circuit=8 rows=76644
2026-09-16T22:38:54.400953Z DEBUG aiur/codegen_seeds{circuit=59 rows=33}: aiur::trace_codegen::cuda: prepared generated CUDA trace circuit=59 rows=33 width=26 seed_bytes=2904 seed_spans=1
2026-09-16T22:38:54.400980Z DEBUG aiur::gpu_trace: CPU trace: circuit lacks generated CUDA coverage circuit=60 rows=12
2026-09-16T22:38:54.401008Z DEBUG aiur::gpu_trace: CPU trace: circuit lacks generated CUDA coverage circuit=4 rows=26056
2026-09-16T22:38:54.401022Z DEBUG aiur::gpu_trace: CPU trace: circuit lacks generated CUDA coverage circuit=86 rows=644520
2026-09-16T22:38:54.401058Z DEBUG aiur::gpu_trace: CPU trace: circuit lacks generated CUDA coverage circuit=61 rows=3
2026-09-16T22:38:54.401061Z DEBUG aiur::gpu_trace: CPU trace: circuit lacks generated CUDA coverage circuit=23 rows=92470
2026-09-16T22:38:54.401081Z DEBUG aiur::gpu_trace: CPU trace: circuit lacks generated CUDA coverage circuit=29 rows=694798
2026-09-16T22:38:54.401081Z DEBUG aiur::gpu_trace: CPU trace: circuit lacks generated CUDA coverage circuit=17 rows=4
2026-09-16T22:38:54.401117Z DEBUG aiur::gpu_trace: CPU trace: circuit lacks generated CUDA coverage circuit=54 rows=88
2026-09-16T22:38:54.401128Z DEBUG aiur::gpu_trace: CPU trace: circuit lacks generated CUDA coverage circuit=63 rows=4
2026-09-16T22:38:54.401197Z DEBUG aiur::gpu_trace: CPU trace: circuit lacks generated CUDA coverage circuit=57 rows=22
2026-09-16T22:38:54.401259Z DEBUG aiur::gpu_trace: CPU trace: circuit lacks generated CUDA coverage circuit=11 rows=42475
2026-09-16T22:38:54.401359Z DEBUG aiur::gpu_trace: CPU trace: circuit lacks generated CUDA coverage circuit=14 rows=3
2026-09-16T22:38:54.401369Z DEBUG aiur::gpu_trace: CPU trace: circuit lacks generated CUDA coverage circuit=55 rows=297
2026-09-16T22:38:54.401369Z DEBUG aiur::gpu_trace: CPU trace: circuit lacks generated CUDA coverage circuit=64 rows=1
2026-09-16T22:38:54.401388Z DEBUG aiur::gpu_trace: CPU trace: circuit lacks generated CUDA coverage circuit=58 rows=57
2026-09-16T22:38:54.401433Z DEBUG aiur::gpu_trace: CPU trace: circuit lacks generated CUDA coverage circuit=85 rows=4
2026-09-16T22:38:54.401541Z DEBUG aiur::gpu_trace: CPU trace: circuit lacks generated CUDA coverage circuit=24 rows=324
2026-09-16T22:38:54.401554Z DEBUG aiur::gpu_trace: CPU trace: circuit lacks generated CUDA coverage circuit=65 rows=54
2026-09-16T22:38:54.401575Z DEBUG aiur::gpu_trace: CPU trace: circuit lacks generated CUDA coverage circuit=27 rows=312644
2026-09-16T22:38:54.401598Z DEBUG aiur::gpu_trace: CPU trace: circuit lacks generated CUDA coverage circuit=22 rows=40840
2026-09-16T22:38:54.401634Z DEBUG aiur::gpu_trace: CPU trace: circuit lacks generated CUDA coverage circuit=66 rows=3
2026-09-16T22:38:54.401723Z DEBUG aiur::gpu_trace: CPU trace: circuit lacks generated CUDA coverage circuit=5 rows=67940
2026-09-16T22:38:54.403952Z DEBUG aiur/codegen_memory_seeds{size=5 rows=63}: aiur::trace_codegen::cuda: prepared generated memory trace size=5 rows=63 seed_bytes=3528 seed_spans=1
2026-09-16T22:38:54.404151Z DEBUG aiur/codegen_memory_seeds{size=8 rows=223}: aiur::trace_codegen::cuda: prepared generated memory trace size=8 rows=223 seed_bytes=17840 seed_spans=1
2026-09-16T22:38:54.404177Z DEBUG aiur::gpu_trace: CPU trace: circuit lacks generated CUDA coverage circuit=43 rows=1
2026-09-16T22:38:54.404227Z DEBUG aiur::gpu_trace: CPU trace: circuit lacks generated CUDA coverage circuit=44 rows=23
2026-09-16T22:38:54.404319Z DEBUG aiur::gpu_trace: CPU trace: circuit lacks generated CUDA coverage circuit=45 rows=1
2026-09-16T22:38:54.404368Z DEBUG aiur::gpu_trace: CPU trace: circuit lacks generated CUDA coverage circuit=46 rows=3
2026-09-16T22:38:54.404417Z DEBUG aiur::gpu_trace: CPU trace: circuit lacks generated CUDA coverage circuit=47 rows=384
2026-09-16T22:38:54.404621Z DEBUG aiur::gpu_trace: CPU trace: circuit lacks generated CUDA coverage circuit=48 rows=19
2026-09-16T22:38:54.404699Z DEBUG aiur/codegen_seeds{circuit=49 rows=2}: aiur::trace_codegen::cuda: prepared generated CUDA trace circuit=49 rows=2 width=13 seed_bytes=80 seed_spans=1
2026-09-16T22:38:54.405932Z DEBUG aiur/codegen_memory_seeds{size=6 rows=177226}: aiur::gpu_trace: CPU trace: circuit lacks generated CUDA coverage circuit=40 rows=4
2026-09-16T22:38:54.406032Z DEBUG aiur/codegen_memory_seeds{size=6 rows=177226}: aiur::gpu_trace: CPU trace: circuit lacks generated CUDA coverage circuit=41 rows=3
2026-09-16T22:38:54.406120Z DEBUG aiur/codegen_memory_seeds{size=6 rows=177226}: aiur::gpu_trace: CPU trace: circuit lacks generated CUDA coverage circuit=42 rows=4
2026-09-16T22:38:54.420732Z DEBUG aiur/codegen_memory_seeds{size=7 rows=336765}: aiur::trace_codegen::cuda: prepared generated memory trace size=7 rows=336765 seed_bytes=24247080 seed_spans=6
2026-09-16T22:38:54.431821Z DEBUG aiur/codegen_memory_seeds{size=6 rows=177226}: aiur::trace_codegen::cuda: prepared generated memory trace size=6 rows=177226 seed_bytes=11342464 seed_spans=3
2026-09-16T22:38:54.431859Z DEBUG aiur::gpu_trace: CPU trace: circuit lacks generated CUDA coverage circuit=38 rows=31
2026-09-16T22:38:54.431974Z DEBUG aiur::gpu_trace: CPU trace: circuit lacks generated CUDA coverage circuit=39 rows=3
2026-09-16T22:38:54.441876Z DEBUG aiur/codegen_memory_seeds{size=10 rows=664610}: aiur::trace_codegen::cuda: prepared generated memory trace size=10 rows=664610 seed_bytes=63802560 seed_spans=11
2026-09-16T22:38:54.441958Z DEBUG aiur/codegen_memory_seeds{size=11 rows=206}: aiur::trace_codegen::cuda: prepared generated memory trace size=11 rows=206 seed_bytes=21424 seed_spans=1
2026-09-16T22:38:54.441983Z DEBUG aiur/codegen_memory_seeds{size=26 rows=4}: aiur::trace_codegen::cuda: prepared generated memory trace size=26 rows=4 seed_bytes=896 seed_spans=1
2026-09-16T22:38:54.449470Z DEBUG aiur/codegen_memory_seeds{size=3 rows=1161322}: aiur::trace_codegen::cuda: prepared generated memory trace size=3 rows=1161322 seed_bytes=46452880 seed_spans=18
2026-09-16T22:38:54.465768Z DEBUG aiur/codegen_memory_seeds{size=32 rows=204514}: aiur::trace_codegen::cuda: prepared generated memory trace size=32 rows=204514 seed_bytes=55627808 seed_spans=4
2026-09-16T22:38:54.511981Z DEBUG aiur::gpu_trace: CPU trace: circuit lacks generated CUDA coverage circuit=35 rows=72110
2026-09-16T22:38:54.566464Z DEBUG aiur::gpu_trace: CPU trace: circuit lacks generated CUDA coverage circuit=36 rows=35044
2026-09-16T22:38:54.688766Z DEBUG aiur/codegen_seeds{circuit=30 rows=89191}: aiur::trace_codegen::cuda: prepared generated CUDA trace circuit=30 rows=89191 width=234 seed_bytes=54228128 seed_spans=4
2026-09-16T22:38:54.715434Z DEBUG aiur/codegen_seeds{circuit=20 rows=1048576}: aiur::trace_codegen::cuda: prepared generated CUDA trace circuit=20 rows=1048576 width=533 seed_bytes=184549376 seed_spans=16
2026-09-16T22:38:54.716478Z DEBUG aiur::gpu_trace: CPU trace: circuit lacks generated CUDA coverage circuit=3 rows=4977
2026-09-16T22:38:54.716479Z DEBUG aiur::gpu_trace: CPU trace: circuit lacks generated CUDA coverage circuit=13 rows=45550
2026-09-16T22:38:54.716479Z DEBUG aiur::gpu_trace: CPU trace: circuit lacks generated CUDA coverage circuit=26 rows=63056
2026-09-16T22:38:54.716918Z DEBUG aiur::gpu_trace: CPU trace: circuit lacks generated CUDA coverage circuit=7 rows=27238
2026-09-16T22:38:54.717424Z DEBUG aiur/codegen_memory_seeds{size=4 rows=28176}: aiur::trace_codegen::cuda: prepared generated memory trace size=4 rows=28176 seed_bytes=1352448 seed_spans=1
2026-09-16T22:38:54.717882Z DEBUG aiur::gpu_trace: CPU trace: circuit lacks generated CUDA coverage circuit=87 rows=39148
2026-09-16T22:38:54.719689Z DEBUG aiur/codegen_memory_seeds{size=34 rows=20873}: aiur::trace_codegen::cuda: prepared generated memory trace size=34 rows=20873 seed_bytes=6011424 seed_spans=1
2026-09-16T22:38:54.735669Z DEBUG aiur/codegen_seeds{circuit=20 rows=254728}: aiur::trace_codegen::cuda: prepared generated CUDA trace circuit=20 rows=254728 width=533 seed_bytes=44832128 seed_spans=4
2026-09-16T22:38:55.755313Z DEBUG aiur::gpu_trace: CPU trace: circuit lacks generated CUDA coverage circuit=0 rows=122767
2026-09-16T22:38:55.755335Z DEBUG aiur::gpu_trace: CPU trace: circuit lacks generated CUDA coverage circuit=9 rows=851972
2026-09-16T22:38:55.755343Z DEBUG aiur::gpu_trace: CPU trace: circuit lacks generated CUDA coverage circuit=65 rows=54
2026-09-16T22:38:55.755352Z DEBUG aiur::gpu_trace: CPU trace: circuit lacks generated CUDA coverage circuit=1 rows=7
2026-09-16T22:38:55.755356Z DEBUG aiur::gpu_trace: CPU trace: circuit lacks generated CUDA coverage circuit=50 rows=4
2026-09-16T22:38:55.755357Z DEBUG aiur::gpu_trace: CPU trace: circuit lacks generated CUDA coverage circuit=51 rows=91
2026-09-16T22:38:55.755358Z DEBUG aiur::gpu_trace: CPU trace: circuit lacks generated CUDA coverage circuit=53 rows=19
2026-09-16T22:38:55.755358Z DEBUG aiur::gpu_trace: CPU trace: circuit lacks generated CUDA coverage circuit=4 rows=26056
2026-09-16T22:38:55.755363Z DEBUG aiur::gpu_trace: CPU trace: circuit lacks generated CUDA coverage circuit=12 rows=73897
2026-09-16T22:38:55.755361Z DEBUG aiur::gpu_trace: CPU trace: circuit lacks generated CUDA coverage circuit=62 rows=4
2026-09-16T22:38:55.755361Z DEBUG aiur::gpu_trace: CPU trace: circuit lacks generated CUDA coverage circuit=25 rows=40840
2026-09-16T22:38:55.755357Z DEBUG aiur::gpu_trace: CPU trace: circuit lacks generated CUDA coverage circuit=38 rows=31
2026-09-16T22:38:55.755357Z DEBUG aiur::gpu_trace: CPU trace: circuit lacks generated CUDA coverage circuit=37 rows=44190
2026-09-16T22:38:55.755360Z DEBUG aiur::gpu_trace: CPU trace: circuit lacks generated CUDA coverage circuit=10 rows=68901
2026-09-16T22:38:55.755359Z DEBUG aiur::gpu_trace: CPU trace: circuit lacks generated CUDA coverage circuit=40 rows=4
2026-09-16T22:38:55.755360Z DEBUG aiur::gpu_trace: CPU trace: circuit lacks generated CUDA coverage circuit=2 rows=30
2026-09-16T22:38:55.755358Z DEBUG aiur::gpu_trace: CPU trace: circuit lacks generated CUDA coverage circuit=15 rows=4
2026-09-16T22:38:55.755358Z DEBUG aiur::gpu_trace: CPU trace: circuit lacks generated CUDA coverage circuit=16 rows=23
2026-09-16T22:38:55.755359Z DEBUG aiur::gpu_trace: CPU trace: circuit lacks generated CUDA coverage circuit=43 rows=1
2026-09-16T22:38:55.755363Z DEBUG aiur::gpu_trace: CPU trace: circuit lacks generated CUDA coverage circuit=18 rows=505054
2026-09-16T22:38:55.755361Z DEBUG aiur::gpu_trace: CPU trace: circuit lacks generated CUDA coverage circuit=31 rows=163747
2026-09-16T22:38:55.755356Z DEBUG aiur::gpu_trace: CPU trace: circuit lacks generated CUDA coverage circuit=6 rows=75487
2026-09-16T22:38:55.755362Z DEBUG aiur::gpu_trace: CPU trace: circuit lacks generated CUDA coverage circuit=57 rows=22
2026-09-16T22:38:55.755358Z DEBUG aiur::gpu_trace: CPU trace: circuit lacks generated CUDA coverage circuit=66 rows=3
2026-09-16T22:38:55.755358Z DEBUG aiur::gpu_trace: CPU trace: circuit lacks generated CUDA coverage circuit=56 rows=1
2026-09-16T22:38:55.755361Z DEBUG aiur::gpu_trace: CPU trace: circuit lacks generated CUDA coverage circuit=46 rows=3
2026-09-16T22:38:55.755408Z DEBUG aiur/codegen_seeds{circuit=59 rows=33}: aiur::trace_codegen::cuda: prepared generated CUDA trace circuit=59 rows=33 width=26 seed_bytes=2904 seed_spans=1
2026-09-16T22:38:55.755477Z DEBUG aiur::gpu_trace: CPU trace: circuit lacks generated CUDA coverage circuit=60 rows=12
2026-09-16T22:38:55.755673Z DEBUG aiur::gpu_trace: CPU trace: circuit lacks generated CUDA coverage circuit=8 rows=76644
2026-09-16T22:38:55.755696Z DEBUG aiur::gpu_trace: CPU trace: circuit lacks generated CUDA coverage circuit=11 rows=42475
2026-09-16T22:38:55.755696Z DEBUG aiur::gpu_trace: CPU trace: circuit lacks generated CUDA coverage circuit=41 rows=3
2026-09-16T22:38:55.755716Z DEBUG aiur::gpu_trace: CPU trace: circuit lacks generated CUDA coverage circuit=34 rows=46700
2026-09-16T22:38:55.755752Z DEBUG aiur::gpu_trace: CPU trace: circuit lacks generated CUDA coverage circuit=42 rows=4
2026-09-16T22:38:55.755755Z DEBUG aiur::gpu_trace: CPU trace: circuit lacks generated CUDA coverage circuit=47 rows=384
2026-09-16T22:38:55.755764Z DEBUG aiur::gpu_trace: CPU trace: circuit lacks generated CUDA coverage circuit=44 rows=23
2026-09-16T22:38:55.755771Z DEBUG aiur::gpu_trace: CPU trace: circuit lacks generated CUDA coverage circuit=39 rows=3
2026-09-16T22:38:55.755792Z DEBUG aiur::gpu_trace: CPU trace: circuit lacks generated CUDA coverage circuit=63 rows=4
2026-09-16T22:38:55.755794Z DEBUG aiur::gpu_trace: CPU trace: circuit lacks generated CUDA coverage circuit=14 rows=3
2026-09-16T22:38:55.755826Z DEBUG aiur::gpu_trace: CPU trace: circuit lacks generated CUDA coverage circuit=52 rows=23
2026-09-16T22:38:55.755836Z DEBUG aiur::gpu_trace: CPU trace: circuit lacks generated CUDA coverage circuit=48 rows=19
2026-09-16T22:38:55.755850Z DEBUG aiur::gpu_trace: CPU trace: circuit lacks generated CUDA coverage circuit=58 rows=57
2026-09-16T22:38:55.755944Z DEBUG aiur::gpu_trace: CPU trace: circuit lacks generated CUDA coverage circuit=61 rows=3
2026-09-16T22:38:55.755948Z DEBUG aiur::gpu_trace: CPU trace: circuit lacks generated CUDA coverage circuit=45 rows=1
2026-09-16T22:38:55.755969Z DEBUG aiur::gpu_trace: CPU trace: circuit lacks generated CUDA coverage circuit=17 rows=4
2026-09-16T22:38:55.756000Z DEBUG aiur::gpu_trace: CPU trace: circuit lacks generated CUDA coverage circuit=54 rows=88
2026-09-16T22:38:55.756025Z DEBUG aiur::gpu_trace: CPU trace: circuit lacks generated CUDA coverage circuit=55 rows=297
2026-09-16T22:38:55.756027Z DEBUG aiur::gpu_trace: CPU trace: circuit lacks generated CUDA coverage circuit=35 rows=72110
2026-09-16T22:38:55.756041Z DEBUG aiur::gpu_trace: CPU trace: circuit lacks generated CUDA coverage circuit=36 rows=35044
2026-09-16T22:38:55.756114Z DEBUG aiur::gpu_trace: CPU trace: circuit lacks generated CUDA coverage circuit=28 rows=135128
2026-09-16T22:38:55.756117Z DEBUG aiur/codegen_seeds{circuit=49 rows=2}: aiur::trace_codegen::cuda: prepared generated CUDA trace circuit=49 rows=2 width=13 seed_bytes=80 seed_spans=1
2026-09-16T22:38:55.756126Z DEBUG aiur::gpu_trace: CPU trace: circuit lacks generated CUDA coverage circuit=5 rows=67940
2026-09-16T22:38:55.756124Z DEBUG aiur::gpu_trace: CPU trace: circuit lacks generated CUDA coverage circuit=32 rows=1309424
2026-09-16T22:38:55.756131Z DEBUG aiur::gpu_trace: CPU trace: circuit lacks generated CUDA coverage circuit=21 rows=227800
2026-09-16T22:38:55.756248Z DEBUG aiur::gpu_trace: CPU trace: circuit lacks generated CUDA coverage circuit=19 rows=16310
2026-09-16T22:38:55.756255Z DEBUG aiur::gpu_trace: CPU trace: circuit lacks generated CUDA coverage circuit=64 rows=1
2026-09-16T22:38:55.756265Z DEBUG aiur::gpu_trace: CPU trace: circuit lacks generated CUDA coverage circuit=29 rows=694798
2026-09-16T22:38:55.756283Z DEBUG aiur::gpu_trace: CPU trace: circuit lacks generated CUDA coverage circuit=33 rows=338351
2026-09-16T22:38:55.756315Z DEBUG aiur::gpu_trace: CPU trace: circuit lacks generated CUDA coverage circuit=27 rows=312644
2026-09-16T22:38:55.756374Z DEBUG aiur::gpu_trace: CPU trace: circuit lacks generated CUDA coverage circuit=23 rows=92470
2026-09-16T22:38:55.756386Z DEBUG aiur::gpu_trace: CPU trace: circuit lacks generated CUDA coverage circuit=22 rows=40840
2026-09-16T22:38:55.756622Z DEBUG aiur::gpu_trace: CPU trace: circuit lacks generated CUDA coverage circuit=83 rows=1
2026-09-16T22:38:55.756701Z DEBUG aiur/codegen_memory_seeds{size=5 rows=63}: aiur::trace_codegen::cuda: prepared generated memory trace size=5 rows=63 seed_bytes=3528 seed_spans=1
2026-09-16T22:38:55.756728Z DEBUG aiur::gpu_trace: CPU trace: circuit lacks generated CUDA coverage circuit=84 rows=128499
2026-09-16T22:38:55.756732Z DEBUG aiur::gpu_trace: CPU trace: circuit lacks generated CUDA coverage circuit=86 rows=644520
2026-09-16T22:38:55.765442Z DEBUG aiur/codegen_memory_seeds{size=6 rows=177226}: aiur::trace_codegen::cuda: prepared generated memory trace size=6 rows=177226 seed_bytes=11342464 seed_spans=3
2026-09-16T22:38:55.781875Z DEBUG aiur/codegen_memory_seeds{size=7 rows=336765}: aiur::trace_codegen::cuda: prepared generated memory trace size=7 rows=336765 seed_bytes=24247080 seed_spans=6
2026-09-16T22:38:55.781935Z DEBUG aiur/codegen_memory_seeds{size=8 rows=223}: aiur::trace_codegen::cuda: prepared generated memory trace size=8 rows=223 seed_bytes=17840 seed_spans=1
2026-09-16T22:38:55.789493Z DEBUG aiur/codegen_memory_seeds{size=3 rows=1161322}: aiur::trace_codegen::cuda: prepared generated memory trace size=3 rows=1161322 seed_bytes=46452880 seed_spans=18
2026-09-16T22:38:55.795362Z DEBUG aiur/codegen_memory_seeds{size=10 rows=664610}: aiur::trace_codegen::cuda: prepared generated memory trace size=10 rows=664610 seed_bytes=63802560 seed_spans=11
2026-09-16T22:38:55.795424Z DEBUG aiur/codegen_memory_seeds{size=11 rows=206}: aiur::trace_codegen::cuda: prepared generated memory trace size=11 rows=206 seed_bytes=21424 seed_spans=1
2026-09-16T22:38:55.795440Z DEBUG aiur/codegen_memory_seeds{size=26 rows=4}: aiur::trace_codegen::cuda: prepared generated memory trace size=26 rows=4 seed_bytes=896 seed_spans=1
2026-09-16T22:38:55.814948Z DEBUG aiur::gpu_trace: CPU trace: circuit lacks generated CUDA coverage circuit=24 rows=324
2026-09-16T22:38:55.815770Z DEBUG aiur/codegen_memory_seeds{size=32 rows=204514}: aiur::trace_codegen::cuda: prepared generated memory trace size=32 rows=204514 seed_bytes=55627808 seed_spans=4
2026-09-16T22:38:55.834237Z DEBUG aiur::gpu_trace: CPU trace: circuit lacks generated CUDA coverage circuit=85 rows=4
2026-09-16T22:38:56.034734Z DEBUG aiur/codegen_seeds{circuit=30 rows=89191}: aiur::trace_codegen::cuda: prepared generated CUDA trace circuit=30 rows=89191 width=234 seed_bytes=54228128 seed_spans=4
2026-09-16T22:38:56.060308Z DEBUG aiur/codegen_seeds{circuit=20 rows=1048576}: aiur::trace_codegen::cuda: prepared generated CUDA trace circuit=20 rows=1048576 width=533 seed_bytes=184549376 seed_spans=16
2026-09-16T22:38:56.061053Z DEBUG aiur::gpu_trace: CPU trace: circuit lacks generated CUDA coverage circuit=26 rows=63056
2026-09-16T22:38:56.061057Z DEBUG aiur::gpu_trace: CPU trace: circuit lacks generated CUDA coverage circuit=7 rows=27238
2026-09-16T22:38:56.061060Z DEBUG aiur::gpu_trace: CPU trace: circuit lacks generated CUDA coverage circuit=3 rows=4977
2026-09-16T22:38:56.061844Z DEBUG aiur::gpu_trace: CPU trace: circuit lacks generated CUDA coverage circuit=13 rows=45550
2026-09-16T22:38:56.062374Z DEBUG aiur::gpu_trace: CPU trace: circuit lacks generated CUDA coverage circuit=87 rows=39148
2026-09-16T22:38:56.062408Z DEBUG aiur/codegen_memory_seeds{size=4 rows=28176}: aiur::trace_codegen::cuda: prepared generated memory trace size=4 rows=28176 seed_bytes=1352448 seed_spans=1
2026-09-16T22:38:56.064889Z DEBUG aiur/codegen_memory_seeds{size=34 rows=20873}: aiur::trace_codegen::cuda: prepared generated memory trace size=34 rows=20873 seed_bytes=6011424 seed_spans=1
2026-09-16T22:38:56.079831Z DEBUG aiur/codegen_seeds{circuit=20 rows=254728}: aiur::trace_codegen::cuda: prepared generated CUDA trace circuit=20 rows=254728 width=533 seed_bytes=44832128 seed_spans=4
[aggregate] root wrap proven in 9.7s (query-record peak 62.0 GiB): 3 shard(s) verified into 2
[trace-shards] 1 shards, 1500000000 committed cells: record 2027193520 B in shared pool, host workspace 15541336473 B of 26088568116 B reserved per prover; regenerating round 2
2026-09-16T22:39:03.172323Z DEBUG aiur::gpu_trace: CPU trace: circuit lacks generated CUDA coverage circuit=0 rows=78545
2026-09-16T22:39:03.172335Z DEBUG aiur::gpu_trace: CPU trace: circuit lacks generated CUDA coverage circuit=12 rows=44886
2026-09-16T22:39:03.172327Z DEBUG aiur::gpu_trace: CPU trace: circuit lacks generated CUDA coverage circuit=3 rows=3859
2026-09-16T22:39:03.172332Z DEBUG aiur::gpu_trace: CPU trace: circuit lacks generated CUDA coverage circuit=4 rows=19986
2026-09-16T22:39:03.172353Z DEBUG aiur::gpu_trace: CPU trace: circuit lacks generated CUDA coverage circuit=31 rows=103021
2026-09-16T22:39:03.172355Z DEBUG aiur::gpu_trace: CPU trace: circuit lacks generated CUDA coverage circuit=34 rows=44800
2026-09-16T22:39:03.172356Z DEBUG aiur::gpu_trace: CPU trace: circuit lacks generated CUDA coverage circuit=50 rows=3
2026-09-16T22:39:03.172349Z DEBUG aiur::gpu_trace: CPU trace: circuit lacks generated CUDA coverage circuit=7 rows=17866
2026-09-16T22:39:03.172361Z DEBUG aiur::gpu_trace: CPU trace: circuit lacks generated CUDA coverage circuit=2 rows=26
2026-09-16T22:39:03.172355Z DEBUG aiur::gpu_trace: CPU trace: circuit lacks generated CUDA coverage circuit=56 rows=1
2026-09-16T22:39:03.172352Z DEBUG aiur::gpu_trace: CPU trace: circuit lacks generated CUDA coverage circuit=5 rows=41236
2026-09-16T22:39:03.172355Z DEBUG aiur::gpu_trace: CPU trace: circuit lacks generated CUDA coverage circuit=6 rows=71561
2026-09-16T22:39:03.172360Z DEBUG aiur::gpu_trace: CPU trace: circuit lacks generated CUDA coverage circuit=15 rows=3
2026-09-16T22:39:03.172359Z DEBUG aiur::gpu_trace: CPU trace: circuit lacks generated CUDA coverage circuit=25 rows=40840
2026-09-16T22:39:03.172361Z DEBUG aiur::gpu_trace: CPU trace: circuit lacks generated CUDA coverage circuit=1 rows=7
2026-09-16T22:39:03.172361Z DEBUG aiur::gpu_trace: CPU trace: circuit lacks generated CUDA coverage circuit=28 rows=105369
2026-09-16T22:39:03.172358Z DEBUG aiur::gpu_trace: CPU trace: circuit lacks generated CUDA coverage circuit=18 rows=470050
2026-09-16T22:39:03.172357Z DEBUG aiur::gpu_trace: CPU trace: circuit lacks generated CUDA coverage circuit=8 rows=67122
2026-09-16T22:39:03.172359Z DEBUG aiur::gpu_trace: CPU trace: circuit lacks generated CUDA coverage circuit=62 rows=3
2026-09-16T22:39:03.172356Z DEBUG aiur::gpu_trace: CPU trace: circuit lacks generated CUDA coverage circuit=9 rows=752348
2026-09-16T22:39:03.172355Z DEBUG aiur::gpu_trace: CPU trace: circuit lacks generated CUDA coverage circuit=32 rows=1088765
2026-09-16T22:39:03.172357Z DEBUG aiur::gpu_trace: CPU trace: circuit lacks generated CUDA coverage circuit=66 rows=3
2026-09-16T22:39:03.172357Z DEBUG aiur::gpu_trace: CPU trace: circuit lacks generated CUDA coverage circuit=65 rows=54
2026-09-16T22:39:03.172358Z DEBUG aiur::gpu_trace: CPU trace: circuit lacks generated CUDA coverage circuit=37 rows=41669
2026-09-16T22:39:03.172359Z DEBUG aiur::gpu_trace: CPU trace: circuit lacks generated CUDA coverage circuit=13 rows=44049
2026-09-16T22:39:03.172615Z DEBUG aiur::gpu_trace: CPU trace: circuit lacks generated CUDA coverage circuit=57 rows=22
2026-09-16T22:39:03.172673Z DEBUG aiur::gpu_trace: CPU trace: circuit lacks generated CUDA coverage circuit=16 rows=23
2026-09-16T22:39:03.172697Z DEBUG aiur::gpu_trace: CPU trace: circuit lacks generated CUDA coverage circuit=21 rows=227800
2026-09-16T22:39:03.172880Z DEBUG aiur::gpu_trace: CPU trace: circuit lacks generated CUDA coverage circuit=17 rows=3
2026-09-16T22:39:03.172882Z DEBUG aiur::gpu_trace: CPU trace: circuit lacks generated CUDA coverage circuit=63 rows=3
2026-09-16T22:39:03.172962Z DEBUG aiur::gpu_trace: CPU trace: circuit lacks generated CUDA coverage circuit=83 rows=1
2026-09-16T22:39:03.172979Z DEBUG aiur::gpu_trace: CPU trace: circuit lacks generated CUDA coverage circuit=26 rows=41324
2026-09-16T22:39:03.172989Z DEBUG aiur::gpu_trace: CPU trace: circuit lacks generated CUDA coverage circuit=64 rows=1
2026-09-16T22:39:03.173028Z DEBUG aiur/codegen_memory_seeds{size=11 rows=207}: aiur::trace_codegen::cuda: prepared generated memory trace size=11 rows=207 seed_bytes=21528 seed_spans=1
2026-09-16T22:39:03.173134Z DEBUG aiur/codegen_memory_seeds{size=26 rows=3}: aiur::trace_codegen::cuda: prepared generated memory trace size=26 rows=3 seed_bytes=672 seed_spans=1
2026-09-16T22:39:03.173140Z DEBUG aiur::gpu_trace: CPU trace: circuit lacks generated CUDA coverage circuit=51 rows=88
2026-09-16T22:39:03.173154Z DEBUG aiur::gpu_trace: CPU trace: circuit lacks generated CUDA coverage circuit=14 rows=2
2026-09-16T22:39:03.173164Z DEBUG aiur::gpu_trace: CPU trace: circuit lacks generated CUDA coverage circuit=35 rows=68452
2026-09-16T22:39:03.173196Z DEBUG aiur::gpu_trace: CPU trace: circuit lacks generated CUDA coverage circuit=84 rows=103959
2026-09-16T22:39:03.173271Z DEBUG aiur::gpu_trace: CPU trace: circuit lacks generated CUDA coverage circuit=33 rows=353988
2026-09-16T22:39:03.173287Z DEBUG aiur::gpu_trace: CPU trace: circuit lacks generated CUDA coverage circuit=19 rows=15015
2026-09-16T22:39:03.173313Z DEBUG aiur::gpu_trace: CPU trace: circuit lacks generated CUDA coverage circuit=43 rows=1
2026-09-16T22:39:03.173397Z DEBUG aiur::gpu_trace: CPU trace: circuit lacks generated CUDA coverage circuit=52 rows=23
2026-09-16T22:39:03.173432Z DEBUG aiur::gpu_trace: CPU trace: circuit lacks generated CUDA coverage circuit=53 rows=19
2026-09-16T22:39:03.173496Z DEBUG aiur::gpu_trace: CPU trace: circuit lacks generated CUDA coverage circuit=58 rows=57
2026-09-16T22:39:03.173506Z DEBUG aiur::gpu_trace: CPU trace: circuit lacks generated CUDA coverage circuit=44 rows=23
2026-09-16T22:39:03.173559Z DEBUG aiur::gpu_trace: CPU trace: circuit lacks generated CUDA coverage circuit=54 rows=87
2026-09-16T22:39:03.173673Z DEBUG aiur/codegen_seeds{circuit=59 rows=33}: aiur::trace_codegen::cuda: prepared generated CUDA trace circuit=59 rows=33 width=26 seed_bytes=2904 seed_spans=1
2026-09-16T22:39:03.173693Z DEBUG aiur::gpu_trace: CPU trace: circuit lacks generated CUDA coverage circuit=55 rows=201
2026-09-16T22:39:03.173705Z DEBUG aiur::gpu_trace: CPU trace: circuit lacks generated CUDA coverage circuit=60 rows=12
2026-09-16T22:39:03.173780Z DEBUG aiur::gpu_trace: CPU trace: circuit lacks generated CUDA coverage circuit=45 rows=1
2026-09-16T22:39:03.173901Z DEBUG aiur::gpu_trace: CPU trace: circuit lacks generated CUDA coverage circuit=46 rows=2
2026-09-16T22:39:03.174019Z DEBUG aiur::gpu_trace: CPU trace: circuit lacks generated CUDA coverage circuit=47 rows=287
2026-09-16T22:39:03.174534Z DEBUG aiur::gpu_trace: CPU trace: circuit lacks generated CUDA coverage circuit=48 rows=19
2026-09-16T22:39:03.174719Z DEBUG aiur::gpu_trace: CPU trace: circuit lacks generated CUDA coverage circuit=61 rows=2
2026-09-16T22:39:03.174722Z DEBUG aiur/codegen_seeds{circuit=49 rows=2}: aiur::trace_codegen::cuda: prepared generated CUDA trace circuit=49 rows=2 width=13 seed_bytes=80 seed_spans=1
2026-09-16T22:39:03.176927Z DEBUG aiur::gpu_trace: CPU trace: circuit lacks generated CUDA coverage circuit=36 rows=30567
2026-09-16T22:39:03.178246Z DEBUG aiur/codegen_memory_seeds{size=10 rows=547453}: aiur::gpu_trace: CPU trace: circuit lacks generated CUDA coverage circuit=10 rows=46291
2026-09-16T22:39:03.179265Z DEBUG aiur/codegen_memory_seeds{size=6 rows=124240}: aiur::trace_codegen::cuda: prepared generated memory trace size=6 rows=124240 seed_bytes=7951360 seed_spans=2
2026-09-16T22:39:03.179295Z DEBUG aiur::gpu_trace: CPU trace: circuit lacks generated CUDA coverage circuit=11 rows=34300
2026-09-16T22:39:03.184504Z DEBUG aiur::gpu_trace: CPU trace: circuit lacks generated CUDA coverage circuit=23 rows=92470
2026-09-16T22:39:03.186862Z DEBUG aiur::gpu_trace: CPU trace: circuit lacks generated CUDA coverage circuit=27 rows=329635
2026-09-16T22:39:03.188720Z DEBUG aiur::gpu_trace: CPU trace: circuit lacks generated CUDA coverage circuit=40 rows=3
2026-09-16T22:39:03.188801Z DEBUG aiur::gpu_trace: CPU trace: circuit lacks generated CUDA coverage circuit=41 rows=2
2026-09-16T22:39:03.188875Z DEBUG aiur::gpu_trace: CPU trace: circuit lacks generated CUDA coverage circuit=42 rows=3
2026-09-16T22:39:03.193260Z DEBUG aiur/codegen_memory_seeds{size=7 rows=353372}: aiur::trace_codegen::cuda: prepared generated memory trace size=7 rows=353372 seed_bytes=25442784 seed_spans=6
2026-09-16T22:39:03.193321Z DEBUG aiur/codegen_memory_seeds{size=8 rows=223}: aiur::trace_codegen::cuda: prepared generated memory trace size=8 rows=223 seed_bytes=17840 seed_spans=1
2026-09-16T22:39:03.197349Z DEBUG aiur/codegen_memory_seeds{size=32 rows=143515}: aiur::trace_codegen::cuda: prepared generated memory trace size=32 rows=143515 seed_bytes=39036080 seed_spans=3
2026-09-16T22:39:03.199612Z DEBUG aiur/codegen_memory_seeds{size=34 rows=15783}: aiur::trace_codegen::cuda: prepared generated memory trace size=34 rows=15783 seed_bytes=4545504 seed_spans=1
2026-09-16T22:39:03.199639Z DEBUG aiur::gpu_trace: CPU trace: circuit lacks generated CUDA coverage circuit=22 rows=40840
2026-09-16T22:39:03.204285Z DEBUG aiur/codegen_memory_seeds{size=3 rows=1043481}: aiur::trace_codegen::cuda: prepared generated memory trace size=3 rows=1043481 seed_bytes=41739240 seed_spans=16
2026-09-16T22:39:03.204610Z DEBUG aiur/codegen_memory_seeds{size=4 rows=22205}: aiur::trace_codegen::cuda: prepared generated memory trace size=4 rows=22205 seed_bytes=1065840 seed_spans=1
2026-09-16T22:39:03.204639Z DEBUG aiur/codegen_memory_seeds{size=5 rows=40}: aiur::trace_codegen::cuda: prepared generated memory trace size=5 rows=40 seed_bytes=2240 seed_spans=1
2026-09-16T22:39:03.220698Z DEBUG aiur::gpu_trace: CPU trace: circuit lacks generated CUDA coverage circuit=24 rows=221
2026-09-16T22:39:03.220874Z DEBUG aiur::gpu_trace: CPU trace: circuit lacks generated CUDA coverage circuit=38 rows=29
2026-09-16T22:39:03.220985Z DEBUG aiur::gpu_trace: CPU trace: circuit lacks generated CUDA coverage circuit=39 rows=2
2026-09-16T22:39:03.227781Z DEBUG aiur::gpu_trace: CPU trace: circuit lacks generated CUDA coverage circuit=86 rows=534835
2026-09-16T22:39:03.228217Z DEBUG aiur::gpu_trace: CPU trace: circuit lacks generated CUDA coverage circuit=29 rows=573228
2026-09-16T22:39:03.231952Z DEBUG aiur::gpu_trace: CPU trace: circuit lacks generated CUDA coverage circuit=85 rows=3
2026-09-16T22:39:03.235214Z DEBUG aiur::gpu_trace: CPU trace: circuit lacks generated CUDA coverage circuit=87 rows=39148
2026-09-16T22:39:03.413289Z DEBUG aiur/codegen_memory_seeds{size=10 rows=547453}: aiur::trace_codegen::cuda: prepared generated memory trace size=10 rows=547453 seed_bytes=52555488 seed_spans=9
2026-09-16T22:39:03.422448Z DEBUG aiur/codegen_seeds{circuit=30 rows=73058}: aiur::trace_codegen::cuda: prepared generated CUDA trace circuit=30 rows=73058 width=234 seed_bytes=44419264 seed_spans=3
2026-09-16T22:39:03.445763Z DEBUG aiur/codegen_seeds{circuit=20 rows=969184}: aiur::trace_codegen::cuda: prepared generated CUDA trace circuit=20 rows=969184 width=533 seed_bytes=170576384 seed_spans=15
2026-09-16T22:39:04.318293Z DEBUG aiur::gpu_trace: CPU trace: circuit lacks generated CUDA coverage circuit=0 rows=78545
2026-09-16T22:39:04.318302Z DEBUG aiur::gpu_trace: CPU trace: circuit lacks generated CUDA coverage circuit=3 rows=3859
2026-09-16T22:39:04.318306Z DEBUG aiur::gpu_trace: CPU trace: circuit lacks generated CUDA coverage circuit=1 rows=7
2026-09-16T22:39:04.318312Z DEBUG aiur::gpu_trace: CPU trace: circuit lacks generated CUDA coverage circuit=4 rows=19986
2026-09-16T22:39:04.318323Z DEBUG aiur::gpu_trace: CPU trace: circuit lacks generated CUDA coverage circuit=6 rows=71561
2026-09-16T22:39:04.318330Z DEBUG aiur::gpu_trace: CPU trace: circuit lacks generated CUDA coverage circuit=56 rows=1
2026-09-16T22:39:04.318331Z DEBUG aiur::gpu_trace: CPU trace: circuit lacks generated CUDA coverage circuit=66 rows=3
2026-09-16T22:39:04.318332Z DEBUG aiur::gpu_trace: CPU trace: circuit lacks generated CUDA coverage circuit=40 rows=3
2026-09-16T22:39:04.318333Z DEBUG aiur::gpu_trace: CPU trace: circuit lacks generated CUDA coverage circuit=50 rows=3
2026-09-16T22:39:04.318335Z DEBUG aiur::gpu_trace: CPU trace: circuit lacks generated CUDA coverage circuit=5 rows=41236
2026-09-16T22:39:04.318331Z DEBUG aiur::gpu_trace: CPU trace: circuit lacks generated CUDA coverage circuit=51 rows=88
2026-09-16T22:39:04.318332Z DEBUG aiur::gpu_trace: CPU trace: circuit lacks generated CUDA coverage circuit=41 rows=2
2026-09-16T22:39:04.318333Z DEBUG aiur::gpu_trace: CPU trace: circuit lacks generated CUDA coverage circuit=43 rows=1
2026-09-16T22:39:04.318331Z DEBUG aiur::gpu_trace: CPU trace: circuit lacks generated CUDA coverage circuit=2 rows=26
2026-09-16T22:39:04.318331Z DEBUG aiur::gpu_trace: CPU trace: circuit lacks generated CUDA coverage circuit=65 rows=54
2026-09-16T22:39:04.318337Z DEBUG aiur::gpu_trace: CPU trace: circuit lacks generated CUDA coverage circuit=62 rows=3
2026-09-16T22:39:04.318332Z DEBUG aiur::gpu_trace: CPU trace: circuit lacks generated CUDA coverage circuit=31 rows=103021
2026-09-16T22:39:04.318335Z DEBUG aiur::gpu_trace: CPU trace: circuit lacks generated CUDA coverage circuit=57 rows=22
2026-09-16T22:39:04.318337Z DEBUG aiur::gpu_trace: CPU trace: circuit lacks generated CUDA coverage circuit=12 rows=44886
2026-09-16T22:39:04.318335Z DEBUG aiur::gpu_trace: CPU trace: circuit lacks generated CUDA coverage circuit=28 rows=105369
2026-09-16T22:39:04.318332Z DEBUG aiur::gpu_trace: CPU trace: circuit lacks generated CUDA coverage circuit=10 rows=46291
2026-09-16T22:39:04.318333Z DEBUG aiur::gpu_trace: CPU trace: circuit lacks generated CUDA coverage circuit=37 rows=41669
2026-09-16T22:39:04.318331Z DEBUG aiur::gpu_trace: CPU trace: circuit lacks generated CUDA coverage circuit=53 rows=19
2026-09-16T22:39:04.318337Z DEBUG aiur::gpu_trace: CPU trace: circuit lacks generated CUDA coverage circuit=54 rows=87
2026-09-16T22:39:04.318331Z DEBUG aiur::gpu_trace: CPU trace: circuit lacks generated CUDA coverage circuit=9 rows=752348
2026-09-16T22:39:04.318333Z DEBUG aiur::gpu_trace: CPU trace: circuit lacks generated CUDA coverage circuit=7 rows=17866
2026-09-16T22:39:04.318332Z DEBUG aiur::gpu_trace: CPU trace: circuit lacks generated CUDA coverage circuit=25 rows=40840
2026-09-16T22:39:04.318375Z DEBUG aiur/codegen_seeds{circuit=59 rows=33}: aiur::trace_codegen::cuda: prepared generated CUDA trace circuit=59 rows=33 width=26 seed_bytes=2904 seed_spans=1
2026-09-16T22:39:04.318416Z DEBUG aiur::gpu_trace: CPU trace: circuit lacks generated CUDA coverage circuit=60 rows=12
2026-09-16T22:39:04.318581Z DEBUG aiur::gpu_trace: CPU trace: circuit lacks generated CUDA coverage circuit=42 rows=3
2026-09-16T22:39:04.318594Z DEBUG aiur::gpu_trace: CPU trace: circuit lacks generated CUDA coverage circuit=34 rows=44800
2026-09-16T22:39:04.318775Z DEBUG aiur::gpu_trace: CPU trace: circuit lacks generated CUDA coverage circuit=52 rows=23
2026-09-16T22:39:04.318857Z DEBUG aiur::gpu_trace: CPU trace: circuit lacks generated CUDA coverage circuit=44 rows=23
2026-09-16T22:39:04.318882Z DEBUG aiur::gpu_trace: CPU trace: circuit lacks generated CUDA coverage circuit=61 rows=2
2026-09-16T22:39:04.318927Z DEBUG aiur::gpu_trace: CPU trace: circuit lacks generated CUDA coverage circuit=26 rows=41324
2026-09-16T22:39:04.318936Z DEBUG aiur::gpu_trace: CPU trace: circuit lacks generated CUDA coverage circuit=63 rows=3
2026-09-16T22:39:04.318971Z DEBUG aiur::gpu_trace: CPU trace: circuit lacks generated CUDA coverage circuit=55 rows=201
2026-09-16T22:39:04.318998Z DEBUG aiur::gpu_trace: CPU trace: circuit lacks generated CUDA coverage circuit=32 rows=1088765
2026-09-16T22:39:04.319006Z DEBUG aiur::gpu_trace: CPU trace: circuit lacks generated CUDA coverage circuit=38 rows=29
2026-09-16T22:39:04.319008Z DEBUG aiur::gpu_trace: CPU trace: circuit lacks generated CUDA coverage circuit=58 rows=57
2026-09-16T22:39:04.319044Z DEBUG aiur::gpu_trace: CPU trace: circuit lacks generated CUDA coverage circuit=27 rows=329635
2026-09-16T22:39:04.319201Z DEBUG aiur::gpu_trace: CPU trace: circuit lacks generated CUDA coverage circuit=29 rows=573228
2026-09-16T22:39:04.319298Z DEBUG aiur::gpu_trace: CPU trace: circuit lacks generated CUDA coverage circuit=64 rows=1
2026-09-16T22:39:04.319311Z DEBUG aiur::gpu_trace: CPU trace: circuit lacks generated CUDA coverage circuit=45 rows=1
2026-09-16T22:39:04.319312Z DEBUG aiur::gpu_trace: CPU trace: circuit lacks generated CUDA coverage circuit=33 rows=353988
2026-09-16T22:39:04.319337Z DEBUG aiur::gpu_trace: CPU trace: circuit lacks generated CUDA coverage circuit=8 rows=67122
2026-09-16T22:39:04.319345Z DEBUG aiur::gpu_trace: CPU trace: circuit lacks generated CUDA coverage circuit=11 rows=34300
2026-09-16T22:39:04.319389Z DEBUG aiur::gpu_trace: CPU trace: circuit lacks generated CUDA coverage circuit=39 rows=2
2026-09-16T22:39:04.319425Z DEBUG aiur::gpu_trace: CPU trace: circuit lacks generated CUDA coverage circuit=84 rows=103959
2026-09-16T22:39:04.319455Z DEBUG aiur::gpu_trace: CPU trace: circuit lacks generated CUDA coverage circuit=86 rows=534835
2026-09-16T22:39:04.319514Z DEBUG aiur::gpu_trace: CPU trace: circuit lacks generated CUDA coverage circuit=46 rows=2
2026-09-16T22:39:04.319536Z DEBUG aiur::gpu_trace: CPU trace: circuit lacks generated CUDA coverage circuit=35 rows=68452
2026-09-16T22:39:04.319611Z DEBUG aiur::gpu_trace: CPU trace: circuit lacks generated CUDA coverage circuit=83 rows=1
2026-09-16T22:39:04.319693Z DEBUG aiur::gpu_trace: CPU trace: circuit lacks generated CUDA coverage circuit=47 rows=287
2026-09-16T22:39:04.319736Z DEBUG aiur/codegen_memory_seeds{size=11 rows=207}: aiur::trace_codegen::cuda: prepared generated memory trace size=11 rows=207 seed_bytes=21528 seed_spans=1
2026-09-16T22:39:04.319774Z DEBUG aiur/codegen_memory_seeds{size=26 rows=3}: aiur::trace_codegen::cuda: prepared generated memory trace size=26 rows=3 seed_bytes=672 seed_spans=1
2026-09-16T22:39:04.320025Z DEBUG aiur::gpu_trace: CPU trace: circuit lacks generated CUDA coverage circuit=48 rows=19
2026-09-16T22:39:04.320168Z DEBUG aiur/codegen_seeds{circuit=49 rows=2}: aiur::trace_codegen::cuda: prepared generated CUDA trace circuit=49 rows=2 width=13 seed_bytes=80 seed_spans=1
2026-09-16T22:39:04.321077Z DEBUG aiur::gpu_trace: CPU trace: circuit lacks generated CUDA coverage circuit=36 rows=30567
2026-09-16T22:39:04.323132Z DEBUG aiur/codegen_memory_seeds{size=34 rows=15783}: aiur::trace_codegen::cuda: prepared generated memory trace size=34 rows=15783 seed_bytes=4545504 seed_spans=1
2026-09-16T22:39:04.335518Z DEBUG aiur::gpu_trace: CPU trace: circuit lacks generated CUDA coverage circuit=18 rows=470050
2026-09-16T22:39:04.335556Z DEBUG aiur::gpu_trace: CPU trace: circuit lacks generated CUDA coverage circuit=87 rows=39148
2026-09-16T22:39:04.341507Z DEBUG aiur/codegen_memory_seeds{size=10 rows=547453}: aiur::trace_codegen::cuda: prepared generated memory trace size=10 rows=547453 seed_bytes=52555488 seed_spans=9
2026-09-16T22:39:04.342215Z DEBUG aiur/codegen_memory_seeds{size=32 rows=143515}: aiur::trace_codegen::cuda: prepared generated memory trace size=32 rows=143515 seed_bytes=39036080 seed_spans=3
2026-09-16T22:39:04.344203Z DEBUG aiur/codegen_memory_seeds{size=6 rows=124240}: aiur::trace_codegen::cuda: prepared generated memory trace size=6 rows=124240 seed_bytes=7951360 seed_spans=2
2026-09-16T22:39:04.345697Z DEBUG aiur/codegen_memory_seeds{size=3 rows=1043481}: aiur::trace_codegen::cuda: prepared generated memory trace size=3 rows=1043481 seed_bytes=41739240 seed_spans=16
2026-09-16T22:39:04.346058Z DEBUG aiur/codegen_memory_seeds{size=4 rows=22205}: aiur::trace_codegen::cuda: prepared generated memory trace size=4 rows=22205 seed_bytes=1065840 seed_spans=1
2026-09-16T22:39:04.346100Z DEBUG aiur/codegen_memory_seeds{size=5 rows=40}: aiur::trace_codegen::cuda: prepared generated memory trace size=5 rows=40 seed_bytes=2240 seed_spans=1
2026-09-16T22:39:04.354586Z DEBUG aiur/codegen_memory_seeds{size=7 rows=353372}: aiur::trace_codegen::cuda: prepared generated memory trace size=7 rows=353372 seed_bytes=25442784 seed_spans=6
2026-09-16T22:39:04.354627Z DEBUG aiur/codegen_memory_seeds{size=8 rows=223}: aiur::trace_codegen::cuda: prepared generated memory trace size=8 rows=223 seed_bytes=17840 seed_spans=1
2026-09-16T22:39:04.354638Z DEBUG aiur::gpu_trace: CPU trace: circuit lacks generated CUDA coverage circuit=85 rows=3
2026-09-16T22:39:04.359228Z DEBUG aiur::gpu_trace: CPU trace: circuit lacks generated CUDA coverage circuit=21 rows=227800
2026-09-16T22:39:04.362641Z DEBUG aiur::gpu_trace: CPU trace: circuit lacks generated CUDA coverage circuit=15 rows=3
2026-09-16T22:39:04.362697Z DEBUG aiur::gpu_trace: CPU trace: circuit lacks generated CUDA coverage circuit=16 rows=23
2026-09-16T22:39:04.362781Z DEBUG aiur::gpu_trace: CPU trace: circuit lacks generated CUDA coverage circuit=17 rows=3
2026-09-16T22:39:04.362819Z DEBUG aiur::gpu_trace: CPU trace: circuit lacks generated CUDA coverage circuit=23 rows=92470
2026-09-16T22:39:04.364575Z DEBUG aiur::gpu_trace: CPU trace: circuit lacks generated CUDA coverage circuit=22 rows=40840
2026-09-16T22:39:04.385379Z DEBUG aiur::gpu_trace: CPU trace: circuit lacks generated CUDA coverage circuit=24 rows=221
2026-09-16T22:39:04.406406Z DEBUG aiur::gpu_trace: CPU trace: circuit lacks generated CUDA coverage circuit=19 rows=15015
2026-09-16T22:39:04.408608Z DEBUG aiur::gpu_trace: CPU trace: circuit lacks generated CUDA coverage circuit=13 rows=44049
2026-09-16T22:39:04.453341Z DEBUG aiur::gpu_trace: CPU trace: circuit lacks generated CUDA coverage circuit=14 rows=2
2026-09-16T22:39:04.558615Z DEBUG aiur/codegen_seeds{circuit=30 rows=73058}: aiur::trace_codegen::cuda: prepared generated CUDA trace circuit=30 rows=73058 width=234 seed_bytes=44419264 seed_spans=3
2026-09-16T22:39:04.585544Z DEBUG aiur/codegen_seeds{circuit=20 rows=969184}: aiur::trace_codegen::cuda: prepared generated CUDA trace circuit=20 rows=969184 width=533 seed_bytes=170576384 seed_spans=15
[aggregate] root wrap proven in 8.0s (query-record peak 59.4 GiB): 2 shard(s) verified into 1
[lanes] worker 0: root proven at +457s
[lanes] calibration: claims 4 executed: record mean 20.5 GiB, p50 20.8 GiB, p90 21.8 GiB, max 21.8 GiB (unit 0); execution mean 117.4s, max 130.5s
[lanes] calibration: joins 3 executed: record mean 13.3 GiB, p50 13.6 GiB, p90 15.1 GiB, max 15.1 GiB (unit 2); execution mean 33.2s, max 41.0s
[lanes] calibration: 4 shards at a 38.9 GiB initial reservation (155.7 GiB shared record budget): largest claim record 56% of the initial reservation, largest join record 38%, 0 contention retry/retries; p90-scaled candidate 3 shard(s) at this initial reservation (claims measured this run only; a resumed run measures fewer)
[lanes] record pool: peak granted 120.9 GiB, 0 growth waits (0.0s summed across executions), 0 contention retries
[lanes] root cef56bca82bd3d5fb10c162e174c6f26550b3eaff51d92570d7bce7ba92d5f0e verified; composed verdict OK; end to end 457s
	Command being timed: "/tmp/claude-30033/-home-sam-repos-ix/9c1af3d4-3a5f-4585-a0ae-b691c8d73308/scratchpad/bench/ix-new4 prove --ixe /tmp/claude-30033/-home-sam-repos-ix/9c1af3d4-3a5f-4585-a0ae-b691c8d73308/scratchpad/bench/init.ixe --ixes /tmp/claude-30033/-home-sam-repos-ix/9c1af3d4-3a5f-4585-a0ae-b691c8d73308/scratchpad/bench/init-4.ixes --trace-shards --lanes 1 --exec-jobs 2 --max-ram 200"
	User time (seconds): 2866.89
	System time (seconds): 150.37
	Percent of CPU this job got: 656%
	Elapsed (wall clock) time (h:mm:ss or m:ss): 7:39.62
	Average shared text size (kbytes): 0
	Average unshared data size (kbytes): 0
	Average stack size (kbytes): 0
	Average total size (kbytes): 0
	Maximum resident set size (kbytes): 99369656
	Average resident set size (kbytes): 0
	Major (requiring I/O) page faults: 392
	Minor (reclaiming a frame) page faults: 3938342
	Voluntary context switches: 178566
	Involuntary context switches: 221810
	Swaps: 0
	File system inputs: 0
	File system outputs: 272656
	Socket messages sent: 0
	Socket messages received: 0
	Signals delivered: 0
	Page size (bytes): 4096
	Exit status: 0
