program,function,names,circuit,circuit_name,circuit_members,function_main_width,circuit_main_width,canonical_seed_words,canonical_seed_bytes,guarded_u8_seed_bytes_estimate,function_expansion_canonical,circuit_expansion_canonical,static_operation_sites,static_external_read_sites,preparation_arithmetic_sites,row_operation_sites,real_rows
ixvm,0,memo_u32_less_than,0,ixvm_group_00,4,16,33,3,24,16,5.333333,11.000000,1,0,0,1,
ixvm,1,address_eq_tail,1,ixvm_group_01,11,74,122,67,536,80,1.104478,1.820896,169,2,0,163,
ixvm,2,address_eq,2,address_eq,1,70,70,68,544,80,1.029412,1.029412,5,3,1,4,
ixvm,4,u64_byte_count,3,u64_byte_count,1,144,144,9,72,16,16.000000,16.000000,128,0,0,0,
ixvm,5,u64_is_zero,4,u64_is_zero,1,19,19,9,72,16,2.111111,2.111111,9,0,0,0,
ixvm,13,u64_eq,5,ixvm_group_02,12,27,50,17,136,24,1.588235,2.941176,17,0,0,8,
ixvm,14,u64_add,6,ixvm_group_03,4,33,63,17,136,24,1.941176,3.705882,22,0,0,21,
ixvm,15,relaxed_u64_succ,5,ixvm_group_02,12,19,50,9,72,16,2.111111,5.555556,52,0,0,0,
ixvm,16,relaxed_u64_pred,7,ixvm_group_04,2,19,20,9,72,16,2.111111,2.222222,52,0,0,0,
ixvm,17,flatten_u64,7,ixvm_group_04,2,10,20,9,72,16,1.111111,2.222222,20,0,0,0,
ixvm,21,verify_bytes_against,8,ixvm_group_05,12,72,104,71,568,80,1.014085,1.464789,53,6,46,6,
ixvm,22,bytes_to_addr,9,ixvm_group_06,8,41,79,40,320,48,1.025000,1.975000,53,7,46,7,
ixvm,23,blake3_next_layer,10,ixvm_group_07,7,175,200,170,1360,184,1.029412,1.176471,116,7,103,7,
ixvm,24,blake3_compress_layer,11,ixvm_group_08,3,141,174,137,1096,144,1.029197,1.270073,8,6,2,6,
ixvm,25,blake3_compress_chunks,12,blake3_compress_chunks,1,17,17,13,104,24,1.307692,1.307692,10,5,1,5,
ixvm,26,bytes_to_block,13,bytes_to_block,1,195,195,194,1552,208,1.005155,1.005155,64,64,0,64,
ixvm,27,pad_block,14,pad_block,1,8,8,5,40,16,1.600000,1.600000,6,2,2,2,
ixvm,28,blake3_finish,11,ixvm_group_08,3,168,174,154,1232,168,1.090909,1.129870,142,15,127,17,
ixvm,29,blake3_compress_block,15,blake3_compress_block,1,177,177,174,1392,184,1.017241,1.017241,129,24,100,31,
ixvm,33,blake3_compress,16,blake3_compress,1,533,533,162,1296,176,3.290123,3.290123,483,1,0,353,
ixvm,34,put_expr,17,ixvm_group_09,11,90,169,78,624,88,1.153846,2.166667,45,33,0,33,
ixvm,35,put_u64_le,18,ixvm_group_10,16,16,63,13,104,24,1.230769,4.846154,6,2,4,2,
ixvm,36,put_tag0,19,ixvm_group_11,11,18,56,13,104,24,1.384615,4.307692,19,6,13,8,
ixvm,37,put_tag2,20,ixvm_group_12,16,19,106,14,112,24,1.357143,7.571429,28,6,22,8,
ixvm,38,put_tag4,19,ixvm_group_11,11,19,56,14,112,24,1.357143,4.000000,28,6,22,8,
ixvm,39,put_u64_list,21,ixvm_group_13,15,17,58,15,120,24,1.133333,3.866667,3,3,0,3,
ixvm,40,put_lam_mode;put_quot_kind,22,ixvm_group_14,16,8,42,4,32,16,2.000000,10.500000,12,4,8,4,
ixvm,41,put_all_mode,23,ixvm_group_15,16,13,58,5,40,16,2.600000,11.600000,24,8,16,8,
ixvm,42,app_telescope_count,24,ixvm_group_16,16,55,114,53,424,64,1.037736,2.150943,11,3,0,3,
ixvm,43,lam_telescope_count,24,ixvm_group_16,16,55,114,53,424,64,1.037736,2.150943,11,3,0,3,
ixvm,44,all_telescope_count,24,ixvm_group_16,16,55,114,53,424,64,1.037736,2.150943,11,3,0,3,
ixvm,45,put_app_telescope,24,ixvm_group_16,16,60,114,58,464,72,1.034483,1.965517,5,5,0,5,
ixvm,46,put_lam_telescope,24,ixvm_group_16,16,61,114,59,472,72,1.033898,1.932203,6,6,0,6,
ixvm,47,put_all_telescope,24,ixvm_group_16,16,61,114,59,472,72,1.033898,1.932203,6,6,0,6,
ixvm,48,put_address,25,ixvm_group_17,6,68,136,67,536,80,1.014925,2.029851,65,33,32,33,
ixvm,49,pack_def_kind_safety,22,ixvm_group_14,16,12,42,3,24,16,4.000000,14.000000,9,0,0,0,
ixvm,50,univ_succ_count,26,ixvm_group_18,16,37,101,35,280,48,1.057143,2.885714,11,3,0,3,
ixvm,51,univ_succ_base,20,ixvm_group_12,16,30,106,28,224,40,1.071429,3.785714,2,2,0,2,
ixvm,52,put_univ,26,ixvm_group_18,16,37,101,32,256,40,1.156250,3.156250,38,16,2,16,
ixvm,53,put_expr_list,27,ixvm_group_19,12,28,103,26,208,40,1.076923,3.961538,4,4,0,4,
ixvm,54,put_univ_list,28,ixvm_group_20,15,19,57,17,136,24,1.117647,3.352941,4,4,0,4,
ixvm,55,put_address_list,28,ixvm_group_20,15,10,57,8,64,16,1.250000,7.125000,3,3,0,3,
ixvm,56,put_definition,24,ixvm_group_16,16,56,114,55,440,64,1.018182,2.072727,8,7,1,7,
ixvm,57,put_recursor_rule,20,ixvm_group_12,16,32,106,31,248,40,1.032258,3.419355,3,3,0,3,
ixvm,58,put_recursor_rule_list,21,ixvm_group_13,15,18,58,16,128,24,1.125000,3.625000,3,3,0,3,
ixvm,59,put_recursor,29,ixvm_group_21,12,82,219,81,648,88,1.012346,2.703704,15,11,4,11,
ixvm,60,put_axiom,26,ixvm_group_18,16,34,101,33,264,40,1.030303,3.060606,5,4,1,4,
ixvm,61,put_quotient,26,ixvm_group_18,16,34,101,33,264,40,1.030303,3.060606,4,4,0,4,
ixvm,62,put_constructor,24,ixvm_group_16,16,61,114,60,480,72,1.016667,1.900000,8,7,1,7,
ixvm,63,put_constructor_list,26,ixvm_group_18,16,43,101,41,328,48,1.048780,2.463415,3,3,0,3,
ixvm,64,put_inductive,24,ixvm_group_16,16,63,114,62,496,72,1.016129,1.838710,10,9,1,9,
ixvm,65,put_definition_proj;put_inductive_proj;put_recursor_proj,19,ixvm_group_11,11,14,56,13,104,24,1.076923,4.307692,2,2,0,2,
ixvm,66,put_constructor_proj,8,ixvm_group_05,12,23,104,22,176,32,1.045455,4.727273,3,3,0,3,
ixvm,67,put_mut_const,20,ixvm_group_12,16,52,106,49,392,56,1.061224,2.163265,12,6,6,6,
ixvm,68,put_mut_const_list,26,ixvm_group_18,16,54,101,52,416,64,1.038462,1.942308,3,3,0,3,
ixvm,69,put_constant_info,30,ixvm_group_22,7,56,92,48,384,56,1.166667,1.916667,8,8,0,8,
ixvm,70,put_sharing,28,ixvm_group_20,15,14,57,13,104,24,1.076923,4.384615,3,3,0,3,
ixvm,71,put_refs,31,ixvm_group_23,14,14,45,13,104,24,1.076923,3.461538,3,3,0,3,
ixvm,72,put_univs,31,ixvm_group_23,14,14,45,13,104,24,1.076923,3.461538,3,3,0,3,
ixvm,73,put_constant,30,ixvm_group_22,7,72,92,63,504,72,1.142857,1.460317,95,22,0,22,
ixvm,74,read_byte,32,ixvm_group_24,5,8,21,6,48,16,1.333333,3.500000,5,2,2,2,
ixvm,75,get_u64_le,33,get_u64_le,1,18,18,15,120,24,1.200000,1.200000,12,2,2,2,
ixvm,76,get_tag0,34,get_tag0,1,26,26,14,112,24,1.857143,1.857143,34,2,1,25,
ixvm,77,get_tag2,35,ixvm_group_25,5,26,39,14,112,24,1.857143,2.785714,31,2,15,19,
ixvm,78,get_tag4,36,get_tag4,1,25,25,14,112,24,1.785714,1.785714,27,2,9,3,
ixvm,79,get_u64_list,37,get_u64_list,1,33,33,31,248,40,1.064516,1.064516,9,6,3,6,
ixvm,80,get_app_telescope,38,get_app_telescope,1,27,27,25,200,32,1.080000,1.080000,7,5,2,5,
ixvm,81,get_lam_mode,39,get_lam_mode,1,10,10,5,40,16,2.000000,2.000000,9,1,0,3,
ixvm,82,get_all_mode,40,get_all_mode,1,14,14,5,40,16,2.800000,2.800000,21,1,0,3,
ixvm,83,get_lam_telescope,41,ixvm_group_26,2,35,38,31,248,40,1.129032,1.225806,13,8,2,8,
ixvm,84,get_all_telescope,41,ixvm_group_26,2,35,38,31,248,40,1.129032,1.225806,13,8,2,8,
ixvm,85,get_expr,42,get_expr,1,49,49,35,280,48,1.400000,1.400000,49,25,15,25,
ixvm,86,get_expr_let,8,ixvm_group_05,12,20,104,19,152,32,1.052632,5.473684,27,6,18,6,
ixvm,87,build_succ_chain,8,ixvm_group_05,12,39,104,37,296,48,1.054054,2.810811,6,4,0,4,
ixvm,88,get_univ,43,ixvm_group_27,3,39,64,34,272,48,1.147059,1.882353,19,12,0,12,
ixvm,89,get_address,44,get_address,1,100,100,99,792,112,1.010101,1.010101,33,33,0,33,
ixvm,90,get_expr_list,45,get_expr_list,1,26,26,24,192,32,1.083333,1.083333,9,6,3,6,
ixvm,91,get_univ_list,46,ixvm_group_28,7,35,62,33,264,40,1.060606,1.878788,10,7,3,7,
ixvm,92,get_address_list,47,get_address_list,1,26,26,24,192,32,1.083333,1.083333,9,6,3,6,
ixvm,96,unpack_def_kind_safety,48,ixvm_group_30,11,11,52,2,16,16,5.500000,26.000000,18,0,0,0,
ixvm,97,get_definition,49,ixvm_group_31,4,20,40,19,152,32,1.052632,2.105263,5,5,0,5,
ixvm,99,get_recursor_rule_list,27,ixvm_group_19,12,35,103,33,264,40,1.060606,3.121212,10,7,3,7,
ixvm,100,get_recursor,1,ixvm_group_01,11,71,122,62,496,72,1.145161,1.967742,10,9,0,10,
ixvm,101,assert_wire_bool,48,ixvm_group_30,11,4,52,2,16,16,2.000000,26.000000,4,0,0,2,
ixvm,102,get_axiom,50,ixvm_group_32,11,16,89,15,120,24,1.066667,5.933333,4,3,0,3,
ixvm,103,get_quot_kind;quot_kind_tag,5,ixvm_group_02,12,6,50,2,16,16,3.000000,25.000000,4,0,0,0,
ixvm,104,get_quotient,50,ixvm_group_32,11,17,89,16,128,24,1.062500,5.562500,4,4,0,4,
ixvm,105,get_constructor,9,ixvm_group_06,8,43,79,42,336,56,1.023810,1.880952,7,6,0,6,
ixvm,106,get_constructor_list,51,ixvm_group_33,5,59,106,57,456,64,1.035088,1.859649,9,6,3,6,
ixvm,107,get_inductive,27,ixvm_group_19,12,53,103,44,352,56,1.204545,2.340909,8,7,0,8,
ixvm,108,get_definition_proj;get_inductive_proj;get_recursor_proj,52,ixvm_group_34,5,14,34,13,104,24,1.076923,2.615385,2,2,0,2,
ixvm,109,get_constructor_proj;get_reveal_rule,35,ixvm_group_25,5,23,39,22,176,32,1.045455,1.772727,3,3,0,3,
ixvm,110,get_mut_const,9,ixvm_group_06,8,52,79,49,392,56,1.061224,1.612245,9,4,0,4,
ixvm,111,get_mut_const_list,51,ixvm_group_33,5,70,106,68,544,80,1.029412,1.558824,9,6,3,6,
ixvm,112,get_constant_info_by_variant,53,ixvm_group_35,2,56,72,48,384,56,1.166667,1.500000,23,8,0,8,
ixvm,114,get_constant,11,ixvm_group_08,3,140,174,91,728,104,1.538462,1.912088,19,9,0,11,
ixvm,115,collect_spine,54,collect_spine,1,11,11,9,72,16,1.222222,1.222222,6,4,2,4,
ixvm,116,klimbs_succ,55,ixvm_group_36,9,27,74,23,184,32,1.173913,3.217391,28,7,21,7,
ixvm,117,klimbs_add_carry,56,klimbs_add_carry,1,49,49,44,352,56,1.113636,1.113636,17,8,9,8,
ixvm,118,klimbs_add,57,klimbs_add,1,5,5,4,32,16,1.250000,1.250000,2,1,0,1,
ixvm,119,u64_sub_with_borrow,58,ixvm_group_37,11,33,79,17,136,24,1.941176,4.647059,22,0,0,21,
ixvm,120,klimbs_sub_borrow,43,ixvm_group_27,3,51,64,45,360,56,1.133333,1.422222,43,15,26,15,
ixvm,121,glimbs_to_klimbs,59,ixvm_group_38,6,16,41,14,112,24,1.142857,2.928571,11,4,3,4,
ixvm,122,klimbs_normalize,60,klimbs_normalize,1,30,30,26,208,40,1.153846,1.153846,17,9,8,9,
ixvm,123,klimbs_sub,61,ixvm_group_39,13,8,40,6,48,16,1.333333,6.666667,6,3,3,3,
ixvm,124,klimbs_le,31,ixvm_group_23,14,17,45,14,112,24,1.214286,3.214286,4,2,0,2,
ixvm,125,klimbs_dec,28,ixvm_group_20,15,6,57,5,40,16,1.200000,11.400000,14,3,11,3,
ixvm,127,u64_mul,25,ixvm_group_17,6,90,136,17,136,24,5.294118,8.000000,219,0,0,98,
ixvm,129,klimbs_mul,32,ixvm_group_24,5,6,21,5,40,16,1.200000,4.200000,5,2,2,2,
ixvm,130,klimbs_mul_outer,62,klimbs_mul_outer,1,21,21,19,152,32,1.105263,1.105263,15,5,8,5,
ixvm,131,klimbs_mul_single,63,klimbs_mul_single,1,68,68,63,504,72,1.079365,1.079365,19,12,7,12,
ixvm,132,klimbs_shl_limbs,64,klimbs_shl_limbs,1,8,8,5,40,16,1.600000,1.600000,13,2,9,2,
ixvm,133,klimbs_is_zero,52,ixvm_group_34,5,16,34,13,104,24,1.230769,2.615385,4,2,0,2,
ixvm,134,klimbs_div_mod,65,ixvm_group_40,7,18,58,16,128,24,1.125000,3.625000,18,13,0,13,
ixvm,135,klimbs_div,66,ixvm_group_41,11,6,55,5,40,16,1.200000,11.000000,1,1,0,1,
ixvm,136,klimbs_mod,5,ixvm_group_02,12,6,50,5,40,16,1.200000,10.000000,1,1,0,1,
ixvm,137,klimbs_gcd,66,ixvm_group_41,11,8,55,6,48,16,1.333333,9.166667,3,3,0,3,
ixvm,138,klimbs_pow,65,ixvm_group_40,7,17,58,14,112,24,1.214286,4.142857,34,12,22,12,
ixvm,139,u64_and,67,ixvm_group_42,9,26,85,17,136,24,1.529412,5.000000,8,0,0,8,
ixvm,140,u64_or,20,ixvm_group_12,16,26,106,17,136,24,1.529412,6.235294,8,0,0,8,
ixvm,141,u64_xor_kbits,20,ixvm_group_12,16,26,106,17,136,24,1.529412,6.235294,8,0,0,8,
ixvm,142,klimbs_land,67,ixvm_group_42,9,36,85,33,264,40,1.090909,2.575758,12,7,5,7,
ixvm,143,klimbs_lor,26,ixvm_group_18,16,36,101,33,264,40,1.090909,3.060606,6,5,1,5,
ixvm,144,klimbs_xor_op,26,ixvm_group_18,16,36,101,33,264,40,1.090909,3.060606,6,5,1,5,
ixvm,145,klimbs_shl,23,ixvm_group_15,16,8,58,7,56,16,1.142857,8.285714,15,4,11,4,
ixvm,146,klimbs_shr,66,ixvm_group_41,11,8,55,7,56,16,1.142857,7.857143,15,4,11,4,
ixvm,147,nat_zero_addr;nat_zero_addr_iota,68,ixvm_group_43,16,3,18,2,16,16,1.500000,9.000000,33,1,32,1,
ixvm,148,nat_succ_addr;nat_succ_addr_iota,68,ixvm_group_43,16,3,18,2,16,16,1.500000,9.000000,33,1,32,1,
ixvm,149,nat_pred_addr,68,ixvm_group_43,16,3,18,2,16,16,1.500000,9.000000,33,1,32,1,
ixvm,150,int_of_nat_addr;int_of_nat_addr_dec,69,ixvm_group_44,16,3,18,2,16,16,1.500000,9.000000,33,1,32,1,
ixvm,151,int_neg_succ_addr;int_neg_succ_addr_dec,69,ixvm_group_44,16,3,18,2,16,16,1.500000,9.000000,33,1,32,1,
ixvm,152,int_add_addr,70,ixvm_group_45,16,3,18,2,16,16,1.500000,9.000000,33,1,32,1,
ixvm,153,int_sub_addr,71,ixvm_group_46,16,3,18,2,16,16,1.500000,9.000000,33,1,32,1,
ixvm,154,int_mul_addr,70,ixvm_group_45,16,3,18,2,16,16,1.500000,9.000000,33,1,32,1,
ixvm,155,int_neg_addr,70,ixvm_group_45,16,3,18,2,16,16,1.500000,9.000000,33,1,32,1,
ixvm,156,int_emod_addr,70,ixvm_group_45,16,3,18,2,16,16,1.500000,9.000000,33,1,32,1,
ixvm,157,int_ediv_addr,70,ixvm_group_45,16,3,18,2,16,16,1.500000,9.000000,33,1,32,1,
ixvm,158,int_bmod_addr,70,ixvm_group_45,16,3,18,2,16,16,1.500000,9.000000,33,1,32,1,
ixvm,159,int_bdiv_addr,70,ixvm_group_45,16,3,18,2,16,16,1.500000,9.000000,33,1,32,1,
ixvm,160,int_nat_abs_addr,70,ixvm_group_45,16,3,18,2,16,16,1.500000,9.000000,33,1,32,1,
ixvm,161,int_pow_addr,70,ixvm_group_45,16,3,18,2,16,16,1.500000,9.000000,33,1,32,1,
ixvm,162,nat_add_addr,71,ixvm_group_46,16,3,18,2,16,16,1.500000,9.000000,33,1,32,1,
ixvm,163,nat_sub_addr,68,ixvm_group_43,16,3,18,2,16,16,1.500000,9.000000,33,1,32,1,
ixvm,164,nat_mul_addr,71,ixvm_group_46,16,3,18,2,16,16,1.500000,9.000000,33,1,32,1,
ixvm,165,nat_pow_addr,71,ixvm_group_46,16,3,18,2,16,16,1.500000,9.000000,33,1,32,1,
ixvm,166,nat_gcd_addr,71,ixvm_group_46,16,3,18,2,16,16,1.500000,9.000000,33,1,32,1,
ixvm,167,nat_mod_addr,71,ixvm_group_46,16,3,18,2,16,16,1.500000,9.000000,33,1,32,1,
ixvm,168,nat_div_addr,71,ixvm_group_46,16,3,18,2,16,16,1.500000,9.000000,33,1,32,1,
ixvm,169,nat_land_addr,71,ixvm_group_46,16,3,18,2,16,16,1.500000,9.000000,33,1,32,1,
ixvm,170,nat_lor_addr,71,ixvm_group_46,16,3,18,2,16,16,1.500000,9.000000,33,1,32,1,
ixvm,171,nat_xor_addr,68,ixvm_group_43,16,3,18,2,16,16,1.500000,9.000000,33,1,32,1,
ixvm,172,nat_shift_left_addr,71,ixvm_group_46,16,3,18,2,16,16,1.500000,9.000000,33,1,32,1,
ixvm,173,nat_shift_right_addr,68,ixvm_group_43,16,3,18,2,16,16,1.500000,9.000000,33,1,32,1,
ixvm,174,nat_beq_addr,71,ixvm_group_46,16,3,18,2,16,16,1.500000,9.000000,33,1,32,1,
ixvm,175,nat_ble_addr,71,ixvm_group_46,16,3,18,2,16,16,1.500000,9.000000,33,1,32,1,
ixvm,176,bool_true_addr,69,ixvm_group_44,16,3,18,2,16,16,1.500000,9.000000,33,1,32,1,
ixvm,177,bool_false_addr,69,ixvm_group_44,16,3,18,2,16,16,1.500000,9.000000,33,1,32,1,
ixvm,178,system_platform_num_bits_addr,72,ixvm_group_47,12,3,54,2,16,16,1.500000,27.000000,33,1,32,1,
ixvm,179,punit_size_of_1_addr,68,ixvm_group_43,16,3,18,2,16,16,1.500000,9.000000,33,1,32,1,
ixvm,180,reduce_bool_addr,68,ixvm_group_43,16,3,18,2,16,16,1.500000,9.000000,33,1,32,1,
ixvm,181,reduce_nat_addr,68,ixvm_group_43,16,3,18,2,16,16,1.500000,9.000000,33,1,32,1,
ixvm,182,subtype_val_addr,72,ixvm_group_47,12,3,54,2,16,16,1.500000,27.000000,33,1,32,1,
ixvm,183,system_platform_get_num_bits_addr,5,ixvm_group_02,12,3,50,2,16,16,1.500000,25.000000,33,1,32,1,
ixvm,184,is_native_prim_addr,73,ixvm_group_48,5,23,38,12,96,24,1.916667,3.166667,16,10,0,10,
ixvm,185,mk_nat_literal_64,22,ixvm_group_14,16,5,42,4,32,16,1.250000,10.500000,17,3,14,3,
ixvm,186,mk_nat_one,22,ixvm_group_14,16,5,42,4,32,16,1.250000,10.500000,17,3,14,3,
ixvm,187,try_native_dispatch,74,ixvm_group_49,5,44,89,19,152,32,2.315789,4.684211,34,20,10,23,
ixvm,188,try_reduce_subtype_val,67,ixvm_group_42,9,31,85,13,104,24,2.384615,6.538462,26,10,12,12,
ixvm,189,check_native_bool,75,ixvm_group_50,11,14,62,11,88,24,1.272727,5.636364,17,7,7,8,
ixvm,190,check_native_nat,18,ixvm_group_10,16,11,63,7,56,16,1.571429,9.000000,12,3,6,3,
ixvm,191,bit_vec_to_nat_addr,70,ixvm_group_45,16,3,18,2,16,16,1.500000,9.000000,33,1,32,1,
ixvm,192,bit_vec_of_nat_addr,69,ixvm_group_44,16,3,18,2,16,16,1.500000,9.000000,33,1,32,1,
ixvm,193,bit_vec_addr,69,ixvm_group_44,16,3,18,2,16,16,1.500000,9.000000,33,1,32,1,
ixvm,194,bit_vec_ult_addr,70,ixvm_group_45,16,3,18,2,16,16,1.500000,9.000000,33,1,32,1,
ixvm,195,decidable_decide_addr,70,ixvm_group_45,16,3,18,2,16,16,1.500000,9.000000,33,1,32,1,
ixvm,196,lt_lt_addr,69,ixvm_group_44,16,3,18,2,16,16,1.500000,9.000000,33,1,32,1,
ixvm,197,is_bitvec_prim_addr,76,ixvm_group_51,6,15,32,8,64,16,1.875000,4.000000,10,6,0,6,
ixvm,198,mk_bool,66,ixvm_group_41,11,8,55,5,40,16,1.600000,11.000000,14,6,8,6,
ixvm,199,bv_to_nat_via,50,ixvm_group_32,11,19,89,15,120,24,1.266667,5.933333,32,11,17,11,
ixvm,200,try_reduce_bit_vec_ult,77,ixvm_group_52,9,29,89,12,96,24,2.416667,7.416667,31,11,16,13,
ixvm,201,try_reduce_decide_bitvec_lt,25,ixvm_group_17,6,81,136,32,256,40,2.531250,4.250000,72,28,37,34,
ixvm,202,bitvec_of_nat_args_direct,50,ixvm_group_32,11,18,89,13,104,24,1.384615,6.846154,39,13,22,15,
ixvm,203,try_bitvec_dispatch,78,ixvm_group_53,6,32,67,13,104,24,2.461538,5.153846,35,18,13,20,
ixvm,204,bitvec_prep_spine_ult,75,ixvm_group_50,11,22,62,18,144,32,1.222222,3.444444,12,9,3,9,
ixvm,205,np_whnf_inner_bv,23,ixvm_group_15,16,8,58,7,56,16,1.142857,8.285714,3,3,0,3,
ixvm,206,string_utf8_byte_size_addr,68,ixvm_group_43,16,3,18,2,16,16,1.500000,9.000000,33,1,32,1,
ixvm,207,string_append_addr,68,ixvm_group_43,16,3,18,2,16,16,1.500000,9.000000,33,1,32,1,
ixvm,208,string_of_list_addr,68,ixvm_group_43,16,3,18,2,16,16,1.500000,9.000000,33,1,32,1,
ixvm,209,char_of_nat_addr,22,ixvm_group_14,16,3,42,2,16,16,1.500000,21.000000,33,1,32,1,
ixvm,210,list_nil_addr,79,ixvm_group_54,7,3,10,2,16,16,1.500000,5.000000,33,1,32,1,
ixvm,211,list_cons_addr,79,ixvm_group_54,7,3,10,2,16,16,1.500000,5.000000,33,1,32,1,
ixvm,212,char_type_addr,22,ixvm_group_14,16,3,42,2,16,16,1.500000,21.000000,33,1,32,1,
ixvm,213,string_back_addr,68,ixvm_group_43,16,3,18,2,16,16,1.500000,9.000000,33,1,32,1,
ixvm,214,string_legacy_back_addr,68,ixvm_group_43,16,3,18,2,16,16,1.500000,9.000000,33,1,32,1,
ixvm,215,string_to_byte_array_addr,68,ixvm_group_43,16,3,18,2,16,16,1.500000,9.000000,33,1,32,1,
ixvm,216,byte_array_empty_addr,22,ixvm_group_14,16,3,42,2,16,16,1.500000,21.000000,33,1,32,1,
ixvm,217,string_dec_eq_addr,68,ixvm_group_43,16,3,18,2,16,16,1.500000,9.000000,33,1,32,1,
ixvm,218,str_addr;str_addr_io;string_type_addr,5,ixvm_group_02,12,3,50,2,16,16,1.500000,25.000000,33,1,32,1,
ixvm,219,is_str_prim_addr,6,ixvm_group_03,4,31,63,16,128,24,1.937500,3.937500,22,14,0,14,
ixvm,220,try_str_dispatch,74,ixvm_group_49,5,68,89,31,248,40,2.193548,2.870968,108,44,50,48,
ixvm,221,try_str_back,77,ixvm_group_52,9,32,89,15,120,24,2.133333,5.933333,38,13,21,15,
ixvm,222,try_str_to_byte_array,67,ixvm_group_42,9,32,85,14,112,24,2.285714,6.071429,35,11,19,13,
ixvm,223,utf8_validate,80,ixvm_group_55,9,9,43,7,56,16,1.285714,6.142857,3,2,0,2,
ixvm,224,utf8_last_codepoint,22,ixvm_group_14,16,4,42,3,24,16,1.333333,14.000000,2,1,0,1,
ixvm,225,utf8_last_go,18,ixvm_group_10,16,11,63,9,72,16,1.222222,7.000000,3,3,0,3,
ixvm,226,utf8_cont,22,ixvm_group_14,16,5,42,2,16,16,2.500000,21.000000,6,0,0,4,
ixvm,227,utf8_decode_one,81,ixvm_group_56,6,38,76,15,120,24,2.533333,5.066667,48,12,8,43,
ixvm,228,str_lit_to_ctor,74,ixvm_group_49,5,23,89,22,176,32,1.045455,4.045455,47,20,27,20,
ixvm,229,build_char_list,75,ixvm_group_50,11,18,62,16,128,24,1.125000,3.875000,17,8,9,8,
ixvm,230,str_lit_delta_step,24,ixvm_group_16,16,38,114,32,256,40,1.187500,3.562500,16,11,5,11,
ixvm,231,str_lit_to_ctor_app_or_self,82,ixvm_group_57,3,12,15,9,72,16,1.333333,1.666667,3,3,0,3,
ixvm,233,klimbs_from_g,83,ixvm_group_58,5,14,55,9,72,16,1.555556,6.111111,29,4,15,12,
ixvm,234,walk_char_list_bytes,77,ixvm_group_52,9,32,89,22,176,32,1.454545,4.045455,42,20,14,20,
ixvm,235,char_lit_codepoint,18,ixvm_group_10,16,11,63,8,64,16,1.375000,7.875000,4,3,0,3,
ixvm,236,char_lit_codepoint_syn,75,ixvm_group_50,11,25,62,18,144,32,1.388889,3.444444,16,6,0,6,
ixvm,237,klimbs_scalar_value,29,ixvm_group_21,12,71,219,22,176,32,3.227273,9.954545,31,2,0,19,
ixvm,240,utf8_encode_prepend,84,ixvm_group_59,7,106,159,11,88,24,9.636364,14.454545,79,11,42,33,
ixvm,242,is_int_prim_addr,81,ixvm_group_56,6,23,76,22,176,32,1.045455,3.454545,29,20,0,20,
ixvm,243,try_extract_nat,80,ixvm_group_55,9,16,43,9,72,16,1.777778,4.777778,21,8,8,8,
ixvm,244,try_extract_nat_app,76,ixvm_group_51,6,17,32,12,96,24,1.416667,2.666667,18,8,6,8,
ixvm,245,mk_nat_lit,72,ixvm_group_47,12,4,54,3,24,16,1.333333,18.000000,4,1,3,1,
ixvm,246,try_extract_int_prim,85,ixvm_group_60,9,25,65,18,144,32,1.388889,3.611111,34,14,8,14,
ixvm,247,mk_int_prim,50,ixvm_group_32,11,22,89,12,96,24,1.833333,7.416667,19,10,9,13,
ixvm,248,int_add_prim,86,ixvm_group_61,9,13,54,8,64,16,1.625000,6.750000,8,7,1,8,
ixvm,249,int_emod_prim,87,ixvm_group_62,10,14,56,9,72,16,1.555556,6.222222,12,7,3,10,
ixvm,250,int_ediv_prim,75,ixvm_group_50,11,21,62,12,96,24,1.750000,5.166667,23,9,5,20,
ixvm,251,int_bmod_prim,75,ixvm_group_50,11,23,62,15,120,24,1.533333,4.133333,29,13,14,16,
ixvm,252,int_bdiv_prim,77,ixvm_group_52,9,34,89,20,160,32,1.700000,4.450000,54,19,30,28,
ixvm,253,try_int_prim_dispatch,81,ixvm_group_56,6,44,76,20,160,32,2.200000,3.800000,52,22,25,32,
ixvm,254,try_int_prim_second,67,ixvm_group_42,9,46,85,27,216,40,1.703704,3.148148,91,45,42,66,
ixvm,255,apply_spine;apply_spine_expr;np_apply_spine,88,apply_spine,1,10,10,8,64,16,1.250000,1.250000,5,3,2,3,
ixvm,256,try_nat_binop_addr,25,ixvm_group_17,6,62,136,34,272,48,1.823529,4.000000,87,69,3,69,
ixvm,257,try_match_nat_add,59,ixvm_group_38,6,25,41,17,136,24,1.470588,2.411765,32,12,14,14,
ixvm,258,build_succ_offset,89,ixvm_group_63,10,21,112,18,144,32,1.166667,6.222222,46,16,30,16,
ixvm,259,cleanup_nat_offset_major,49,ixvm_group_31,4,25,40,18,144,32,1.388889,2.222222,7,7,0,7,
ixvm,260,mk_nat_offset_stuck,28,ixvm_group_20,15,15,57,12,96,24,1.250000,4.750000,19,9,8,9,
ixvm,261,is_nat_succ_ih_step,55,ixvm_group_36,9,34,74,24,192,32,1.416667,3.083333,19,9,3,12,
ixvm,262,try_nat_linear_rec,65,ixvm_group_40,7,37,58,18,144,32,2.055556,3.222222,34,14,16,16,
ixvm,264,try_nat_binop_dispatch,78,ixvm_group_53,6,33,67,14,112,24,2.357143,4.785714,35,13,17,15,
ixvm,265,try_nat_offset_dispatch,58,ixvm_group_37,11,27,79,19,152,32,1.421053,4.157895,34,15,15,23,
ixvm,266,mk_nat_binop_stuck,18,ixvm_group_10,16,12,63,11,88,24,1.090909,5.727273,14,6,8,6,
ixvm,267,bytes_to_u64_limb,8,ixvm_group_05,12,40,104,22,176,32,1.818182,4.727273,17,9,0,9,
ixvm,268,skip_bytes,61,ixvm_group_39,13,11,40,7,56,16,1.571429,5.714286,7,3,2,3,
ixvm,269,bytes_to_limbs,55,ixvm_group_36,9,35,74,28,224,40,1.250000,2.642857,29,11,18,11,
ixvm,270,convert_univ,90,ixvm_group_64,8,19,44,14,112,24,1.357143,3.142857,20,12,8,12,
ixvm,271,convert_univ_idxs,49,ixvm_group_31,4,20,40,18,144,32,1.111111,2.222222,10,7,3,7,
ixvm,272,convert_expr,91,convert_expr,1,42,42,30,240,40,1.400000,1.400000,69,46,22,46,
ixvm,273,convert_definition,19,ixvm_group_11,11,28,56,21,168,32,1.333333,2.666667,11,3,0,5,
ixvm,274,convert_axiom,5,ixvm_group_02,12,18,50,17,136,24,1.058824,2.941176,4,2,0,2,
ixvm,275,convert_quotient,5,ixvm_group_02,12,18,50,17,136,24,1.058824,2.941176,4,2,0,2,
ixvm,276,count_ctors,1,ixvm_group_01,11,41,122,39,312,48,1.051282,3.128205,5,2,0,2,
ixvm,277,ctor_at,1,ixvm_group_01,11,76,122,73,584,80,1.041096,1.671233,4,2,0,2,
ixvm,278,convert_inductive,30,ixvm_group_22,7,40,92,39,312,48,1.025641,2.358974,7,5,0,5,
ixvm,279,convert_constructor,30,ixvm_group_22,7,47,92,46,368,56,1.021739,2.000000,7,5,0,5,
ixvm,280,convert_rec_rules,55,ixvm_group_36,9,24,74,22,176,32,1.090909,3.363636,11,6,5,6,
ixvm,281,convert_recursor,30,ixvm_group_22,7,59,92,58,464,72,1.017241,1.586207,9,7,1,7,
ixvm,282,load_verified_constant,51,ixvm_group_33,5,90,106,89,712,96,1.011236,1.191011,11,5,2,5,
ixvm,284,load_verified_blob,1,ixvm_group_01,11,38,122,37,296,48,1.027027,3.297297,6,3,1,3,
ixvm,285,defn_is_unsafe_ci,48,ixvm_group_30,11,9,52,3,24,16,3.000000,17.333333,5,0,0,0,
ixvm,286,defn_member_recur_addrs,20,ixvm_group_12,16,20,106,17,136,24,1.176471,6.235294,5,3,2,3,
ixvm,287,get_ci,1,ixvm_group_01,11,79,122,67,536,80,1.179104,1.820896,39,26,13,26,
ixvm,288,get_ci_dprj,84,ixvm_group_59,7,120,159,119,952,128,1.008403,1.336134,6,6,0,6,
ixvm,289,get_ci_iprj,10,ixvm_group_07,7,111,200,110,880,120,1.009091,1.818182,5,5,0,5,
ixvm,290,get_ci_cprj,10,ixvm_group_07,7,146,200,145,1160,152,1.006897,1.379310,6,6,0,6,
ixvm,291,get_ci_rprj,17,ixvm_group_09,11,111,169,110,880,120,1.009091,1.536364,5,5,0,5,
ixvm,292,muts_member_at,10,ixvm_group_07,7,98,200,95,760,104,1.031579,2.105263,4,2,0,2,
ixvm,293,idx_to_u64,28,ixvm_group_20,15,12,57,3,24,16,4.000000,19.000000,7,1,1,2,
ixvm,294,projection_addr,10,ixvm_group_07,7,112,200,63,504,72,1.777778,3.174603,22,8,14,14,
ixvm,295,build_recur_addrs,72,ixvm_group_47,12,5,54,4,32,16,1.250000,13.500000,2,1,0,1,
ixvm,296,build_recur_addrs_walk,51,ixvm_group_33,5,57,106,55,440,64,1.036364,1.927273,10,5,5,5,
ixvm,297,level_is_not_zero,92,ixvm_group_65,5,15,28,7,56,16,2.142857,4.000000,10,4,0,4,
ixvm,298,level_eq,72,ixvm_group_47,12,22,54,11,88,24,2.000000,4.909091,21,11,0,15,
ixvm,299,glist_cmp,78,ixvm_group_53,6,40,67,10,80,24,4.000000,6.700000,11,4,2,6,
ixvm,300,glist_subset,93,ixvm_group_66,5,39,99,10,80,24,3.900000,9.900000,9,4,2,6,
ixvm,301,glist_eq_len,80,ixvm_group_55,9,14,43,10,80,24,1.400000,4.300000,7,4,0,4,
ixvm,302,glist_ordered_insert,81,ixvm_group_56,6,37,76,9,72,16,4.111111,8.444444,16,6,7,8,
ixvm,303,nlvars_add,74,ixvm_group_49,5,52,89,11,88,24,4.727273,8.090909,20,11,9,14,
ixvm,304,nlvars_eq,28,ixvm_group_20,15,20,57,14,112,24,1.428571,4.071429,13,6,2,8,
ixvm,305,nlvars_max_offset,75,ixvm_group_50,11,23,62,8,64,16,2.875000,7.750000,5,3,0,4,
ixvm,306,nlvars_subsume,74,ixvm_group_49,5,57,89,15,120,24,3.800000,5.933333,15,10,5,13,
ixvm,307,nl_add_const,72,ixvm_group_47,12,12,54,8,64,16,1.500000,6.750000,3,3,0,3,
ixvm,308,nl_add_const_go,78,ixvm_group_53,6,30,67,14,112,24,2.142857,4.785714,25,14,11,15,
ixvm,309,nl_add_var,73,ixvm_group_48,5,21,38,17,136,24,1.235294,2.235294,33,19,14,19,
ixvm,310,normalize_aux,80,ixvm_group_55,9,19,43,12,96,24,1.583333,3.583333,12,10,0,10,
ixvm,311,normalize_imax_dispatch,86,ixvm_group_61,9,23,54,14,112,24,1.642857,3.857143,16,14,0,14,
ixvm,312,nl_subsumption_walk,92,ixvm_group_65,5,11,28,9,72,16,1.222222,3.111111,5,4,1,4,
ixvm,313,nl_subsume_entry,93,ixvm_group_66,5,69,99,24,192,32,2.875000,4.125000,21,12,9,21,
ixvm,314,nl_skip_empty,76,ixvm_group_51,6,16,32,12,96,24,1.333333,2.666667,4,4,0,4,
ixvm,315,nl_eq,55,ixvm_group_36,9,27,74,20,160,32,1.350000,3.700000,17,10,1,11,
ixvm,316,nl_covers_const,58,ixvm_group_37,11,33,79,13,104,24,2.538462,6.076923,10,6,2,8,
ixvm,317,nlvars_any_offset_geq,75,ixvm_group_50,11,24,62,9,72,16,2.666667,6.888889,8,3,3,6,
ixvm,318,nl_covers_var,94,ixvm_group_67,11,19,53,14,112,24,1.357143,3.785714,8,6,0,6,
ixvm,319,nlvars_dominates,55,ixvm_group_36,9,26,74,10,80,24,2.600000,7.400000,8,4,2,6,
ixvm,320,nl_le,94,ixvm_group_67,11,20,53,12,96,24,1.666667,4.416667,9,5,1,6,
ixvm,321,nl_le_vars,90,ixvm_group_64,8,14,44,11,88,24,1.272727,4.000000,6,4,0,4,
ixvm,322,level_normalize,59,ixvm_group_38,6,11,41,10,80,24,1.100000,4.100000,19,8,11,8,
ixvm,323,level_leq,94,ixvm_group_67,11,14,53,10,80,24,1.400000,5.300000,7,5,0,5,
ixvm,324,level_equal,95,ixvm_group_68,7,9,53,7,56,16,1.285714,7.571429,5,4,0,4,
ixvm,325,level_max,35,ixvm_group_25,5,23,39,8,64,16,2.875000,4.875000,5,4,0,5,
ixvm,326,level_max_go,59,ixvm_group_38,6,21,41,13,104,24,1.615385,3.153846,6,6,0,6,
ixvm,327,level_struct_eq,96,ixvm_group_69,4,25,35,11,88,24,2.272727,3.181818,24,11,1,15,
ixvm,328,level_max_subsumes,97,ixvm_group_70,3,11,20,8,64,16,1.375000,2.500000,5,3,0,3,
ixvm,329,level_max_offsets,46,ixvm_group_28,7,23,62,9,72,16,2.555556,6.888889,8,4,3,5,
ixvm,330,level_explicit_val,61,ixvm_group_39,13,12,40,7,56,16,1.714286,5.714286,11,2,0,2,
ixvm,331,level_offset_of,82,ixvm_group_57,3,10,15,8,64,16,1.250000,1.875000,4,2,0,2,
ixvm,332,level_imax,90,ixvm_group_64,8,21,44,12,96,24,1.750000,3.666667,11,8,3,8,
ixvm,333,level_reduce,19,ixvm_group_11,11,13,56,8,64,16,1.625000,7.000000,17,11,6,11,
ixvm,334,level_inst_params,92,ixvm_group_65,5,14,28,9,72,16,1.555556,3.111111,15,11,4,11,
ixvm,335,level_list_inst,98,ixvm_group_71,3,11,20,9,72,16,1.222222,2.222222,8,5,3,5,
ixvm,336,expr_inst_levels,99,expr_inst_levels,1,10,10,7,56,16,1.428571,1.428571,2,2,0,2,
ixvm,337,expr_inst_levels_walk,100,expr_inst_levels_walk,1,20,20,11,88,24,1.818182,1.818182,38,22,16,22,
ixvm,338,klimbs_eq,50,ixvm_group_32,11,30,89,25,200,32,1.200000,3.560000,9,5,0,5,
ixvm,339,bytestream_eq;canon_g_list_eq,21,ixvm_group_13,15,15,58,10,80,24,1.500000,5.800000,9,4,1,5,
ixvm,340,literal_eq,85,ixvm_group_60,9,10,65,6,48,16,1.666667,10.833333,4,2,0,2,
ixvm,341,expr_lbr,101,expr_lbr,1,19,19,10,80,24,1.900000,1.900000,19,14,0,14,
ixvm,342,expr_lbr_let,73,ixvm_group_48,5,11,38,10,80,24,1.100000,3.800000,6,6,0,6,
ixvm,343,lbr_max,0,ixvm_group_00,4,17,33,3,24,16,5.666667,11.000000,1,0,0,1,
ixvm,344,lbr_dec,48,ixvm_group_30,11,5,52,2,16,16,2.500000,26.000000,3,0,0,0,
ixvm,345,lbr_min,0,ixvm_group_00,4,17,33,3,24,16,5.666667,11.000000,1,0,0,1,
ixvm,346,has_bvar_in_range,102,has_bvar_in_range,1,43,43,10,80,24,4.300000,4.300000,14,7,0,9,
ixvm,347,has_bvar_in_range_binder,103,ixvm_group_72,3,9,12,7,56,16,1.285714,1.714286,7,2,0,2,
ixvm,348,has_bvar_in_range_let,86,ixvm_group_61,9,12,54,9,72,16,1.333333,6.000000,9,3,0,3,
ixvm,350,ctx_seek_cut,104,ixvm_group_73,2,20,26,6,48,16,3.333333,4.333333,6,3,2,4,
ixvm,351,ctx_next_cut,82,ixvm_group_57,3,8,15,7,56,16,1.142857,2.142857,5,3,0,3,
ixvm,352,ctx_close_cut,59,ixvm_group_38,6,22,41,6,48,16,3.666667,6.833333,7,3,2,4,
ixvm,353,ctx_trim,105,ixvm_group_74,2,24,32,8,64,16,3.000000,4.000000,9,6,3,7,
ixvm,354,expr_glb,106,expr_glb,1,9,9,6,48,16,1.500000,1.500000,6,3,2,3,
ixvm,355,expr_glb_walk,107,expr_glb_walk,1,23,23,11,88,24,2.090909,2.090909,16,10,0,10,
ixvm,356,expr_glb_binder,108,expr_glb_binder,1,11,11,8,64,16,1.375000,1.375000,7,4,2,4,
ixvm,357,expr_glb_let,90,ixvm_group_64,8,17,44,12,96,24,1.416667,3.666667,11,7,2,7,
ixvm,358,expr_lift,109,expr_lift,1,11,11,7,56,16,1.571429,1.571429,3,3,0,3,
ixvm,359,expr_lift_walk,110,expr_lift_walk,1,20,20,11,88,24,1.818182,1.818182,34,17,17,17,
ixvm,360,expr_lift_bvar,73,ixvm_group_48,5,19,38,5,40,16,3.800000,7.600000,8,2,6,3,
ixvm,361,expr_lift_let,86,ixvm_group_61,9,11,54,10,80,24,1.100000,5.400000,7,4,3,4,
ixvm,362,expr_lower,111,expr_lower,1,11,11,7,56,16,1.571429,1.571429,3,3,0,3,
ixvm,363,expr_lower_walk,112,expr_lower_walk,1,31,31,12,96,24,2.583333,2.583333,44,20,24,21,
ixvm,364,expr_has_bvar_at,113,expr_has_bvar_at,1,22,22,9,72,16,2.444444,2.444444,12,7,0,8,
ixvm,365,expr_has_bvar_at_binder,114,ixvm_group_75,2,9,11,6,48,16,1.500000,1.833333,5,2,0,2,
ixvm,366,expr_has_bvar_at_let,61,ixvm_group_39,13,13,40,8,64,16,1.625000,5.000000,7,3,0,3,
ixvm,367,expr_inst1,115,expr_inst1,1,12,12,8,64,16,1.500000,1.500000,8,5,0,5,
ixvm,368,expr_inst1_walk,116,expr_inst1_walk,1,20,20,11,88,24,1.818182,1.818182,34,17,17,17,
ixvm,369,expr_inst1_bvar,32,ixvm_group_24,5,10,21,6,48,16,1.666667,3.500000,12,4,7,5,
ixvm,370,expr_inst1_let,95,ixvm_group_68,7,11,53,10,80,24,1.100000,5.300000,7,4,3,4,
ixvm,371,expr_inst_many,117,expr_inst_many,1,15,15,9,72,16,1.666667,1.666667,8,6,1,6,
ixvm,372,expr_inst_many_bvar,118,expr_inst_many_bvar,1,10,10,8,64,16,1.250000,1.250000,10,5,4,5,
ixvm,373,expr_inst_many_walk,119,expr_inst_many_walk,1,20,20,11,88,24,1.818182,1.818182,34,17,17,17,
ixvm,374,expr_inst_many_let,95,ixvm_group_68,7,11,53,10,80,24,1.100000,5.300000,7,4,3,4,
ixvm,375,peel_beta,120,peel_beta,1,18,18,15,120,24,1.200000,1.200000,5,4,1,4,
ixvm,376,whnf_apply_beta,121,whnf_apply_beta,1,16,16,12,96,24,1.333333,1.333333,14,9,5,9,
ixvm,377,whnf_with_spine,122,whnf_with_spine,1,20,20,12,96,24,1.666667,1.666667,11,10,1,10,
ixvm,378,whnf_proj_head,123,ixvm_group_76,2,37,41,31,248,40,1.193548,1.322581,17,14,3,14,
ixvm,379,fin_addr,70,ixvm_group_45,16,3,18,2,16,16,1.500000,9.000000,33,1,32,1,
ixvm,380,decidable_rec_addr,69,ixvm_group_44,16,3,18,2,16,16,1.500000,9.000000,33,1,32,1,
ixvm,381,nat_addr;nat_addr_io;nat_ty_addr,71,ixvm_group_46,16,3,18,2,16,16,1.500000,9.000000,33,1,32,1,
ixvm,382,quot_ctor_addr;quot_ctor_addr_iota,5,ixvm_group_02,12,3,50,2,16,16,1.500000,25.000000,33,1,32,1,
ixvm,383,quot_lift_addr;quot_lift_addr_iota,5,ixvm_group_02,12,3,50,2,16,16,1.500000,25.000000,33,1,32,1,
ixvm,384,quot_ind_addr;quot_ind_addr_iota,5,ixvm_group_02,12,3,50,2,16,16,1.500000,25.000000,33,1,32,1,
ixvm,385,try_reduce_fin_val_decidable_rec,124,ixvm_group_77,2,71,98,47,376,56,1.510638,2.085106,103,38,56,40,
ixvm,386,whnf_get_ctor_or_none,76,ixvm_group_51,6,12,32,9,72,16,1.333333,3.555556,13,5,8,5,
ixvm,387,whnf_spine,92,ixvm_group_65,5,11,28,9,72,16,1.222222,3.111111,8,5,3,5,
ixvm,388,try_nat_dispatch_prewhnf,93,ixvm_group_66,5,39,99,18,144,32,2.166667,5.500000,50,24,20,28,
ixvm,389,bitvec_prep_spine,50,ixvm_group_32,11,20,89,17,136,24,1.176471,5.235294,11,9,2,9,
ixvm,390,prim_family,124,ixvm_group_77,2,86,98,39,312,48,2.205128,2.512821,61,37,17,54,
ixvm,391,try_prim_dispatch,125,try_prim_dispatch,1,20,20,9,72,16,2.222222,2.222222,13,9,3,9,
ixvm,392,try_quot_iota,66,ixvm_group_41,11,14,55,10,80,24,1.400000,5.500000,11,7,3,7,
ixvm,393,try_quot_lift,67,ixvm_group_42,9,27,85,11,88,24,2.454545,7.727273,25,9,13,11,
ixvm,394,try_quot_ind,77,ixvm_group_52,9,27,89,11,88,24,2.454545,8.090909,25,9,13,11,
ixvm,395,quot_extract_arg,50,ixvm_group_32,11,19,89,14,112,24,1.357143,6.357143,26,10,12,12,
ixvm,396,whnf_const_head,126,whnf_const_head,1,53,53,31,248,40,1.709677,1.709677,25,21,4,22,
ixvm,397,try_reduce_projection_definition,105,ixvm_group_74,2,29,32,13,104,24,2.230769,2.461538,20,8,9,9,
ixvm,398,projection_definition_info,46,ixvm_group_28,7,30,62,12,96,24,2.500000,5.166667,121,6,97,7,
ixvm,399,nat_lit_to_ctor_or_self,59,ixvm_group_38,6,19,41,14,112,24,1.357143,2.928571,25,12,13,12,
ixvm,400,try_k_synth_iota,89,ixvm_group_63,10,31,112,25,200,32,1.240000,4.480000,34,14,16,14,
ixvm,401,k_synth_gate,67,ixvm_group_42,9,39,85,34,272,48,1.147059,2.500000,18,13,2,13,
ixvm,402,replace_spine_major,90,ixvm_group_64,8,11,44,10,80,24,1.100000,4.400000,11,6,5,6,
ixvm,403,whnf_iota_major,35,ixvm_group_25,5,29,39,26,208,40,1.115385,1.500000,8,8,0,8,
ixvm,404,try_iota,81,ixvm_group_56,6,54,76,35,280,48,1.542857,2.171429,42,23,12,27,
ixvm,405,collect_spine_of_ctor,35,ixvm_group_25,5,27,39,23,184,32,1.173913,1.695652,82,9,68,9,
ixvm,406,find_rule,94,ixvm_group_67,11,15,53,11,88,24,1.363636,4.818182,10,3,4,4,
ixvm,407,try_struct_eta_iota,93,ixvm_group_66,5,62,99,48,384,56,1.291667,2.062500,74,27,37,29,
ixvm,408,se_parent_addr,66,ixvm_group_41,11,20,55,14,112,24,1.428571,3.928571,110,8,96,8,
ixvm,409,apply_n_projs,86,ixvm_group_61,9,12,54,9,72,16,1.333333,6.000000,9,3,4,4,
ixvm,410,struct_is_rec,66,ixvm_group_41,11,19,55,17,136,24,1.117647,3.235294,6,4,0,4,
ixvm,411,struct_block_member_addrs,50,ixvm_group_32,11,56,89,53,424,64,1.056604,1.679245,7,4,3,4,
ixvm,412,struct_scan_ctors,66,ixvm_group_41,11,29,55,23,184,32,1.260870,2.391304,11,5,1,6,
ixvm,413,se_peel_tol,86,ixvm_group_61,9,12,54,8,64,16,1.500000,6.750000,4,2,0,2,
ixvm,414,se_scan_fields,28,ixvm_group_20,15,13,57,9,72,16,1.444444,6.333333,5,3,0,3,
ixvm,415,se_mentions,86,ixvm_group_61,9,25,54,10,80,24,2.500000,5.400000,18,12,0,12,
ixvm,416,se_addr_in,28,ixvm_group_20,15,12,57,8,64,16,1.500000,7.125000,5,3,0,3,
ixvm,417,whnf,127,whnf,1,22,22,11,88,24,2.000000,2.000000,7,5,2,5,
ixvm,419,whnf_struct_core,128,whnf_struct_core,1,22,22,11,88,24,2.000000,2.000000,7,5,2,5,
ixvm,420,whnf_struct_core_spine,129,whnf_struct_core_spine,1,25,25,16,128,24,1.562500,1.562500,24,18,6,18,
ixvm,421,whnf_struct_core_proj,46,ixvm_group_28,7,32,62,29,232,40,1.103448,2.137931,10,9,1,9,
ixvm,422,whnf_struct_core_const,130,ixvm_group_78,2,27,32,23,184,32,1.173913,1.391304,7,7,0,7,
ixvm,423,whnf_nd,131,whnf_nd,1,22,22,11,88,24,2.000000,2.000000,7,5,2,5,
ixvm,425,whnf_nd_with_spine,132,whnf_nd_with_spine,1,20,20,12,96,24,1.666667,1.666667,11,10,1,10,
ixvm,426,whnf_nd_apply_beta,133,whnf_nd_apply_beta,1,16,16,12,96,24,1.333333,1.333333,14,9,5,9,
ixvm,427,whnf_nd_proj_head,123,ixvm_group_76,2,37,41,31,248,40,1.193548,1.322581,17,14,3,14,
ixvm,428,whnf_nd_const_head,134,whnf_nd_const_head,1,60,60,34,272,48,1.764706,1.764706,32,24,8,26,
ixvm,429,io_types_lookup;types_lookup,135,io_types_lookup,1,6,6,5,40,16,1.200000,1.200000,5,2,0,2,
ixvm,430,const_num_lvls;io_const_num_lvls,136,ixvm_group_79,2,21,29,13,104,24,1.615385,2.230769,0,0,0,0,
ixvm,431,const_type_of;io_const_type_of,136,ixvm_group_79,2,21,29,13,104,24,1.615385,2.230769,0,0,0,0,
ixvm,432,k_infer_only,137,ixvm_group_80,2,57,70,46,368,56,1.239130,1.521739,77,47,20,47,
ixvm,434,ensure_sort_only,94,ixvm_group_67,11,16,53,13,104,24,1.230769,4.076923,4,4,0,4,
ixvm,435,io_peel_params_subst;peel_params_subst,96,ixvm_group_69,4,16,35,13,104,24,1.230769,2.692308,7,4,1,4,
ixvm,436,io_peel_field_loop,8,ixvm_group_05,12,16,104,13,104,24,1.230769,8.000000,9,4,3,5,
ixvm,437,level_list_eq,94,ixvm_group_67,11,17,53,11,88,24,1.545455,4.818182,9,5,0,5,
ixvm,438,k_is_def_eq,138,k_is_def_eq,1,13,13,9,72,16,1.444444,1.444444,10,6,3,7,
ixvm,439,k_def_eq_rebase,139,k_def_eq_rebase,1,18,18,15,120,24,1.200000,1.200000,17,12,5,12,
ixvm,440,k_is_def_eq_core,140,ixvm_group_81,2,20,25,5,40,16,4.000000,5.000000,3,2,1,3,
ixvm,441,k_is_def_eq_ordered,114,ixvm_group_75,2,9,11,6,48,16,1.500000,1.833333,3,2,0,2,
ixvm,442,try_def_eq_app,141,try_def_eq_app,1,27,27,20,160,32,1.350000,1.350000,15,8,2,10,
ixvm,443,de_args,142,de_args,1,18,18,12,96,24,1.500000,1.500000,9,5,0,5,
ixvm,444,is_nat_zero,143,is_nat_zero,1,12,12,8,64,16,1.500000,1.500000,6,4,0,4,
ixvm,445,nat_offset_of,144,nat_offset_of,1,36,36,24,192,32,1.500000,1.500000,52,22,18,22,
ixvm,446,try_def_eq_nat,140,ixvm_group_81,2,23,25,14,112,24,1.642857,1.785714,15,6,2,8,
ixvm,448,try_string_lit_one,145,try_string_lit_one,1,14,14,11,88,24,1.272727,1.272727,6,4,0,4,
ixvm,449,k_is_def_eq_slow,97,ixvm_group_70,3,14,20,7,56,16,2.000000,2.857143,5,3,1,4,
ixvm,450,k_is_def_eq_slow_nd,98,ixvm_group_71,3,16,20,9,72,16,1.777778,2.222222,9,5,1,6,
ixvm,451,k_is_def_eq_slow_nd_after_core,90,ixvm_group_64,8,18,44,11,88,24,1.636364,4.000000,9,5,1,6,
ixvm,452,k_is_def_eq_struct_safe,52,ixvm_group_34,5,24,34,15,120,24,1.600000,2.266667,19,11,2,11,
ixvm,453,k_is_def_eq_slow2,49,ixvm_group_31,4,31,40,16,128,24,1.937500,2.500000,15,7,2,8,
ixvm,454,slow2_after_delta,146,ixvm_group_82,6,15,30,10,80,24,1.500000,3.000000,6,3,1,3,
ixvm,455,try_same_proj_head_app,43,ixvm_group_27,3,31,64,22,176,32,1.409091,2.909091,19,10,2,12,
ixvm,456,k_is_def_eq_structure_tree,97,ixvm_group_70,3,13,20,8,64,16,1.625000,2.500000,6,3,1,3,
ixvm,457,k_is_def_eq_structure_tree_app,96,ixvm_group_69,4,18,35,14,112,24,1.285714,2.500000,7,4,0,4,
ixvm,458,k_is_def_eq_struct_bounded,147,k_is_def_eq_struct_bounded,1,45,45,18,144,32,2.500000,2.500000,46,34,4,37,
ixvm,459,k_is_def_eq_struct_spend,130,ixvm_group_78,2,23,32,14,112,24,1.642857,2.285714,13,5,2,6,
ixvm,460,slow2_eager_fallback,46,ixvm_group_28,7,29,62,14,112,24,2.071429,4.428571,16,9,1,10,
ixvm,461,try_eta_struct,137,ixvm_group_80,2,59,70,43,344,56,1.372093,1.627907,28,13,7,20,
ixvm,462,compare_struct_fields,19,ixvm_group_11,11,17,56,12,96,24,1.416667,4.666667,11,4,3,5,
ixvm,463,compute_iprj_addr,28,ixvm_group_20,15,18,57,17,136,24,1.058824,3.352941,17,7,10,7,
ixvm,464,try_eta_swap,52,ixvm_group_34,5,18,34,13,104,24,1.384615,2.615385,7,5,0,5,
ixvm,465,try_unit_like,98,ixvm_group_71,3,12,20,9,72,16,1.333333,2.222222,6,5,0,5,
ixvm,466,is_unit_like_type,9,ixvm_group_06,8,42,79,34,272,48,1.235294,2.323529,16,6,3,8,
ixvm,467,try_proof_irrel,92,ixvm_group_65,5,11,28,8,64,16,1.375000,3.500000,5,4,0,4,
ixvm,468,try_eta_expand,50,ixvm_group_32,11,21,89,17,136,24,1.235294,5.235294,19,9,8,9,
ixvm,469,is_prop_type,76,ixvm_group_51,6,13,32,11,88,24,1.181818,2.909091,8,5,2,5,
ixvm,470,k_is_def_eq_struct,103,ixvm_group_72,3,6,12,5,40,16,1.200000,2.400000,1,1,0,1,
ixvm,471,k_is_def_eq_struct_go,95,ixvm_group_68,7,42,53,15,120,24,2.800000,3.533333,49,31,4,34,
ixvm,472,lazy_delta_loop,148,lazy_delta_loop,1,26,26,14,112,24,1.857143,1.857143,10,7,1,8,
ixvm,473,delta_rank,48,ixvm_group_30,11,16,52,13,104,24,1.230769,4.000000,1,0,0,0,
ixvm,474,lazy_delta_step_const_const,89,ixvm_group_63,10,74,112,40,320,48,1.850000,2.800000,16,13,2,15,
ixvm,475,unfold_a_and_loop,146,ixvm_group_82,6,13,30,11,88,24,1.181818,2.727273,6,3,0,3,
ixvm,476,unfold_b_and_loop,32,ixvm_group_24,5,13,21,11,88,24,1.181818,1.909091,6,3,0,3,
ixvm,477,unfold_both_and_loop,94,ixvm_group_67,11,17,53,14,112,24,1.214286,3.785714,9,5,0,5,
ixvm,478,lazy_delta_a_const_b_proj,46,ixvm_group_28,7,33,62,27,216,40,1.222222,2.296296,13,7,0,7,
ixvm,479,lazy_delta_b_const_a_proj,46,ixvm_group_28,7,33,62,27,216,40,1.222222,2.296296,13,7,0,7,
ixvm,480,lazy_delta_both_proj,146,ixvm_group_82,6,17,30,12,96,24,1.416667,2.500000,12,5,0,5,
ixvm,481,is_defn_or_thm,48,ixvm_group_30,11,18,52,13,104,24,1.384615,4.000000,3,0,0,0,
ixvm,482,try_unfold_proj_app,104,ixvm_group_73,2,24,26,20,160,32,1.200000,1.300000,13,8,1,8,
ixvm,483,delta_unfold,0,ixvm_group_00,4,27,33,23,184,32,1.173913,1.434783,12,8,0,8,
ixvm,484,try_lazy_delta_app,89,ixvm_group_63,10,48,112,39,312,48,1.230769,2.871795,14,11,0,11,
ixvm,485,head_addr,149,head_addr,1,12,12,9,72,16,1.333333,1.333333,37,3,32,3,
ixvm,486,try_unfold_head,19,ixvm_group_11,11,23,56,18,144,32,1.277778,3.111111,9,4,0,4,
ixvm,487,k_infer,150,k_infer,1,8,8,6,48,16,1.333333,1.333333,6,4,2,4,
ixvm,488,k_infer_rebase,151,k_infer_rebase,1,15,15,12,96,24,1.250000,1.250000,14,10,3,10,
ixvm,489,k_infer_core,152,k_infer_core,1,33,33,24,192,32,1.375000,1.375000,44,28,12,28,
ixvm,490,k_infer_let_start,153,k_infer_let_start,1,11,11,10,80,24,1.100000,1.100000,9,5,3,5,
ixvm,492,infer_let_lookup_type,154,infer_let_lookup_type,1,16,16,10,80,24,1.600000,1.600000,10,4,0,4,
ixvm,494,infer_let_lookup_value,155,infer_let_lookup_value,1,16,16,10,80,24,1.600000,1.600000,16,6,6,6,
ixvm,495,infer_let_materialize,156,infer_let_materialize,1,27,27,16,128,24,1.687500,1.687500,40,22,17,22,
ixvm,496,k_infer_let_env,157,k_infer_let_env,1,21,21,14,112,24,1.500000,1.500000,14,11,3,11,
ixvm,497,infer_let_local_cutoff,158,infer_let_local_cutoff,1,14,14,9,72,16,1.555556,1.555556,8,3,0,3,
ixvm,498,k_infer_let_env_rebase,159,k_infer_let_env_rebase,1,14,14,13,104,24,1.076923,1.076923,10,6,3,6,
ixvm,499,infer_let_drop_unused,160,infer_let_drop_unused,1,16,16,11,88,24,1.454545,1.454545,17,3,4,3,
ixvm,500,k_infer_let_env_core,161,k_infer_let_env_core,1,28,28,21,168,32,1.333333,1.333333,70,35,26,35,
ixvm,501,k_infer_app_spine_loop,162,k_infer_app_spine_loop,1,33,33,22,176,32,1.500000,1.500000,24,15,6,15,
ixvm,502,k_infer_lit,19,ixvm_group_11,11,8,56,6,48,16,1.333333,9.333333,14,6,8,6,
ixvm,503,is_inductive_prop,94,ixvm_group_67,11,14,53,13,104,24,1.076923,4.076923,7,5,2,5,
ixvm,504,peel_n_alls_whnf,96,ixvm_group_69,4,15,35,11,88,24,1.363636,3.181818,8,5,1,5,
ixvm,505,check_prop_field_if_prop,72,ixvm_group_47,12,10,54,7,56,16,1.428571,7.714286,7,3,2,3,
ixvm,506,check_no_dep_data_field_if_prop,31,ixvm_group_23,14,14,45,9,72,16,1.555556,5.000000,8,4,2,4,
ixvm,507,peel_field_loop,94,ixvm_group_67,11,18,53,15,120,24,1.200000,3.533333,11,4,3,5,
ixvm,508,k_infer_proj,93,ixvm_group_66,5,44,99,43,344,56,1.023256,2.302326,18,12,2,12,
ixvm,509,k_ensure_sort,163,k_ensure_sort,1,10,10,9,72,16,1.111111,1.111111,3,3,0,3,
ixvm,510,k_check,164,k_check,1,7,7,6,48,16,1.166667,1.166667,4,2,0,2,
ixvm,511,nat_dec_le_addr_dec,71,ixvm_group_46,16,3,18,2,16,16,1.500000,9.000000,33,1,32,1,
ixvm,512,nat_dec_eq_addr_dec,71,ixvm_group_46,16,3,18,2,16,16,1.500000,9.000000,33,1,32,1,
ixvm,513,nat_dec_lt_addr_dec,71,ixvm_group_46,16,3,18,2,16,16,1.500000,9.000000,33,1,32,1,
ixvm,514,decidable_is_true_addr_dec,69,ixvm_group_44,16,3,18,2,16,16,1.500000,9.000000,33,1,32,1,
ixvm,515,decidable_is_false_addr_dec,69,ixvm_group_44,16,3,18,2,16,16,1.500000,9.000000,33,1,32,1,
ixvm,516,nat_le_of_ble_eq_true_addr_dec,69,ixvm_group_44,16,3,18,2,16,16,1.500000,9.000000,33,1,32,1,
ixvm,517,nat_not_le_of_not_ble_eq_true_addr_dec,79,ixvm_group_54,7,3,10,2,16,16,1.500000,5.000000,33,1,32,1,
ixvm,518,nat_eq_of_beq_eq_true_addr_dec,69,ixvm_group_44,16,3,18,2,16,16,1.500000,9.000000,33,1,32,1,
ixvm,519,nat_ne_of_beq_eq_false_addr_dec,69,ixvm_group_44,16,3,18,2,16,16,1.500000,9.000000,33,1,32,1,
ixvm,520,bool_type_addr_dec,69,ixvm_group_44,16,3,18,2,16,16,1.500000,9.000000,33,1,32,1,
ixvm,521,eq_refl_addr_dec,69,ixvm_group_44,16,3,18,2,16,16,1.500000,9.000000,33,1,32,1,
ixvm,522,int_dec_eq_addr_dec,70,ixvm_group_45,16,3,18,2,16,16,1.500000,9.000000,33,1,32,1,
ixvm,523,int_dec_le_addr_dec,70,ixvm_group_45,16,3,18,2,16,16,1.500000,9.000000,33,1,32,1,
ixvm,524,int_dec_lt_addr_dec,70,ixvm_group_45,16,3,18,2,16,16,1.500000,9.000000,33,1,32,1,
ixvm,525,is_dec_prim_addr,6,ixvm_group_03,4,27,63,14,112,24,1.928571,4.500000,19,12,0,12,
ixvm,526,is_int_dec_prim_addr,85,ixvm_group_60,9,15,65,8,64,16,1.875000,8.125000,10,6,0,6,
ixvm,527,try_extract_int,85,ixvm_group_60,9,27,65,19,152,32,1.421053,3.421053,34,12,11,13,
ixvm,528,intern_int_lit,66,ixvm_group_41,11,13,55,8,64,16,1.625000,6.875000,15,6,9,6,
ixvm,529,try_normalize_int_decidable,78,ixvm_group_53,6,34,67,16,128,24,2.125000,4.187500,21,9,10,11,
ixvm,530,normalize_int_dec_rebuild,58,ixvm_group_37,11,25,79,22,176,32,1.136364,3.590909,29,13,13,13,
ixvm,531,try_dec_dispatch,78,ixvm_group_53,6,34,67,15,120,24,2.266667,4.466667,18,12,5,14,
ixvm,532,dec_rewrite_lt_to_le,89,ixvm_group_63,10,19,112,17,136,24,1.117647,6.588235,27,13,12,13,
ixvm,533,dec_dispatch_le_eq,55,ixvm_group_36,9,25,74,18,144,32,1.388889,4.111111,21,11,8,11,
ixvm,534,dec_build_proof,89,ixvm_group_63,10,47,112,32,256,40,1.468750,3.500000,64,26,37,29,
ixvm,535,try_str_dec_eq,77,ixvm_group_52,9,39,89,18,144,32,2.166667,4.944444,41,13,22,15,
ixvm,536,str_dec_eq_build,29,ixvm_group_21,12,49,219,34,272,48,1.441176,6.441176,71,29,40,31,
ixvm,537,dec_finish,67,ixvm_group_42,9,42,85,23,184,32,1.826087,3.695652,37,17,18,19,
ixvm,538,canon_ord_cmp_g,75,ixvm_group_50,11,19,62,3,24,16,6.333333,20.666667,5,0,0,2,
ixvm,539,canon_ord_then,22,ixvm_group_14,16,6,42,3,24,16,2.000000,14.000000,0,0,0,0,
ixvm,540,canon_sord_lt_strong,79,ixvm_group_54,7,2,10,1,8,8,2.000000,10.000000,2,0,0,0,
ixvm,541,canon_sord_eq_strong,79,ixvm_group_54,7,2,10,1,8,8,2.000000,10.000000,2,0,0,0,
ixvm,542,canon_sord_gt_strong,79,ixvm_group_54,7,2,10,1,8,8,2.000000,10.000000,2,0,0,0,
ixvm,543,canon_sord_then,22,ixvm_group_14,16,8,42,5,40,16,1.600000,8.400000,1,0,0,1,
ixvm,544,canon_sord_of_g,79,ixvm_group_54,7,3,10,2,16,16,1.500000,5.000000,1,0,0,0,
ixvm,545,canon_addr_cmp,29,ixvm_group_21,12,83,219,82,656,96,1.012195,2.670732,17,17,0,17,
ixvm,546,canon_addr_chunk,23,ixvm_group_15,16,11,58,10,80,24,1.100000,5.800000,19,1,0,1,
ixvm,547,canon_ctx_class_idx,21,ixvm_group_13,15,13,58,9,72,16,1.444444,6.444444,6,3,0,3,
ixvm,548,canon_ctx_cmp_addr,87,ixvm_group_62,10,16,56,10,80,24,1.600000,5.600000,10,9,0,9,
ixvm,549,canon_cmp_kuniv,87,ixvm_group_62,10,28,56,12,96,24,2.333333,4.666667,26,14,0,14,
ixvm,550,canon_cmp_kuniv_list,83,ixvm_group_58,5,16,55,12,96,24,1.333333,4.583333,9,6,0,6,
ixvm,551,canon_cmp_kliteral,23,ixvm_group_15,16,10,58,6,48,16,1.666667,9.666667,4,2,0,2,
ixvm,552,canon_cmp_klimbs,87,ixvm_group_62,10,11,56,9,72,16,1.222222,6.222222,6,6,0,6,
ixvm,553,canon_cmp_klimbs_tail,26,ixvm_group_18,16,28,101,26,208,40,1.076923,3.884615,6,5,0,5,
ixvm,554,canon_cmp_u64_lex,77,ixvm_group_52,9,33,89,32,256,40,1.031250,2.781250,15,15,0,15,
ixvm,555,canon_cmp_bytes,83,ixvm_group_58,5,16,55,12,96,24,1.333333,4.583333,9,6,0,6,
ixvm,556,canon_cmp_kexpr_ctx,21,ixvm_group_13,15,17,58,14,112,24,1.214286,4.142857,5,4,1,5,
ixvm,557,canon_cmp_kexpr_node_ctx,165,canon_cmp_kexpr_node_ctx,1,61,61,21,168,32,2.904762,2.904762,61,61,0,61,
ixvm,558,canon_cmp_krec_rule_ctx,18,ixvm_group_10,16,16,63,15,120,24,1.066667,4.200000,4,4,0,4,
ixvm,559,canon_cmp_krec_rule_list_ctx,75,ixvm_group_50,11,24,62,20,160,32,1.200000,3.100000,9,9,0,9,
ixvm,560,canon_kind_ord,18,ixvm_group_10,16,21,63,13,104,24,1.615385,4.846154,8,0,0,0,
ixvm,561,canon_cmp_member_ctx,20,ixvm_group_12,16,34,106,31,248,40,1.096774,3.419355,5,5,0,5,
ixvm,562,canon_cmp_member_same_kind_ctx,29,ixvm_group_21,12,70,219,62,496,72,1.129032,3.532258,50,49,1,49,
ixvm,563,canon_cmp_ctor_range_ctx,24,ixvm_group_16,16,43,114,40,320,48,1.075000,2.850000,11,8,3,9,
ixvm,564,canon_cmp_ctor_pair_ctx,29,ixvm_group_21,12,51,219,48,384,56,1.062500,4.562500,21,21,0,21,
ixvm,565,canon_cprj_addr,67,ixvm_group_42,9,27,85,26,208,40,1.038462,3.269231,18,8,10,8,
ixvm,566,canon_member_ci,21,ixvm_group_13,15,18,58,17,136,24,1.058824,3.411765,3,3,0,3,
ixvm,567,canon_member_num_ctors,21,ixvm_group_13,15,18,58,15,120,24,1.200000,3.866667,2,1,0,1,
ixvm,569,canon_build_ctx_classes,87,ixvm_group_62,10,15,56,13,104,24,1.153846,4.307692,10,5,5,5,
ixvm,570,canon_build_ctx_members,77,ixvm_group_52,9,32,89,16,128,24,2.000000,5.562500,14,8,4,9,
ixvm,571,canon_ctor_ctx_entries,18,ixvm_group_10,16,12,63,9,72,16,1.333333,7.000000,11,4,7,5,
ixvm,573,canon_sort_loop,20,ixvm_group_12,16,15,106,10,80,24,1.500000,10.600000,8,5,1,5,
ixvm,574,canon_refine_classes,21,ixvm_group_13,15,12,58,10,80,24,1.200000,5.800000,7,5,2,5,
ixvm,575,canon_refine_one,18,ixvm_group_10,16,12,63,7,56,16,1.714286,9.000000,11,6,5,6,
ixvm,576,canon_ins_sort,18,ixvm_group_10,16,11,63,9,72,16,1.222222,7.000000,6,4,2,4,
ixvm,577,canon_insert_sorted,77,ixvm_group_52,9,40,89,36,288,48,1.111111,2.472222,14,9,5,9,
ixvm,578,canon_group_consec,21,ixvm_group_13,15,12,58,10,80,24,1.200000,5.800000,10,5,5,5,
ixvm,579,canon_group_walk,24,ixvm_group_16,16,43,114,39,312,48,1.102564,2.923077,19,12,7,12,
ixvm,580,canon_classes_eq,87,ixvm_group_62,10,17,56,11,88,24,1.545455,5.090909,9,5,0,5,
ixvm,581,canon_flatten,18,ixvm_group_10,16,9,63,7,56,16,1.285714,9.000000,6,4,2,4,
ixvm,582,canon_all_singleton,18,ixvm_group_10,16,10,63,7,56,16,1.428571,9.000000,5,3,0,3,
ixvm,583,canon_indc_positions,27,ixvm_group_19,12,55,103,52,416,64,1.057692,1.980769,9,4,5,4,
ixvm,584,canon_muts_has_kind,9,ixvm_group_06,8,59,79,51,408,64,1.156863,1.549020,7,2,3,5,
ixvm,585,check_canonical_block,1,ixvm_group_01,11,79,122,62,496,72,1.274194,1.967742,30,13,10,16,
ixvm,586,is_unsafe_ci,48,ixvm_group_30,11,23,52,13,104,24,1.769231,4.000000,4,0,0,0,
ixvm,587,safe_refs_only,166,safe_refs_only,1,29,29,20,160,32,1.450000,1.450000,24,14,0,19,
ixvm,588,assert_safety,103,ixvm_group_72,3,7,12,4,32,16,1.750000,3.000000,3,1,0,1,
ixvm,589,validate_univ_params_seen,73,ixvm_group_48,5,23,38,6,48,16,3.833333,6.333333,9,1,0,2,
ixvm,590,validate_univ_params_list,72,ixvm_group_47,12,8,54,6,48,16,1.333333,9.000000,3,1,0,1,
ixvm,591,validate_expr_well_scoped,167,validate_expr_well_scoped,1,32,32,23,184,32,1.391304,1.391304,27,5,0,6,
ixvm,592,quot_type_addr,5,ixvm_group_02,12,3,50,2,16,16,1.500000,25.000000,33,1,32,1,
ixvm,593,eq_type_addr,69,ixvm_group_44,16,3,18,2,16,16,1.500000,9.000000,33,1,32,1,
ixvm,594,count_foralls_at_least,86,ixvm_group_61,9,13,54,9,72,16,1.444444,6.000000,7,2,1,3,
ixvm,595,check_eq_type,50,ixvm_group_32,11,16,89,15,120,24,1.066667,5.933333,9,3,0,3,
ixvm,596,check_quot,85,ixvm_group_60,9,15,65,8,64,16,1.875000,8.125000,30,9,5,17,
ixvm,597,peel_n_foralls,32,ixvm_group_24,5,11,21,8,64,16,1.375000,2.625000,4,2,0,2,
ixvm,598,assert_lvls_are_params,80,ixvm_group_55,9,13,43,10,80,24,1.300000,4.300000,11,3,0,3,
ixvm,599,assert_first_args_are_param_bvars,146,ixvm_group_82,6,15,30,12,96,24,1.250000,2.500000,11,2,1,3,
ixvm,600,assert_return_head_is_parent,31,ixvm_group_23,14,19,45,18,144,32,1.055556,2.500000,6,3,0,3,
ixvm,601,check_ctor_return_type,65,ixvm_group_40,7,21,58,20,160,32,1.050000,2.900000,21,8,4,8,
ixvm,602,check_param_agreement_go,90,ixvm_group_64,8,18,44,15,120,24,1.200000,2.933333,10,4,1,4,
ixvm,603,check_param_agreement,72,ixvm_group_47,12,6,54,5,40,16,1.200000,10.800000,4,1,2,1,
ixvm,604,get_result_sort_level,76,ixvm_group_51,6,14,32,11,88,24,1.272727,2.909091,8,5,1,5,
ixvm,605,check_field_universes_inner,90,ixvm_group_64,8,13,44,11,88,24,1.181818,4.000000,8,4,1,4,
ixvm,606,check_field_universes_skip_params,146,ixvm_group_82,6,13,30,10,80,24,1.300000,3.000000,7,2,1,2,
ixvm,607,check_field_universes,80,ixvm_group_55,9,11,43,8,64,16,1.375000,5.375000,5,2,2,2,
ixvm,609,addr_list_contains,80,ixvm_group_55,9,12,43,8,64,16,1.500000,5.375000,5,3,0,3,
ixvm,610,caddr_is_peer,31,ixvm_group_23,14,19,45,17,136,24,1.117647,2.647059,4,3,0,3,
ixvm,611,expr_mentions_block,72,ixvm_group_47,12,26,54,10,80,24,2.600000,5.400000,20,12,0,12,
ixvm,612,list_any_mentions_block,19,ixvm_group_11,11,12,56,8,64,16,1.500000,7.000000,5,3,0,3,
ixvm,613,peel_n_foralls_with_types,146,ixvm_group_82,6,15,30,11,88,24,1.363636,2.727273,6,3,1,3,
ixvm,614,assert_occ_param_bvars,8,ixvm_group_05,12,15,104,12,96,24,1.250000,8.666667,10,2,1,3,
ixvm,615,check_valid_ind_app,58,ixvm_group_37,11,23,79,22,176,32,1.045455,3.590909,13,5,0,5,
ixvm,616,check_positivity_aug,81,ixvm_group_56,6,44,76,36,288,48,1.222222,2.111111,26,16,2,16,
ixvm,617,check_nested_ctors_positivity,85,ixvm_group_60,9,29,65,26,208,40,1.115385,2.500000,17,6,6,7,
ixvm,618,check_positivity_fields,95,ixvm_group_68,7,12,53,10,80,24,1.200000,5.300000,5,2,1,2,
ixvm,619,check_positivity,95,ixvm_group_68,7,10,53,9,72,16,1.111111,5.888889,8,3,3,3,
ixvm,620,check_inductive_shape,19,ixvm_group_11,11,12,56,11,88,24,1.090909,5.090909,7,2,3,2,
ixvm,621,check_inductive_shape_ctors,65,ixvm_group_40,7,31,58,26,208,40,1.192308,2.230769,19,4,3,5,
ixvm,622,check_parent_inductive_shape,48,ixvm_group_30,11,16,52,13,104,24,1.230769,4.000000,1,0,0,0,
ixvm,623,check_block_peer_param_agreement,27,ixvm_group_19,12,69,103,63,504,72,1.095238,1.634921,4,2,0,2,
ixvm,624,peer_agree_walk,1,ixvm_group_01,11,81,122,73,584,80,1.109589,1.671233,32,8,8,10,
ixvm,625,is_large_eliminator,58,ixvm_group_37,11,32,79,20,160,32,1.600000,3.950000,12,3,2,3,
ixvm,626,check_large_prop_ctor,86,ixvm_group_61,9,15,54,11,88,24,1.363636,4.909091,12,5,3,5,
ixvm,627,check_large_walk_fields,85,ixvm_group_60,9,24,65,16,128,24,1.500000,4.062500,22,9,10,12,
ixvm,628,all_bvars_in_args,66,ixvm_group_41,11,12,55,8,64,16,1.500000,6.875000,5,3,0,3,
ixvm,629,args_contain_bvar,66,ixvm_group_41,11,16,55,11,88,24,1.454545,5.000000,7,4,1,5,
ixvm,630,compute_k_target,58,ixvm_group_37,11,42,79,32,256,40,1.312500,2.468750,19,7,6,8,
ixvm,631,ind_is_solo,1,ixvm_group_01,11,57,122,53,424,64,1.075472,2.301887,6,3,0,3,
ixvm,632,is_muts_block,9,ixvm_group_06,8,53,79,50,400,64,1.060000,1.580000,3,1,0,1,
ixvm,633,muts_indc_count_is_one,9,ixvm_group_06,8,56,79,51,408,64,1.098039,1.549020,7,3,0,3,
ixvm,634,rec_to_parent_addr,31,ixvm_group_23,14,18,45,17,136,24,1.058824,2.647059,7,4,3,4,
ixvm,635,extract_aux_occ_us,26,ixvm_group_18,16,30,101,25,200,32,1.200000,4.040000,16,7,9,7,
ixvm,636,extract_aux_spec_params,87,ixvm_group_62,10,17,56,16,128,24,1.062500,3.500000,10,5,3,5,
ixvm,637,spec_params_lower,87,ixvm_group_62,10,12,56,10,80,24,1.200000,5.600000,13,6,5,6,
ixvm,638,build_param_lvls_range,61,ixvm_group_39,13,10,40,7,56,16,1.428571,5.714286,13,4,9,5,
ixvm,640,flat_originals_walk,1,ixvm_group_01,11,78,122,71,568,80,1.098592,1.718310,22,10,10,11,
ixvm,641,aux_already_in,20,ixvm_group_12,16,19,106,13,104,24,1.461538,8.153846,8,6,0,6,
ixvm,642,kexpr_struct_eq,83,ixvm_group_58,5,43,55,14,112,24,3.071429,3.928571,48,25,2,28,
ixvm,643,level_list_struct_eq,21,ixvm_group_13,15,16,58,11,88,24,1.454545,5.272727,9,5,0,5,
ixvm,644,spec_params_ptr_eq,21,ixvm_group_13,15,16,58,11,88,24,1.454545,5.272727,9,5,0,5,
ixvm,645,extract_aux_spec_params_from_rec,18,ixvm_group_10,16,18,63,15,120,24,1.200000,4.200000,4,2,2,2,
ixvm,647,first_recr_parent_block,17,ixvm_group_09,11,87,169,81,648,88,1.074074,2.086420,10,8,0,8,
ixvm,648,build_flat_block,10,ixvm_group_07,7,131,200,120,960,128,1.091667,1.666667,24,13,11,13,
ixvm,649,detect_aux_from_recrs_ex,26,ixvm_group_18,16,56,101,54,432,64,1.037037,1.870370,3,2,0,2,
ixvm,650,aux_from_recrs_walk_ex,84,ixvm_group_59,7,106,159,89,712,96,1.191011,1.786517,37,16,7,28,
ixvm,651,flat_find_pos,21,ixvm_group_13,15,17,58,13,104,24,1.307692,4.461538,8,3,0,3,
ixvm,652,flat_find_pos_kind,27,ixvm_group_19,12,29,103,16,128,24,1.812500,6.437500,15,4,6,10,
ixvm,653,flat_member_at,28,ixvm_group_20,15,17,57,13,104,24,1.307692,4.384615,44,5,36,5,
ixvm,654,subst_param_for,85,ixvm_group_60,9,24,65,7,56,16,3.428571,9.285714,15,4,11,5,
ixvm,655,peel_motive_params_subst,31,ixvm_group_23,14,17,45,14,112,24,1.214286,3.214286,9,4,1,4,
ixvm,656,collect_index_doms,28,ixvm_group_20,15,21,57,15,120,24,1.400000,3.800000,22,10,12,10,
ixvm,657,build_major_params,61,ixvm_group_39,13,11,40,8,64,16,1.375000,5.000000,14,3,9,4,
ixvm,658,apply_spec_params_lifted,87,ixvm_group_62,10,12,56,10,80,24,1.200000,5.600000,7,4,3,4,
ixvm,660,build_apply_xs;build_major_indices,61,ixvm_group_39,13,10,40,7,56,16,1.428571,5.714286,13,3,8,4,
ixvm,661,wrap_foralls,80,ixvm_group_55,9,10,43,8,64,16,1.250000,5.375000,5,3,2,3,
ixvm,662,collect_n_doms_whnf,28,ixvm_group_20,15,22,57,16,128,24,1.375000,3.562500,22,10,12,10,
ixvm,663,list_lift_indices,31,ixvm_group_23,14,12,45,10,80,24,1.200000,4.500000,10,5,5,5,
ixvm,665,apply_indices_in_conclusion,61,ixvm_group_39,13,10,40,7,56,16,1.428571,5.714286,11,3,6,4,
ixvm,666,build_motive_type_flat,58,ixvm_group_37,11,24,79,19,152,32,1.263158,4.157895,19,10,9,10,
ixvm,667,build_all_motives,48,ixvm_group_30,11,6,52,5,40,16,1.200000,10.400000,2,1,0,1,
ixvm,668,build_apply_bvars_decreasing;build_minor_apps;build_motive_apps,72,ixvm_group_47,12,11,54,8,64,16,1.375000,6.750000,11,3,6,4,
ixvm,669,wrap_lams,28,ixvm_group_20,15,10,57,8,64,16,1.250000,7.125000,5,3,2,3,
ixvm,670,build_rec_type,27,ixvm_group_19,12,31,103,28,224,40,1.107143,3.678571,6,5,1,5,
ixvm,671,build_rec_type_from,25,ixvm_group_17,6,58,136,53,424,64,1.094340,2.566038,58,27,31,27,
ixvm,672,check_recursor_canonical_full,25,ixvm_group_17,6,86,136,57,456,64,1.508772,2.385965,51,21,28,31,
ixvm,673,canonical_rules_at_pos,58,ixvm_group_37,11,32,79,31,248,40,1.032258,2.548387,19,9,4,9,
ixvm,674,ctors_before_pos,55,ixvm_group_36,9,32,74,24,192,32,1.333333,3.083333,11,4,3,6,
ixvm,675,populate_rules,8,ixvm_group_05,12,36,104,32,256,40,1.125000,3.250000,16,7,9,8,
ixvm,676,compare_rules,89,ixvm_group_63,10,53,112,37,296,48,1.432432,3.027027,27,8,8,9,
ixvm,677,apply_ihs_full,89,ixvm_group_63,10,44,112,42,336,56,1.047619,2.666667,95,25,68,25,
ixvm,678,build_rule_rhs,58,ixvm_group_37,11,29,79,28,224,40,1.035714,2.821429,34,11,22,11,
ixvm,679,build_peer_recs,31,ixvm_group_23,14,15,45,13,104,24,1.153846,3.461538,8,5,3,5,
ixvm,680,find_peer_recursor_with_spec,1,ixvm_group_01,11,57,122,55,440,64,1.036364,2.218182,3,2,0,2,
ixvm,681,find_peer_rec_spec_walk,84,ixvm_group_59,7,103,159,88,704,96,1.170455,1.806818,20,12,4,16,
ixvm,682,build_flat_own_params,27,ixvm_group_19,12,29,103,23,184,32,1.260870,4.478261,10,6,4,7,
ixvm,683,projection_addr_ctor,55,ixvm_group_36,9,27,74,26,208,40,1.038462,2.846154,18,8,10,8,
ixvm,684,build_minor_doms,8,ixvm_group_05,12,36,104,33,264,40,1.090909,3.151515,15,7,8,8,
ixvm,685,build_all_minors,48,ixvm_group_30,11,8,52,7,56,16,1.142857,7.428571,3,1,0,1,
ixvm,686,build_all_minors_walk,27,ixvm_group_19,12,35,103,32,256,40,1.093750,3.218750,17,9,6,9,
ixvm,687,ctor_subst_param_for,85,ixvm_group_60,9,25,65,9,72,16,2.777778,7.222222,17,5,11,6,
ixvm,688,count_foralls_body,61,ixvm_group_39,13,10,40,8,64,16,1.250000,5.000000,4,2,0,2,
ixvm,689,peel_ctor_params_subst,65,ixvm_group_40,7,26,58,21,168,32,1.238095,2.761905,22,10,4,10,
ixvm,690,build_minor_at_depth,89,ixvm_group_63,10,39,112,38,304,48,1.026316,2.947368,46,20,26,20,
ixvm,691,peel_leading_foralls,61,ixvm_group_39,13,7,40,6,48,16,1.166667,6.666667,5,3,2,3,
ixvm,692,peel_leading_foralls_acc,8,ixvm_group_05,12,12,104,10,80,24,1.200000,10.400000,4,3,1,3,
ixvm,693,build_ih_doms,89,ixvm_group_63,10,34,112,32,256,40,1.062500,3.500000,50,20,30,20,
ixvm,694,list_lift_each,31,ixvm_group_23,14,12,45,10,80,24,1.200000,4.500000,8,5,3,5,
ixvm,695,build_apply_field_bvars,95,ixvm_group_68,7,11,53,8,64,16,1.375000,6.625000,13,3,8,4,
ixvm,696,build_ctor_app_params,48,ixvm_group_30,11,11,52,8,64,16,1.375000,6.500000,6,2,0,2,
ixvm,697,is_rec_field,72,ixvm_group_47,12,7,54,6,48,16,1.166667,9.000000,1,1,0,1,
ixvm,698,is_rec_field_peel,28,ixvm_group_20,15,22,57,18,144,32,1.222222,3.166667,12,7,2,7,
ixvm,699,flat_find_matching,8,ixvm_group_05,12,25,104,16,128,24,1.562500,6.500000,11,4,2,6,
ixvm,700,spec_params_dom_prefix_match,20,ixvm_group_12,16,17,106,13,104,24,1.307692,8.153846,9,5,1,5,
ixvm,701,walk_fields_classify,65,ixvm_group_40,7,24,58,21,168,32,1.142857,2.761905,18,10,4,10,
ixvm,702,build_all_motives_walk,27,ixvm_group_19,12,31,103,28,224,40,1.107143,3.678571,15,9,6,9,
ixvm,703,check_recursor_member,58,ixvm_group_37,11,40,79,34,272,48,1.176471,2.323529,29,9,9,13,
ixvm,704,check_rec_major_spine,31,ixvm_group_23,14,16,45,15,120,24,1.066667,3.000000,8,4,3,4,
ixvm,705,build_rec_lvls_list,61,ixvm_group_39,13,9,40,6,48,16,1.500000,6.666667,12,4,8,5,
ixvm,706,check_rec_rules_wellscoped,61,ixvm_group_39,13,11,40,9,72,16,1.222222,4.444444,4,1,0,1,
ixvm,707,peel_n_lams_collect,94,ixvm_group_67,11,17,53,13,104,24,1.307692,4.076923,8,3,1,3,
ixvm,708,check_const,6,ixvm_group_03,4,42,63,33,264,40,1.272727,1.909091,105,27,29,27,
ixvm,709,run_check,52,ixvm_group_34,5,16,34,15,120,24,1.066667,2.266667,3,2,0,2,
ixvm,710,const_idxs_expr,168,const_idxs_expr,1,34,34,25,200,32,1.360000,1.360000,28,22,6,22,
ixvm,711,const_idxs_exprs,169,const_idxs_exprs,1,10,10,8,64,16,1.250000,1.250000,7,5,2,5,
ixvm,712,const_idxs_rules,8,ixvm_group_05,12,18,104,16,128,24,1.125000,6.500000,7,5,2,5,
ixvm,713,const_idxs_ctors,9,ixvm_group_06,8,43,79,41,328,48,1.048780,1.926829,7,5,2,5,
ixvm,714,const_idxs_muts,27,ixvm_group_19,12,58,103,54,432,64,1.074074,1.907407,19,17,2,17,
ixvm,715,const_idxs_of,30,ixvm_group_22,7,61,92,54,432,64,1.129630,1.703704,15,15,0,15,
ixvm,716,g_list_has,170,g_list_has,1,11,11,7,56,16,1.571429,1.571429,5,2,1,3,
ixvm,717,run_check_transitive,53,ixvm_group_35,2,63,72,51,408,64,1.235294,1.411765,15,2,0,2,
ixvm,718,walk_refs_transitive,171,walk_refs_transitive,1,13,13,8,64,16,1.625000,1.625000,6,2,0,2,
ixvm,719,check_muts_all,51,ixvm_group_33,5,54,106,52,416,64,1.038462,2.038462,5,1,0,1,
ixvm,720,check_muts_member_at,30,ixvm_group_22,7,64,92,63,504,72,1.015873,1.460317,4,3,0,3,
ixvm,721,leaf_hash,23,ixvm_group_15,16,7,58,6,48,16,1.166667,9.666667,8,4,4,4,
ixvm,722,node_hash,23,ixvm_group_15,16,9,58,8,64,16,1.125000,7.250000,9,5,4,5,
ixvm,723,parse_atree_body,83,ixvm_group_58,5,15,55,12,96,24,1.250000,4.583333,48,11,37,11,
ixvm,724,load_assumption_tree,17,ixvm_group_09,11,86,169,85,680,96,1.011765,1.988235,17,7,2,7,
ixvm,725,addr_set_build,20,ixvm_group_12,16,25,106,23,184,32,1.086957,4.608696,4,3,1,3,
ixvm,726,addr_set_member,23,ixvm_group_15,16,10,58,9,72,16,1.111111,6.444444,2,1,0,1,
ixvm,727,env_walk,17,ixvm_group_09,11,82,169,66,528,80,1.242424,2.560606,19,4,0,4,
ixvm,728,env_walk_refs,20,ixvm_group_12,16,26,106,21,168,32,1.238095,5.047619,6,2,0,2,
ixvm,729,env_walk_leaves,20,ixvm_group_12,16,19,106,17,136,24,1.117647,6.235294,4,1,0,1,
ixvm,730,run_check_env,75,ixvm_group_50,11,20,62,18,144,32,1.111111,3.444444,11,5,4,5,
ixvm,731,walk_leaves_owned,172,walk_leaves_owned,1,39,39,37,296,48,1.054054,1.054054,4,2,0,2,
ixvm,732,check_owned,173,check_owned,1,35,35,34,272,48,1.029412,1.029412,2,1,0,1,
ixvm,733,env_walk_all,174,env_walk_all,1,90,90,83,664,96,1.084337,1.084337,19,6,0,6,
ixvm,734,env_walk_refs_all,175,env_walk_refs_all,1,44,44,40,320,48,1.100000,1.100000,7,3,0,3,
ixvm,735,get_opt_addr,31,ixvm_group_23,14,8,45,6,48,16,1.333333,7.500000,5,2,0,2,
ixvm,736,get_opt_u64_masked,23,ixvm_group_15,16,15,58,12,96,24,1.250000,4.833333,4,1,0,1,
ixvm,737,get_opt_addr_masked,23,ixvm_group_15,16,8,58,5,40,16,1.600000,11.600000,4,1,0,1,
ixvm,738,get_opt_bool_masked,23,ixvm_group_15,16,8,58,5,40,16,1.600000,11.600000,4,1,0,1,
ixvm,739,get_opt_def_kind_masked;get_opt_def_safety_masked,23,ixvm_group_15,16,10,58,5,40,16,2.000000,11.600000,9,1,0,1,
ixvm,740,get_opt_quot_kind_masked,23,ixvm_group_15,16,11,58,5,40,16,2.200000,11.600000,11,1,0,1,
ixvm,741,get_reveal_rule_list_inner,24,ixvm_group_16,16,43,114,40,320,48,1.075000,2.850000,9,6,3,6,
ixvm,742,get_opt_rule_list_masked,21,ixvm_group_13,15,17,58,14,112,24,1.214286,4.142857,5,2,0,2,
ixvm,743,get_reveal_ctor_info,29,ixvm_group_21,12,66,219,57,456,64,1.157895,3.842105,8,7,1,8,
ixvm,744,get_ctor_entry,26,ixvm_group_18,16,53,101,52,416,64,1.019231,1.942308,2,2,0,2,
ixvm,745,get_ctor_entry_list_inner,29,ixvm_group_21,12,74,219,71,568,80,1.042254,3.084507,9,6,3,6,
ixvm,746,get_opt_ctor_entry_list_masked,21,ixvm_group_13,15,17,58,14,112,24,1.214286,4.142857,5,2,0,2,
ixvm,747,get_reveal_mut_const_info,84,ixvm_group_59,7,94,159,75,600,88,1.253333,2.120000,29,22,2,24,
ixvm,748,get_mut_entry,17,ixvm_group_09,11,67,169,66,528,80,1.015152,2.560606,2,2,0,2,
ixvm,749,get_mut_entry_list_inner,17,ixvm_group_09,11,88,169,85,680,96,1.035294,1.988235,9,6,3,6,
ixvm,750,get_reveal_info,84,ixvm_group_59,7,102,159,75,600,88,1.360000,2.120000,55,34,4,36,
ixvm,751,expr_addr,20,ixvm_group_12,16,24,106,23,184,32,1.043478,4.608696,6,4,2,4,
ixvm,752,def_kind_tag;def_safety_tag,22,ixvm_group_14,16,5,42,2,16,16,2.500000,21.000000,3,0,0,0,
ixvm,753,check_opt_def_kind,23,ixvm_group_15,16,8,58,6,48,16,1.333333,9.666667,3,2,0,2,
ixvm,754,check_opt_def_safety,23,ixvm_group_15,16,8,58,6,48,16,1.333333,9.666667,3,2,0,2,
ixvm,755,check_opt_quot_kind,23,ixvm_group_15,16,8,58,6,48,16,1.333333,9.666667,3,2,0,2,
ixvm,756,check_opt_bool,22,ixvm_group_14,16,6,42,4,32,16,1.500000,10.500000,1,0,0,0,
ixvm,757,check_opt_u64,18,ixvm_group_10,16,20,63,18,144,32,1.111111,3.500000,1,0,0,0,
ixvm,758,check_opt_addr,17,ixvm_group_09,11,70,169,68,544,80,1.029412,2.485294,3,2,0,2,
ixvm,759,check_opt_expr_addr,29,ixvm_group_21,12,71,219,69,552,80,1.028986,3.173913,4,3,0,3,
ixvm,760,check_recr_rules,24,ixvm_group_16,16,51,114,49,392,56,1.040816,2.326531,9,4,0,4,
ixvm,761,check_opt_recr_rules,22,ixvm_group_14,16,6,42,4,32,16,1.500000,10.500000,9,0,0,0,
ixvm,762,check_ctor_entry,29,ixvm_group_21,12,85,219,84,672,96,1.011905,2.607143,7,1,0,1,
ixvm,763,check_ctor_entries,26,ixvm_group_18,16,55,101,53,424,64,1.037736,1.905660,3,1,0,1,
ixvm,764,check_opt_ctor_entries,22,ixvm_group_14,16,6,42,4,32,16,1.500000,10.500000,1,0,0,0,
ixvm,765,check_mut_const,29,ixvm_group_21,12,103,219,100,800,112,1.030000,2.190000,20,0,0,0,
ixvm,766,check_muts_components,17,ixvm_group_09,11,114,169,112,896,120,1.017857,1.508929,4,2,0,2,
ixvm,767,run_reveal,29,ixvm_group_21,12,113,219,104,832,112,1.086538,2.105769,31,1,0,1,
ixvm,768,run_contains,22,ixvm_group_14,16,6,42,5,40,16,1.200000,8.400000,4,2,0,2,
ixvm,769,run_claim,10,ixvm_group_07,7,121,200,116,928,128,1.043103,1.724138,160,19,50,19,
ixvm,770,verify_claim,176,verify_claim,1,10,10,9,72,16,1.111111,1.111111,1,0,0,0,
ixvm,771,list_lookup_or_default.G;list_lookup_or_default.Ptr.U8_32,61,ixvm_group_39,13,10,40,8,64,16,1.250000,5.000000,2,2,0,2,
ixvm,772,list_snoc.G;list_snoc.Ptr.KExprNode,177,list_snoc.G,1,10,10,8,64,16,1.250000,1.250000,9,5,4,5,
ixvm,773,list_length_u64.U8_8,26,ixvm_group_18,16,30,101,28,224,40,1.071429,3.607143,11,3,0,3,
ixvm,774,list_concat.Tup.Ptr.U8_32.G,18,ixvm_group_10,16,11,63,9,72,16,1.222222,7.000000,4,3,1,3,
ixvm,775,list_length_u64.Ptr.Expr;list_length_u64.Ptr.U8_32;list_length_u64.Ptr.Univ,27,ixvm_group_19,12,23,103,21,168,32,1.095238,4.904762,11,3,0,3,
ixvm,776,rbtree_map_lookup_or_default.G,24,ixvm_group_16,16,40,114,22,176,32,1.818182,5.181818,6,4,2,6,
ixvm,777,list_reverse.G;list_reverse.Ptr.KExprNode,19,ixvm_group_11,11,5,56,4,32,16,1.250000,14.000000,4,2,2,2,
ixvm,778,list_concat.G;list_concat.Ptr.KExprNode;list_concat.Ptr.ListNode.G;list_concat.Ptr.U8_32;list_concat.U8,178,list_concat.G,1,10,10,8,64,16,1.250000,1.250000,4,3,1,3,
ixvm,779,list_length.G;list_length.Ptr.KExprNode;list_length.Ptr.KLevelNode;list_length.Ptr.ListNode.G;list_length.U8,179,list_length.G,1,8,8,6,48,16,1.333333,1.333333,5,2,0,2,
ixvm,780,list_length_u64.Constructor,26,ixvm_group_18,16,56,101,54,432,64,1.037037,1.870370,11,3,0,3,
ixvm,781,list_lookup.Ptr.KExprNode;list_lookup.Ptr.KLevelNode;list_lookup.Ptr.U8_32;list_lookup.Ptr.Univ,180,list_lookup.Ptr.KExprNode,1,8,8,7,56,16,1.142857,1.142857,2,2,0,2,
ixvm,782,list_length.U8_8,21,ixvm_group_13,15,15,58,13,104,24,1.153846,4.461538,5,2,0,2,
ixvm,783,list_lookup_u64.MutConst,84,ixvm_group_59,7,113,159,111,888,120,1.018018,1.432432,4,4,0,4,
ixvm,784,list_length_u64.MutConst,17,ixvm_group_09,11,67,169,65,520,72,1.030769,2.600000,11,3,0,3,
ixvm,785,list_length_u64.RecursorRule,26,ixvm_group_18,16,31,101,29,232,40,1.068966,3.482759,11,3,0,3,
ixvm,786,list_lookup_u64.Constructor,17,ixvm_group_09,11,91,169,89,712,96,1.022472,1.898876,4,4,0,4,
ixvm,787,list_is_empty.U8,181,list_is_empty.U8,1,7,7,5,40,16,1.400000,1.400000,3,1,0,1,
ixvm,788,list_snoc.Tup.Ptr.U8_32.G.Ptr.ListNode.Ptr.KExprNode.Ptr.ListNode.Ptr.KLevelNode,87,ixvm_group_62,10,16,56,14,112,24,1.142857,4.000000,9,5,4,5,
ixvm,789,list_take.Ptr.KExprNode,182,list_take.Ptr.KExprNode,1,11,11,8,64,16,1.375000,1.375000,9,4,5,4,
ixvm,790,list_drop.G;list_drop.Ptr.Expr;list_drop.Ptr.KExprNode;list_drop.Ptr.KLevelNode;list_drop.Ptr.U8_32;list_drop.Ptr.Univ,183,list_drop.G,1,10,10,7,56,16,1.428571,1.428571,4,2,2,2,
ixvm,791,list_length.KRecRule,94,ixvm_group_67,11,10,53,8,64,16,1.250000,6.625000,5,2,0,2,
ixvm,792,rbtree_map_insert.G,18,ixvm_group_10,16,16,63,15,120,24,1.066667,4.200000,3,1,0,1,
ixvm,793,list_length.Tup.Ptr.U8_32.G.Ptr.ListNode.Ptr.KExprNode.Ptr.ListNode.Ptr.KLevelNode,31,ixvm_group_23,14,11,45,9,72,16,1.222222,5.000000,5,2,0,2,
ixvm,794,list_reverse_acc.G;list_reverse_acc.Ptr.KExprNode,80,ixvm_group_55,9,10,43,8,64,16,1.250000,5.375000,4,3,1,3,
ixvm,795,rbtree_map_ins.G,24,ixvm_group_16,16,51,114,33,264,40,1.545455,3.454545,19,10,6,12,
ixvm,796,rbtree_map_balance.G,20,ixvm_group_12,16,24,106,22,176,32,1.090909,4.818182,4,3,0,3,
ixvm,797,rbtree_map_balance_fix.G,184,rbtree_map_balance_fix.G,1,102,102,42,336,56,2.428571,2.428571,354,156,84,156,
multi-stark,0,memo_u32_less_than,0,verifier_group_00,12,16,68,3,24,16,5.333333,22.666667,1,0,0,1,
multi-stark,1,address_eq_tail,1,verifier_group_01,2,74,76,67,536,80,1.104478,1.134328,169,2,0,163,
multi-stark,2,address_eq,1,verifier_group_01,2,70,76,68,544,80,1.029412,1.117647,5,3,1,4,
multi-stark,4,u64_is_zero,0,verifier_group_00,12,19,68,9,72,16,2.111111,7.555556,9,0,0,0,
multi-stark,12,u64_eq,2,u64_eq,1,27,27,17,136,24,1.588235,1.588235,17,0,0,8,
multi-stark,13,relaxed_u64_succ,0,verifier_group_00,12,19,68,9,72,16,2.111111,7.555556,52,0,0,0,
multi-stark,14,flatten_u64,0,verifier_group_00,12,10,68,9,72,16,1.111111,7.555556,20,0,0,0,
multi-stark,26,read_u8,3,verifier_group_02,12,8,46,6,48,16,1.333333,7.666667,5,2,2,2,
multi-stark,27,read_u64,4,verifier_group_03,13,19,207,18,144,32,1.055556,11.500000,8,8,0,8,
multi-stark,28,read_count,5,verifier_group_04,15,13,134,12,96,24,1.083333,11.166667,2,2,0,2,
multi-stark,31,read_count_at,6,verifier_group_05,2,13,16,12,96,24,1.083333,1.333333,2,2,0,2,
multi-stark,35,read_active_n;read_u8_vec_n,7,verifier_group_06,12,11,39,8,64,16,1.375000,4.875000,9,4,5,4,
multi-stark,36,read_u64_vec,8,verifier_group_07,2,7,9,6,48,16,1.166667,1.500000,2,2,0,2,
multi-stark,37,read_u64_vec_n,9,read_u64_vec_n,1,18,18,15,120,24,1.200000,1.200000,9,4,5,4,
multi-stark,38,read_ext_vec,10,verifier_group_08,12,7,33,6,48,16,1.166667,5.500000,2,2,0,2,
multi-stark,39,read_ext_vec_n,11,verifier_group_09,2,27,34,24,192,32,1.125000,1.416667,52,5,47,5,
multi-stark,40,read_digest_vec_at,3,verifier_group_02,12,7,46,6,48,16,1.166667,7.666667,2,2,0,2,
multi-stark,41,read_digest_vec_at_n,12,verifier_group_10,15,46,81,43,344,56,1.069767,1.883721,13,8,5,8,
multi-stark,43,read_u64_vec_vec_n,13,verifier_group_11,2,11,13,8,64,16,1.375000,1.625000,9,4,5,4,
multi-stark,45,read_u64_vec_vec_vec_n,7,verifier_group_06,12,13,39,10,80,24,1.300000,3.900000,10,5,5,5,
multi-stark,46,read_ext_vec_vec,10,verifier_group_08,12,7,33,6,48,16,1.166667,5.500000,2,2,0,2,
multi-stark,47,read_ext_vec_vec_n,10,verifier_group_08,12,11,33,8,64,16,1.375000,4.125000,9,4,5,4,
multi-stark,48,read_opened_round,5,verifier_group_04,15,7,134,6,48,16,1.166667,22.333333,2,2,0,2,
multi-stark,49,read_opened_round_n,7,verifier_group_06,12,11,39,8,64,16,1.375000,4.875000,9,4,5,4,
multi-stark,52,read_merkle_cap_vec_n,12,verifier_group_10,15,11,81,8,64,16,1.375000,10.125000,9,4,5,4,
multi-stark,56,read_batch_opening_vec_n,5,verifier_group_04,15,15,134,12,96,24,1.250000,11.166667,11,6,5,6,
multi-stark,59,read_commit_phase_step_vec_n,5,verifier_group_04,15,17,134,14,112,24,1.214286,9.571429,12,7,5,7,
multi-stark,61,read_preprocessed,5,verifier_group_04,15,9,134,6,48,16,1.500000,22.333333,5,2,0,2,
multi-stark,62,read_proof,14,read_proof,1,53,53,52,416,64,1.019231,1.019231,21,21,0,21,
multi-stark,65,read_header_vec_n,15,read_header_vec_n,1,23,23,20,160,32,1.150000,1.150000,15,10,5,10,
multi-stark,68,read_message_vec_n,16,read_message_vec_n,1,20,20,17,136,24,1.176471,1.176471,10,5,5,5,
multi-stark,70,read_proof_vec_n,17,read_proof_vec_n,1,34,34,31,248,40,1.096774,1.096774,9,4,5,4,
multi-stark,75,bytes_to_addr,5,verifier_group_04,15,41,134,40,320,48,1.025000,3.350000,53,7,46,7,
multi-stark,76,blake3_next_layer,4,verifier_group_03,13,175,207,170,1360,184,1.029412,1.217647,116,7,103,7,
multi-stark,77,blake3_compress_layer,4,verifier_group_03,13,141,207,137,1096,144,1.029197,1.510949,8,6,2,6,
multi-stark,78,blake3_compress_chunks,18,blake3_compress_chunks,1,17,17,13,104,24,1.307692,1.307692,10,5,1,5,
multi-stark,79,bytes_to_block,19,verifier_group_12,6,195,238,194,1552,208,1.005155,1.226804,64,64,0,64,
multi-stark,80,pad_block,10,verifier_group_08,12,8,33,5,40,16,1.600000,6.600000,6,2,2,2,
multi-stark,81,blake3_finish,19,verifier_group_12,6,168,238,154,1232,168,1.090909,1.545455,142,15,127,17,
multi-stark,82,blake3_compress_block,19,verifier_group_12,6,177,238,174,1392,184,1.017241,1.367816,129,24,100,31,
multi-stark,86,blake3_compress,20,blake3_compress,1,533,533,162,1296,176,3.290123,3.290123,483,1,0,353,
multi-stark,87,join_read_byte;read_vk_u8,21,join_read_byte,1,6,6,5,40,16,1.200000,1.200000,1,1,0,1,
multi-stark,88,read_vk_tag,22,read_vk_tag,1,5,5,4,32,16,1.250000,1.250000,1,1,0,1,
multi-stark,89,read_vk_u16,23,read_vk_u16,1,7,7,6,48,16,1.166667,1.166667,5,2,0,2,
multi-stark,90,read_vk_u16_limb,10,verifier_group_08,12,7,33,6,48,16,1.166667,5.500000,11,2,0,2,
multi-stark,91,read_vk_u32_limb,3,verifier_group_02,12,11,46,10,80,24,1.100000,4.600000,17,4,0,4,
multi-stark,92,read_vk_u64,4,verifier_group_03,13,19,207,18,144,32,1.055556,11.500000,8,8,0,8,
multi-stark,93,read_field,3,verifier_group_02,12,12,46,11,88,24,1.090909,4.181818,22,1,0,1,
multi-stark,95,read_vk_cap_n,24,verifier_group_13,10,46,108,43,344,56,1.069767,2.511628,13,8,5,8,
multi-stark,96,read_nodes_n,25,read_nodes_n,1,43,43,12,96,24,3.583333,3.583333,138,50,88,50,
multi-stark,97,read_node_ids_n,13,verifier_group_11,2,11,13,8,64,16,1.375000,1.625000,9,4,5,4,
multi-stark,99,read_sys_lookups_n,0,verifier_group_00,12,15,68,12,96,24,1.250000,5.666667,11,6,5,6,
multi-stark,100,lookup_groups_count,3,verifier_group_02,12,10,46,5,40,16,2.000000,9.200000,13,2,4,2,
multi-stark,103,read_sys_circuits_n,19,verifier_group_12,6,113,238,69,552,80,1.637681,3.449275,174,23,22,69,
multi-stark,104,read_opt_commit,24,verifier_group_13,10,11,108,8,64,16,1.375000,13.500000,6,3,0,3,
multi-stark,105,read_opt_idx_n,12,verifier_group_10,15,13,81,8,64,16,1.625000,10.125000,14,5,9,5,
multi-stark,108,b3_w4_onto,7,verifier_group_06,12,11,39,10,80,24,1.100000,3.900000,8,4,4,4,
multi-stark,111,mmcs_compress,5,verifier_group_04,15,101,134,100,800,112,1.010000,1.340000,69,4,65,4,
multi-stark,112,compress_ordered,26,verifier_group_14,3,8,16,5,40,16,1.600000,3.200000,2,2,0,2,
multi-stark,113,has_height,10,verifier_group_08,12,13,33,7,56,16,1.857143,4.714286,6,2,2,4,
multi-stark,114,select_rows,27,select_rows,1,30,30,22,176,32,1.363636,1.363636,13,8,5,10,
multi-stark,115,select_rows_le,28,verifier_group_15,3,40,48,22,176,32,1.818182,2.181818,12,8,4,9,
multi-stark,116,rows_pop,29,rows_pop,1,30,30,27,216,40,1.111111,1.111111,78,3,0,38,
multi-stark,117,b3_rows_chunks,30,b3_rows_chunks,1,234,234,209,1672,216,1.119617,1.119617,205,29,173,38,
multi-stark,119,leaf_hash_at,12,verifier_group_10,15,44,81,43,344,56,1.023256,1.883721,53,8,45,8,
multi-stark,120,inject_maybe,31,verifier_group_16,4,11,18,8,64,16,1.375000,2.250000,3,3,0,3,
multi-stark,121,bits_to_num,10,verifier_group_08,12,8,33,6,48,16,1.333333,5.500000,6,2,0,2,
multi-stark,122,frontier_merge,0,verifier_group_00,12,27,68,18,144,32,1.500000,3.777778,16,9,5,11,
multi-stark,123,frontier_split,0,verifier_group_00,12,21,68,18,144,32,1.166667,3.777778,21,10,11,10,
multi-stark,124,frontier_sort,0,verifier_group_00,12,22,68,19,152,32,1.157895,3.578947,6,6,0,6,
multi-stark,125,frontier_leaves,0,verifier_group_00,12,17,68,15,120,24,1.133333,4.533333,13,8,3,8,
multi-stark,126,frontier_level,28,verifier_group_15,3,40,48,33,264,40,1.212121,1.454545,33,23,9,25,
multi-stark,127,frontier_fold,7,verifier_group_06,12,12,39,9,72,16,1.333333,4.333333,6,2,2,2,
multi-stark,128,mmcs_verify_multi,4,verifier_group_03,13,27,207,22,176,32,1.227273,9.409091,19,9,0,13,
multi-stark,129,glist_rev;rev_onto,31,verifier_group_16,4,10,18,8,64,16,1.250000,2.250000,4,3,1,3,
multi-stark,130,exp_by_bits,10,verifier_group_08,12,13,33,7,56,16,1.857143,4.714286,5,2,1,4,
multi-stark,131,fri_fold2,12,verifier_group_10,15,34,81,13,104,24,2.615385,6.230769,80,4,4,57,
multi-stark,133,ro_fold,32,ro_fold,1,37,37,27,216,40,1.370370,1.370370,45,3,0,35,
multi-stark,134,accs_onto;ext_row_onto,28,verifier_group_15,3,38,48,10,80,24,3.800000,4.800000,92,4,1,32,
multi-stark,135,points_onto,10,verifier_group_08,12,10,33,8,64,16,1.250000,4.125000,3,3,0,3,
multi-stark,136,round_onto,10,verifier_group_08,12,10,33,8,64,16,1.250000,4.125000,3,3,0,3,
multi-stark,138,obs_log_arities,12,verifier_group_10,15,10,81,8,64,16,1.250000,10.125000,11,3,8,3,
multi-stark,139,pcs_check_witness,4,verifier_group_03,13,20,207,17,136,24,1.176471,12.176471,11,5,4,5,
multi-stark,140,pcs_betas,5,verifier_group_04,15,44,134,42,336,56,1.047619,3.190476,53,8,45,8,
multi-stark,141,circ_has_height,7,verifier_group_06,12,15,39,8,64,16,1.875000,4.875000,11,2,3,5,
multi-stark,142,build_buckets,12,verifier_group_10,15,13,81,8,64,16,1.625000,10.125000,17,5,10,5,
multi-stark,143,bucket_update,33,bucket_update,1,30,30,21,168,32,1.428571,1.428571,24,6,18,12,
multi-stark,144,assert_blowup_zero,3,verifier_group_02,12,20,46,11,88,24,1.818182,4.181818,15,2,2,11,
multi-stark,145,prep_count,24,verifier_group_13,10,5,108,3,24,16,1.666667,36.000000,2,0,0,0,
multi-stark,146,ri_apply,34,ri_apply,1,30,30,19,152,32,1.578947,1.578947,39,8,3,30,
multi-stark,147,open_2pt_mat,35,verifier_group_17,6,20,45,17,136,24,1.176471,2.647059,16,5,2,7,
multi-stark,148,open_batch_2pt,35,verifier_group_17,6,22,45,19,152,32,1.157895,2.368421,10,5,1,5,
multi-stark,149,open_quotient,35,verifier_group_17,6,23,45,20,160,32,1.150000,2.250000,12,6,2,6,
multi-stark,150,open_prep,35,verifier_group_17,6,27,45,23,184,32,1.173913,1.956522,18,7,1,7,
multi-stark,151,open_prep_batch,4,verifier_group_03,13,26,207,22,176,32,1.181818,9.409091,14,6,2,8,
multi-stark,152,heights_all,7,verifier_group_06,12,11,39,8,64,16,1.375000,4.875000,12,4,8,4,
multi-stark,153,heights_max,24,verifier_group_13,10,22,108,6,48,16,3.666667,18.000000,4,2,0,3,
multi-stark,154,heights_prep,7,verifier_group_06,12,15,39,11,88,24,1.363636,3.545455,18,6,8,6,
multi-stark,157,rollin,12,verifier_group_10,15,25,81,16,128,24,1.562500,5.062500,15,2,3,8,
multi-stark,158,verify_query,5,verifier_group_04,15,102,134,41,328,48,2.487805,3.268293,213,17,16,75,
multi-stark,159,verify_one_query,24,verifier_group_13,10,72,108,54,432,64,1.333333,2.000000,60,19,8,38,
multi-stark,160,query_loop,4,verifier_group_03,13,38,207,36,288,48,1.055556,5.750000,9,6,3,6,
multi-stark,161,sample_query_indices,12,verifier_group_10,15,13,81,10,80,24,1.300000,8.100000,9,4,5,4,
multi-stark,162,batch_views_at,7,verifier_group_06,12,12,39,10,80,24,1.200000,3.900000,8,5,3,5,
multi-stark,163,step_views_at,7,verifier_group_06,12,13,39,11,88,24,1.181818,3.545455,8,5,3,5,
multi-stark,164,query_views,12,verifier_group_10,15,12,81,9,72,16,1.333333,9.000000,12,5,7,5,
multi-stark,165,verify_input_multi,24,verifier_group_13,10,32,108,30,240,40,1.066667,3.600000,26,12,7,12,
multi-stark,166,drop_index_bits,7,verifier_group_06,12,11,39,9,72,16,1.222222,4.333333,5,4,1,4,
multi-stark,167,rows_at_round,0,verifier_group_00,12,13,68,11,88,24,1.181818,6.181818,13,7,6,7,
multi-stark,168,verify_commit_multi,4,verifier_group_03,13,25,207,23,184,32,1.086957,9.000000,25,11,6,12,
multi-stark,171,b8_onto;cons8,36,b8_onto,1,19,19,18,144,32,1.055556,1.055556,16,8,8,8,
multi-stark,173,cap_onto,5,verifier_group_04,15,45,134,43,344,56,1.046512,3.116279,7,7,0,7,
multi-stark,174,active_onto;log_degrees_onto,10,verifier_group_08,12,10,33,8,64,16,1.250000,4.125000,10,3,0,3,
multi-stark,175,ch_sample8,19,verifier_group_12,6,80,238,78,624,88,1.025641,3.051282,83,33,50,33,
multi-stark,176,ch_sample_field,4,verifier_group_03,13,31,207,23,184,32,1.347826,9.000000,17,2,15,17,
multi-stark,177,ch_sample_ext,4,verifier_group_03,13,24,207,23,184,32,1.043478,9.000000,2,2,0,2,
multi-stark,178,take_bits,7,verifier_group_06,12,11,39,8,64,16,1.375000,4.875000,9,4,5,4,
multi-stark,179,ch_sample_bits,5,verifier_group_04,15,53,134,20,160,32,2.650000,6.700000,13,7,6,11,
multi-stark,180,snoc_b8,4,verifier_group_03,13,14,207,13,104,24,1.076923,15.923077,5,3,2,3,
multi-stark,181,snoc_cap,12,verifier_group_10,15,7,81,6,48,16,1.166667,13.500000,5,3,2,3,
multi-stark,183,limbs_onto,0,verifier_group_00,12,17,68,15,120,24,1.133333,4.533333,3,3,0,3,
multi-stark,185,ext_exp_pow2,3,verifier_group_02,12,13,46,6,48,16,2.166667,7.666667,11,1,0,5,
multi-stark,186,two_adic_gen,12,verifier_group_10,15,9,81,3,24,16,3.000000,27.000000,6,1,2,2,
multi-stark,188,pow2,12,verifier_group_10,15,6,81,3,24,16,2.000000,27.000000,6,1,2,1,
multi-stark,190,ood_fold,26,verifier_group_14,3,12,16,7,56,16,1.714286,2.285714,10,0,0,4,
multi-stark,191,from_ext_basis,0,verifier_group_00,12,6,68,5,40,16,1.200000,13.600000,12,0,0,0,
multi-stark,192,reconstruct_ext_row,3,verifier_group_02,12,16,46,14,112,24,1.142857,3.285714,9,6,3,6,
multi-stark,193,eval_at,37,eval_at,1,43,43,24,192,32,1.791667,1.791667,34,15,2,21,
multi-stark,194,fold_roots,35,verifier_group_17,6,31,45,29,232,40,1.068966,1.551724,4,4,0,4,
multi-stark,195,pair_mul,11,verifier_group_09,2,26,34,9,72,16,2.888889,3.777778,46,0,0,16,
multi-stark,196,logup_fingerprint,35,verifier_group_17,6,35,45,33,264,40,1.060606,1.363636,10,4,0,4,
multi-stark,197,logup_steps_fold,4,verifier_group_03,13,94,207,81,648,88,1.160494,2.555556,102,21,63,34,
multi-stark,200,quotient_eval,12,verifier_group_10,15,22,81,12,96,24,1.833333,6.750000,22,2,8,10,
multi-stark,201,quotient_degree_of,24,verifier_group_13,10,39,108,2,16,16,19.500000,54.000000,19,0,0,0,
multi-stark,203,ood_loop,19,verifier_group_12,6,180,238,94,752,104,1.914894,2.531915,317,54,158,198,
multi-stark,204,fingerprint_vals,5,verifier_group_04,15,22,134,16,128,24,1.375000,8.375000,36,2,0,6,
multi-stark,205,claims_acc,24,verifier_group_13,10,25,108,15,120,24,1.666667,7.200000,26,3,0,20,
multi-stark,206,assert_bits,3,verifier_group_02,12,9,46,6,48,16,1.500000,7.666667,8,2,0,5,
multi-stark,207,select_active_circuits,3,verifier_group_02,12,23,46,19,152,32,1.210526,2.421053,9,6,3,6,
multi-stark,208,select_active_prep,3,verifier_group_02,12,16,46,12,96,24,1.333333,3.833333,9,6,3,6,
multi-stark,209,count_onto,38,count_onto,1,18,18,4,32,16,4.500000,4.500000,45,1,0,15,
multi-stark,210,claims_onto,39,claims_onto,1,7,7,6,48,16,1.166667,1.166667,3,3,0,3,
multi-stark,211,claims_onto_each,40,claims_onto_each,1,12,12,10,80,24,1.200000,1.200000,5,5,0,5,
multi-stark,212,header_onto,41,header_onto,1,13,13,12,96,24,1.083333,1.083333,6,6,0,6,
multi-stark,213,headers_onto,42,headers_onto,1,13,13,11,88,24,1.181818,1.181818,3,3,0,3,
multi-stark,214,messages_onto,43,messages_onto,1,7,7,6,48,16,1.166667,1.166667,3,3,0,3,
multi-stark,215,messages_onto_each,44,messages_onto_each,1,21,21,19,152,32,1.105263,1.105263,6,6,0,6,
multi-stark,216,batch_fiat_shamir,45,batch_fiat_shamir,1,73,73,72,576,80,1.013889,1.013889,155,33,38,33,
multi-stark,217,shard_fiat_shamir,46,shard_fiat_shamir,1,64,64,50,400,64,1.280000,1.280000,144,10,7,24,
multi-stark,218,assert_same_bits;assert_same_u8s,47,assert_same_bits,1,12,12,10,80,24,1.200000,1.200000,9,4,0,4,
multi-stark,219,assert_same_limbs,48,assert_same_limbs,1,27,27,25,200,32,1.080000,1.080000,11,5,0,5,
multi-stark,220,assert_same_claims,49,assert_same_claims,1,13,13,11,88,24,1.181818,1.181818,11,5,0,5,
multi-stark,221,assert_same_cap,50,assert_same_cap,1,80,80,78,624,88,1.025641,1.025641,22,10,0,10,
multi-stark,222,last_acc,51,last_acc,1,15,15,12,96,24,1.250000,1.250000,3,3,0,3,
multi-stark,223,messages_acc,52,messages_acc,1,35,35,23,184,32,1.521739,1.521739,56,3,0,43,
multi-stark,224,log_degree_ok,53,log_degree_ok,1,69,69,2,16,16,34.500000,34.500000,34,0,0,0,
multi-stark,225,assert_log_degrees_ok,54,assert_log_degrees_ok,1,9,9,7,56,16,1.285714,1.285714,6,3,0,3,
multi-stark,226,count_ones,55,count_ones,1,8,8,6,48,16,1.333333,1.333333,4,2,0,2,
multi-stark,227,assert_shard_count_ok,56,assert_shard_count_ok,1,20,20,2,16,16,10.000000,10.000000,63,0,0,20,
multi-stark,228,three_limbs,57,three_limbs,1,43,43,42,336,56,1.023810,1.023810,7,4,0,4,
multi-stark,229,le_step,58,le_step,1,9,9,4,32,16,2.250000,2.250000,5,0,0,4,
multi-stark,230,bytes8_le,59,bytes8_le,1,26,26,25,200,32,1.040000,1.040000,9,8,1,8,
multi-stark,231,assert_closure_pairs,60,assert_closure_pairs,1,161,161,78,624,88,2.064103,2.064103,462,8,69,158,
multi-stark,232,verify_shard,61,verify_shard,1,149,149,120,960,128,1.241667,1.241667,156,48,56,60,
multi-stark,233,verify_shards,62,verify_shards,1,61,61,59,472,72,1.033898,1.033898,12,5,0,5,
multi-stark,234,batch_claims,63,batch_claims,1,12,12,10,80,24,1.200000,1.200000,6,4,2,4,
multi-stark,235,verify_batch,64,verify_batch,1,41,41,32,256,40,1.281250,1.281250,27,10,7,13,
multi-stark,238,read_claims_n,24,verifier_group_13,10,13,108,10,80,24,1.300000,10.800000,10,5,5,5,
multi-stark,240,read_claim_vals_n,5,verifier_group_04,15,18,134,15,120,24,1.200000,8.933333,9,4,5,4,
multi-stark,241,join_read_address,65,join_read_address,1,100,100,99,792,112,1.010101,1.010101,33,33,0,33,
multi-stark,242,join_put_address,66,join_put_address,1,68,68,67,536,80,1.014925,1.014925,65,33,32,33,
multi-stark,243,join_pack_address,67,join_pack_address,1,35,35,34,272,48,1.029412,1.029412,73,1,0,1,
multi-stark,244,join_node_hash,68,join_node_hash,1,9,9,8,64,16,1.125000,1.125000,9,5,4,5,
multi-stark,245,join_leaf_hash,69,join_leaf_hash,1,7,7,6,48,16,1.166667,1.166667,8,4,4,4,
multi-stark,247,join_address_order,70,join_address_order,1,98,98,67,536,80,1.462687,1.462687,179,2,0,162,
multi-stark,248,join_assert_strict_sorted,71,join_assert_strict_sorted,1,12,12,9,72,16,1.333333,1.333333,6,3,0,3,
multi-stark,249,join_parse_tree_body,72,join_parse_tree_body,1,12,12,9,72,16,1.333333,1.333333,13,8,5,8,
multi-stark,250,join_leaf_hashes,73,join_leaf_hashes,1,10,10,8,64,16,1.250000,1.250000,8,5,3,5,
multi-stark,251,join_pair_hashes,74,join_pair_hashes,1,15,15,12,96,24,1.250000,1.250000,48,10,38,10,
multi-stark,252,join_reduce_hashes,75,join_reduce_hashes,1,13,13,10,80,24,1.300000,1.300000,4,4,0,4,
multi-stark,253,join_canonical_root,76,join_canonical_root,1,5,5,4,32,16,1.250000,1.250000,2,2,0,2,
multi-stark,254,join_load_canonical_tree,77,join_load_canonical_tree,1,48,48,47,376,56,1.021277,1.021277,21,9,2,9,
multi-stark,255,join_load_optional_tree,78,join_load_optional_tree,1,6,6,4,32,16,1.500000,1.500000,4,2,2,2,
multi-stark,256,join_assert_same_list,79,join_assert_same_list,1,12,12,10,80,24,1.200000,1.200000,6,3,0,3,
multi-stark,257,join_assert_union,80,join_assert_union,1,22,22,15,120,24,1.466667,1.466667,18,7,0,7,
multi-stark,258,join_next_assumption,81,join_next_assumption,1,18,18,10,80,24,1.800000,1.800000,10,3,0,3,
multi-stark,259,join_seek_subject,82,join_seek_subject,1,13,13,9,72,16,1.444444,1.444444,6,3,0,3,
multi-stark,260,join_assert_difference,83,join_assert_difference,1,19,19,15,120,24,1.266667,1.266667,12,5,0,5,
multi-stark,261,join_fold_path,84,join_fold_path,1,19,19,11,88,24,1.727273,1.727273,11,5,0,7,
multi-stark,262,join_discharge_choice,85,join_discharge_choice,1,54,54,49,392,56,1.102041,1.102041,30,10,2,14,
multi-stark,263,join_assert_structural_difference,86,join_assert_structural_difference,1,18,18,14,112,24,1.285714,1.285714,12,5,0,5,
multi-stark,264,join_get_opt_address,87,join_get_opt_address,1,8,8,6,48,16,1.333333,1.333333,5,2,0,2,
multi-stark,265,join_parse_check_env,88,join_parse_check_env,1,13,13,12,96,24,1.083333,1.083333,9,4,0,4,
multi-stark,266,join_load_preimage,89,join_load_preimage,1,50,50,49,392,56,1.020408,1.020408,129,8,47,8,
multi-stark,267,join_claim_field,90,join_claim_field,1,12,12,11,88,24,1.090909,1.090909,22,1,0,1,
multi-stark,268,join_claim_digest,91,join_claim_digest,1,12,12,11,88,24,1.090909,1.090909,22,8,14,8,
multi-stark,269,join_assert_digest,92,join_assert_digest,1,18,18,17,136,24,1.058824,1.058824,8,0,0,0,
multi-stark,270,join_only_claim,93,join_only_claim,1,9,9,8,64,16,1.125000,1.125000,5,2,0,2,
multi-stark,271,join_verify_child,94,join_verify_child,1,41,41,40,320,48,1.025000,1.025000,27,14,3,14,
multi-stark,272,join_decode_lift_claim,95,join_decode_lift_claim,1,36,36,35,280,48,1.028571,1.028571,24,12,4,12,
multi-stark,273,join_decode_child,96,join_decode_child,1,56,56,46,368,56,1.217391,1.217391,26,10,9,14,
multi-stark,274,join_two,97,join_two,1,347,347,346,2768,360,1.002890,1.002890,486,98,159,98,
multi-stark,275,join_two_structural,98,join_two_structural,1,346,346,345,2760,352,1.002899,1.002899,486,97,159,97,
multi-stark,276,verify_multi_stark_proof,99,verify_multi_stark_proof,1,222,222,221,1768,232,1.004525,1.004525,319,50,110,50,
multi-stark,277,list_lookup.BatchOpening;list_lookup.Ptr.ListNode.G_2;list_lookup.Ptr.ListNode.Ptr.ListNode.G_2;list_lookup.Ptr.ListNode.Ptr.ListNode.U8_8;list_lookup.Ptr.ListNode.U8_8;list_lookup.Ptr.U8_8_4;list_lookup.U8,100,verifier_group_19,3,8,13,7,56,16,1.142857,1.857143,2,2,0,2,
multi-stark,278,list_length.Proof,101,list_length.Proof,1,31,31,29,232,40,1.068966,1.068966,5,2,0,2,
multi-stark,279,list_length.BatchOpening;list_length.G;list_length.Ptr.ListNode.G;list_length.Ptr.ListNode.G_2;list_length.Ptr.ListNode.Ptr.ListNode.G_2;list_length.Ptr.ListNode.Ptr.ListNode.U8_8;list_length.Ptr.ListNode.Ptr.U8_8_4;list_length.Ptr.ListNode.U8_8;list_length.Ptr.U8_8_4;list_length.U8,8,verifier_group_07,2,8,9,6,48,16,1.333333,1.500000,5,2,0,2,
multi-stark,280,list_length.BatchMultiOpening;list_length.CommitPhaseProofStep;list_length.G_2;list_length.SysLookup,100,verifier_group_19,3,9,13,7,56,16,1.285714,1.857143,5,2,0,2,
multi-stark,281,list_concat.Ptr.ListNode.U8_8;list_concat.Ptr.U8_32;list_concat.U8,10,verifier_group_08,12,10,33,8,64,16,1.250000,4.125000,4,3,1,3,
multi-stark,282,list_length.FrontierNode;list_length.ShardHeader,24,verifier_group_13,10,11,108,9,72,16,1.222222,12.000000,5,2,0,2,
multi-stark,283,list_length.Bucket,5,verifier_group_04,15,12,134,10,80,24,1.200000,13.400000,5,2,0,2,
multi-stark,284,list_length.U8_8,102,list_length.U8_8,1,15,15,13,104,24,1.153846,1.153846,5,2,0,2,
multi-stark,285,list_length.BatchMessage;list_length.SysCircuit,3,verifier_group_02,12,16,46,14,112,24,1.142857,3.285714,5,2,0,2,
multi-stark,286,list_lookup.SysNode,103,list_lookup.SysNode,1,11,11,10,80,24,1.100000,1.100000,2,2,0,2,
multi-stark,287,list_is_empty.Ptr.U8_32;list_is_empty.U8,26,verifier_group_14,3,7,16,5,40,16,1.400000,3.200000,3,1,0,1,
multi-stark,288,list_lookup.BatchMultiOpening;list_lookup.G_2;list_lookup.OptIdx,31,verifier_group_16,4,9,18,8,64,16,1.125000,2.250000,2,2,0,2,
multi-stark,289,list_concat.U8_8,5,verifier_group_04,15,17,134,15,120,24,1.133333,8.933333,4,3,1,3,
multi-stark,290,list_length.CommitPhaseMultiStep,12,verifier_group_10,15,10,81,8,64,16,1.250000,10.125000,5,2,0,2,
multi-stark,291,list_drop.BatchOpening;list_drop.G;list_drop.Ptr.ListNode.G_2;list_drop.Ptr.ListNode.Ptr.ListNode.G_2;list_drop.Ptr.ListNode.Ptr.ListNode.U8_8;list_drop.Ptr.ListNode.U8_8;list_drop.Ptr.U8_8_4;list_drop.U8,100,verifier_group_19,3,10,13,7,56,16,1.428571,1.857143,4,2,2,2,
multi-stark,292,list_lookup.U8_8,104,verifier_group_18,2,15,18,14,112,24,1.071429,1.285714,2,2,0,2,
multi-stark,293,list_drop.BatchMultiOpening;list_drop.G_2;list_drop.OptIdx,31,verifier_group_16,4,11,18,8,64,16,1.375000,2.250000,4,2,2,2,
multi-stark,294,list_drop.SysNode,6,verifier_group_05,2,13,16,10,80,24,1.300000,1.600000,4,2,2,2,
multi-stark,295,list_drop.U8_8,104,verifier_group_18,2,17,18,14,112,24,1.214286,1.285714,4,2,2,2,
ix-aggr,0,memo_u32_less_than,0,aggr_group_00,12,16,68,3,24,16,5.333333,22.666667,1,0,0,1,
ix-aggr,1,address_eq_tail,1,aggr_group_01,12,74,147,67,536,80,1.104478,2.194030,169,2,0,163,
ix-aggr,2,address_eq,1,aggr_group_01,12,70,147,68,544,80,1.029412,2.161765,5,3,1,4,
ix-aggr,4,u64_is_zero,0,aggr_group_00,12,19,68,9,72,16,2.111111,7.555556,9,0,0,0,
ix-aggr,12,u64_eq,2,u64_eq,1,27,27,17,136,24,1.588235,1.588235,17,0,0,8,
ix-aggr,13,relaxed_u64_succ,0,aggr_group_00,12,19,68,9,72,16,2.111111,7.555556,52,0,0,0,
ix-aggr,14,flatten_u64,0,aggr_group_00,12,10,68,9,72,16,1.111111,7.555556,20,0,0,0,
ix-aggr,26,read_u8,3,aggr_group_02,12,8,46,6,48,16,1.333333,7.666667,5,2,2,2,
ix-aggr,27,read_u64,4,aggr_group_03,13,19,207,18,144,32,1.055556,11.500000,8,8,0,8,
ix-aggr,28,read_count,5,aggr_group_04,15,13,134,12,96,24,1.083333,11.166667,2,2,0,2,
ix-aggr,31,read_count_at,6,aggr_group_05,2,13,16,12,96,24,1.083333,1.333333,2,2,0,2,
ix-aggr,35,read_active_n;read_u8_vec_n,7,aggr_group_06,12,11,39,8,64,16,1.375000,4.875000,9,4,5,4,
ix-aggr,36,read_u64_vec,8,aggr_group_07,2,7,9,6,48,16,1.166667,1.500000,2,2,0,2,
ix-aggr,37,read_u64_vec_n,9,read_u64_vec_n,1,18,18,15,120,24,1.200000,1.200000,9,4,5,4,
ix-aggr,38,read_ext_vec,10,aggr_group_08,12,7,33,6,48,16,1.166667,5.500000,2,2,0,2,
ix-aggr,39,read_ext_vec_n,11,aggr_group_09,2,27,34,24,192,32,1.125000,1.416667,52,5,47,5,
ix-aggr,40,read_digest_vec_at,3,aggr_group_02,12,7,46,6,48,16,1.166667,7.666667,2,2,0,2,
ix-aggr,41,read_digest_vec_at_n,12,aggr_group_10,15,46,81,43,344,56,1.069767,1.883721,13,8,5,8,
ix-aggr,43,read_u64_vec_vec_n,13,aggr_group_11,2,11,13,8,64,16,1.375000,1.625000,9,4,5,4,
ix-aggr,45,read_u64_vec_vec_vec_n,7,aggr_group_06,12,13,39,10,80,24,1.300000,3.900000,10,5,5,5,
ix-aggr,46,read_ext_vec_vec,10,aggr_group_08,12,7,33,6,48,16,1.166667,5.500000,2,2,0,2,
ix-aggr,47,read_ext_vec_vec_n,10,aggr_group_08,12,11,33,8,64,16,1.375000,4.125000,9,4,5,4,
ix-aggr,48,read_opened_round,5,aggr_group_04,15,7,134,6,48,16,1.166667,22.333333,2,2,0,2,
ix-aggr,49,read_opened_round_n,7,aggr_group_06,12,11,39,8,64,16,1.375000,4.875000,9,4,5,4,
ix-aggr,52,read_merkle_cap_vec_n,12,aggr_group_10,15,11,81,8,64,16,1.375000,10.125000,9,4,5,4,
ix-aggr,56,read_batch_opening_vec_n,5,aggr_group_04,15,15,134,12,96,24,1.250000,11.166667,11,6,5,6,
ix-aggr,59,read_commit_phase_step_vec_n,5,aggr_group_04,15,17,134,14,112,24,1.214286,9.571429,12,7,5,7,
ix-aggr,61,read_preprocessed,5,aggr_group_04,15,9,134,6,48,16,1.500000,22.333333,5,2,0,2,
ix-aggr,62,read_proof,14,read_proof,1,53,53,52,416,64,1.019231,1.019231,21,21,0,21,
ix-aggr,65,read_header_vec_n,15,read_header_vec_n,1,23,23,20,160,32,1.150000,1.150000,15,10,5,10,
ix-aggr,68,read_message_vec_n,16,read_message_vec_n,1,20,20,17,136,24,1.176471,1.176471,10,5,5,5,
ix-aggr,70,read_proof_vec_n,17,read_proof_vec_n,1,34,34,31,248,40,1.096774,1.096774,9,4,5,4,
ix-aggr,75,bytes_to_addr,5,aggr_group_04,15,41,134,40,320,48,1.025000,3.350000,53,7,46,7,
ix-aggr,76,blake3_next_layer,4,aggr_group_03,13,175,207,170,1360,184,1.029412,1.217647,116,7,103,7,
ix-aggr,77,blake3_compress_layer,4,aggr_group_03,13,141,207,137,1096,144,1.029197,1.510949,8,6,2,6,
ix-aggr,78,blake3_compress_chunks,18,blake3_compress_chunks,1,17,17,13,104,24,1.307692,1.307692,10,5,1,5,
ix-aggr,79,bytes_to_block,19,aggr_group_12,8,195,240,194,1552,208,1.005155,1.237113,64,64,0,64,
ix-aggr,80,pad_block,10,aggr_group_08,12,8,33,5,40,16,1.600000,6.600000,6,2,2,2,
ix-aggr,81,blake3_finish,19,aggr_group_12,8,168,240,154,1232,168,1.090909,1.558442,142,15,127,17,
ix-aggr,82,blake3_compress_block,19,aggr_group_12,8,177,240,174,1392,184,1.017241,1.379310,129,24,100,31,
ix-aggr,86,blake3_compress,20,blake3_compress,1,533,533,162,1296,176,3.290123,3.290123,483,1,0,353,
ix-aggr,87,aggr_read_byte;read_vk_u8,21,aggr_read_byte,1,6,6,5,40,16,1.200000,1.200000,1,1,0,1,
ix-aggr,88,read_vk_tag,22,read_vk_tag,1,5,5,4,32,16,1.250000,1.250000,1,1,0,1,
ix-aggr,89,read_vk_u16,23,read_vk_u16,1,7,7,6,48,16,1.166667,1.166667,5,2,0,2,
ix-aggr,90,read_vk_u16_limb,10,aggr_group_08,12,7,33,6,48,16,1.166667,5.500000,11,2,0,2,
ix-aggr,91,read_vk_u32_limb,3,aggr_group_02,12,11,46,10,80,24,1.100000,4.600000,17,4,0,4,
ix-aggr,92,read_vk_u64,4,aggr_group_03,13,19,207,18,144,32,1.055556,11.500000,8,8,0,8,
ix-aggr,93,read_field,3,aggr_group_02,12,12,46,11,88,24,1.090909,4.181818,22,1,0,1,
ix-aggr,95,read_vk_cap_n,24,aggr_group_13,11,46,109,43,344,56,1.069767,2.534884,13,8,5,8,
ix-aggr,96,read_nodes_n,25,read_nodes_n,1,43,43,12,96,24,3.583333,3.583333,138,50,88,50,
ix-aggr,97,read_node_ids_n,13,aggr_group_11,2,11,13,8,64,16,1.375000,1.625000,9,4,5,4,
ix-aggr,99,read_sys_lookups_n,0,aggr_group_00,12,15,68,12,96,24,1.250000,5.666667,11,6,5,6,
ix-aggr,100,lookup_groups_count,3,aggr_group_02,12,10,46,5,40,16,2.000000,9.200000,13,2,4,2,
ix-aggr,103,read_sys_circuits_n,19,aggr_group_12,8,113,240,69,552,80,1.637681,3.478261,174,23,22,69,
ix-aggr,104,read_opt_commit,24,aggr_group_13,11,11,109,8,64,16,1.375000,13.625000,6,3,0,3,
ix-aggr,105,read_opt_idx_n,12,aggr_group_10,15,13,81,8,64,16,1.625000,10.125000,14,5,9,5,
ix-aggr,108,b3_w4_onto,7,aggr_group_06,12,11,39,10,80,24,1.100000,3.900000,8,4,4,4,
ix-aggr,111,mmcs_compress,5,aggr_group_04,15,101,134,100,800,112,1.010000,1.340000,69,4,65,4,
ix-aggr,112,compress_ordered,26,aggr_group_14,3,8,16,5,40,16,1.600000,3.200000,2,2,0,2,
ix-aggr,113,has_height,10,aggr_group_08,12,13,33,7,56,16,1.857143,4.714286,6,2,2,4,
ix-aggr,114,select_rows,27,select_rows,1,30,30,22,176,32,1.363636,1.363636,13,8,5,10,
ix-aggr,115,select_rows_le,28,aggr_group_15,3,40,48,22,176,32,1.818182,2.181818,12,8,4,9,
ix-aggr,116,rows_pop,29,rows_pop,1,30,30,27,216,40,1.111111,1.111111,78,3,0,38,
ix-aggr,117,b3_rows_chunks,30,b3_rows_chunks,1,234,234,209,1672,216,1.119617,1.119617,205,29,173,38,
ix-aggr,119,leaf_hash_at,12,aggr_group_10,15,44,81,43,344,56,1.023256,1.883721,53,8,45,8,
ix-aggr,120,inject_maybe,31,aggr_group_16,4,11,18,8,64,16,1.375000,2.250000,3,3,0,3,
ix-aggr,121,bits_to_num,10,aggr_group_08,12,8,33,6,48,16,1.333333,5.500000,6,2,0,2,
ix-aggr,122,frontier_merge,0,aggr_group_00,12,27,68,18,144,32,1.500000,3.777778,16,9,5,11,
ix-aggr,123,frontier_split,0,aggr_group_00,12,21,68,18,144,32,1.166667,3.777778,21,10,11,10,
ix-aggr,124,frontier_sort,0,aggr_group_00,12,22,68,19,152,32,1.157895,3.578947,6,6,0,6,
ix-aggr,125,frontier_leaves,0,aggr_group_00,12,17,68,15,120,24,1.133333,4.533333,13,8,3,8,
ix-aggr,126,frontier_level,28,aggr_group_15,3,40,48,33,264,40,1.212121,1.454545,33,23,9,25,
ix-aggr,127,frontier_fold,7,aggr_group_06,12,12,39,9,72,16,1.333333,4.333333,6,2,2,2,
ix-aggr,128,mmcs_verify_multi,4,aggr_group_03,13,27,207,22,176,32,1.227273,9.409091,19,9,0,13,
ix-aggr,129,glist_rev;rev_onto,31,aggr_group_16,4,10,18,8,64,16,1.250000,2.250000,4,3,1,3,
ix-aggr,130,exp_by_bits,10,aggr_group_08,12,13,33,7,56,16,1.857143,4.714286,5,2,1,4,
ix-aggr,131,fri_fold2,12,aggr_group_10,15,34,81,13,104,24,2.615385,6.230769,80,4,4,57,
ix-aggr,133,ro_fold,32,ro_fold,1,37,37,27,216,40,1.370370,1.370370,45,3,0,35,
ix-aggr,134,accs_onto;ext_row_onto,28,aggr_group_15,3,38,48,10,80,24,3.800000,4.800000,92,4,1,32,
ix-aggr,135,points_onto,10,aggr_group_08,12,10,33,8,64,16,1.250000,4.125000,3,3,0,3,
ix-aggr,136,round_onto,10,aggr_group_08,12,10,33,8,64,16,1.250000,4.125000,3,3,0,3,
ix-aggr,138,obs_log_arities,12,aggr_group_10,15,10,81,8,64,16,1.250000,10.125000,11,3,8,3,
ix-aggr,139,pcs_check_witness,4,aggr_group_03,13,20,207,17,136,24,1.176471,12.176471,11,5,4,5,
ix-aggr,140,pcs_betas,5,aggr_group_04,15,44,134,42,336,56,1.047619,3.190476,53,8,45,8,
ix-aggr,141,circ_has_height,7,aggr_group_06,12,15,39,8,64,16,1.875000,4.875000,11,2,3,5,
ix-aggr,142,build_buckets,12,aggr_group_10,15,13,81,8,64,16,1.625000,10.125000,17,5,10,5,
ix-aggr,143,bucket_update,33,bucket_update,1,30,30,21,168,32,1.428571,1.428571,24,6,18,12,
ix-aggr,144,assert_blowup_zero,3,aggr_group_02,12,20,46,11,88,24,1.818182,4.181818,15,2,2,11,
ix-aggr,145,prep_count,24,aggr_group_13,11,5,109,3,24,16,1.666667,36.333333,2,0,0,0,
ix-aggr,146,ri_apply,34,ri_apply,1,30,30,19,152,32,1.578947,1.578947,39,8,3,30,
ix-aggr,147,open_2pt_mat,35,aggr_group_17,6,20,45,17,136,24,1.176471,2.647059,16,5,2,7,
ix-aggr,148,open_batch_2pt,35,aggr_group_17,6,22,45,19,152,32,1.157895,2.368421,10,5,1,5,
ix-aggr,149,open_quotient,35,aggr_group_17,6,23,45,20,160,32,1.150000,2.250000,12,6,2,6,
ix-aggr,150,open_prep,35,aggr_group_17,6,27,45,23,184,32,1.173913,1.956522,18,7,1,7,
ix-aggr,151,open_prep_batch,4,aggr_group_03,13,26,207,22,176,32,1.181818,9.409091,14,6,2,8,
ix-aggr,152,heights_all,7,aggr_group_06,12,11,39,8,64,16,1.375000,4.875000,12,4,8,4,
ix-aggr,153,heights_max,24,aggr_group_13,11,22,109,6,48,16,3.666667,18.166667,4,2,0,3,
ix-aggr,154,heights_prep,7,aggr_group_06,12,15,39,11,88,24,1.363636,3.545455,18,6,8,6,
ix-aggr,157,rollin,12,aggr_group_10,15,25,81,16,128,24,1.562500,5.062500,15,2,3,8,
ix-aggr,158,verify_query,5,aggr_group_04,15,102,134,41,328,48,2.487805,3.268293,213,17,16,75,
ix-aggr,159,verify_one_query,24,aggr_group_13,11,72,109,54,432,64,1.333333,2.018519,60,19,8,38,
ix-aggr,160,query_loop,4,aggr_group_03,13,38,207,36,288,48,1.055556,5.750000,9,6,3,6,
ix-aggr,161,sample_query_indices,12,aggr_group_10,15,13,81,10,80,24,1.300000,8.100000,9,4,5,4,
ix-aggr,162,batch_views_at,7,aggr_group_06,12,12,39,10,80,24,1.200000,3.900000,8,5,3,5,
ix-aggr,163,step_views_at,7,aggr_group_06,12,13,39,11,88,24,1.181818,3.545455,8,5,3,5,
ix-aggr,164,query_views,12,aggr_group_10,15,12,81,9,72,16,1.333333,9.000000,12,5,7,5,
ix-aggr,165,verify_input_multi,24,aggr_group_13,11,32,109,30,240,40,1.066667,3.633333,26,12,7,12,
ix-aggr,166,drop_index_bits,7,aggr_group_06,12,11,39,9,72,16,1.222222,4.333333,5,4,1,4,
ix-aggr,167,rows_at_round,0,aggr_group_00,12,13,68,11,88,24,1.181818,6.181818,13,7,6,7,
ix-aggr,168,verify_commit_multi,4,aggr_group_03,13,25,207,23,184,32,1.086957,9.000000,25,11,6,12,
ix-aggr,171,b8_onto;cons8,36,b8_onto,1,19,19,18,144,32,1.055556,1.055556,16,8,8,8,
ix-aggr,173,cap_onto,5,aggr_group_04,15,45,134,43,344,56,1.046512,3.116279,7,7,0,7,
ix-aggr,174,active_onto;log_degrees_onto,10,aggr_group_08,12,10,33,8,64,16,1.250000,4.125000,10,3,0,3,
ix-aggr,175,ch_sample8,19,aggr_group_12,8,80,240,78,624,88,1.025641,3.076923,83,33,50,33,
ix-aggr,176,ch_sample_field,4,aggr_group_03,13,31,207,23,184,32,1.347826,9.000000,17,2,15,17,
ix-aggr,177,ch_sample_ext,4,aggr_group_03,13,24,207,23,184,32,1.043478,9.000000,2,2,0,2,
ix-aggr,178,take_bits,7,aggr_group_06,12,11,39,8,64,16,1.375000,4.875000,9,4,5,4,
ix-aggr,179,ch_sample_bits,5,aggr_group_04,15,53,134,20,160,32,2.650000,6.700000,13,7,6,11,
ix-aggr,180,snoc_b8,4,aggr_group_03,13,14,207,13,104,24,1.076923,15.923077,5,3,2,3,
ix-aggr,181,snoc_cap,12,aggr_group_10,15,7,81,6,48,16,1.166667,13.500000,5,3,2,3,
ix-aggr,183,limbs_onto,0,aggr_group_00,12,17,68,15,120,24,1.133333,4.533333,3,3,0,3,
ix-aggr,185,ext_exp_pow2,3,aggr_group_02,12,13,46,6,48,16,2.166667,7.666667,11,1,0,5,
ix-aggr,186,two_adic_gen,12,aggr_group_10,15,9,81,3,24,16,3.000000,27.000000,6,1,2,2,
ix-aggr,188,pow2,12,aggr_group_10,15,6,81,3,24,16,2.000000,27.000000,6,1,2,1,
ix-aggr,190,ood_fold,26,aggr_group_14,3,12,16,7,56,16,1.714286,2.285714,10,0,0,4,
ix-aggr,191,from_ext_basis,0,aggr_group_00,12,6,68,5,40,16,1.200000,13.600000,12,0,0,0,
ix-aggr,192,reconstruct_ext_row,3,aggr_group_02,12,16,46,14,112,24,1.142857,3.285714,9,6,3,6,
ix-aggr,193,eval_at,37,eval_at,1,43,43,24,192,32,1.791667,1.791667,34,15,2,21,
ix-aggr,194,fold_roots,35,aggr_group_17,6,31,45,29,232,40,1.068966,1.551724,4,4,0,4,
ix-aggr,195,pair_mul,11,aggr_group_09,2,26,34,9,72,16,2.888889,3.777778,46,0,0,16,
ix-aggr,196,logup_fingerprint,35,aggr_group_17,6,35,45,33,264,40,1.060606,1.363636,10,4,0,4,
ix-aggr,197,logup_steps_fold,4,aggr_group_03,13,94,207,81,648,88,1.160494,2.555556,102,21,63,34,
ix-aggr,200,quotient_eval,12,aggr_group_10,15,22,81,12,96,24,1.833333,6.750000,22,2,8,10,
ix-aggr,201,quotient_degree_of,24,aggr_group_13,11,39,109,2,16,16,19.500000,54.500000,19,0,0,0,
ix-aggr,203,ood_loop,19,aggr_group_12,8,180,240,94,752,104,1.914894,2.553191,317,54,158,198,
ix-aggr,204,fingerprint_vals,5,aggr_group_04,15,22,134,16,128,24,1.375000,8.375000,36,2,0,6,
ix-aggr,205,claims_acc,24,aggr_group_13,11,25,109,15,120,24,1.666667,7.266667,26,3,0,20,
ix-aggr,206,assert_bits,3,aggr_group_02,12,9,46,6,48,16,1.500000,7.666667,8,2,0,5,
ix-aggr,207,select_active_circuits,3,aggr_group_02,12,23,46,19,152,32,1.210526,2.421053,9,6,3,6,
ix-aggr,208,select_active_prep,3,aggr_group_02,12,16,46,12,96,24,1.333333,3.833333,9,6,3,6,
ix-aggr,209,count_onto,38,count_onto,1,18,18,4,32,16,4.500000,4.500000,45,1,0,15,
ix-aggr,210,claims_onto,39,claims_onto,1,7,7,6,48,16,1.166667,1.166667,3,3,0,3,
ix-aggr,211,claims_onto_each,40,claims_onto_each,1,12,12,10,80,24,1.200000,1.200000,5,5,0,5,
ix-aggr,212,header_onto,41,header_onto,1,13,13,12,96,24,1.083333,1.083333,6,6,0,6,
ix-aggr,213,headers_onto,42,headers_onto,1,13,13,11,88,24,1.181818,1.181818,3,3,0,3,
ix-aggr,214,messages_onto,43,messages_onto,1,7,7,6,48,16,1.166667,1.166667,3,3,0,3,
ix-aggr,215,messages_onto_each,44,messages_onto_each,1,21,21,19,152,32,1.105263,1.105263,6,6,0,6,
ix-aggr,216,batch_fiat_shamir,45,batch_fiat_shamir,1,73,73,72,576,80,1.013889,1.013889,155,33,38,33,
ix-aggr,217,shard_fiat_shamir,46,shard_fiat_shamir,1,64,64,50,400,64,1.280000,1.280000,144,10,7,24,
ix-aggr,218,assert_same_bits;assert_same_u8s,47,assert_same_bits,1,12,12,10,80,24,1.200000,1.200000,9,4,0,4,
ix-aggr,219,assert_same_limbs,48,assert_same_limbs,1,27,27,25,200,32,1.080000,1.080000,11,5,0,5,
ix-aggr,220,assert_same_claims,49,assert_same_claims,1,13,13,11,88,24,1.181818,1.181818,11,5,0,5,
ix-aggr,221,assert_same_cap,50,assert_same_cap,1,80,80,78,624,88,1.025641,1.025641,22,10,0,10,
ix-aggr,222,last_acc,51,last_acc,1,15,15,12,96,24,1.250000,1.250000,3,3,0,3,
ix-aggr,223,messages_acc,52,messages_acc,1,35,35,23,184,32,1.521739,1.521739,56,3,0,43,
ix-aggr,224,log_degree_ok,53,log_degree_ok,1,69,69,2,16,16,34.500000,34.500000,34,0,0,0,
ix-aggr,225,assert_log_degrees_ok,54,assert_log_degrees_ok,1,9,9,7,56,16,1.285714,1.285714,6,3,0,3,
ix-aggr,226,count_ones,55,count_ones,1,8,8,6,48,16,1.333333,1.333333,4,2,0,2,
ix-aggr,227,assert_shard_count_ok,56,assert_shard_count_ok,1,20,20,2,16,16,10.000000,10.000000,63,0,0,20,
ix-aggr,228,three_limbs,57,three_limbs,1,43,43,42,336,56,1.023810,1.023810,7,4,0,4,
ix-aggr,229,le_step,58,le_step,1,9,9,4,32,16,2.250000,2.250000,5,0,0,4,
ix-aggr,230,bytes8_le,59,bytes8_le,1,26,26,25,200,32,1.040000,1.040000,9,8,1,8,
ix-aggr,231,assert_closure_pairs,60,assert_closure_pairs,1,161,161,78,624,88,2.064103,2.064103,462,8,69,158,
ix-aggr,232,verify_shard,61,verify_shard,1,149,149,120,960,128,1.241667,1.241667,156,48,56,60,
ix-aggr,233,verify_shards,62,verify_shards,1,61,61,59,472,72,1.033898,1.033898,12,5,0,5,
ix-aggr,234,batch_claims,63,batch_claims,1,12,12,10,80,24,1.200000,1.200000,6,4,2,4,
ix-aggr,235,verify_batch,64,verify_batch,1,41,41,32,256,40,1.281250,1.281250,27,10,7,13,
ix-aggr,238,read_claims_n,24,aggr_group_13,11,13,109,10,80,24,1.300000,10.900000,10,5,5,5,
ix-aggr,240,read_claim_vals_n,5,aggr_group_04,15,18,134,15,120,24,1.200000,8.933333,9,4,5,4,
ix-aggr,241,aggr_read_address,19,aggr_group_12,8,100,240,99,792,112,1.010101,2.424242,33,33,0,33,
ix-aggr,242,aggr_put_address,19,aggr_group_12,8,68,240,67,536,80,1.014925,3.582090,65,33,32,33,
ix-aggr,243,aggr_pack_address,24,aggr_group_13,11,35,109,34,272,48,1.029412,3.205882,73,1,0,1,
ix-aggr,244,aggr_node_hash,65,aggr_group_18,16,9,54,8,64,16,1.125000,6.750000,9,5,4,5,
ix-aggr,245,aggr_leaf_hash,65,aggr_group_18,16,7,54,6,48,16,1.166667,9.000000,8,4,4,4,
ix-aggr,247,aggr_address_order,1,aggr_group_01,12,98,147,67,536,80,1.462687,2.194030,179,2,0,162,
ix-aggr,248,aggr_assert_strict_sorted,65,aggr_group_18,16,12,54,9,72,16,1.333333,6.000000,6,3,0,3,
ix-aggr,249,aggr_parse_tree_body,65,aggr_group_18,16,12,54,9,72,16,1.333333,6.000000,13,8,5,8,
ix-aggr,250,aggr_leaf_hashes,65,aggr_group_18,16,10,54,8,64,16,1.250000,6.750000,8,5,3,5,
ix-aggr,251,aggr_pair_hashes,65,aggr_group_18,16,15,54,12,96,24,1.250000,4.500000,48,10,38,10,
ix-aggr,252,aggr_reduce_hashes,65,aggr_group_18,16,13,54,10,80,24,1.300000,5.400000,4,4,0,4,
ix-aggr,253,aggr_canonical_root,65,aggr_group_18,16,5,54,4,32,16,1.250000,13.500000,2,2,0,2,
ix-aggr,254,aggr_load_canonical_tree,1,aggr_group_01,12,48,147,47,376,56,1.021277,3.127660,21,9,2,9,
ix-aggr,255,aggr_load_optional_tree,65,aggr_group_18,16,6,54,4,32,16,1.500000,13.500000,4,2,2,2,
ix-aggr,256,aggr_assert_same_list,1,aggr_group_01,12,12,147,10,80,24,1.200000,14.700000,6,3,0,3,
ix-aggr,257,aggr_assert_union,1,aggr_group_01,12,22,147,15,120,24,1.466667,9.800000,18,7,0,7,
ix-aggr,258,aggr_next_assumption,65,aggr_group_18,16,18,54,10,80,24,1.800000,5.400000,10,3,0,3,
ix-aggr,259,aggr_seek_subject,65,aggr_group_18,16,13,54,9,72,16,1.444444,6.000000,6,3,0,3,
ix-aggr,260,aggr_assert_difference,65,aggr_group_18,16,19,54,15,120,24,1.266667,3.600000,12,5,0,5,
ix-aggr,261,aggr_fold_path,66,aggr_group_19,8,19,195,11,88,24,1.727273,17.727273,11,5,0,7,
ix-aggr,262,aggr_discharge_choice,66,aggr_group_19,8,54,195,49,392,56,1.102041,3.979592,30,10,2,14,
ix-aggr,263,aggr_assert_structural_difference,66,aggr_group_19,8,18,195,14,112,24,1.285714,13.928571,12,5,0,5,
ix-aggr,264,aggr_get_opt_address,65,aggr_group_18,16,8,54,6,48,16,1.333333,9.000000,5,2,0,2,
ix-aggr,265,aggr_parse_check_env,1,aggr_group_01,12,13,147,12,96,24,1.083333,12.250000,9,4,0,4,
ix-aggr,266,aggr_load_preimage,1,aggr_group_01,12,50,147,49,392,56,1.020408,3.000000,129,8,47,8,
ix-aggr,267,aggr_claim_field,65,aggr_group_18,16,12,54,11,88,24,1.090909,4.909091,22,1,0,1,
ix-aggr,268,aggr_claim_digest,1,aggr_group_01,12,12,147,11,88,24,1.090909,13.363636,22,8,14,8,
ix-aggr,269,aggr_assert_digest,1,aggr_group_01,12,18,147,17,136,24,1.058824,8.647059,8,0,0,0,
ix-aggr,270,aggr_only_claim,1,aggr_group_01,12,9,147,8,64,16,1.125000,18.375000,5,2,0,2,
ix-aggr,271,aggr_load_sys,66,aggr_group_19,8,163,195,159,1272,168,1.025157,1.226415,165,30,58,30,
ix-aggr,272,aggr_verify_child,66,aggr_group_19,8,41,195,40,320,48,1.025000,4.875000,27,14,3,14,
ix-aggr,273,aggr_child_check_env_digest,1,aggr_group_01,12,65,147,62,496,72,1.048387,2.370968,26,11,4,11,
ix-aggr,274,aggr_wrap,66,aggr_group_19,8,45,195,44,352,56,1.022727,4.431818,3,1,1,1,
ix-aggr,275,aggr_pair,66,aggr_group_19,8,111,195,110,880,120,1.009091,1.772727,147,21,51,21,
ix-aggr,276,aggr_pair_structural,66,aggr_group_19,8,110,195,109,872,120,1.009174,1.788991,147,20,51,20,
ix-aggr,277,aggr_parse_range,67,aggr_parse_range,1,74,74,73,584,80,1.013699,1.013699,82,35,0,35,
ix-aggr,278,aggr_read_digest,68,aggr_read_digest,1,68,68,67,536,80,1.014925,1.014925,33,33,0,33,
ix-aggr,279,aggr_read_cap_n,69,aggr_read_cap_n,1,11,11,8,64,16,1.375000,1.375000,9,4,5,4,
ix-aggr,280,aggr_read_bits_n;aggr_read_bytes_n,70,aggr_read_bits_n,1,11,11,8,64,16,1.375000,1.375000,9,4,5,4,
ix-aggr,281,aggr_read_header,71,aggr_read_header,1,43,43,42,336,56,1.023810,1.023810,11,11,0,11,
ix-aggr,282,aggr_read_headers_n,72,aggr_read_headers_n,1,14,14,11,88,24,1.272727,1.272727,9,4,5,4,
ix-aggr,283,aggr_read_message,73,aggr_read_message,1,23,23,22,176,32,1.045455,1.045455,10,10,0,10,
ix-aggr,284,aggr_read_messages_n,74,aggr_read_messages_n,1,19,19,16,128,24,1.187500,1.187500,9,4,5,4,
ix-aggr,285,aggr_load_preamble,75,aggr_load_preamble,1,36,36,35,280,48,1.028571,1.028571,18,11,2,11,
ix-aggr,286,aggr_batch_challenges,76,aggr_batch_challenges,1,25,25,21,168,32,1.190476,1.190476,4,2,2,2,
ix-aggr,287,aggr_verify_range,77,aggr_verify_range,1,63,63,60,480,72,1.050000,1.050000,10,4,0,4,
ix-aggr,288,aggr_output_range,78,aggr_output_range,1,69,69,68,544,80,1.014706,1.014706,131,9,49,9,
ix-aggr,289,aggr_child_range,79,aggr_child_range,1,57,57,56,448,64,1.017857,1.017857,4,3,1,3,
ix-aggr,290,aggr_range_leaf,80,aggr_range_leaf,1,80,80,74,592,88,1.081081,1.081081,30,11,7,16,
ix-aggr,291,aggr_range_join,81,aggr_range_join,1,106,106,100,800,112,1.060000,1.060000,29,11,2,18,
ix-aggr,292,aggr_range_root,82,aggr_range_root,1,99,99,93,744,104,1.064516,1.064516,42,16,8,19,
ix-aggr,293,ix_aggr,83,ix_aggr,1,135,135,122,976,136,1.106557,1.106557,201,35,52,35,
ix-aggr,294,list_lookup.BatchOpening;list_lookup.Ptr.ListNode.G_2;list_lookup.Ptr.ListNode.Ptr.ListNode.G_2;list_lookup.Ptr.ListNode.Ptr.ListNode.U8_8;list_lookup.Ptr.ListNode.U8_8;list_lookup.Ptr.U8_8_4;list_lookup.U8,84,aggr_group_20,3,8,13,7,56,16,1.142857,1.857143,2,2,0,2,
ix-aggr,295,list_length.Proof,85,list_length.Proof,1,31,31,29,232,40,1.068966,1.068966,5,2,0,2,
ix-aggr,296,list_length.BatchOpening;list_length.G;list_length.Ptr.ListNode.G;list_length.Ptr.ListNode.G_2;list_length.Ptr.ListNode.Ptr.ListNode.G_2;list_length.Ptr.ListNode.Ptr.ListNode.U8_8;list_length.Ptr.ListNode.Ptr.U8_8_4;list_length.Ptr.ListNode.U8_8;list_length.Ptr.U8_8_4;list_length.U8,8,aggr_group_07,2,8,9,6,48,16,1.333333,1.500000,5,2,0,2,
ix-aggr,297,list_length.BatchMultiOpening;list_length.CommitPhaseProofStep;list_length.G_2;list_length.SysLookup,84,aggr_group_20,3,9,13,7,56,16,1.285714,1.857143,5,2,0,2,
ix-aggr,298,list_concat.Ptr.ListNode.U8_8;list_concat.Ptr.U8_32;list_concat.U8,10,aggr_group_08,12,10,33,8,64,16,1.250000,4.125000,4,3,1,3,
ix-aggr,299,list_length.FrontierNode;list_length.ShardHeader,24,aggr_group_13,11,11,109,9,72,16,1.222222,12.111111,5,2,0,2,
ix-aggr,300,list_length.Bucket,5,aggr_group_04,15,12,134,10,80,24,1.200000,13.400000,5,2,0,2,
ix-aggr,301,list_length.U8_8,86,list_length.U8_8,1,15,15,13,104,24,1.153846,1.153846,5,2,0,2,
ix-aggr,302,list_length.BatchMessage;list_length.SysCircuit,3,aggr_group_02,12,16,46,14,112,24,1.142857,3.285714,5,2,0,2,
ix-aggr,303,list_lookup.SysNode,87,list_lookup.SysNode,1,11,11,10,80,24,1.100000,1.100000,2,2,0,2,
ix-aggr,304,list_is_empty.Ptr.U8_32;list_is_empty.U8,26,aggr_group_14,3,7,16,5,40,16,1.400000,3.200000,3,1,0,1,
ix-aggr,305,list_lookup.BatchMultiOpening;list_lookup.G_2;list_lookup.OptIdx,31,aggr_group_16,4,9,18,8,64,16,1.125000,2.250000,2,2,0,2,
ix-aggr,306,list_concat.U8_8,5,aggr_group_04,15,17,134,15,120,24,1.133333,8.933333,4,3,1,3,
ix-aggr,307,list_length.CommitPhaseMultiStep,12,aggr_group_10,15,10,81,8,64,16,1.250000,10.125000,5,2,0,2,
ix-aggr,308,list_drop.BatchOpening;list_drop.G;list_drop.Ptr.ListNode.G_2;list_drop.Ptr.ListNode.Ptr.ListNode.G_2;list_drop.Ptr.ListNode.Ptr.ListNode.U8_8;list_drop.Ptr.ListNode.U8_8;list_drop.Ptr.U8_8_4;list_drop.U8,84,aggr_group_20,3,10,13,7,56,16,1.428571,1.857143,4,2,2,2,
ix-aggr,309,list_drop.ShardHeader;list_drop.SysNode,6,aggr_group_05,2,13,16,10,80,24,1.300000,1.600000,4,2,2,2,
ix-aggr,310,list_lookup.U8_8,65,aggr_group_18,16,15,54,14,112,24,1.071429,3.857143,2,2,0,2,
ix-aggr,311,list_drop.BatchMultiOpening;list_drop.G_2;list_drop.OptIdx,31,aggr_group_16,4,11,18,8,64,16,1.375000,2.250000,4,2,2,2,
ix-aggr,312,list_drop.U8_8,65,aggr_group_18,16,17,54,14,112,24,1.214286,3.857143,4,2,2,2,
