[lanes] host budget 200.0 GiB process-wide (requested 200.0 GiB per GPU, visible cgroup limit unlimited or unavailable): 155.7 GiB shared records, 24.2 GiB workspace per GPU, 20.0 GiB headroom; 2 CPU executions, 1 prepared queue slots; 38.9 GiB initial reservation, growth waits for shared capacity; 1500000000 trace cells
[lanes] per-record ceiling 128.0 GiB; oversized environment claims are bisected automatically
[lanes] building 1 resident workers
[lanes] 4 claims (0 reused from the index, 0 retired under cached joins without an indexed proof), 3 joins (0 cached)
[lanes] claim 0 dispatched at +0s
[lanes] claim 1 dispatched at +0s
[lanes] executor 0: claim 0 execution started at +0s
[lanes] executor 1: claim 1 execution started at +0s
[trace-shards] 11 shards, 1500000000 committed cells: record 22753858957 B in shared pool, host workspace 17329026695 B of 26088568116 B reserved per prover; regenerating round 2
[lanes] executor 1: claim 1 executed in 111.0s, record 22753858957 B (21.1 GiB) at +111s
[lanes] claim 2 dispatched at +111s
[lanes] worker 0: claim 1 proving started at +111s
[lanes] executor 1: claim 2 execution started at +111s
2026-09-16T23:11:22.212940Z DEBUG aiur::gpu_trace: CPU trace: circuit lacks generated CUDA coverage circuit=90 rows=88084
2026-09-16T23:11:22.213452Z DEBUG aiur::gpu_trace: CPU trace: circuit lacks generated CUDA coverage circuit=176 rows=1
2026-09-16T23:11:22.214452Z DEBUG aiur::gpu_trace: CPU trace: circuit lacks generated CUDA coverage circuit=57 rows=140
2026-09-16T23:11:22.215155Z DEBUG aiur::gpu_trace: CPU trace: circuit lacks generated CUDA coverage circuit=75 rows=8
2026-09-16T23:11:22.270924Z DEBUG aiur/codegen_seeds{circuit=16 rows=1048576}: aiur::trace_codegen::cuda: prepared generated CUDA trace circuit=16 rows=1048576 width=533 seed_bytes=184549376 seed_spans=16
2026-09-16T23:11:22.517274Z DEBUG aiur/codegen_seeds{circuit=117 rows=13240533}: aiur::trace_codegen::cuda: prepared generated CUDA trace circuit=117 rows=13240533 width=15 seed_bytes=635545584 seed_spans=203
2026-09-16T23:11:22.518771Z DEBUG aiur::gpu_trace: CPU trace: circuit lacks generated CUDA coverage circuit=27 rows=2358
2026-09-16T23:11:22.518778Z DEBUG aiur::gpu_trace: CPU trace: circuit lacks generated CUDA coverage circuit=91 rows=4960939
2026-09-16T23:11:22.518817Z DEBUG aiur::gpu_trace: CPU trace: circuit lacks generated CUDA coverage circuit=22 rows=30
2026-09-16T23:11:22.518977Z DEBUG aiur::gpu_trace: CPU trace: circuit lacks generated CUDA coverage circuit=77 rows=2
2026-09-16T23:11:22.519248Z DEBUG aiur::gpu_trace: CPU trace: circuit lacks generated CUDA coverage circuit=62 rows=258
2026-09-16T23:11:22.519460Z DEBUG aiur::gpu_trace: CPU trace: circuit lacks generated CUDA coverage circuit=156 rows=304394
2026-09-16T23:11:22.575903Z DEBUG aiur/codegen_seeds{circuit=16 rows=1048576}: aiur::trace_codegen::cuda: prepared generated CUDA trace circuit=16 rows=1048576 width=533 seed_bytes=184549376 seed_spans=16
2026-09-16T23:11:23.582786Z DEBUG aiur::gpu_trace: CPU trace: circuit lacks generated CUDA coverage circuit=69 rows=15
2026-09-16T23:11:23.582799Z DEBUG aiur::gpu_trace: CPU trace: circuit lacks generated CUDA coverage circuit=70 rows=16
2026-09-16T23:11:23.582799Z DEBUG aiur::gpu_trace: CPU trace: circuit lacks generated CUDA coverage circuit=64 rows=60
2026-09-16T23:11:23.583358Z DEBUG aiur::gpu_trace: CPU trace: circuit lacks generated CUDA coverage circuit=26 rows=6
2026-09-16T23:11:23.583458Z DEBUG aiur::gpu_trace: CPU trace: circuit lacks generated CUDA coverage circuit=71 rows=16
2026-09-16T23:11:23.583568Z DEBUG aiur::gpu_trace: CPU trace: circuit lacks generated CUDA coverage circuit=68 rows=16
2026-09-16T23:11:23.585205Z DEBUG aiur::gpu_trace: CPU trace: circuit lacks generated CUDA coverage circuit=34 rows=1016406
2026-09-16T23:11:23.628973Z DEBUG aiur/codegen_seeds{circuit=16 rows=1048576}: aiur::trace_codegen::cuda: prepared generated CUDA trace circuit=16 rows=1048576 width=533 seed_bytes=184549376 seed_spans=16
2026-09-16T23:11:24.096859Z DEBUG aiur/codegen_seeds{circuit=12 rows=16777216}: aiur::trace_codegen::cuda: prepared generated CUDA trace circuit=12 rows=16777216 width=17 seed_bytes=1342177280 seed_spans=256
2026-09-16T23:11:24.691111Z DEBUG aiur::gpu_trace: CPU trace: circuit lacks generated CUDA coverage circuit=3 rows=19
2026-09-16T23:11:24.692865Z DEBUG aiur::gpu_trace: CPU trace: circuit lacks generated CUDA coverage circuit=87 rows=2
2026-09-16T23:11:24.693336Z DEBUG aiur::gpu_trace: CPU trace: circuit lacks generated CUDA coverage circuit=47 rows=296840
[trace-shards] 11 shards, 1500000000 committed cells: record 23506774632 B in shared pool, host workspace 17328975783 B of 26088568116 B reserved per prover; regenerating round 2
[lanes] executor 0: claim 0 executed in 114.1s, record 23506774632 B (21.8 GiB) at +114s
[lanes] claim 3 dispatched at +114s
[lanes] executor 0: claim 3 execution started at +114s
2026-09-16T23:11:25.233933Z DEBUG aiur/codegen_seeds{circuit=119 rows=10189848}: aiur::trace_codegen::cuda: prepared generated CUDA trace circuit=119 rows=10189848 width=20 seed_bytes=570631488 seed_spans=156
2026-09-16T23:11:25.300585Z DEBUG aiur/codegen_seeds{circuit=38 rows=4375748}: aiur::trace_codegen::cuda: prepared generated CUDA trace circuit=38 rows=4375748 width=27 seed_bytes=805137632 seed_spans=67
2026-09-16T23:11:25.424778Z DEBUG aiur/codegen_seeds{circuit=42 rows=6466839}: aiur::trace_codegen::cuda: prepared generated CUDA trace circuit=42 rows=6466839 width=49 seed_bytes=1758980208 seed_spans=105
2026-09-16T23:11:25.597259Z DEBUG aiur::gpu_trace: CPU trace: circuit lacks generated CUDA coverage circuit=179 rows=2858316
2026-09-16T23:11:25.598505Z DEBUG aiur::gpu_trace: CPU trace: circuit lacks generated CUDA coverage circuit=60 rows=150
2026-09-16T23:11:25.598688Z DEBUG aiur::gpu_trace: CPU trace: circuit lacks generated CUDA coverage circuit=9 rows=46085
2026-09-16T23:11:25.598887Z DEBUG aiur::gpu_trace: CPU trace: circuit lacks generated CUDA coverage circuit=28 rows=3052
2026-09-16T23:11:25.623662Z DEBUG aiur/codegen_seeds{circuit=16 rows=452160}: aiur::trace_codegen::cuda: prepared generated CUDA trace circuit=16 rows=452160 width=533 seed_bytes=79580160 seed_spans=7
2026-09-16T23:11:26.007166Z DEBUG aiur/codegen_seeds{circuit=112 rows=5516647}: aiur::trace_codegen::cuda: prepared generated CUDA trace circuit=112 rows=5516647 width=31 seed_bytes=397198584 seed_spans=85
2026-09-16T23:11:26.047631Z DEBUG aiur/codegen_seeds{circuit=12 rows=8603438}: aiur::trace_codegen::cuda: prepared generated CUDA trace circuit=12 rows=8603438 width=17 seed_bytes=688275040 seed_spans=132
2026-09-16T23:11:26.767017Z DEBUG aiur::gpu_trace: CPU trace: circuit lacks generated CUDA coverage circuit=89 rows=108199
2026-09-16T23:11:27.136110Z DEBUG aiur/codegen_seeds{circuit=111 rows=5757201}: aiur::trace_codegen::cuda: prepared generated CUDA trace circuit=111 rows=5757201 width=11 seed_bytes=230288040 seed_spans=88
2026-09-16T23:11:27.181499Z DEBUG aiur/codegen_seeds{circuit=107 rows=7498195}: aiur::trace_codegen::cuda: prepared generated CUDA trace circuit=107 rows=7498195 width=23 seed_bytes=419898920 seed_spans=115
2026-09-16T23:11:27.185672Z DEBUG aiur/codegen_seeds{circuit=101 rows=6786968}: aiur::trace_codegen::cuda: prepared generated CUDA trace circuit=101 rows=6786968 width=19 seed_bytes=434365952 seed_spans=104
2026-09-16T23:11:27.196823Z DEBUG aiur/codegen_seeds{circuit=36 rows=6487894}: aiur::trace_codegen::cuda: prepared generated CUDA trace circuit=36 rows=6487894 width=25 seed_bytes=622837824 seed_spans=99
2026-09-16T23:11:27.201510Z DEBUG aiur/codegen_seeds{circuit=170 rows=10085609}: aiur::trace_codegen::cuda: prepared generated CUDA trace circuit=170 rows=10085609 width=11 seed_bytes=403424360 seed_spans=154
2026-09-16T23:11:27.665445Z DEBUG aiur::gpu_trace: CPU trace: circuit lacks generated CUDA coverage circuit=153 rows=1233
2026-09-16T23:11:27.667147Z DEBUG aiur::gpu_trace: CPU trace: circuit lacks generated CUDA coverage circuit=154 rows=23096
2026-09-16T23:11:27.667817Z DEBUG aiur::gpu_trace: CPU trace: circuit lacks generated CUDA coverage circuit=74 rows=943
2026-09-16T23:11:28.062474Z DEBUG aiur/codegen_seeds{circuit=118 rows=3307842}: aiur::trace_codegen::cuda: prepared generated CUDA trace circuit=118 rows=3307842 width=10 seed_bytes=158776416 seed_spans=51
2026-09-16T23:11:28.075353Z DEBUG aiur/codegen_seeds{circuit=106 rows=7689551}: aiur::trace_codegen::cuda: prepared generated CUDA trace circuit=106 rows=7689551 width=9 seed_bytes=246065632 seed_spans=118
2026-09-16T23:11:28.081179Z DEBUG aiur/codegen_seeds{circuit=162 rows=2225576}: aiur::trace_codegen::cuda: prepared generated CUDA trace circuit=162 rows=2225576 width=33 seed_bytes=267069120 seed_spans=34
2026-09-16T23:11:28.083551Z DEBUG aiur/codegen_seeds{circuit=177 rows=6288862}: aiur::trace_codegen::cuda: prepared generated CUDA trace circuit=177 rows=6288862 width=10 seed_bytes=301865376 seed_spans=96
2026-09-16T23:11:28.134241Z DEBUG aiur/codegen_seeds{circuit=33 rows=6295443}: aiur::trace_codegen::cuda: prepared generated CUDA trace circuit=33 rows=6295443 width=18 seed_bytes=705089616 seed_spans=97
2026-09-16T23:11:28.641949Z DEBUG aiur::gpu_trace: CPU trace: circuit lacks generated CUDA coverage circuit=110 rows=2410949
2026-09-16T23:11:28.642218Z DEBUG aiur::gpu_trace: CPU trace: circuit lacks generated CUDA coverage circuit=120 rows=2153673
2026-09-16T23:11:28.643154Z DEBUG aiur::gpu_trace: CPU trace: circuit lacks generated CUDA coverage circuit=41 rows=559887
2026-09-16T23:11:28.643182Z DEBUG aiur::gpu_trace: CPU trace: circuit lacks generated CUDA coverage circuit=39 rows=211388
2026-09-16T23:11:28.644238Z DEBUG aiur::gpu_trace: CPU trace: circuit lacks generated CUDA coverage circuit=20 rows=716732
2026-09-16T23:11:28.647298Z DEBUG aiur::gpu_trace: CPU trace: circuit lacks generated CUDA coverage circuit=24 rows=826390
2026-09-16T23:11:29.086220Z DEBUG aiur/codegen_seeds{circuit=102 rows=1644769}: aiur::trace_codegen::cuda: prepared generated CUDA trace circuit=102 rows=1644769 width=43 seed_bytes=65790760 seed_spans=26
2026-09-16T23:11:29.098641Z DEBUG aiur/codegen_seeds{circuit=15 rows=374330}: aiur::trace_codegen::cuda: prepared generated CUDA trace circuit=15 rows=374330 width=177 seed_bytes=152726640 seed_spans=10
2026-09-16T23:11:29.120868Z DEBUG aiur/codegen_seeds{circuit=13 rows=374903}: aiur::trace_codegen::cuda: prepared generated CUDA trace circuit=13 rows=374903 width=195 seed_bytes=317917744 seed_spans=19
2026-09-16T23:11:29.123577Z DEBUG aiur/codegen_seeds{circuit=183 rows=7134758}: aiur::trace_codegen::cuda: prepared generated CUDA trace circuit=183 rows=7134758 width=10 seed_bytes=342468384 seed_spans=109
2026-09-16T23:11:30.053977Z DEBUG aiur::gpu_trace: CPU trace: circuit lacks generated CUDA coverage circuit=166 rows=1717297
2026-09-16T23:11:30.054986Z DEBUG aiur::gpu_trace: CPU trace: circuit lacks generated CUDA coverage circuit=103 rows=318056
2026-09-16T23:11:30.055305Z DEBUG aiur::gpu_trace: CPU trace: circuit lacks generated CUDA coverage circuit=44 rows=317156
2026-09-16T23:11:30.055387Z DEBUG aiur::gpu_trace: CPU trace: circuit lacks generated CUDA coverage circuit=109 rows=2918563
2026-09-16T23:11:30.055453Z DEBUG aiur::gpu_trace: CPU trace: circuit lacks generated CUDA coverage circuit=132 rows=1178024
2026-09-16T23:11:30.055453Z DEBUG aiur::gpu_trace: CPU trace: circuit lacks generated CUDA coverage circuit=167 rows=2001425
2026-09-16T23:11:30.055896Z DEBUG aiur::gpu_trace: CPU trace: circuit lacks generated CUDA coverage circuit=113 rows=1563647
2026-09-16T23:11:30.056856Z DEBUG aiur::gpu_trace: CPU trace: circuit lacks generated CUDA coverage circuit=168 rows=1558774
2026-09-16T23:11:30.056988Z DEBUG aiur::gpu_trace: CPU trace: circuit lacks generated CUDA coverage circuit=122 rows=1436501
2026-09-16T23:11:30.801742Z DEBUG aiur/codegen_seeds{circuit=180 rows=3400442}: aiur::trace_codegen::cuda: prepared generated CUDA trace circuit=180 rows=3400442 width=8 seed_bytes=163221216 seed_spans=52
2026-09-16T23:11:30.804212Z DEBUG aiur/codegen_seeds{circuit=88 rows=2575976}: aiur::trace_codegen::cuda: prepared generated CUDA trace circuit=88 rows=2575976 width=10 seed_bytes=123646848 seed_spans=40
2026-09-16T23:11:30.804790Z DEBUG aiur/codegen_seeds{circuit=178 rows=3846505}: aiur::trace_codegen::cuda: prepared generated CUDA trace circuit=178 rows=3846505 width=10 seed_bytes=184632240 seed_spans=59
2026-09-16T23:11:30.805868Z DEBUG aiur/codegen_seeds{circuit=54 rows=3433489}: aiur::trace_codegen::cuda: prepared generated CUDA trace circuit=54 rows=3433489 width=11 seed_bytes=192275384 seed_spans=53
2026-09-16T23:11:30.819806Z DEBUG aiur/codegen_seeds{circuit=45 rows=1492791}: aiur::trace_codegen::cuda: prepared generated CUDA trace circuit=45 rows=1492791 width=26 seed_bytes=262731216 seed_spans=23
2026-09-16T23:11:31.749618Z DEBUG aiur::gpu_trace: CPU trace: circuit lacks generated CUDA coverage circuit=25 rows=62579
2026-09-16T23:11:31.749619Z DEBUG aiur::gpu_trace: CPU trace: circuit lacks generated CUDA coverage circuit=0 rows=157999
2026-09-16T23:11:31.749615Z DEBUG aiur::gpu_trace: CPU trace: circuit lacks generated CUDA coverage circuit=51 rows=23767
2026-09-16T23:11:31.749618Z DEBUG aiur::gpu_trace: CPU trace: circuit lacks generated CUDA coverage circuit=133 rows=234725
2026-09-16T23:11:31.749619Z DEBUG aiur::gpu_trace: CPU trace: circuit lacks generated CUDA coverage circuit=108 rows=1040866
2026-09-16T23:11:31.749616Z DEBUG aiur::gpu_trace: CPU trace: circuit lacks generated CUDA coverage circuit=82 rows=136254
2026-09-16T23:11:31.749627Z DEBUG aiur::gpu_trace: CPU trace: circuit lacks generated CUDA coverage circuit=10 rows=32163
2026-09-16T23:11:31.749619Z DEBUG aiur::gpu_trace: CPU trace: circuit lacks generated CUDA coverage circuit=114 rows=568832
2026-09-16T23:11:31.749663Z DEBUG aiur::gpu_trace: CPU trace: circuit lacks generated CUDA coverage circuit=127 rows=414251
2026-09-16T23:11:31.749794Z DEBUG aiur::gpu_trace: CPU trace: circuit lacks generated CUDA coverage circuit=8 rows=34735
2026-09-16T23:11:31.749883Z DEBUG aiur::gpu_trace: CPU trace: circuit lacks generated CUDA coverage circuit=11 rows=156277
2026-09-16T23:11:31.749943Z DEBUG aiur::gpu_trace: CPU trace: circuit lacks generated CUDA coverage circuit=14 rows=1121711
2026-09-16T23:11:31.750100Z DEBUG aiur::gpu_trace: CPU trace: circuit lacks generated CUDA coverage circuit=2 rows=211584
2026-09-16T23:11:31.750469Z DEBUG aiur::gpu_trace: CPU trace: circuit lacks generated CUDA coverage circuit=40 rows=147565
2026-09-16T23:11:31.750476Z DEBUG aiur::gpu_trace: CPU trace: circuit lacks generated CUDA coverage circuit=65 rows=80417
2026-09-16T23:11:31.750485Z DEBUG aiur::gpu_trace: CPU trace: circuit lacks generated CUDA coverage circuit=147 rows=280270
2026-09-16T23:11:31.750531Z DEBUG aiur::gpu_trace: CPU trace: circuit lacks generated CUDA coverage circuit=104 rows=224121
2026-09-16T23:11:31.750667Z DEBUG aiur::gpu_trace: CPU trace: circuit lacks generated CUDA coverage circuit=137 rows=299727
2026-09-16T23:11:31.750704Z DEBUG aiur::gpu_trace: CPU trace: circuit lacks generated CUDA coverage circuit=23 rows=77214
2026-09-16T23:11:31.750898Z DEBUG aiur::gpu_trace: CPU trace: circuit lacks generated CUDA coverage circuit=81 rows=100397
2026-09-16T23:11:31.750909Z DEBUG aiur::gpu_trace: CPU trace: circuit lacks generated CUDA coverage circuit=46 rows=157100
2026-09-16T23:11:31.750928Z DEBUG aiur::gpu_trace: CPU trace: circuit lacks generated CUDA coverage circuit=138 rows=890089
2026-09-16T23:11:31.751010Z DEBUG aiur::gpu_trace: CPU trace: circuit lacks generated CUDA coverage circuit=181 rows=342355
2026-09-16T23:11:31.751117Z DEBUG aiur::gpu_trace: CPU trace: circuit lacks generated CUDA coverage circuit=144 rows=237882
2026-09-16T23:11:31.751290Z DEBUG aiur::gpu_trace: CPU trace: circuit lacks generated CUDA coverage circuit=150 rows=1385542
2026-09-16T23:11:31.751323Z DEBUG aiur::gpu_trace: CPU trace: circuit lacks generated CUDA coverage circuit=96 rows=74354
2026-09-16T23:11:31.751327Z DEBUG aiur::gpu_trace: CPU trace: circuit lacks generated CUDA coverage circuit=139 rows=280374
2026-09-16T23:11:31.754123Z DEBUG aiur::gpu_trace: CPU trace: circuit lacks generated CUDA coverage circuit=141 rows=305582
2026-09-16T23:11:31.757111Z DEBUG aiur::gpu_trace: CPU trace: circuit lacks generated CUDA coverage circuit=157 rows=160781
2026-09-16T23:11:31.819773Z DEBUG aiur/codegen_seeds{circuit=32 rows=208775}: aiur::trace_codegen::cuda: prepared generated CUDA trace circuit=32 rows=208775 width=21 seed_bytes=8805000 seed_spans=6
2026-09-16T23:11:31.819884Z DEBUG aiur::gpu_trace: CPU trace: circuit lacks generated CUDA coverage circuit=35 rows=66262
2026-09-16T23:11:31.840044Z DEBUG aiur::gpu_trace: CPU trace: circuit lacks generated CUDA coverage circuit=97 rows=236664
2026-09-16T23:11:31.840104Z DEBUG aiur::gpu_trace: CPU trace: circuit lacks generated CUDA coverage circuit=43 rows=65963
2026-09-16T23:11:31.850573Z DEBUG aiur::gpu_trace: CPU trace: circuit lacks generated CUDA coverage circuit=148 rows=254624
2026-09-16T23:11:31.852135Z DEBUG aiur::gpu_trace: CPU trace: circuit lacks generated CUDA coverage circuit=52 rows=179044
2026-09-16T23:11:31.869146Z DEBUG aiur::gpu_trace: CPU trace: circuit lacks generated CUDA coverage circuit=59 rows=110700
2026-09-16T23:11:31.888058Z DEBUG aiur::gpu_trace: CPU trace: circuit lacks generated CUDA coverage circuit=142 rows=354483
2026-09-16T23:11:31.902423Z DEBUG aiur::gpu_trace: CPU trace: circuit lacks generated CUDA coverage circuit=85 rows=765
2026-09-16T23:11:31.903416Z DEBUG aiur::gpu_trace: CPU trace: circuit lacks generated CUDA coverage circuit=49 rows=117350
2026-09-16T23:11:31.908766Z DEBUG aiur::gpu_trace: CPU trace: circuit lacks generated CUDA coverage circuit=37 rows=949031
2026-09-16T23:11:31.968977Z DEBUG aiur::gpu_trace: CPU trace: circuit lacks generated CUDA coverage circuit=151 rows=1005800
2026-09-16T23:11:31.971680Z DEBUG aiur::gpu_trace: CPU trace: circuit lacks generated CUDA coverage circuit=130 rows=241940
2026-09-16T23:11:31.988261Z DEBUG aiur::gpu_trace: CPU trace: circuit lacks generated CUDA coverage circuit=145 rows=330078
2026-09-16T23:11:31.997005Z DEBUG aiur/codegen_seeds{circuit=140 rows=512889}: aiur::trace_codegen::cuda: prepared generated CUDA trace circuit=140 rows=512889 width=25 seed_bytes=17950008 seed_spans=9
2026-09-16T23:11:31.997037Z DEBUG aiur::gpu_trace: CPU trace: circuit lacks generated CUDA coverage circuit=128 rows=305944
2026-09-16T23:11:32.047230Z DEBUG aiur::gpu_trace: CPU trace: circuit lacks generated CUDA coverage circuit=105 rows=471940
2026-09-16T23:11:32.113741Z DEBUG aiur::gpu_trace: CPU trace: circuit lacks generated CUDA coverage circuit=182 rows=449563
2026-09-16T23:11:32.118398Z DEBUG aiur::gpu_trace: CPU trace: circuit lacks generated CUDA coverage circuit=152 rows=744283
2026-09-16T23:11:32.137948Z DEBUG aiur::gpu_trace: CPU trace: circuit lacks generated CUDA coverage circuit=184 rows=235257
2026-09-16T23:11:32.149889Z DEBUG aiur::gpu_trace: CPU trace: circuit lacks generated CUDA coverage circuit=98 rows=236429
2026-09-16T23:11:32.167189Z DEBUG aiur::gpu_trace: CPU trace: circuit lacks generated CUDA coverage circuit=121 rows=382960
2026-09-16T23:11:32.174490Z DEBUG aiur::gpu_trace: CPU trace: circuit lacks generated CUDA coverage circuit=131 rows=417876
2026-09-16T23:11:32.182745Z DEBUG aiur::gpu_trace: CPU trace: circuit lacks generated CUDA coverage circuit=129 rows=394210
2026-09-16T23:11:32.254907Z DEBUG aiur::gpu_trace: CPU trace: circuit lacks generated CUDA coverage circuit=115 rows=1281575
2026-09-16T23:11:32.282646Z DEBUG aiur::gpu_trace: CPU trace: circuit lacks generated CUDA coverage circuit=100 rows=355288
2026-09-16T23:11:32.303225Z DEBUG aiur::gpu_trace: CPU trace: circuit lacks generated CUDA coverage circuit=123 rows=196229
2026-09-16T23:11:32.317105Z DEBUG aiur::gpu_trace: CPU trace: circuit lacks generated CUDA coverage circuit=161 rows=128195
2026-09-16T23:11:32.357724Z DEBUG aiur::gpu_trace: CPU trace: circuit lacks generated CUDA coverage circuit=134 rows=260774
2026-09-16T23:11:32.376821Z DEBUG aiur::gpu_trace: CPU trace: circuit lacks generated CUDA coverage circuit=116 rows=798287
2026-09-16T23:11:32.431020Z DEBUG aiur::gpu_trace: CPU trace: circuit lacks generated CUDA coverage circuit=99 rows=362554
2026-09-16T23:11:32.594922Z DEBUG aiur::gpu_trace: CPU trace: circuit lacks generated CUDA coverage circuit=125 rows=486323
2026-09-16T23:11:32.608710Z DEBUG aiur::gpu_trace: CPU trace: circuit lacks generated CUDA coverage circuit=126 rows=384556
2026-09-16T23:11:32.657569Z DEBUG aiur/codegen_seeds{circuit=124 rows=56264}: aiur::trace_codegen::cuda: prepared generated CUDA trace circuit=124 rows=56264 width=98 seed_bytes=12896528 seed_spans=2
2026-09-16T23:11:32.725994Z DEBUG aiur::gpu_trace: CPU trace: circuit lacks generated CUDA coverage circuit=169 rows=1314208
2026-09-16T23:11:32.744396Z DEBUG aiur::gpu_trace: CPU trace: circuit lacks generated CUDA coverage circuit=164 rows=892751
2026-09-16T23:11:33.237546Z DEBUG aiur::gpu_trace: CPU trace: circuit lacks generated CUDA coverage circuit=1 rows=26104
2026-09-16T23:11:33.237561Z DEBUG aiur::gpu_trace: CPU trace: circuit lacks generated CUDA coverage circuit=5 rows=302
2026-09-16T23:11:33.237550Z DEBUG aiur::gpu_trace: CPU trace: circuit lacks generated CUDA coverage circuit=4 rows=19046
2026-09-16T23:11:33.237553Z DEBUG aiur::gpu_trace: CPU trace: circuit lacks generated CUDA coverage circuit=7 rows=37966
2026-09-16T23:11:33.237587Z DEBUG aiur::gpu_trace: CPU trace: circuit lacks generated CUDA coverage circuit=76 rows=50798
2026-09-16T23:11:33.237638Z DEBUG aiur::gpu_trace: CPU trace: circuit lacks generated CUDA coverage circuit=66 rows=927
2026-09-16T23:11:33.237662Z DEBUG aiur::gpu_trace: CPU trace: circuit lacks generated CUDA coverage circuit=95 rows=30131
2026-09-16T23:11:33.237731Z DEBUG aiur/codegen_seeds{circuit=63 rows=151}: aiur::trace_codegen::cuda: prepared generated CUDA trace circuit=63 rows=151 width=68 seed_bytes=31408 seed_spans=1
2026-09-16T23:11:33.237852Z DEBUG aiur::gpu_trace: CPU trace: circuit lacks generated CUDA coverage circuit=72 rows=13643
2026-09-16T23:11:33.238011Z DEBUG aiur::gpu_trace: CPU trace: circuit lacks generated CUDA coverage circuit=83 rows=40524
2026-09-16T23:11:33.238291Z DEBUG aiur::gpu_trace: CPU trace: circuit lacks generated CUDA coverage circuit=155 rows=28497
2026-09-16T23:11:33.238345Z DEBUG aiur::gpu_trace: CPU trace: circuit lacks generated CUDA coverage circuit=53 rows=20659
2026-09-16T23:11:33.238803Z DEBUG aiur::gpu_trace: CPU trace: circuit lacks generated CUDA coverage circuit=78 rows=7581
2026-09-16T23:11:33.238922Z DEBUG aiur::gpu_trace: CPU trace: circuit lacks generated CUDA coverage circuit=67 rows=3669
2026-09-16T23:11:33.239189Z DEBUG aiur::gpu_trace: CPU trace: circuit lacks generated CUDA coverage circuit=80 rows=44451
2026-09-16T23:11:33.239191Z DEBUG aiur::gpu_trace: CPU trace: circuit lacks generated CUDA coverage circuit=92 rows=94738
2026-09-16T23:11:33.239219Z DEBUG aiur::gpu_trace: CPU trace: circuit lacks generated CUDA coverage circuit=93 rows=25383
2026-09-16T23:11:33.239370Z DEBUG aiur::gpu_trace: CPU trace: circuit lacks generated CUDA coverage circuit=84 rows=36
2026-09-16T23:11:33.239405Z DEBUG aiur::gpu_trace: CPU trace: circuit lacks generated CUDA coverage circuit=159 rows=18795
2026-09-16T23:11:33.239741Z DEBUG aiur::gpu_trace: CPU trace: circuit lacks generated CUDA coverage circuit=17 rows=20257
2026-09-16T23:11:33.239798Z DEBUG aiur::gpu_trace: CPU trace: circuit lacks generated CUDA coverage circuit=86 rows=12372
2026-09-16T23:11:33.240000Z DEBUG aiur::gpu_trace: CPU trace: circuit lacks generated CUDA coverage circuit=73 rows=25332
2026-09-16T23:11:33.240000Z DEBUG aiur::gpu_trace: CPU trace: circuit lacks generated CUDA coverage circuit=48 rows=25228
2026-09-16T23:11:33.240010Z DEBUG aiur::gpu_trace: CPU trace: circuit lacks generated CUDA coverage circuit=31 rows=3245
2026-09-16T23:11:33.240042Z DEBUG aiur::gpu_trace: CPU trace: circuit lacks generated CUDA coverage circuit=50 rows=1658
2026-09-16T23:11:33.240112Z DEBUG aiur::gpu_trace: CPU trace: circuit lacks generated CUDA coverage circuit=94 rows=27952
2026-09-16T23:11:33.240441Z DEBUG aiur::gpu_trace: CPU trace: circuit lacks generated CUDA coverage circuit=18 rows=20519
2026-09-16T23:11:33.243186Z DEBUG aiur::gpu_trace: CPU trace: circuit lacks generated CUDA coverage circuit=135 rows=3923
2026-09-16T23:11:33.243392Z DEBUG aiur::gpu_trace: CPU trace: circuit lacks generated CUDA coverage circuit=30 rows=18979
2026-09-16T23:11:33.248307Z DEBUG aiur::gpu_trace: CPU trace: circuit lacks generated CUDA coverage circuit=158 rows=10373
2026-09-16T23:11:33.251168Z DEBUG aiur::gpu_trace: CPU trace: circuit lacks generated CUDA coverage circuit=136 rows=27850
2026-09-16T23:11:33.251303Z DEBUG aiur::gpu_trace: CPU trace: circuit lacks generated CUDA coverage circuit=19 rows=61412
2026-09-16T23:11:33.252195Z DEBUG aiur::gpu_trace: CPU trace: circuit lacks generated CUDA coverage circuit=143 rows=237741
2026-09-16T23:11:33.253498Z DEBUG aiur::gpu_trace: CPU trace: circuit lacks generated CUDA coverage circuit=58 rows=3263
2026-09-16T23:11:33.256111Z DEBUG aiur/codegen_seeds{circuit=6 rows=25367}: aiur::gpu_trace: CPU trace: circuit lacks generated CUDA coverage circuit=146 rows=92582
2026-09-16T23:11:33.256611Z DEBUG aiur::gpu_trace: CPU trace: circuit lacks generated CUDA coverage circuit=55 rows=4887
2026-09-16T23:11:33.257735Z DEBUG aiur/codegen_seeds{circuit=56 rows=141}: aiur::trace_codegen::cuda: prepared generated CUDA trace circuit=56 rows=141 width=49 seed_bytes=11280 seed_spans=1
2026-09-16T23:11:33.259409Z DEBUG aiur::gpu_trace: CPU trace: circuit lacks generated CUDA coverage circuit=149 rows=235731
2026-09-16T23:11:33.262171Z DEBUG aiur::gpu_trace: CPU trace: circuit lacks generated CUDA coverage circuit=61 rows=7877
2026-09-16T23:11:33.265782Z DEBUG aiur::gpu_trace: CPU trace: circuit lacks generated CUDA coverage circuit=163 rows=183970
2026-09-16T23:11:33.277278Z DEBUG aiur::gpu_trace: CPU trace: circuit lacks generated CUDA coverage circuit=160 rows=22356
2026-09-16T23:11:33.297397Z DEBUG aiur/codegen_seeds{circuit=6 rows=25367}: aiur::trace_codegen::cuda: prepared generated CUDA trace circuit=6 rows=25367 width=63 seed_bytes=4731864 seed_spans=4
2026-09-16T23:11:34.725234Z DEBUG aiur::gpu_trace: CPU trace: circuit lacks generated CUDA coverage circuit=90 rows=88084
2026-09-16T23:11:34.725282Z DEBUG aiur::gpu_trace: CPU trace: circuit lacks generated CUDA coverage circuit=57 rows=140
2026-09-16T23:11:34.727612Z DEBUG aiur::gpu_trace: CPU trace: circuit lacks generated CUDA coverage circuit=176 rows=1
2026-09-16T23:11:34.727723Z DEBUG aiur::gpu_trace: CPU trace: circuit lacks generated CUDA coverage circuit=75 rows=8
2026-09-16T23:11:34.775444Z DEBUG aiur/codegen_seeds{circuit=16 rows=1048576}: aiur::trace_codegen::cuda: prepared generated CUDA trace circuit=16 rows=1048576 width=533 seed_bytes=184549376 seed_spans=16
2026-09-16T23:11:34.999279Z DEBUG aiur/codegen_seeds{circuit=117 rows=13240533}: aiur::trace_codegen::cuda: prepared generated CUDA trace circuit=117 rows=13240533 width=15 seed_bytes=635545584 seed_spans=203
2026-09-16T23:11:35.001082Z DEBUG aiur::gpu_trace: CPU trace: circuit lacks generated CUDA coverage circuit=27 rows=2358
2026-09-16T23:11:35.001191Z DEBUG aiur::gpu_trace: CPU trace: circuit lacks generated CUDA coverage circuit=77 rows=2
2026-09-16T23:11:35.001396Z DEBUG aiur::gpu_trace: CPU trace: circuit lacks generated CUDA coverage circuit=22 rows=30
2026-09-16T23:11:35.001574Z DEBUG aiur::gpu_trace: CPU trace: circuit lacks generated CUDA coverage circuit=156 rows=304394
2026-09-16T23:11:35.002007Z DEBUG aiur::gpu_trace: CPU trace: circuit lacks generated CUDA coverage circuit=91 rows=4960939
2026-09-16T23:11:35.002919Z DEBUG aiur::gpu_trace: CPU trace: circuit lacks generated CUDA coverage circuit=62 rows=258
2026-09-16T23:11:35.051034Z DEBUG aiur/codegen_seeds{circuit=16 rows=1048576}: aiur::trace_codegen::cuda: prepared generated CUDA trace circuit=16 rows=1048576 width=533 seed_bytes=184549376 seed_spans=16
2026-09-16T23:11:37.663920Z DEBUG aiur::gpu_trace: CPU trace: circuit lacks generated CUDA coverage circuit=69 rows=15
2026-09-16T23:11:37.664214Z DEBUG aiur::gpu_trace: CPU trace: circuit lacks generated CUDA coverage circuit=70 rows=16
2026-09-16T23:11:37.664390Z DEBUG aiur::gpu_trace: CPU trace: circuit lacks generated CUDA coverage circuit=26 rows=6
2026-09-16T23:11:37.664700Z DEBUG aiur::gpu_trace: CPU trace: circuit lacks generated CUDA coverage circuit=68 rows=16
2026-09-16T23:11:37.664922Z DEBUG aiur::gpu_trace: CPU trace: circuit lacks generated CUDA coverage circuit=71 rows=16
2026-09-16T23:11:37.664937Z DEBUG aiur::gpu_trace: CPU trace: circuit lacks generated CUDA coverage circuit=64 rows=60
2026-09-16T23:11:37.665964Z DEBUG aiur::gpu_trace: CPU trace: circuit lacks generated CUDA coverage circuit=34 rows=1016406
2026-09-16T23:11:37.726299Z DEBUG aiur/codegen_seeds{circuit=16 rows=1048576}: aiur::trace_codegen::cuda: prepared generated CUDA trace circuit=16 rows=1048576 width=533 seed_bytes=184549376 seed_spans=16
2026-09-16T23:11:38.266345Z DEBUG aiur/codegen_seeds{circuit=12 rows=16777216}: aiur::trace_codegen::cuda: prepared generated CUDA trace circuit=12 rows=16777216 width=17 seed_bytes=1342177280 seed_spans=256
2026-09-16T23:11:40.705941Z DEBUG aiur::gpu_trace: CPU trace: circuit lacks generated CUDA coverage circuit=3 rows=19
2026-09-16T23:11:40.707119Z DEBUG aiur::gpu_trace: CPU trace: circuit lacks generated CUDA coverage circuit=47 rows=296840
2026-09-16T23:11:40.708934Z DEBUG aiur::gpu_trace: CPU trace: circuit lacks generated CUDA coverage circuit=87 rows=2
2026-09-16T23:11:41.265378Z DEBUG aiur/codegen_seeds{circuit=119 rows=10189848}: aiur::trace_codegen::cuda: prepared generated CUDA trace circuit=119 rows=10189848 width=20 seed_bytes=570631488 seed_spans=156
2026-09-16T23:11:41.304716Z DEBUG aiur/codegen_seeds{circuit=38 rows=4375748}: aiur::trace_codegen::cuda: prepared generated CUDA trace circuit=38 rows=4375748 width=27 seed_bytes=805137632 seed_spans=67
2026-09-16T23:11:41.432340Z DEBUG aiur/codegen_seeds{circuit=42 rows=6466839}: aiur::trace_codegen::cuda: prepared generated CUDA trace circuit=42 rows=6466839 width=49 seed_bytes=1758980208 seed_spans=105
2026-09-16T23:11:43.508005Z DEBUG aiur::gpu_trace: CPU trace: circuit lacks generated CUDA coverage circuit=9 rows=46085
2026-09-16T23:11:43.508097Z DEBUG aiur::gpu_trace: CPU trace: circuit lacks generated CUDA coverage circuit=179 rows=2858316
2026-09-16T23:11:43.508354Z DEBUG aiur::gpu_trace: CPU trace: circuit lacks generated CUDA coverage circuit=60 rows=150
2026-09-16T23:11:43.509894Z DEBUG aiur::gpu_trace: CPU trace: circuit lacks generated CUDA coverage circuit=28 rows=3052
2026-09-16T23:11:43.546108Z DEBUG aiur/codegen_seeds{circuit=16 rows=452160}: aiur::trace_codegen::cuda: prepared generated CUDA trace circuit=16 rows=452160 width=533 seed_bytes=79580160 seed_spans=7
2026-09-16T23:11:43.907393Z DEBUG aiur/codegen_seeds{circuit=112 rows=5516647}: aiur::trace_codegen::cuda: prepared generated CUDA trace circuit=112 rows=5516647 width=31 seed_bytes=397198584 seed_spans=85
2026-09-16T23:11:43.944342Z DEBUG aiur/codegen_seeds{circuit=12 rows=8603438}: aiur::trace_codegen::cuda: prepared generated CUDA trace circuit=12 rows=8603438 width=17 seed_bytes=688275040 seed_spans=132
2026-09-16T23:11:47.137256Z DEBUG aiur::gpu_trace: CPU trace: circuit lacks generated CUDA coverage circuit=89 rows=108199
2026-09-16T23:11:47.507780Z DEBUG aiur/codegen_seeds{circuit=111 rows=5757201}: aiur::trace_codegen::cuda: prepared generated CUDA trace circuit=111 rows=5757201 width=11 seed_bytes=230288040 seed_spans=88
2026-09-16T23:11:47.535471Z DEBUG aiur/codegen_seeds{circuit=101 rows=6786968}: aiur::trace_codegen::cuda: prepared generated CUDA trace circuit=101 rows=6786968 width=19 seed_bytes=434365952 seed_spans=104
2026-09-16T23:11:47.537437Z DEBUG aiur/codegen_seeds{circuit=170 rows=10085609}: aiur::trace_codegen::cuda: prepared generated CUDA trace circuit=170 rows=10085609 width=11 seed_bytes=403424360 seed_spans=154
2026-09-16T23:11:47.547481Z DEBUG aiur/codegen_seeds{circuit=107 rows=7498195}: aiur::trace_codegen::cuda: prepared generated CUDA trace circuit=107 rows=7498195 width=23 seed_bytes=419898920 seed_spans=115
2026-09-16T23:11:47.563017Z DEBUG aiur/codegen_seeds{circuit=36 rows=6487894}: aiur::trace_codegen::cuda: prepared generated CUDA trace circuit=36 rows=6487894 width=25 seed_bytes=622837824 seed_spans=99
2026-09-16T23:11:50.021279Z DEBUG aiur::gpu_trace: CPU trace: circuit lacks generated CUDA coverage circuit=153 rows=1233
2026-09-16T23:11:50.022605Z DEBUG aiur::gpu_trace: CPU trace: circuit lacks generated CUDA coverage circuit=154 rows=23096
2026-09-16T23:11:50.023074Z DEBUG aiur::gpu_trace: CPU trace: circuit lacks generated CUDA coverage circuit=74 rows=943
2026-09-16T23:11:50.413042Z DEBUG aiur/codegen_seeds{circuit=118 rows=3307842}: aiur::trace_codegen::cuda: prepared generated CUDA trace circuit=118 rows=3307842 width=10 seed_bytes=158776416 seed_spans=51
2026-09-16T23:11:50.421870Z DEBUG aiur/codegen_seeds{circuit=106 rows=7689551}: aiur::trace_codegen::cuda: prepared generated CUDA trace circuit=106 rows=7689551 width=9 seed_bytes=246065632 seed_spans=118
2026-09-16T23:11:50.426770Z DEBUG aiur/codegen_seeds{circuit=177 rows=6288862}: aiur::trace_codegen::cuda: prepared generated CUDA trace circuit=177 rows=6288862 width=10 seed_bytes=301865376 seed_spans=96
2026-09-16T23:11:50.438661Z DEBUG aiur/codegen_seeds{circuit=162 rows=2225576}: aiur::trace_codegen::cuda: prepared generated CUDA trace circuit=162 rows=2225576 width=33 seed_bytes=267069120 seed_spans=34
2026-09-16T23:11:50.498033Z DEBUG aiur/codegen_seeds{circuit=33 rows=6295443}: aiur::trace_codegen::cuda: prepared generated CUDA trace circuit=33 rows=6295443 width=18 seed_bytes=705089616 seed_spans=97
2026-09-16T23:11:53.193482Z DEBUG aiur::gpu_trace: CPU trace: circuit lacks generated CUDA coverage circuit=39 rows=211388
2026-09-16T23:11:53.193686Z DEBUG aiur::gpu_trace: CPU trace: circuit lacks generated CUDA coverage circuit=110 rows=2410949
2026-09-16T23:11:53.194254Z DEBUG aiur::gpu_trace: CPU trace: circuit lacks generated CUDA coverage circuit=120 rows=2153673
2026-09-16T23:11:53.194314Z DEBUG aiur::gpu_trace: CPU trace: circuit lacks generated CUDA coverage circuit=41 rows=559887
2026-09-16T23:11:53.194591Z DEBUG aiur::gpu_trace: CPU trace: circuit lacks generated CUDA coverage circuit=20 rows=716732
2026-09-16T23:11:53.195917Z DEBUG aiur::gpu_trace: CPU trace: circuit lacks generated CUDA coverage circuit=24 rows=826390
2026-09-16T23:11:53.654683Z DEBUG aiur/codegen_seeds{circuit=102 rows=1644769}: aiur::trace_codegen::cuda: prepared generated CUDA trace circuit=102 rows=1644769 width=43 seed_bytes=65790760 seed_spans=26
2026-09-16T23:11:53.664840Z DEBUG aiur/codegen_seeds{circuit=15 rows=374330}: aiur::trace_codegen::cuda: prepared generated CUDA trace circuit=15 rows=374330 width=177 seed_bytes=152726640 seed_spans=10
2026-09-16T23:11:53.717414Z DEBUG aiur/codegen_seeds{circuit=13 rows=374903}: aiur::trace_codegen::cuda: prepared generated CUDA trace circuit=13 rows=374903 width=195 seed_bytes=317917744 seed_spans=19
2026-09-16T23:11:53.718314Z DEBUG aiur/codegen_seeds{circuit=183 rows=7134758}: aiur::trace_codegen::cuda: prepared generated CUDA trace circuit=183 rows=7134758 width=10 seed_bytes=342468384 seed_spans=109
2026-09-16T23:11:56.832248Z DEBUG aiur::gpu_trace: CPU trace: circuit lacks generated CUDA coverage circuit=103 rows=318056
2026-09-16T23:11:56.832862Z DEBUG aiur::gpu_trace: CPU trace: circuit lacks generated CUDA coverage circuit=113 rows=1563647
2026-09-16T23:11:56.832974Z DEBUG aiur::gpu_trace: CPU trace: circuit lacks generated CUDA coverage circuit=44 rows=317156
2026-09-16T23:11:56.833161Z DEBUG aiur::gpu_trace: CPU trace: circuit lacks generated CUDA coverage circuit=109 rows=2918563
2026-09-16T23:11:56.833899Z DEBUG aiur::gpu_trace: CPU trace: circuit lacks generated CUDA coverage circuit=166 rows=1717297
2026-09-16T23:11:56.834842Z DEBUG aiur::gpu_trace: CPU trace: circuit lacks generated CUDA coverage circuit=122 rows=1436501
2026-09-16T23:11:56.834843Z DEBUG aiur::gpu_trace: CPU trace: circuit lacks generated CUDA coverage circuit=167 rows=2001425
2026-09-16T23:11:56.834892Z DEBUG aiur::gpu_trace: CPU trace: circuit lacks generated CUDA coverage circuit=168 rows=1558774
2026-09-16T23:11:56.835288Z DEBUG aiur::gpu_trace: CPU trace: circuit lacks generated CUDA coverage circuit=132 rows=1178024
2026-09-16T23:11:57.584978Z DEBUG aiur/codegen_seeds{circuit=178 rows=3846505}: aiur::trace_codegen::cuda: prepared generated CUDA trace circuit=178 rows=3846505 width=10 seed_bytes=184632240 seed_spans=59
2026-09-16T23:11:57.589482Z DEBUG aiur/codegen_seeds{circuit=180 rows=3400442}: aiur::trace_codegen::cuda: prepared generated CUDA trace circuit=180 rows=3400442 width=8 seed_bytes=163221216 seed_spans=52
2026-09-16T23:11:57.602189Z DEBUG aiur/codegen_seeds{circuit=54 rows=3433489}: aiur::trace_codegen::cuda: prepared generated CUDA trace circuit=54 rows=3433489 width=11 seed_bytes=192275384 seed_spans=53
2026-09-16T23:11:57.604423Z DEBUG aiur/codegen_seeds{circuit=88 rows=2575976}: aiur::trace_codegen::cuda: prepared generated CUDA trace circuit=88 rows=2575976 width=10 seed_bytes=123646848 seed_spans=40
2026-09-16T23:11:57.605166Z DEBUG aiur/codegen_seeds{circuit=45 rows=1492791}: aiur::trace_codegen::cuda: prepared generated CUDA trace circuit=45 rows=1492791 width=26 seed_bytes=262731216 seed_spans=23
2026-09-16T23:12:01.113495Z DEBUG aiur::gpu_trace: CPU trace: circuit lacks generated CUDA coverage circuit=182 rows=449563
2026-09-16T23:12:01.113500Z DEBUG aiur::gpu_trace: CPU trace: circuit lacks generated CUDA coverage circuit=127 rows=414251
2026-09-16T23:12:01.113501Z DEBUG aiur::gpu_trace: CPU trace: circuit lacks generated CUDA coverage circuit=2 rows=211584
2026-09-16T23:12:01.113497Z DEBUG aiur::gpu_trace: CPU trace: circuit lacks generated CUDA coverage circuit=8 rows=34735
2026-09-16T23:12:01.113501Z DEBUG aiur::gpu_trace: CPU trace: circuit lacks generated CUDA coverage circuit=51 rows=23767
2026-09-16T23:12:01.113499Z DEBUG aiur::gpu_trace: CPU trace: circuit lacks generated CUDA coverage circuit=0 rows=157999
2026-09-16T23:12:01.113503Z DEBUG aiur::gpu_trace: CPU trace: circuit lacks generated CUDA coverage circuit=25 rows=62579
2026-09-16T23:12:01.113935Z DEBUG aiur::gpu_trace: CPU trace: circuit lacks generated CUDA coverage circuit=114 rows=568832
2026-09-16T23:12:01.113959Z DEBUG aiur::gpu_trace: CPU trace: circuit lacks generated CUDA coverage circuit=108 rows=1040866
2026-09-16T23:12:01.114055Z DEBUG aiur::gpu_trace: CPU trace: circuit lacks generated CUDA coverage circuit=181 rows=342355
2026-09-16T23:12:01.114271Z DEBUG aiur::gpu_trace: CPU trace: circuit lacks generated CUDA coverage circuit=14 rows=1121711
2026-09-16T23:12:01.114274Z DEBUG aiur::gpu_trace: CPU trace: circuit lacks generated CUDA coverage circuit=35 rows=66262
2026-09-16T23:12:01.114305Z DEBUG aiur::gpu_trace: CPU trace: circuit lacks generated CUDA coverage circuit=10 rows=32163
2026-09-16T23:12:01.114393Z DEBUG aiur::gpu_trace: CPU trace: circuit lacks generated CUDA coverage circuit=46 rows=157100
2026-09-16T23:12:01.114425Z DEBUG aiur::gpu_trace: CPU trace: circuit lacks generated CUDA coverage circuit=104 rows=224121
2026-09-16T23:12:01.114606Z DEBUG aiur::gpu_trace: CPU trace: circuit lacks generated CUDA coverage circuit=49 rows=117350
2026-09-16T23:12:01.114740Z DEBUG aiur::gpu_trace: CPU trace: circuit lacks generated CUDA coverage circuit=161 rows=128195
2026-09-16T23:12:01.114764Z DEBUG aiur::gpu_trace: CPU trace: circuit lacks generated CUDA coverage circuit=164 rows=892751
2026-09-16T23:12:01.114786Z DEBUG aiur::gpu_trace: CPU trace: circuit lacks generated CUDA coverage circuit=169 rows=1314208
2026-09-16T23:12:01.114791Z DEBUG aiur::gpu_trace: CPU trace: circuit lacks generated CUDA coverage circuit=40 rows=147565
2026-09-16T23:12:01.114944Z DEBUG aiur::gpu_trace: CPU trace: circuit lacks generated CUDA coverage circuit=23 rows=77214
2026-09-16T23:12:01.115036Z DEBUG aiur::gpu_trace: CPU trace: circuit lacks generated CUDA coverage circuit=157 rows=160781
2026-09-16T23:12:01.118404Z DEBUG aiur::gpu_trace: CPU trace: circuit lacks generated CUDA coverage circuit=81 rows=100397
2026-09-16T23:12:01.118447Z DEBUG aiur::gpu_trace: CPU trace: circuit lacks generated CUDA coverage circuit=105 rows=471940
2026-09-16T23:12:01.118506Z DEBUG aiur::gpu_trace: CPU trace: circuit lacks generated CUDA coverage circuit=147 rows=280270
2026-09-16T23:12:01.120193Z DEBUG aiur::gpu_trace: CPU trace: circuit lacks generated CUDA coverage circuit=96 rows=74354
2026-09-16T23:12:01.120508Z DEBUG aiur/codegen_seeds{circuit=32 rows=208775}: aiur::gpu_trace: CPU trace: circuit lacks generated CUDA coverage circuit=98 rows=236429
2026-09-16T23:12:01.121249Z DEBUG aiur::gpu_trace: CPU trace: circuit lacks generated CUDA coverage circuit=65 rows=80417
2026-09-16T23:12:01.124209Z DEBUG aiur::gpu_trace: CPU trace: circuit lacks generated CUDA coverage circuit=37 rows=949031
2026-09-16T23:12:01.201104Z DEBUG aiur::gpu_trace: CPU trace: circuit lacks generated CUDA coverage circuit=43 rows=65963
2026-09-16T23:12:01.221879Z DEBUG aiur::gpu_trace: CPU trace: circuit lacks generated CUDA coverage circuit=52 rows=179044
2026-09-16T23:12:01.227151Z DEBUG aiur::gpu_trace: CPU trace: circuit lacks generated CUDA coverage circuit=82 rows=136254
2026-09-16T23:12:01.234271Z DEBUG aiur::gpu_trace: CPU trace: circuit lacks generated CUDA coverage circuit=11 rows=156277
2026-09-16T23:12:01.283463Z DEBUG aiur::gpu_trace: CPU trace: circuit lacks generated CUDA coverage circuit=97 rows=236664
2026-09-16T23:12:01.315644Z DEBUG aiur::gpu_trace: CPU trace: circuit lacks generated CUDA coverage circuit=85 rows=765
2026-09-16T23:12:01.316660Z DEBUG aiur::gpu_trace: CPU trace: circuit lacks generated CUDA coverage circuit=184 rows=235257
2026-09-16T23:12:01.330504Z DEBUG aiur/codegen_seeds{circuit=140 rows=512889}: aiur::trace_codegen::cuda: prepared generated CUDA trace circuit=140 rows=512889 width=25 seed_bytes=17950008 seed_spans=9
2026-09-16T23:12:01.330537Z DEBUG aiur::gpu_trace: CPU trace: circuit lacks generated CUDA coverage circuit=141 rows=305582
2026-09-16T23:12:01.359607Z DEBUG aiur::gpu_trace: CPU trace: circuit lacks generated CUDA coverage circuit=144 rows=237882
2026-09-16T23:12:01.400918Z DEBUG aiur::gpu_trace: CPU trace: circuit lacks generated CUDA coverage circuit=59 rows=110700
2026-09-16T23:12:01.439474Z DEBUG aiur::gpu_trace: CPU trace: circuit lacks generated CUDA coverage circuit=121 rows=382960
2026-09-16T23:12:01.495721Z DEBUG aiur::gpu_trace: CPU trace: circuit lacks generated CUDA coverage circuit=100 rows=355288
2026-09-16T23:12:01.556044Z DEBUG aiur::gpu_trace: CPU trace: circuit lacks generated CUDA coverage circuit=133 rows=234725
2026-09-16T23:12:01.562465Z DEBUG aiur/codegen_seeds{circuit=32 rows=208775}: aiur::gpu_trace: CPU trace: circuit lacks generated CUDA coverage circuit=99 rows=362554
2026-09-16T23:12:01.564552Z DEBUG aiur::gpu_trace: CPU trace: circuit lacks generated CUDA coverage circuit=148 rows=254624
2026-09-16T23:12:01.565374Z DEBUG aiur::gpu_trace: CPU trace: circuit lacks generated CUDA coverage circuit=145 rows=330078
2026-09-16T23:12:01.594926Z DEBUG aiur::gpu_trace: CPU trace: circuit lacks generated CUDA coverage circuit=142 rows=354483
2026-09-16T23:12:01.597247Z DEBUG aiur::gpu_trace: CPU trace: circuit lacks generated CUDA coverage circuit=137 rows=299727
2026-09-16T23:12:01.606260Z DEBUG aiur::gpu_trace: CPU trace: circuit lacks generated CUDA coverage circuit=115 rows=1281575
2026-09-16T23:12:01.617097Z DEBUG aiur::gpu_trace: CPU trace: circuit lacks generated CUDA coverage circuit=123 rows=196229
2026-09-16T23:12:01.635676Z DEBUG aiur::gpu_trace: CPU trace: circuit lacks generated CUDA coverage circuit=150 rows=1385542
2026-09-16T23:12:01.638536Z DEBUG aiur::gpu_trace: CPU trace: circuit lacks generated CUDA coverage circuit=138 rows=890089
2026-09-16T23:12:01.647887Z DEBUG aiur::gpu_trace: CPU trace: circuit lacks generated CUDA coverage circuit=116 rows=798287
2026-09-16T23:12:01.652332Z DEBUG aiur::gpu_trace: CPU trace: circuit lacks generated CUDA coverage circuit=134 rows=260774
2026-09-16T23:12:01.669187Z DEBUG aiur::gpu_trace: CPU trace: circuit lacks generated CUDA coverage circuit=139 rows=280374
2026-09-16T23:12:01.683764Z DEBUG aiur::gpu_trace: CPU trace: circuit lacks generated CUDA coverage circuit=130 rows=241940
2026-09-16T23:12:01.706077Z DEBUG aiur::gpu_trace: CPU trace: circuit lacks generated CUDA coverage circuit=125 rows=486323
2026-09-16T23:12:01.710955Z DEBUG aiur::gpu_trace: CPU trace: circuit lacks generated CUDA coverage circuit=126 rows=384556
2026-09-16T23:12:01.726895Z DEBUG aiur::gpu_trace: CPU trace: circuit lacks generated CUDA coverage circuit=151 rows=1005800
2026-09-16T23:12:01.819836Z DEBUG aiur/codegen_seeds{circuit=124 rows=56264}: aiur::trace_codegen::cuda: prepared generated CUDA trace circuit=124 rows=56264 width=98 seed_bytes=12896528 seed_spans=2
2026-09-16T23:12:01.845583Z DEBUG aiur::gpu_trace: CPU trace: circuit lacks generated CUDA coverage circuit=152 rows=744283
2026-09-16T23:12:01.883017Z DEBUG aiur::gpu_trace: CPU trace: circuit lacks generated CUDA coverage circuit=128 rows=305944
2026-09-16T23:12:01.909905Z DEBUG aiur::gpu_trace: CPU trace: circuit lacks generated CUDA coverage circuit=129 rows=394210
2026-09-16T23:12:02.041534Z DEBUG aiur::gpu_trace: CPU trace: circuit lacks generated CUDA coverage circuit=131 rows=417876
2026-09-16T23:12:02.218949Z DEBUG aiur/codegen_seeds{circuit=32 rows=208775}: aiur::trace_codegen::cuda: prepared generated CUDA trace circuit=32 rows=208775 width=21 seed_bytes=8805000 seed_spans=6
2026-09-16T23:12:04.903684Z DEBUG aiur::gpu_trace: CPU trace: circuit lacks generated CUDA coverage circuit=18 rows=20519
2026-09-16T23:12:04.903685Z DEBUG aiur::gpu_trace: CPU trace: circuit lacks generated CUDA coverage circuit=146 rows=92582
2026-09-16T23:12:04.903700Z DEBUG aiur::gpu_trace: CPU trace: circuit lacks generated CUDA coverage circuit=66 rows=927
2026-09-16T23:12:04.903687Z DEBUG aiur::gpu_trace: CPU trace: circuit lacks generated CUDA coverage circuit=1 rows=26104
2026-09-16T23:12:04.903684Z DEBUG aiur::gpu_trace: CPU trace: circuit lacks generated CUDA coverage circuit=31 rows=3245
2026-09-16T23:12:04.903719Z DEBUG aiur::gpu_trace: CPU trace: circuit lacks generated CUDA coverage circuit=76 rows=50798
2026-09-16T23:12:04.903684Z DEBUG aiur::gpu_trace: CPU trace: circuit lacks generated CUDA coverage circuit=7 rows=37966
2026-09-16T23:12:04.903685Z DEBUG aiur::gpu_trace: CPU trace: circuit lacks generated CUDA coverage circuit=143 rows=237741
2026-09-16T23:12:04.903946Z DEBUG aiur/codegen_seeds{circuit=63 rows=151}: aiur::trace_codegen::cuda: prepared generated CUDA trace circuit=63 rows=151 width=68 seed_bytes=31408 seed_spans=1
2026-09-16T23:12:04.903965Z DEBUG aiur::gpu_trace: CPU trace: circuit lacks generated CUDA coverage circuit=58 rows=3263
2026-09-16T23:12:04.904345Z DEBUG aiur::gpu_trace: CPU trace: circuit lacks generated CUDA coverage circuit=53 rows=20659
2026-09-16T23:12:04.904420Z DEBUG aiur::gpu_trace: CPU trace: circuit lacks generated CUDA coverage circuit=55 rows=4887
2026-09-16T23:12:04.904523Z DEBUG aiur::gpu_trace: CPU trace: circuit lacks generated CUDA coverage circuit=4 rows=19046
2026-09-16T23:12:04.904611Z DEBUG aiur::gpu_trace: CPU trace: circuit lacks generated CUDA coverage circuit=136 rows=27850
2026-09-16T23:12:04.904693Z DEBUG aiur::gpu_trace: CPU trace: circuit lacks generated CUDA coverage circuit=149 rows=235731
2026-09-16T23:12:04.904695Z DEBUG aiur::gpu_trace: CPU trace: circuit lacks generated CUDA coverage circuit=17 rows=20257
2026-09-16T23:12:04.904889Z DEBUG aiur::gpu_trace: CPU trace: circuit lacks generated CUDA coverage circuit=155 rows=28497
2026-09-16T23:12:04.904891Z DEBUG aiur::gpu_trace: CPU trace: circuit lacks generated CUDA coverage circuit=135 rows=3923
2026-09-16T23:12:04.904970Z DEBUG aiur::gpu_trace: CPU trace: circuit lacks generated CUDA coverage circuit=30 rows=18979
2026-09-16T23:12:04.905185Z DEBUG aiur::gpu_trace: CPU trace: circuit lacks generated CUDA coverage circuit=72 rows=13643
2026-09-16T23:12:04.905194Z DEBUG aiur::gpu_trace: CPU trace: circuit lacks generated CUDA coverage circuit=19 rows=61412
2026-09-16T23:12:04.905281Z DEBUG aiur::gpu_trace: CPU trace: circuit lacks generated CUDA coverage circuit=67 rows=3669
2026-09-16T23:12:04.905346Z DEBUG aiur::gpu_trace: CPU trace: circuit lacks generated CUDA coverage circuit=48 rows=25228
2026-09-16T23:12:04.906489Z DEBUG aiur::gpu_trace: CPU trace: circuit lacks generated CUDA coverage circuit=92 rows=94738
2026-09-16T23:12:04.906580Z DEBUG aiur::gpu_trace: CPU trace: circuit lacks generated CUDA coverage circuit=159 rows=18795
2026-09-16T23:12:04.906617Z DEBUG aiur::gpu_trace: CPU trace: circuit lacks generated CUDA coverage circuit=61 rows=7877
2026-09-16T23:12:04.907157Z DEBUG aiur::gpu_trace: CPU trace: circuit lacks generated CUDA coverage circuit=5 rows=302
2026-09-16T23:12:04.908435Z DEBUG aiur::gpu_trace: CPU trace: circuit lacks generated CUDA coverage circuit=158 rows=10373
2026-09-16T23:12:04.908677Z DEBUG aiur::gpu_trace: CPU trace: circuit lacks generated CUDA coverage circuit=73 rows=25332
2026-09-16T23:12:04.910164Z DEBUG aiur::gpu_trace: CPU trace: circuit lacks generated CUDA coverage circuit=163 rows=183970
2026-09-16T23:12:04.911809Z DEBUG aiur::gpu_trace: CPU trace: circuit lacks generated CUDA coverage circuit=95 rows=30131
2026-09-16T23:12:04.912987Z DEBUG aiur::gpu_trace: CPU trace: circuit lacks generated CUDA coverage circuit=160 rows=22356
2026-09-16T23:12:04.914054Z DEBUG aiur::gpu_trace: CPU trace: circuit lacks generated CUDA coverage circuit=50 rows=1658
2026-09-16T23:12:04.916764Z DEBUG aiur::gpu_trace: CPU trace: circuit lacks generated CUDA coverage circuit=83 rows=40524
2026-09-16T23:12:04.917409Z DEBUG aiur/codegen_seeds{circuit=56 rows=141}: aiur::trace_codegen::cuda: prepared generated CUDA trace circuit=56 rows=141 width=49 seed_bytes=11280 seed_spans=1
2026-09-16T23:12:04.919320Z DEBUG aiur::gpu_trace: CPU trace: circuit lacks generated CUDA coverage circuit=80 rows=44451
2026-09-16T23:12:04.921616Z DEBUG aiur::gpu_trace: CPU trace: circuit lacks generated CUDA coverage circuit=78 rows=7581
2026-09-16T23:12:04.925398Z DEBUG aiur/codegen_seeds{circuit=6 rows=25367}: aiur::trace_codegen::cuda: prepared generated CUDA trace circuit=6 rows=25367 width=63 seed_bytes=4731864 seed_spans=4
2026-09-16T23:12:04.926864Z DEBUG aiur::gpu_trace: CPU trace: circuit lacks generated CUDA coverage circuit=86 rows=12372
2026-09-16T23:12:04.927063Z DEBUG aiur::gpu_trace: CPU trace: circuit lacks generated CUDA coverage circuit=84 rows=36
2026-09-16T23:12:04.936039Z DEBUG aiur::gpu_trace: CPU trace: circuit lacks generated CUDA coverage circuit=93 rows=25383
2026-09-16T23:12:04.936622Z DEBUG aiur::gpu_trace: CPU trace: circuit lacks generated CUDA coverage circuit=94 rows=27952
[lanes] worker 0: claim 1 proven at +158s (3 left)
[lanes] worker 0: claim 0 proving started at +158s
2026-09-16T23:12:09.156352Z DEBUG aiur::gpu_trace: CPU trace: circuit lacks generated CUDA coverage circuit=75 rows=33
2026-09-16T23:12:09.156565Z DEBUG aiur::gpu_trace: CPU trace: circuit lacks generated CUDA coverage circuit=90 rows=75467
2026-09-16T23:12:09.157095Z DEBUG aiur::gpu_trace: CPU trace: circuit lacks generated CUDA coverage circuit=79 rows=2
2026-09-16T23:12:09.157808Z DEBUG aiur::gpu_trace: CPU trace: circuit lacks generated CUDA coverage circuit=176 rows=1
2026-09-16T23:12:09.212033Z DEBUG aiur/codegen_seeds{circuit=16 rows=1048576}: aiur::trace_codegen::cuda: prepared generated CUDA trace circuit=16 rows=1048576 width=533 seed_bytes=184549376 seed_spans=16
2026-09-16T23:12:09.423418Z DEBUG aiur/codegen_seeds{circuit=117 rows=12699666}: aiur::trace_codegen::cuda: prepared generated CUDA trace circuit=117 rows=12699666 width=15 seed_bytes=609583968 seed_spans=194
2026-09-16T23:12:09.424231Z DEBUG aiur::gpu_trace: CPU trace: circuit lacks generated CUDA coverage circuit=3 rows=7
2026-09-16T23:12:09.424291Z DEBUG aiur::gpu_trace: CPU trace: circuit lacks generated CUDA coverage circuit=7 rows=13162
2026-09-16T23:12:09.424296Z DEBUG aiur::gpu_trace: CPU trace: circuit lacks generated CUDA coverage circuit=136 rows=31882
2026-09-16T23:12:09.425052Z DEBUG aiur::gpu_trace: CPU trace: circuit lacks generated CUDA coverage circuit=129 rows=339422
2026-09-16T23:12:09.426545Z DEBUG aiur::gpu_trace: CPU trace: circuit lacks generated CUDA coverage circuit=57 rows=304
2026-09-16T23:12:09.427028Z DEBUG aiur::gpu_trace: CPU trace: circuit lacks generated CUDA coverage circuit=91 rows=5100597
2026-09-16T23:12:09.427053Z DEBUG aiur::gpu_trace: CPU trace: circuit lacks generated CUDA coverage circuit=64 rows=99
2026-09-16T23:12:09.503553Z DEBUG aiur/codegen_seeds{circuit=16 rows=1048576}: aiur::trace_codegen::cuda: prepared generated CUDA trace circuit=16 rows=1048576 width=533 seed_bytes=184549376 seed_spans=16
2026-09-16T23:12:10.180503Z DEBUG aiur::gpu_trace: CPU trace: circuit lacks generated CUDA coverage circuit=77 rows=15
2026-09-16T23:12:10.180761Z DEBUG aiur::gpu_trace: CPU trace: circuit lacks generated CUDA coverage circuit=26 rows=19
2026-09-16T23:12:10.182143Z DEBUG aiur::gpu_trace: CPU trace: circuit lacks generated CUDA coverage circuit=22 rows=31
2026-09-16T23:12:10.182490Z DEBUG aiur::gpu_trace: CPU trace: circuit lacks generated CUDA coverage circuit=150 rows=1145750
2026-09-16T23:12:10.234212Z DEBUG aiur/codegen_seeds{circuit=16 rows=1048576}: aiur::trace_codegen::cuda: prepared generated CUDA trace circuit=16 rows=1048576 width=533 seed_bytes=184549376 seed_spans=16
2026-09-16T23:12:10.737863Z DEBUG aiur/codegen_seeds{circuit=12 rows=16777216}: aiur::trace_codegen::cuda: prepared generated CUDA trace circuit=12 rows=16777216 width=17 seed_bytes=1342177280 seed_spans=256
2026-09-16T23:12:11.194967Z DEBUG aiur::gpu_trace: CPU trace: circuit lacks generated CUDA coverage circuit=126 rows=446516
2026-09-16T23:12:11.195748Z DEBUG aiur::gpu_trace: CPU trace: circuit lacks generated CUDA coverage circuit=68 rows=16
2026-09-16T23:12:11.196271Z DEBUG aiur::gpu_trace: CPU trace: circuit lacks generated CUDA coverage circuit=158 rows=8712
2026-09-16T23:12:11.196791Z DEBUG aiur::gpu_trace: CPU trace: circuit lacks generated CUDA coverage circuit=94 rows=15788
2026-09-16T23:12:11.240250Z DEBUG aiur/codegen_seeds{circuit=16 rows=905944}: aiur::trace_codegen::cuda: prepared generated CUDA trace circuit=16 rows=905944 width=533 seed_bytes=159446144 seed_spans=14
2026-09-16T23:12:11.623653Z DEBUG aiur/codegen_seeds{circuit=12 rows=11961305}: aiur::trace_codegen::cuda: prepared generated CUDA trace circuit=12 rows=11961305 width=17 seed_bytes=956904400 seed_spans=183
2026-09-16T23:12:12.086219Z DEBUG aiur::gpu_trace: CPU trace: circuit lacks generated CUDA coverage circuit=69 rows=16
2026-09-16T23:12:12.086928Z DEBUG aiur::gpu_trace: CPU trace: circuit lacks generated CUDA coverage circuit=70 rows=16
2026-09-16T23:12:12.087834Z DEBUG aiur::gpu_trace: CPU trace: circuit lacks generated CUDA coverage circuit=71 rows=16
2026-09-16T23:12:12.088326Z DEBUG aiur::gpu_trace: CPU trace: circuit lacks generated CUDA coverage circuit=47 rows=362339
2026-09-16T23:12:12.088685Z DEBUG aiur::gpu_trace: CPU trace: circuit lacks generated CUDA coverage circuit=87 rows=12
2026-09-16T23:12:12.589372Z DEBUG aiur/codegen_seeds{circuit=119 rows=9771112}: aiur::trace_codegen::cuda: prepared generated CUDA trace circuit=119 rows=9771112 width=20 seed_bytes=547182272 seed_spans=150
2026-09-16T23:12:12.617494Z DEBUG aiur/codegen_seeds{circuit=38 rows=4629033}: aiur::trace_codegen::cuda: prepared generated CUDA trace circuit=38 rows=4629033 width=27 seed_bytes=851742072 seed_spans=71
2026-09-16T23:12:12.728718Z DEBUG aiur/codegen_seeds{circuit=42 rows=6586741}: aiur::trace_codegen::cuda: prepared generated CUDA trace circuit=42 rows=6586741 width=49 seed_bytes=1791593552 seed_spans=107
2026-09-16T23:12:12.941492Z DEBUG aiur::gpu_trace: CPU trace: circuit lacks generated CUDA coverage circuit=138 rows=713933
2026-09-16T23:12:13.411873Z DEBUG aiur/codegen_seeds{circuit=107 rows=5046546}: aiur::trace_codegen::cuda: prepared generated CUDA trace circuit=107 rows=5046546 width=23 seed_bytes=282606576 seed_spans=78
2026-09-16T23:12:13.414436Z DEBUG aiur/codegen_seeds{circuit=177 rows=6293918}: aiur::trace_codegen::cuda: prepared generated CUDA trace circuit=177 rows=6293918 width=10 seed_bytes=302108064 seed_spans=97
2026-09-16T23:12:13.426891Z DEBUG aiur/codegen_seeds{circuit=101 rows=5539615}: aiur::trace_codegen::cuda: prepared generated CUDA trace circuit=101 rows=5539615 width=19 seed_bytes=354535360 seed_spans=85
2026-09-16T23:12:13.487418Z DEBUG aiur/codegen_seeds{circuit=36 rows=6609473}: aiur::trace_codegen::cuda: prepared generated CUDA trace circuit=36 rows=6609473 width=25 seed_bytes=634509408 seed_spans=101
2026-09-16T23:12:13.488423Z DEBUG aiur/codegen_seeds{circuit=170 rows=15815678}: aiur::trace_codegen::cuda: prepared generated CUDA trace circuit=170 rows=15815678 width=11 seed_bytes=632627120 seed_spans=242
2026-09-16T23:12:14.089326Z DEBUG aiur::gpu_trace: CPU trace: circuit lacks generated CUDA coverage circuit=145 rows=257178
2026-09-16T23:12:14.419980Z DEBUG aiur/codegen_seeds{circuit=102 rows=1233322}: aiur::trace_codegen::cuda: prepared generated CUDA trace circuit=102 rows=1233322 width=43 seed_bytes=49332880 seed_spans=19
2026-09-16T23:12:14.459192Z DEBUG aiur/codegen_seeds{circuit=106 rows=5236793}: aiur::trace_codegen::cuda: prepared generated CUDA trace circuit=106 rows=5236793 width=9 seed_bytes=167577376 seed_spans=80
2026-09-16T23:12:14.462009Z DEBUG aiur/codegen_seeds{circuit=178 rows=4406516}: aiur::trace_codegen::cuda: prepared generated CUDA trace circuit=178 rows=4406516 width=10 seed_bytes=211512768 seed_spans=68
2026-09-16T23:12:14.469802Z DEBUG aiur/codegen_seeds{circuit=162 rows=2173375}: aiur::trace_codegen::cuda: prepared generated CUDA trace circuit=162 rows=2173375 width=33 seed_bytes=260805000 seed_spans=34
2026-09-16T23:12:14.491910Z DEBUG aiur/codegen_seeds{circuit=112 rows=3351648}: aiur::trace_codegen::cuda: prepared generated CUDA trace circuit=112 rows=3351648 width=31 seed_bytes=241318656 seed_spans=52
2026-09-16T23:12:14.505600Z DEBUG aiur/codegen_seeds{circuit=33 rows=6140427}: aiur::trace_codegen::cuda: prepared generated CUDA trace circuit=33 rows=6140427 width=18 seed_bytes=687727824 seed_spans=94
2026-09-16T23:12:15.073580Z DEBUG aiur::gpu_trace: CPU trace: circuit lacks generated CUDA coverage circuit=120 rows=2332114
2026-09-16T23:12:15.074766Z DEBUG aiur::gpu_trace: CPU trace: circuit lacks generated CUDA coverage circuit=20 rows=854779
2026-09-16T23:12:15.075040Z DEBUG aiur::gpu_trace: CPU trace: circuit lacks generated CUDA coverage circuit=167 rows=1873085
2026-09-16T23:12:15.075712Z DEBUG aiur::gpu_trace: CPU trace: circuit lacks generated CUDA coverage circuit=168 rows=1399631
2026-09-16T23:12:15.076195Z DEBUG aiur::gpu_trace: CPU trace: circuit lacks generated CUDA coverage circuit=24 rows=908138
2026-09-16T23:12:15.076365Z DEBUG aiur::gpu_trace: CPU trace: circuit lacks generated CUDA coverage circuit=40 rows=110945
2026-09-16T23:12:15.543176Z DEBUG aiur/codegen_seeds{circuit=15 rows=425142}: aiur::trace_codegen::cuda: prepared generated CUDA trace circuit=15 rows=425142 width=177 seed_bytes=173457936 seed_spans=11
2026-09-16T23:12:15.552344Z DEBUG aiur/codegen_seeds{circuit=183 rows=7272697}: aiur::trace_codegen::cuda: prepared generated CUDA trace circuit=183 rows=7272697 width=10 seed_bytes=349089456 seed_spans=111
2026-09-16T23:12:15.592587Z DEBUG aiur/codegen_seeds{circuit=13 rows=400257}: aiur::trace_codegen::cuda: prepared generated CUDA trace circuit=13 rows=400257 width=195 seed_bytes=339417936 seed_spans=21
2026-09-16T23:12:16.079144Z DEBUG aiur::gpu_trace: CPU trace: circuit lacks generated CUDA coverage circuit=44 rows=384342
2026-09-16T23:12:16.079527Z DEBUG aiur::gpu_trace: CPU trace: circuit lacks generated CUDA coverage circuit=134 rows=239238
2026-09-16T23:12:16.079927Z DEBUG aiur::gpu_trace: CPU trace: circuit lacks generated CUDA coverage circuit=34 rows=1152953
2026-09-16T23:12:16.080912Z DEBUG aiur::gpu_trace: CPU trace: circuit lacks generated CUDA coverage circuit=179 rows=2959760
2026-09-16T23:12:16.080915Z DEBUG aiur::gpu_trace: CPU trace: circuit lacks generated CUDA coverage circuit=50 rows=3316
2026-09-16T23:12:16.080926Z DEBUG aiur::gpu_trace: CPU trace: circuit lacks generated CUDA coverage circuit=37 rows=1081649
2026-09-16T23:12:16.081100Z DEBUG aiur::gpu_trace: CPU trace: circuit lacks generated CUDA coverage circuit=110 rows=1209604
2026-09-16T23:12:16.081594Z DEBUG aiur::gpu_trace: CPU trace: circuit lacks generated CUDA coverage circuit=113 rows=1097921
2026-09-16T23:12:16.081941Z DEBUG aiur::gpu_trace: CPU trace: circuit lacks generated CUDA coverage circuit=166 rows=1607107
2026-09-16T23:12:16.081999Z DEBUG aiur::gpu_trace: CPU trace: circuit lacks generated CUDA coverage circuit=135 rows=3998
2026-09-16T23:12:16.082367Z DEBUG aiur::gpu_trace: CPU trace: circuit lacks generated CUDA coverage circuit=122 rows=1662709
2026-09-16T23:12:16.734414Z DEBUG aiur/codegen_seeds{circuit=88 rows=2419252}: aiur::trace_codegen::cuda: prepared generated CUDA trace circuit=88 rows=2419252 width=10 seed_bytes=116124096 seed_spans=37
2026-09-16T23:12:16.738371Z DEBUG aiur/codegen_seeds{circuit=111 rows=3555642}: aiur::trace_codegen::cuda: prepared generated CUDA trace circuit=111 rows=3555642 width=11 seed_bytes=142225680 seed_spans=55
2026-09-16T23:12:16.742695Z DEBUG aiur/codegen_seeds{circuit=118 rows=3297187}: aiur::trace_codegen::cuda: prepared generated CUDA trace circuit=118 rows=3297187 width=10 seed_bytes=158264976 seed_spans=51
2026-09-16T23:12:16.743065Z DEBUG aiur/codegen_seeds{circuit=180 rows=3622920}: aiur::trace_codegen::cuda: prepared generated CUDA trace circuit=180 rows=3622920 width=8 seed_bytes=173900160 seed_spans=56
2026-09-16T23:12:16.750103Z DEBUG aiur/codegen_seeds{circuit=54 rows=3372270}: aiur::trace_codegen::cuda: prepared generated CUDA trace circuit=54 rows=3372270 width=11 seed_bytes=188847120 seed_spans=52
2026-09-16T23:12:16.755740Z DEBUG aiur/codegen_seeds{circuit=45 rows=1507309}: aiur::trace_codegen::cuda: prepared generated CUDA trace circuit=45 rows=1507309 width=26 seed_bytes=265286384 seed_spans=23
2026-09-16T23:12:17.858473Z DEBUG aiur::gpu_trace: CPU trace: circuit lacks generated CUDA coverage circuit=0 rows=136036
2026-09-16T23:12:17.858523Z DEBUG aiur::gpu_trace: CPU trace: circuit lacks generated CUDA coverage circuit=127 rows=436663
2026-09-16T23:12:17.858528Z DEBUG aiur::gpu_trace: CPU trace: circuit lacks generated CUDA coverage circuit=108 rows=530178
2026-09-16T23:12:17.858524Z DEBUG aiur::gpu_trace: CPU trace: circuit lacks generated CUDA coverage circuit=114 rows=431091
2026-09-16T23:12:17.858547Z DEBUG aiur::gpu_trace: CPU trace: circuit lacks generated CUDA coverage circuit=25 rows=68380
2026-09-16T23:12:17.858524Z DEBUG aiur::gpu_trace: CPU trace: circuit lacks generated CUDA coverage circuit=14 rows=1101513
2026-09-16T23:12:17.858529Z DEBUG aiur::gpu_trace: CPU trace: circuit lacks generated CUDA coverage circuit=66 rows=753
2026-09-16T23:12:17.858529Z DEBUG aiur::gpu_trace: CPU trace: circuit lacks generated CUDA coverage circuit=89 rows=99720
2026-09-16T23:12:17.858524Z DEBUG aiur::gpu_trace: CPU trace: circuit lacks generated CUDA coverage circuit=105 rows=444844
2026-09-16T23:12:17.858993Z DEBUG aiur::gpu_trace: CPU trace: circuit lacks generated CUDA coverage circuit=52 rows=153516
2026-09-16T23:12:17.859122Z DEBUG aiur::gpu_trace: CPU trace: circuit lacks generated CUDA coverage circuit=2 rows=186190
2026-09-16T23:12:17.859166Z DEBUG aiur::gpu_trace: CPU trace: circuit lacks generated CUDA coverage circuit=130 rows=235475
2026-09-16T23:12:17.859499Z DEBUG aiur::gpu_trace: CPU trace: circuit lacks generated CUDA coverage circuit=104 rows=179314
2026-09-16T23:12:17.859567Z DEBUG aiur::gpu_trace: CPU trace: circuit lacks generated CUDA coverage circuit=65 rows=94436
2026-09-16T23:12:17.859693Z DEBUG aiur::gpu_trace: CPU trace: circuit lacks generated CUDA coverage circuit=10 rows=36458
2026-09-16T23:12:17.859699Z DEBUG aiur::gpu_trace: CPU trace: circuit lacks generated CUDA coverage circuit=23 rows=83894
2026-09-16T23:12:17.859799Z DEBUG aiur::gpu_trace: CPU trace: circuit lacks generated CUDA coverage circuit=156 rows=227970
2026-09-16T23:12:17.859992Z DEBUG aiur::gpu_trace: CPU trace: circuit lacks generated CUDA coverage circuit=182 rows=460244
2026-09-16T23:12:17.860078Z DEBUG aiur::gpu_trace: CPU trace: circuit lacks generated CUDA coverage circuit=11 rows=169166
2026-09-16T23:12:17.860249Z DEBUG aiur::gpu_trace: CPU trace: circuit lacks generated CUDA coverage circuit=95 rows=24713
2026-09-16T23:12:17.860356Z DEBUG aiur::gpu_trace: CPU trace: circuit lacks generated CUDA coverage circuit=137 rows=227483
2026-09-16T23:12:17.860373Z DEBUG aiur::gpu_trace: CPU trace: circuit lacks generated CUDA coverage circuit=81 rows=111119
2026-09-16T23:12:17.860390Z DEBUG aiur::gpu_trace: CPU trace: circuit lacks generated CUDA coverage circuit=184 rows=258488
2026-09-16T23:12:17.860401Z DEBUG aiur::gpu_trace: CPU trace: circuit lacks generated CUDA coverage circuit=169 rows=1313302
2026-09-16T23:12:17.860482Z DEBUG aiur::gpu_trace: CPU trace: circuit lacks generated CUDA coverage circuit=147 rows=226531
2026-09-16T23:12:17.864170Z DEBUG aiur::gpu_trace: CPU trace: circuit lacks generated CUDA coverage circuit=128 rows=230802
2026-09-16T23:12:17.907488Z DEBUG aiur::gpu_trace: CPU trace: circuit lacks generated CUDA coverage circuit=161 rows=189170
2026-09-16T23:12:17.926240Z DEBUG aiur::gpu_trace: CPU trace: circuit lacks generated CUDA coverage circuit=131 rows=391965
2026-09-16T23:12:18.020874Z DEBUG aiur/codegen_seeds{circuit=140 rows=474228}: aiur::trace_codegen::cuda: prepared generated CUDA trace circuit=140 rows=474228 width=25 seed_bytes=17111760 seed_spans=8
2026-09-16T23:12:18.020914Z DEBUG aiur::gpu_trace: CPU trace: circuit lacks generated CUDA coverage circuit=141 rows=266407
2026-09-16T23:12:18.035650Z DEBUG aiur::gpu_trace: CPU trace: circuit lacks generated CUDA coverage circuit=132 rows=1097053
2026-09-16T23:12:18.089846Z DEBUG aiur::gpu_trace: CPU trace: circuit lacks generated CUDA coverage circuit=144 rows=230199
2026-09-16T23:12:18.108488Z DEBUG aiur::gpu_trace: CPU trace: circuit lacks generated CUDA coverage circuit=164 rows=780872
2026-09-16T23:12:18.109544Z DEBUG aiur::gpu_trace: CPU trace: circuit lacks generated CUDA coverage circuit=151 rows=800138
2026-09-16T23:12:18.111848Z DEBUG aiur::gpu_trace: CPU trace: circuit lacks generated CUDA coverage circuit=139 rows=217573
2026-09-16T23:12:18.116507Z DEBUG aiur::gpu_trace: CPU trace: circuit lacks generated CUDA coverage circuit=121 rows=438926
2026-09-16T23:12:18.146340Z DEBUG aiur::gpu_trace: CPU trace: circuit lacks generated CUDA coverage circuit=41 rows=415072
2026-09-16T23:12:18.157569Z DEBUG aiur::gpu_trace: CPU trace: circuit lacks generated CUDA coverage circuit=123 rows=226134
2026-09-16T23:12:18.194932Z DEBUG aiur::gpu_trace: CPU trace: circuit lacks generated CUDA coverage circuit=157 rows=237378
2026-09-16T23:12:18.205877Z DEBUG aiur::gpu_trace: CPU trace: circuit lacks generated CUDA coverage circuit=46 rows=165428
2026-09-16T23:12:18.206731Z DEBUG aiur::gpu_trace: CPU trace: circuit lacks generated CUDA coverage circuit=43 rows=65569
2026-09-16T23:12:18.237619Z DEBUG aiur::gpu_trace: CPU trace: circuit lacks generated CUDA coverage circuit=115 rows=1339296
2026-09-16T23:12:18.328609Z DEBUG aiur::gpu_trace: CPU trace: circuit lacks generated CUDA coverage circuit=152 rows=665982
2026-09-16T23:12:18.352122Z DEBUG aiur::gpu_trace: CPU trace: circuit lacks generated CUDA coverage circuit=148 rows=257365
2026-09-16T23:12:18.375932Z DEBUG aiur::gpu_trace: CPU trace: circuit lacks generated CUDA coverage circuit=142 rows=317897
2026-09-16T23:12:18.377337Z DEBUG aiur::gpu_trace: CPU trace: circuit lacks generated CUDA coverage circuit=125 rows=532278
2026-09-16T23:12:18.390135Z DEBUG aiur::gpu_trace: CPU trace: circuit lacks generated CUDA coverage circuit=109 rows=1713363
2026-09-16T23:12:18.434606Z DEBUG aiur::gpu_trace: CPU trace: circuit lacks generated CUDA coverage circuit=116 rows=822587
2026-09-16T23:12:18.656604Z DEBUG aiur/codegen_seeds{circuit=124 rows=61448}: aiur::trace_codegen::cuda: prepared generated CUDA trace circuit=124 rows=61448 width=98 seed_bytes=14213176 seed_spans=2
2026-09-16T23:12:19.286690Z DEBUG aiur::gpu_trace: CPU trace: circuit lacks generated CUDA coverage circuit=28 rows=4945
2026-09-16T23:12:19.286720Z DEBUG aiur::gpu_trace: CPU trace: circuit lacks generated CUDA coverage circuit=51 rows=24976
2026-09-16T23:12:19.286719Z DEBUG aiur::gpu_trace: CPU trace: circuit lacks generated CUDA coverage circuit=39 rows=156324
2026-09-16T23:12:19.286721Z DEBUG aiur::gpu_trace: CPU trace: circuit lacks generated CUDA coverage circuit=31 rows=2660
2026-09-16T23:12:19.286722Z DEBUG aiur::gpu_trace: CPU trace: circuit lacks generated CUDA coverage circuit=76 rows=50726
2026-09-16T23:12:19.286719Z DEBUG aiur::gpu_trace: CPU trace: circuit lacks generated CUDA coverage circuit=153 rows=1371
2026-09-16T23:12:19.286724Z DEBUG aiur::gpu_trace: CPU trace: circuit lacks generated CUDA coverage circuit=159 rows=15915
2026-09-16T23:12:19.286722Z DEBUG aiur::gpu_trace: CPU trace: circuit lacks generated CUDA coverage circuit=1 rows=26755
2026-09-16T23:12:19.286793Z DEBUG aiur::gpu_trace: CPU trace: circuit lacks generated CUDA coverage circuit=60 rows=2232
2026-09-16T23:12:19.287078Z DEBUG aiur/codegen_seeds{circuit=63 rows=204}: aiur::trace_codegen::cuda: prepared generated CUDA trace circuit=63 rows=204 width=68 seed_bytes=42432 seed_spans=1
2026-09-16T23:12:19.287150Z DEBUG aiur::gpu_trace: CPU trace: circuit lacks generated CUDA coverage circuit=103 rows=253275
2026-09-16T23:12:19.287163Z DEBUG aiur::gpu_trace: CPU trace: circuit lacks generated CUDA coverage circuit=27 rows=1842
2026-09-16T23:12:19.287162Z DEBUG aiur::gpu_trace: CPU trace: circuit lacks generated CUDA coverage circuit=4 rows=6787
2026-09-16T23:12:19.287173Z DEBUG aiur::gpu_trace: CPU trace: circuit lacks generated CUDA coverage circuit=61 rows=9034
2026-09-16T23:12:19.287209Z DEBUG aiur::gpu_trace: CPU trace: circuit lacks generated CUDA coverage circuit=30 rows=20321
2026-09-16T23:12:19.287340Z DEBUG aiur::gpu_trace: CPU trace: circuit lacks generated CUDA coverage circuit=48 rows=26035
2026-09-16T23:12:19.287451Z DEBUG aiur::gpu_trace: CPU trace: circuit lacks generated CUDA coverage circuit=58 rows=8618
2026-09-16T23:12:19.287513Z DEBUG aiur::gpu_trace: CPU trace: circuit lacks generated CUDA coverage circuit=181 rows=382628
2026-09-16T23:12:19.287713Z DEBUG aiur::gpu_trace: CPU trace: circuit lacks generated CUDA coverage circuit=49 rows=126383
2026-09-16T23:12:19.287727Z DEBUG aiur::gpu_trace: CPU trace: circuit lacks generated CUDA coverage circuit=5 rows=377
2026-09-16T23:12:19.287814Z DEBUG aiur::gpu_trace: CPU trace: circuit lacks generated CUDA coverage circuit=67 rows=3174
2026-09-16T23:12:19.287860Z DEBUG aiur::gpu_trace: CPU trace: circuit lacks generated CUDA coverage circuit=160 rows=16540
2026-09-16T23:12:19.287919Z DEBUG aiur::gpu_trace: CPU trace: circuit lacks generated CUDA coverage circuit=35 rows=75579
2026-09-16T23:12:19.288043Z DEBUG aiur::gpu_trace: CPU trace: circuit lacks generated CUDA coverage circuit=163 rows=137801
2026-09-16T23:12:19.288066Z DEBUG aiur::gpu_trace: CPU trace: circuit lacks generated CUDA coverage circuit=143 rows=230042
2026-09-16T23:12:19.288239Z DEBUG aiur::gpu_trace: CPU trace: circuit lacks generated CUDA coverage circuit=59 rows=98991
2026-09-16T23:12:19.288638Z DEBUG aiur::gpu_trace: CPU trace: circuit lacks generated CUDA coverage circuit=9 rows=47216
2026-09-16T23:12:19.290510Z DEBUG aiur::gpu_trace: CPU trace: circuit lacks generated CUDA coverage circuit=72 rows=11118
2026-09-16T23:12:19.290840Z DEBUG aiur::gpu_trace: CPU trace: circuit lacks generated CUDA coverage circuit=62 rows=358
2026-09-16T23:12:19.290915Z DEBUG aiur::gpu_trace: CPU trace: circuit lacks generated CUDA coverage circuit=8 rows=32832
2026-09-16T23:12:19.291213Z DEBUG aiur::gpu_trace: CPU trace: circuit lacks generated CUDA coverage circuit=17 rows=21861
2026-09-16T23:12:19.291661Z DEBUG aiur::gpu_trace: CPU trace: circuit lacks generated CUDA coverage circuit=154 rows=30934
2026-09-16T23:12:19.292179Z DEBUG aiur::gpu_trace: CPU trace: circuit lacks generated CUDA coverage circuit=133 rows=213403
2026-09-16T23:12:19.294541Z DEBUG aiur::gpu_trace: CPU trace: circuit lacks generated CUDA coverage circuit=55 rows=6878
2026-09-16T23:12:19.295224Z DEBUG aiur::gpu_trace: CPU trace: circuit lacks generated CUDA coverage circuit=53 rows=22398
2026-09-16T23:12:19.295877Z DEBUG aiur::gpu_trace: CPU trace: circuit lacks generated CUDA coverage circuit=155 rows=28359
2026-09-16T23:12:19.299714Z DEBUG aiur::gpu_trace: CPU trace: circuit lacks generated CUDA coverage circuit=74 rows=188
2026-09-16T23:12:19.299851Z DEBUG aiur::gpu_trace: CPU trace: circuit lacks generated CUDA coverage circuit=92 rows=101982
2026-09-16T23:12:19.300387Z DEBUG aiur::gpu_trace: CPU trace: circuit lacks generated CUDA coverage circuit=73 rows=19604
2026-09-16T23:12:19.307792Z DEBUG aiur/codegen_seeds{circuit=56 rows=305}: aiur::trace_codegen::cuda: prepared generated CUDA trace circuit=56 rows=305 width=49 seed_bytes=24400 seed_spans=1
2026-09-16T23:12:19.310912Z DEBUG aiur::gpu_trace: CPU trace: circuit lacks generated CUDA coverage circuit=18 rows=22386
2026-09-16T23:12:19.314474Z DEBUG aiur::gpu_trace: CPU trace: circuit lacks generated CUDA coverage circuit=96 rows=64465
2026-09-16T23:12:19.315358Z DEBUG aiur::gpu_trace: CPU trace: circuit lacks generated CUDA coverage circuit=93 rows=28376
2026-09-16T23:12:19.319406Z DEBUG aiur/codegen_seeds{circuit=6 rows=28377}: aiur::trace_codegen::cuda: prepared generated CUDA trace circuit=6 rows=28377 width=63 seed_bytes=5236104 seed_spans=4
2026-09-16T23:12:19.331588Z DEBUG aiur::gpu_trace: CPU trace: circuit lacks generated CUDA coverage circuit=146 rows=91414
2026-09-16T23:12:19.333376Z DEBUG aiur::gpu_trace: CPU trace: circuit lacks generated CUDA coverage circuit=19 rows=59494
2026-09-16T23:12:19.339553Z DEBUG aiur::gpu_trace: CPU trace: circuit lacks generated CUDA coverage circuit=78 rows=11710
2026-09-16T23:12:19.345305Z DEBUG aiur::gpu_trace: CPU trace: circuit lacks generated CUDA coverage circuit=82 rows=103437
2026-09-16T23:12:19.347811Z DEBUG aiur::gpu_trace: CPU trace: circuit lacks generated CUDA coverage circuit=80 rows=49596
2026-09-16T23:12:19.360407Z DEBUG aiur::gpu_trace: CPU trace: circuit lacks generated CUDA coverage circuit=149 rows=227570
2026-09-16T23:12:19.364154Z DEBUG aiur::gpu_trace: CPU trace: circuit lacks generated CUDA coverage circuit=85 rows=1503
2026-09-16T23:12:19.366482Z DEBUG aiur::gpu_trace: CPU trace: circuit lacks generated CUDA coverage circuit=86 rows=6555
2026-09-16T23:12:19.370009Z DEBUG aiur/codegen_seeds{circuit=32 rows=235824}: aiur::trace_codegen::cuda: prepared generated CUDA trace circuit=32 rows=235824 width=21 seed_bytes=9645064 seed_spans=7
2026-09-16T23:12:19.374660Z DEBUG aiur::gpu_trace: CPU trace: circuit lacks generated CUDA coverage circuit=97 rows=195012
2026-09-16T23:12:19.382858Z DEBUG aiur::gpu_trace: CPU trace: circuit lacks generated CUDA coverage circuit=98 rows=194729
2026-09-16T23:12:19.383940Z DEBUG aiur::gpu_trace: CPU trace: circuit lacks generated CUDA coverage circuit=83 rows=43731
2026-09-16T23:12:19.391255Z DEBUG aiur::gpu_trace: CPU trace: circuit lacks generated CUDA coverage circuit=100 rows=130928
2026-09-16T23:12:19.398928Z DEBUG aiur::gpu_trace: CPU trace: circuit lacks generated CUDA coverage circuit=99 rows=144762
2026-09-16T23:12:20.905172Z DEBUG aiur::gpu_trace: CPU trace: circuit lacks generated CUDA coverage circuit=79 rows=2
2026-09-16T23:12:20.905369Z DEBUG aiur::gpu_trace: CPU trace: circuit lacks generated CUDA coverage circuit=90 rows=75467
2026-09-16T23:12:20.906707Z DEBUG aiur::gpu_trace: CPU trace: circuit lacks generated CUDA coverage circuit=75 rows=33
2026-09-16T23:12:20.906939Z DEBUG aiur::gpu_trace: CPU trace: circuit lacks generated CUDA coverage circuit=176 rows=1
2026-09-16T23:12:20.953782Z DEBUG aiur/codegen_seeds{circuit=16 rows=1048576}: aiur::trace_codegen::cuda: prepared generated CUDA trace circuit=16 rows=1048576 width=533 seed_bytes=184549376 seed_spans=16
2026-09-16T23:12:21.182728Z DEBUG aiur/codegen_seeds{circuit=117 rows=12699666}: aiur::trace_codegen::cuda: prepared generated CUDA trace circuit=117 rows=12699666 width=15 seed_bytes=609583968 seed_spans=194
2026-09-16T23:12:21.183574Z DEBUG aiur::gpu_trace: CPU trace: circuit lacks generated CUDA coverage circuit=57 rows=304
2026-09-16T23:12:21.184177Z DEBUG aiur::gpu_trace: CPU trace: circuit lacks generated CUDA coverage circuit=64 rows=99
2026-09-16T23:12:21.184760Z DEBUG aiur::gpu_trace: CPU trace: circuit lacks generated CUDA coverage circuit=129 rows=339422
2026-09-16T23:12:21.184837Z DEBUG aiur::gpu_trace: CPU trace: circuit lacks generated CUDA coverage circuit=7 rows=13162
2026-09-16T23:12:21.185313Z DEBUG aiur::gpu_trace: CPU trace: circuit lacks generated CUDA coverage circuit=136 rows=31882
2026-09-16T23:12:21.185544Z DEBUG aiur::gpu_trace: CPU trace: circuit lacks generated CUDA coverage circuit=91 rows=5100597
2026-09-16T23:12:21.185589Z DEBUG aiur::gpu_trace: CPU trace: circuit lacks generated CUDA coverage circuit=3 rows=7
2026-09-16T23:12:21.234795Z DEBUG aiur/codegen_seeds{circuit=16 rows=1048576}: aiur::trace_codegen::cuda: prepared generated CUDA trace circuit=16 rows=1048576 width=533 seed_bytes=184549376 seed_spans=16
2026-09-16T23:12:23.809527Z DEBUG aiur::gpu_trace: CPU trace: circuit lacks generated CUDA coverage circuit=22 rows=31
2026-09-16T23:12:23.809721Z DEBUG aiur::gpu_trace: CPU trace: circuit lacks generated CUDA coverage circuit=77 rows=15
2026-09-16T23:12:23.809959Z DEBUG aiur::gpu_trace: CPU trace: circuit lacks generated CUDA coverage circuit=26 rows=19
2026-09-16T23:12:23.812148Z DEBUG aiur::gpu_trace: CPU trace: circuit lacks generated CUDA coverage circuit=150 rows=1145750
2026-09-16T23:12:23.858840Z DEBUG aiur/codegen_seeds{circuit=16 rows=1048576}: aiur::trace_codegen::cuda: prepared generated CUDA trace circuit=16 rows=1048576 width=533 seed_bytes=184549376 seed_spans=16
2026-09-16T23:12:24.422861Z DEBUG aiur/codegen_seeds{circuit=12 rows=16777216}: aiur::trace_codegen::cuda: prepared generated CUDA trace circuit=12 rows=16777216 width=17 seed_bytes=1342177280 seed_spans=256
2026-09-16T23:12:26.814123Z DEBUG aiur::gpu_trace: CPU trace: circuit lacks generated CUDA coverage circuit=68 rows=16
2026-09-16T23:12:26.814811Z DEBUG aiur::gpu_trace: CPU trace: circuit lacks generated CUDA coverage circuit=158 rows=8712
2026-09-16T23:12:26.814922Z DEBUG aiur::gpu_trace: CPU trace: circuit lacks generated CUDA coverage circuit=94 rows=15788
2026-09-16T23:12:26.815172Z DEBUG aiur::gpu_trace: CPU trace: circuit lacks generated CUDA coverage circuit=126 rows=446516
2026-09-16T23:12:26.874149Z DEBUG aiur/codegen_seeds{circuit=16 rows=905944}: aiur::trace_codegen::cuda: prepared generated CUDA trace circuit=16 rows=905944 width=533 seed_bytes=159446144 seed_spans=14
2026-09-16T23:12:27.255521Z DEBUG aiur/codegen_seeds{circuit=12 rows=11961305}: aiur::trace_codegen::cuda: prepared generated CUDA trace circuit=12 rows=11961305 width=17 seed_bytes=956904400 seed_spans=183
2026-09-16T23:12:29.593877Z DEBUG aiur::gpu_trace: CPU trace: circuit lacks generated CUDA coverage circuit=87 rows=12
2026-09-16T23:12:29.594791Z DEBUG aiur::gpu_trace: CPU trace: circuit lacks generated CUDA coverage circuit=69 rows=16
2026-09-16T23:12:29.594838Z DEBUG aiur::gpu_trace: CPU trace: circuit lacks generated CUDA coverage circuit=70 rows=16
2026-09-16T23:12:29.594941Z DEBUG aiur::gpu_trace: CPU trace: circuit lacks generated CUDA coverage circuit=47 rows=362339
2026-09-16T23:12:29.595345Z DEBUG aiur::gpu_trace: CPU trace: circuit lacks generated CUDA coverage circuit=71 rows=16
2026-09-16T23:12:30.104393Z DEBUG aiur/codegen_seeds{circuit=119 rows=9771112}: aiur::trace_codegen::cuda: prepared generated CUDA trace circuit=119 rows=9771112 width=20 seed_bytes=547182272 seed_spans=150
2026-09-16T23:12:30.169691Z DEBUG aiur/codegen_seeds{circuit=38 rows=4629033}: aiur::trace_codegen::cuda: prepared generated CUDA trace circuit=38 rows=4629033 width=27 seed_bytes=851742072 seed_spans=71
2026-09-16T23:12:30.380671Z DEBUG aiur/codegen_seeds{circuit=42 rows=6586741}: aiur::trace_codegen::cuda: prepared generated CUDA trace circuit=42 rows=6586741 width=49 seed_bytes=1791593552 seed_spans=107
2026-09-16T23:12:32.244291Z DEBUG aiur::gpu_trace: CPU trace: circuit lacks generated CUDA coverage circuit=138 rows=713933
2026-09-16T23:12:32.678864Z DEBUG aiur/codegen_seeds{circuit=107 rows=5046546}: aiur::trace_codegen::cuda: prepared generated CUDA trace circuit=107 rows=5046546 width=23 seed_bytes=282606576 seed_spans=78
2026-09-16T23:12:32.682330Z DEBUG aiur/codegen_seeds{circuit=177 rows=6293918}: aiur::trace_codegen::cuda: prepared generated CUDA trace circuit=177 rows=6293918 width=10 seed_bytes=302108064 seed_spans=97
2026-09-16T23:12:32.685841Z DEBUG aiur/codegen_seeds{circuit=101 rows=5539615}: aiur::trace_codegen::cuda: prepared generated CUDA trace circuit=101 rows=5539615 width=19 seed_bytes=354535360 seed_spans=85
2026-09-16T23:12:32.727697Z DEBUG aiur/codegen_seeds{circuit=36 rows=6609473}: aiur::trace_codegen::cuda: prepared generated CUDA trace circuit=36 rows=6609473 width=25 seed_bytes=634509408 seed_spans=101
2026-09-16T23:12:32.742831Z DEBUG aiur/codegen_seeds{circuit=170 rows=15815678}: aiur::trace_codegen::cuda: prepared generated CUDA trace circuit=170 rows=15815678 width=11 seed_bytes=632627120 seed_spans=242
2026-09-16T23:12:35.823288Z DEBUG aiur::gpu_trace: CPU trace: circuit lacks generated CUDA coverage circuit=145 rows=257178
2026-09-16T23:12:36.177200Z DEBUG aiur/codegen_seeds{circuit=102 rows=1233322}: aiur::trace_codegen::cuda: prepared generated CUDA trace circuit=102 rows=1233322 width=43 seed_bytes=49332880 seed_spans=19
2026-09-16T23:12:36.208247Z DEBUG aiur/codegen_seeds{circuit=106 rows=5236793}: aiur::trace_codegen::cuda: prepared generated CUDA trace circuit=106 rows=5236793 width=9 seed_bytes=167577376 seed_spans=80
2026-09-16T23:12:36.213236Z DEBUG aiur/codegen_seeds{circuit=112 rows=3351648}: aiur::trace_codegen::cuda: prepared generated CUDA trace circuit=112 rows=3351648 width=31 seed_bytes=241318656 seed_spans=52
2026-09-16T23:12:36.214609Z DEBUG aiur/codegen_seeds{circuit=178 rows=4406516}: aiur::trace_codegen::cuda: prepared generated CUDA trace circuit=178 rows=4406516 width=10 seed_bytes=211512768 seed_spans=68
2026-09-16T23:12:36.221032Z DEBUG aiur/codegen_seeds{circuit=162 rows=2173375}: aiur::trace_codegen::cuda: prepared generated CUDA trace circuit=162 rows=2173375 width=33 seed_bytes=260805000 seed_spans=34
2026-09-16T23:12:36.304206Z DEBUG aiur/codegen_seeds{circuit=33 rows=6140427}: aiur::trace_codegen::cuda: prepared generated CUDA trace circuit=33 rows=6140427 width=18 seed_bytes=687727824 seed_spans=94
2026-09-16T23:12:39.005580Z DEBUG aiur::gpu_trace: CPU trace: circuit lacks generated CUDA coverage circuit=40 rows=110945
2026-09-16T23:12:39.005745Z DEBUG aiur::gpu_trace: CPU trace: circuit lacks generated CUDA coverage circuit=20 rows=854779
2026-09-16T23:12:39.006355Z DEBUG aiur::gpu_trace: CPU trace: circuit lacks generated CUDA coverage circuit=120 rows=2332114
2026-09-16T23:12:39.006539Z DEBUG aiur::gpu_trace: CPU trace: circuit lacks generated CUDA coverage circuit=167 rows=1873085
2026-09-16T23:12:39.006874Z DEBUG aiur::gpu_trace: CPU trace: circuit lacks generated CUDA coverage circuit=168 rows=1399631
2026-09-16T23:12:39.007770Z DEBUG aiur::gpu_trace: CPU trace: circuit lacks generated CUDA coverage circuit=24 rows=908138
2026-09-16T23:12:39.460384Z DEBUG aiur/codegen_seeds{circuit=15 rows=425142}: aiur::trace_codegen::cuda: prepared generated CUDA trace circuit=15 rows=425142 width=177 seed_bytes=173457936 seed_spans=11
2026-09-16T23:12:39.485800Z DEBUG aiur/codegen_seeds{circuit=183 rows=7272697}: aiur::trace_codegen::cuda: prepared generated CUDA trace circuit=183 rows=7272697 width=10 seed_bytes=349089456 seed_spans=111
2026-09-16T23:12:39.487950Z DEBUG aiur/codegen_seeds{circuit=13 rows=400257}: aiur::trace_codegen::cuda: prepared generated CUDA trace circuit=13 rows=400257 width=195 seed_bytes=339417936 seed_spans=21
2026-09-16T23:12:42.351952Z DEBUG aiur::gpu_trace: CPU trace: circuit lacks generated CUDA coverage circuit=44 rows=384342
2026-09-16T23:12:42.352442Z DEBUG aiur::gpu_trace: CPU trace: circuit lacks generated CUDA coverage circuit=134 rows=239238
2026-09-16T23:12:42.352474Z DEBUG aiur::gpu_trace: CPU trace: circuit lacks generated CUDA coverage circuit=34 rows=1152953
2026-09-16T23:12:42.352618Z DEBUG aiur::gpu_trace: CPU trace: circuit lacks generated CUDA coverage circuit=135 rows=3998
2026-09-16T23:12:42.353705Z DEBUG aiur::gpu_trace: CPU trace: circuit lacks generated CUDA coverage circuit=50 rows=3316
2026-09-16T23:12:42.353932Z DEBUG aiur::gpu_trace: CPU trace: circuit lacks generated CUDA coverage circuit=179 rows=2959760
2026-09-16T23:12:42.354221Z DEBUG aiur::gpu_trace: CPU trace: circuit lacks generated CUDA coverage circuit=122 rows=1662709
2026-09-16T23:12:42.354295Z DEBUG aiur::gpu_trace: CPU trace: circuit lacks generated CUDA coverage circuit=37 rows=1081649
2026-09-16T23:12:42.354411Z DEBUG aiur::gpu_trace: CPU trace: circuit lacks generated CUDA coverage circuit=110 rows=1209604
2026-09-16T23:12:42.354945Z DEBUG aiur::gpu_trace: CPU trace: circuit lacks generated CUDA coverage circuit=113 rows=1097921
2026-09-16T23:12:42.354995Z DEBUG aiur::gpu_trace: CPU trace: circuit lacks generated CUDA coverage circuit=166 rows=1607107
2026-09-16T23:12:42.911309Z DEBUG aiur/codegen_seeds{circuit=88 rows=2419252}: aiur::trace_codegen::cuda: prepared generated CUDA trace circuit=88 rows=2419252 width=10 seed_bytes=116124096 seed_spans=37
2026-09-16T23:12:43.059496Z DEBUG aiur/codegen_seeds{circuit=180 rows=3622920}: aiur::trace_codegen::cuda: prepared generated CUDA trace circuit=180 rows=3622920 width=8 seed_bytes=173900160 seed_spans=56
2026-09-16T23:12:43.060163Z DEBUG aiur/codegen_seeds{circuit=111 rows=3555642}: aiur::trace_codegen::cuda: prepared generated CUDA trace circuit=111 rows=3555642 width=11 seed_bytes=142225680 seed_spans=55
2026-09-16T23:12:43.061207Z DEBUG aiur/codegen_seeds{circuit=118 rows=3297187}: aiur::trace_codegen::cuda: prepared generated CUDA trace circuit=118 rows=3297187 width=10 seed_bytes=158264976 seed_spans=51
2026-09-16T23:12:43.062012Z DEBUG aiur/codegen_seeds{circuit=54 rows=3372270}: aiur::trace_codegen::cuda: prepared generated CUDA trace circuit=54 rows=3372270 width=11 seed_bytes=188847120 seed_spans=52
2026-09-16T23:12:43.076719Z DEBUG aiur/codegen_seeds{circuit=45 rows=1507309}: aiur::trace_codegen::cuda: prepared generated CUDA trace circuit=45 rows=1507309 width=26 seed_bytes=265286384 seed_spans=23
2026-09-16T23:12:46.527280Z DEBUG aiur::gpu_trace: CPU trace: circuit lacks generated CUDA coverage circuit=0 rows=136036
2026-09-16T23:12:46.527330Z DEBUG aiur::gpu_trace: CPU trace: circuit lacks generated CUDA coverage circuit=25 rows=68380
2026-09-16T23:12:46.527339Z DEBUG aiur::gpu_trace: CPU trace: circuit lacks generated CUDA coverage circuit=2 rows=186190
2026-09-16T23:12:46.527329Z DEBUG aiur::gpu_trace: CPU trace: circuit lacks generated CUDA coverage circuit=127 rows=436663
2026-09-16T23:12:46.527332Z DEBUG aiur::gpu_trace: CPU trace: circuit lacks generated CUDA coverage circuit=14 rows=1101513
2026-09-16T23:12:46.527334Z DEBUG aiur::gpu_trace: CPU trace: circuit lacks generated CUDA coverage circuit=114 rows=431091
2026-09-16T23:12:46.527363Z DEBUG aiur::gpu_trace: CPU trace: circuit lacks generated CUDA coverage circuit=130 rows=235475
2026-09-16T23:12:46.527784Z DEBUG aiur::gpu_trace: CPU trace: circuit lacks generated CUDA coverage circuit=147 rows=226531
2026-09-16T23:12:46.527788Z DEBUG aiur::gpu_trace: CPU trace: circuit lacks generated CUDA coverage circuit=52 rows=153516
2026-09-16T23:12:46.528232Z DEBUG aiur::gpu_trace: CPU trace: circuit lacks generated CUDA coverage circuit=65 rows=94436
2026-09-16T23:12:46.528288Z DEBUG aiur::gpu_trace: CPU trace: circuit lacks generated CUDA coverage circuit=128 rows=230802
2026-09-16T23:12:46.528294Z DEBUG aiur::gpu_trace: CPU trace: circuit lacks generated CUDA coverage circuit=131 rows=391965
2026-09-16T23:12:46.528303Z DEBUG aiur::gpu_trace: CPU trace: circuit lacks generated CUDA coverage circuit=137 rows=227483
2026-09-16T23:12:46.528320Z DEBUG aiur::gpu_trace: CPU trace: circuit lacks generated CUDA coverage circuit=104 rows=179314
2026-09-16T23:12:46.528364Z DEBUG aiur::gpu_trace: CPU trace: circuit lacks generated CUDA coverage circuit=10 rows=36458
2026-09-16T23:12:46.528575Z DEBUG aiur::gpu_trace: CPU trace: circuit lacks generated CUDA coverage circuit=105 rows=444844
2026-09-16T23:12:46.528725Z DEBUG aiur::gpu_trace: CPU trace: circuit lacks generated CUDA coverage circuit=169 rows=1313302
2026-09-16T23:12:46.528745Z DEBUG aiur::gpu_trace: CPU trace: circuit lacks generated CUDA coverage circuit=156 rows=227970
2026-09-16T23:12:46.528764Z DEBUG aiur::gpu_trace: CPU trace: circuit lacks generated CUDA coverage circuit=182 rows=460244
2026-09-16T23:12:46.528823Z DEBUG aiur::gpu_trace: CPU trace: circuit lacks generated CUDA coverage circuit=23 rows=83894
2026-09-16T23:12:46.528990Z DEBUG aiur::gpu_trace: CPU trace: circuit lacks generated CUDA coverage circuit=41 rows=415072
2026-09-16T23:12:46.529118Z DEBUG aiur::gpu_trace: CPU trace: circuit lacks generated CUDA coverage circuit=81 rows=111119
2026-09-16T23:12:46.529289Z DEBUG aiur::gpu_trace: CPU trace: circuit lacks generated CUDA coverage circuit=121 rows=438926
2026-09-16T23:12:46.527334Z DEBUG aiur::gpu_trace: CPU trace: circuit lacks generated CUDA coverage circuit=108 rows=530178
2026-09-16T23:12:46.531459Z DEBUG aiur::gpu_trace: CPU trace: circuit lacks generated CUDA coverage circuit=161 rows=189170
2026-09-16T23:12:46.579622Z DEBUG aiur::gpu_trace: CPU trace: circuit lacks generated CUDA coverage circuit=132 rows=1097053
2026-09-16T23:12:46.672740Z DEBUG aiur::gpu_trace: CPU trace: circuit lacks generated CUDA coverage circuit=11 rows=169166
2026-09-16T23:12:46.684252Z DEBUG aiur/codegen_seeds{circuit=140 rows=474228}: aiur::trace_codegen::cuda: prepared generated CUDA trace circuit=140 rows=474228 width=25 seed_bytes=17111760 seed_spans=8
2026-09-16T23:12:46.684290Z DEBUG aiur::gpu_trace: CPU trace: circuit lacks generated CUDA coverage circuit=141 rows=266407
2026-09-16T23:12:46.689327Z DEBUG aiur::gpu_trace: CPU trace: circuit lacks generated CUDA coverage circuit=66 rows=753
2026-09-16T23:12:46.705279Z DEBUG aiur::gpu_trace: CPU trace: circuit lacks generated CUDA coverage circuit=115 rows=1339296
2026-09-16T23:12:46.737721Z DEBUG aiur::gpu_trace: CPU trace: circuit lacks generated CUDA coverage circuit=46 rows=165428
2026-09-16T23:12:46.775852Z DEBUG aiur::gpu_trace: CPU trace: circuit lacks generated CUDA coverage circuit=184 rows=258488
2026-09-16T23:12:46.778108Z DEBUG aiur::gpu_trace: CPU trace: circuit lacks generated CUDA coverage circuit=43 rows=65569
2026-09-16T23:12:46.787624Z DEBUG aiur::gpu_trace: CPU trace: circuit lacks generated CUDA coverage circuit=157 rows=237378
2026-09-16T23:12:46.797867Z DEBUG aiur::gpu_trace: CPU trace: circuit lacks generated CUDA coverage circuit=109 rows=1713363
2026-09-16T23:12:46.843255Z DEBUG aiur::gpu_trace: CPU trace: circuit lacks generated CUDA coverage circuit=148 rows=257365
2026-09-16T23:12:46.881219Z DEBUG aiur::gpu_trace: CPU trace: circuit lacks generated CUDA coverage circuit=123 rows=226134
2026-09-16T23:12:46.957580Z DEBUG aiur::gpu_trace: CPU trace: circuit lacks generated CUDA coverage circuit=139 rows=217573
2026-09-16T23:12:46.992454Z DEBUG aiur::gpu_trace: CPU trace: circuit lacks generated CUDA coverage circuit=125 rows=532278
2026-09-16T23:12:46.995910Z DEBUG aiur::gpu_trace: CPU trace: circuit lacks generated CUDA coverage circuit=144 rows=230199
2026-09-16T23:12:47.000409Z DEBUG aiur::gpu_trace: CPU trace: circuit lacks generated CUDA coverage circuit=89 rows=99720
2026-09-16T23:12:47.012465Z DEBUG aiur::gpu_trace: CPU trace: circuit lacks generated CUDA coverage circuit=164 rows=780872
2026-09-16T23:12:47.048708Z DEBUG aiur::gpu_trace: CPU trace: circuit lacks generated CUDA coverage circuit=142 rows=317897
2026-09-16T23:12:47.050474Z DEBUG aiur/codegen_seeds{circuit=124 rows=61448}: aiur::trace_codegen::cuda: prepared generated CUDA trace circuit=124 rows=61448 width=98 seed_bytes=14213176 seed_spans=2
2026-09-16T23:12:47.066906Z DEBUG aiur::gpu_trace: CPU trace: circuit lacks generated CUDA coverage circuit=151 rows=800138
2026-09-16T23:12:47.094579Z DEBUG aiur::gpu_trace: CPU trace: circuit lacks generated CUDA coverage circuit=116 rows=822587
2026-09-16T23:12:47.206108Z DEBUG aiur::gpu_trace: CPU trace: circuit lacks generated CUDA coverage circuit=95 rows=24713
2026-09-16T23:12:47.245378Z DEBUG aiur::gpu_trace: CPU trace: circuit lacks generated CUDA coverage circuit=152 rows=665982
2026-09-16T23:12:50.601491Z DEBUG aiur::gpu_trace: CPU trace: circuit lacks generated CUDA coverage circuit=1 rows=26755
2026-09-16T23:12:50.601528Z DEBUG aiur::gpu_trace: CPU trace: circuit lacks generated CUDA coverage circuit=9 rows=47216
2026-09-16T23:12:50.601532Z DEBUG aiur::gpu_trace: CPU trace: circuit lacks generated CUDA coverage circuit=31 rows=2660
2026-09-16T23:12:50.601532Z DEBUG aiur::gpu_trace: CPU trace: circuit lacks generated CUDA coverage circuit=51 rows=24976
2026-09-16T23:12:50.601531Z DEBUG aiur::gpu_trace: CPU trace: circuit lacks generated CUDA coverage circuit=153 rows=1371
2026-09-16T23:12:50.601533Z DEBUG aiur::gpu_trace: CPU trace: circuit lacks generated CUDA coverage circuit=76 rows=50726
2026-09-16T23:12:50.601535Z DEBUG aiur::gpu_trace: CPU trace: circuit lacks generated CUDA coverage circuit=159 rows=15915
2026-09-16T23:12:50.601530Z DEBUG aiur::gpu_trace: CPU trace: circuit lacks generated CUDA coverage circuit=4 rows=6787
2026-09-16T23:12:50.601546Z DEBUG aiur::gpu_trace: CPU trace: circuit lacks generated CUDA coverage circuit=103 rows=253275
2026-09-16T23:12:50.601890Z DEBUG aiur/codegen_seeds{circuit=63 rows=204}: aiur::trace_codegen::cuda: prepared generated CUDA trace circuit=63 rows=204 width=68 seed_bytes=42432 seed_spans=1
2026-09-16T23:12:50.601938Z DEBUG aiur::gpu_trace: CPU trace: circuit lacks generated CUDA coverage circuit=39 rows=156324
2026-09-16T23:12:50.601959Z DEBUG aiur::gpu_trace: CPU trace: circuit lacks generated CUDA coverage circuit=8 rows=32832
2026-09-16T23:12:50.602259Z DEBUG aiur::gpu_trace: CPU trace: circuit lacks generated CUDA coverage circuit=5 rows=377
2026-09-16T23:12:50.602566Z DEBUG aiur::gpu_trace: CPU trace: circuit lacks generated CUDA coverage circuit=92 rows=101982
2026-09-16T23:12:50.602665Z DEBUG aiur::gpu_trace: CPU trace: circuit lacks generated CUDA coverage circuit=181 rows=382628
2026-09-16T23:12:50.602675Z DEBUG aiur::gpu_trace: CPU trace: circuit lacks generated CUDA coverage circuit=27 rows=1842
2026-09-16T23:12:50.602756Z DEBUG aiur::gpu_trace: CPU trace: circuit lacks generated CUDA coverage circuit=96 rows=64465
2026-09-16T23:12:50.602979Z DEBUG aiur::gpu_trace: CPU trace: circuit lacks generated CUDA coverage circuit=72 rows=11118
2026-09-16T23:12:50.602987Z DEBUG aiur::gpu_trace: CPU trace: circuit lacks generated CUDA coverage circuit=82 rows=103437
2026-09-16T23:12:50.603122Z DEBUG aiur::gpu_trace: CPU trace: circuit lacks generated CUDA coverage circuit=163 rows=137801
2026-09-16T23:12:50.603234Z DEBUG aiur::gpu_trace: CPU trace: circuit lacks generated CUDA coverage circuit=67 rows=3174
2026-09-16T23:12:50.603555Z DEBUG aiur::gpu_trace: CPU trace: circuit lacks generated CUDA coverage circuit=18 rows=22386
2026-09-16T23:12:50.603595Z DEBUG aiur::gpu_trace: CPU trace: circuit lacks generated CUDA coverage circuit=17 rows=21861
2026-09-16T23:12:50.603636Z DEBUG aiur::gpu_trace: CPU trace: circuit lacks generated CUDA coverage circuit=48 rows=26035
2026-09-16T23:12:50.603788Z DEBUG aiur::gpu_trace: CPU trace: circuit lacks generated CUDA coverage circuit=133 rows=213403
2026-09-16T23:12:50.603808Z DEBUG aiur::gpu_trace: CPU trace: circuit lacks generated CUDA coverage circuit=80 rows=49596
2026-09-16T23:12:50.603848Z DEBUG aiur::gpu_trace: CPU trace: circuit lacks generated CUDA coverage circuit=85 rows=1503
2026-09-16T23:12:50.603914Z DEBUG aiur::gpu_trace: CPU trace: circuit lacks generated CUDA coverage circuit=98 rows=194729
2026-09-16T23:12:50.604035Z DEBUG aiur::gpu_trace: CPU trace: circuit lacks generated CUDA coverage circuit=143 rows=230042
2026-09-16T23:12:50.605512Z DEBUG aiur::gpu_trace: CPU trace: circuit lacks generated CUDA coverage circuit=93 rows=28376
2026-09-16T23:12:50.606261Z DEBUG aiur::gpu_trace: CPU trace: circuit lacks generated CUDA coverage circuit=160 rows=16540
2026-09-16T23:12:50.607077Z DEBUG aiur::gpu_trace: CPU trace: circuit lacks generated CUDA coverage circuit=154 rows=30934
2026-09-16T23:12:50.607387Z DEBUG aiur::gpu_trace: CPU trace: circuit lacks generated CUDA coverage circuit=74 rows=188
2026-09-16T23:12:50.607485Z DEBUG aiur::gpu_trace: CPU trace: circuit lacks generated CUDA coverage circuit=83 rows=43731
2026-09-16T23:12:50.608223Z DEBUG aiur::gpu_trace: CPU trace: circuit lacks generated CUDA coverage circuit=86 rows=6555
2026-09-16T23:12:50.608364Z DEBUG aiur::gpu_trace: CPU trace: circuit lacks generated CUDA coverage circuit=100 rows=130928
2026-09-16T23:12:50.613069Z DEBUG aiur::gpu_trace: CPU trace: circuit lacks generated CUDA coverage circuit=28 rows=4945
2026-09-16T23:12:50.616384Z DEBUG aiur::gpu_trace: CPU trace: circuit lacks generated CUDA coverage circuit=73 rows=19604
2026-09-16T23:12:50.621988Z DEBUG aiur::gpu_trace: CPU trace: circuit lacks generated CUDA coverage circuit=146 rows=91414
2026-09-16T23:12:50.624389Z DEBUG aiur::gpu_trace: CPU trace: circuit lacks generated CUDA coverage circuit=35 rows=75579
2026-09-16T23:12:50.626105Z DEBUG aiur::gpu_trace: CPU trace: circuit lacks generated CUDA coverage circuit=49 rows=126383
2026-09-16T23:12:50.627187Z DEBUG aiur::gpu_trace: CPU trace: circuit lacks generated CUDA coverage circuit=155 rows=28359
2026-09-16T23:12:50.631002Z DEBUG aiur::gpu_trace: CPU trace: circuit lacks generated CUDA coverage circuit=30 rows=20321
2026-09-16T23:12:50.632863Z DEBUG aiur::gpu_trace: CPU trace: circuit lacks generated CUDA coverage circuit=78 rows=11710
2026-09-16T23:12:50.633292Z DEBUG aiur/codegen_seeds{circuit=6 rows=28377}: aiur::trace_codegen::cuda: prepared generated CUDA trace circuit=6 rows=28377 width=63 seed_bytes=5236104 seed_spans=4
2026-09-16T23:12:50.633327Z DEBUG aiur::gpu_trace: CPU trace: circuit lacks generated CUDA coverage circuit=19 rows=59494
2026-09-16T23:12:50.636659Z DEBUG aiur::gpu_trace: CPU trace: circuit lacks generated CUDA coverage circuit=99 rows=144762
2026-09-16T23:12:50.666712Z DEBUG aiur/codegen_seeds{circuit=32 rows=235824}: aiur::trace_codegen::cuda: prepared generated CUDA trace circuit=32 rows=235824 width=21 seed_bytes=9645064 seed_spans=7
2026-09-16T23:12:50.667431Z DEBUG aiur::gpu_trace: CPU trace: circuit lacks generated CUDA coverage circuit=97 rows=195012
2026-09-16T23:12:50.669791Z DEBUG aiur::gpu_trace: CPU trace: circuit lacks generated CUDA coverage circuit=58 rows=8618
2026-09-16T23:12:50.682951Z DEBUG aiur::gpu_trace: CPU trace: circuit lacks generated CUDA coverage circuit=59 rows=98991
2026-09-16T23:12:50.684757Z DEBUG aiur::gpu_trace: CPU trace: circuit lacks generated CUDA coverage circuit=149 rows=227570
2026-09-16T23:12:50.685521Z DEBUG aiur::gpu_trace: CPU trace: circuit lacks generated CUDA coverage circuit=53 rows=22398
2026-09-16T23:12:50.689929Z DEBUG aiur::gpu_trace: CPU trace: circuit lacks generated CUDA coverage circuit=60 rows=2232
2026-09-16T23:12:50.691151Z DEBUG aiur::gpu_trace: CPU trace: circuit lacks generated CUDA coverage circuit=61 rows=9034
2026-09-16T23:12:50.696375Z DEBUG aiur::gpu_trace: CPU trace: circuit lacks generated CUDA coverage circuit=62 rows=358
2026-09-16T23:12:50.699763Z DEBUG aiur::gpu_trace: CPU trace: circuit lacks generated CUDA coverage circuit=55 rows=6878
2026-09-16T23:12:50.710425Z DEBUG aiur/codegen_seeds{circuit=56 rows=305}: aiur::trace_codegen::cuda: prepared generated CUDA trace circuit=56 rows=305 width=49 seed_bytes=24400 seed_spans=1
[lanes] worker 0: claim 0 proven at +204s (2 left)
[trace-shards] 9 shards, 1500000000 committed cells: record 19464827503 B in shared pool, host workspace 16678134938 B of 26088568116 B reserved per prover; regenerating round 2
[lanes] executor 0: claim 3 executed in 107.3s, record 19464827503 B (18.1 GiB) at +221s
[lanes] join 2 dispatched at +221s
[lanes] worker 0: claim 3 proving started at +221s
[lanes] executor 0: join 2 execution started at +221s
[aggregate] structural-joining slots 0, 1 into 2
2026-09-16T23:13:12.578706Z DEBUG aiur::gpu_trace: CPU trace: circuit lacks generated CUDA coverage circuit=90 rows=71405
2026-09-16T23:13:12.579445Z DEBUG aiur::gpu_trace: CPU trace: circuit lacks generated CUDA coverage circuit=79 rows=2
2026-09-16T23:13:12.579902Z DEBUG aiur::gpu_trace: CPU trace: circuit lacks generated CUDA coverage circuit=22 rows=40
2026-09-16T23:13:12.580945Z DEBUG aiur::gpu_trace: CPU trace: circuit lacks generated CUDA coverage circuit=176 rows=1
2026-09-16T23:13:12.636987Z DEBUG aiur/codegen_seeds{circuit=16 rows=1048576}: aiur::trace_codegen::cuda: prepared generated CUDA trace circuit=16 rows=1048576 width=533 seed_bytes=184549376 seed_spans=16
2026-09-16T23:13:12.835405Z DEBUG aiur/codegen_seeds{circuit=117 rows=10717034}: aiur::trace_codegen::cuda: prepared generated CUDA trace circuit=117 rows=10717034 width=15 seed_bytes=514417632 seed_spans=164
2026-09-16T23:13:12.836315Z DEBUG aiur::gpu_trace: CPU trace: circuit lacks generated CUDA coverage circuit=153 rows=987
2026-09-16T23:13:12.836719Z DEBUG aiur::gpu_trace: CPU trace: circuit lacks generated CUDA coverage circuit=26 rows=5
2026-09-16T23:13:12.837512Z DEBUG aiur::gpu_trace: CPU trace: circuit lacks generated CUDA coverage circuit=53 rows=13607
2026-09-16T23:13:12.837578Z DEBUG aiur::gpu_trace: CPU trace: circuit lacks generated CUDA coverage circuit=129 rows=305895
2026-09-16T23:13:12.838111Z DEBUG aiur::gpu_trace: CPU trace: circuit lacks generated CUDA coverage circuit=50 rows=956
2026-09-16T23:13:12.838345Z DEBUG aiur::gpu_trace: CPU trace: circuit lacks generated CUDA coverage circuit=91 rows=4288836
2026-09-16T23:13:12.903264Z DEBUG aiur/codegen_seeds{circuit=16 rows=1048576}: aiur::trace_codegen::cuda: prepared generated CUDA trace circuit=16 rows=1048576 width=533 seed_bytes=184549376 seed_spans=16
2026-09-16T23:13:13.586837Z DEBUG aiur::gpu_trace: CPU trace: circuit lacks generated CUDA coverage circuit=60 rows=51
2026-09-16T23:13:13.588134Z DEBUG aiur::gpu_trace: CPU trace: circuit lacks generated CUDA coverage circuit=75 rows=5
2026-09-16T23:13:13.589179Z DEBUG aiur::gpu_trace: CPU trace: circuit lacks generated CUDA coverage circuit=34 rows=806750
2026-09-16T23:13:13.631016Z DEBUG aiur/codegen_seeds{circuit=16 rows=774008}: aiur::trace_codegen::cuda: prepared generated CUDA trace circuit=16 rows=774008 width=533 seed_bytes=136225408 seed_spans=12
2026-09-16T23:13:14.175488Z DEBUG aiur/codegen_seeds{circuit=12 rows=16777216}: aiur::trace_codegen::cuda: prepared generated CUDA trace circuit=12 rows=16777216 width=17 seed_bytes=1342177280 seed_spans=256
2026-09-16T23:13:14.612249Z DEBUG aiur::gpu_trace: CPU trace: circuit lacks generated CUDA coverage circuit=52 rows=136816
2026-09-16T23:13:14.612801Z DEBUG aiur::gpu_trace: CPU trace: circuit lacks generated CUDA coverage circuit=84 rows=42
2026-09-16T23:13:14.613397Z DEBUG aiur::gpu_trace: CPU trace: circuit lacks generated CUDA coverage circuit=27 rows=2112
2026-09-16T23:13:14.614266Z DEBUG aiur::gpu_trace: CPU trace: circuit lacks generated CUDA coverage circuit=110 rows=3009599
2026-09-16T23:13:14.614867Z DEBUG aiur/codegen_seeds{circuit=56 rows=42}: aiur::trace_codegen::cuda: prepared generated CUDA trace circuit=56 rows=42 width=49 seed_bytes=3360 seed_spans=1
2026-09-16T23:13:15.129198Z DEBUG aiur/codegen_seeds{circuit=170 rows=10342533}: aiur::trace_codegen::cuda: prepared generated CUDA trace circuit=170 rows=10342533 width=11 seed_bytes=413701320 seed_spans=158
2026-09-16T23:13:15.136892Z DEBUG aiur/codegen_seeds{circuit=112 rows=6880798}: aiur::trace_codegen::cuda: prepared generated CUDA trace circuit=112 rows=6880798 width=31 seed_bytes=495417456 seed_spans=105
2026-09-16T23:13:15.346860Z DEBUG aiur/codegen_seeds{circuit=42 rows=5709906}: aiur::trace_codegen::cuda: prepared generated CUDA trace circuit=42 rows=5709906 width=49 seed_bytes=1553094432 seed_spans=93
2026-09-16T23:13:15.499997Z DEBUG aiur::gpu_trace: CPU trace: circuit lacks generated CUDA coverage circuit=3 rows=8
2026-09-16T23:13:15.500080Z DEBUG aiur/codegen_seeds{circuit=63 rows=27}: aiur::trace_codegen::cuda: prepared generated CUDA trace circuit=63 rows=27 width=68 seed_bytes=5616 seed_spans=1
2026-09-16T23:13:15.500744Z DEBUG aiur::gpu_trace: CPU trace: circuit lacks generated CUDA coverage circuit=77 rows=3
2026-09-16T23:13:15.501307Z DEBUG aiur::gpu_trace: CPU trace: circuit lacks generated CUDA coverage circuit=121 rows=285799
2026-09-16T23:13:15.502777Z DEBUG aiur::gpu_trace: CPU trace: circuit lacks generated CUDA coverage circuit=62 rows=45
2026-09-16T23:13:15.502795Z DEBUG aiur::gpu_trace: CPU trace: circuit lacks generated CUDA coverage circuit=87 rows=24
2026-09-16T23:13:15.560707Z DEBUG aiur/codegen_seeds{circuit=102 rows=2155801}: aiur::trace_codegen::cuda: prepared generated CUDA trace circuit=102 rows=2155801 width=43 seed_bytes=86232040 seed_spans=33
2026-09-16T23:13:15.912546Z DEBUG aiur/codegen_seeds{circuit=101 rows=6149238}: aiur::trace_codegen::cuda: prepared generated CUDA trace circuit=101 rows=6149238 width=19 seed_bytes=393551232 seed_spans=94
2026-09-16T23:13:15.916727Z DEBUG aiur/codegen_seeds{circuit=107 rows=7702343}: aiur::trace_codegen::cuda: prepared generated CUDA trace circuit=107 rows=7702343 width=23 seed_bytes=431331208 seed_spans=118
2026-09-16T23:13:15.934870Z DEBUG aiur/codegen_seeds{circuit=36 rows=5723878}: aiur::trace_codegen::cuda: prepared generated CUDA trace circuit=36 rows=5723878 width=25 seed_bytes=549492288 seed_spans=88
2026-09-16T23:13:15.940860Z DEBUG aiur/codegen_seeds{circuit=33 rows=6366783}: aiur::trace_codegen::cuda: prepared generated CUDA trace circuit=33 rows=6366783 width=18 seed_bytes=713079696 seed_spans=98
2026-09-16T23:13:16.675584Z DEBUG aiur::gpu_trace: CPU trace: circuit lacks generated CUDA coverage circuit=57 rows=42
2026-09-16T23:13:16.675603Z DEBUG aiur::gpu_trace: CPU trace: circuit lacks generated CUDA coverage circuit=69 rows=15
2026-09-16T23:13:16.676169Z DEBUG aiur::gpu_trace: CPU trace: circuit lacks generated CUDA coverage circuit=64 rows=12
2026-09-16T23:13:16.676353Z DEBUG aiur::gpu_trace: CPU trace: circuit lacks generated CUDA coverage circuit=70 rows=16
2026-09-16T23:13:16.676408Z DEBUG aiur::gpu_trace: CPU trace: circuit lacks generated CUDA coverage circuit=71 rows=16
2026-09-16T23:13:16.676419Z DEBUG aiur::gpu_trace: CPU trace: circuit lacks generated CUDA coverage circuit=116 rows=846200
2026-09-16T23:13:16.676829Z DEBUG aiur::gpu_trace: CPU trace: circuit lacks generated CUDA coverage circuit=93 rows=13648
2026-09-16T23:13:16.677682Z DEBUG aiur::gpu_trace: CPU trace: circuit lacks generated CUDA coverage circuit=74 rows=775
2026-09-16T23:13:16.677726Z DEBUG aiur::gpu_trace: CPU trace: circuit lacks generated CUDA coverage circuit=21 rows=5
2026-09-16T23:13:16.677760Z DEBUG aiur::gpu_trace: CPU trace: circuit lacks generated CUDA coverage circuit=68 rows=16
2026-09-16T23:13:17.244555Z DEBUG aiur/codegen_seeds{circuit=177 rows=4936168}: aiur::trace_codegen::cuda: prepared generated CUDA trace circuit=177 rows=4936168 width=10 seed_bytes=236936064 seed_spans=76
2026-09-16T23:13:17.252423Z DEBUG aiur/codegen_seeds{circuit=13 rows=306826}: aiur::trace_codegen::cuda: prepared generated CUDA trace circuit=13 rows=306826 width=195 seed_bytes=260188448 seed_spans=16
2026-09-16T23:13:17.257177Z DEBUG aiur/codegen_seeds{circuit=106 rows=7892517}: aiur::trace_codegen::cuda: prepared generated CUDA trace circuit=106 rows=7892517 width=9 seed_bytes=252560544 seed_spans=121
2026-09-16T23:13:17.273974Z DEBUG aiur/codegen_seeds{circuit=111 rows=7179957}: aiur::trace_codegen::cuda: prepared generated CUDA trace circuit=111 rows=7179957 width=11 seed_bytes=287198280 seed_spans=110
2026-09-16T23:13:17.281455Z DEBUG aiur/codegen_seeds{circuit=119 rows=8276495}: aiur::trace_codegen::cuda: prepared generated CUDA trace circuit=119 rows=8276495 width=20 seed_bytes=463483720 seed_spans=127
2026-09-16T23:13:17.342668Z DEBUG aiur/codegen_seeds{circuit=38 rows=3812578}: aiur::trace_codegen::cuda: prepared generated CUDA trace circuit=38 rows=3812578 width=27 seed_bytes=701514352 seed_spans=59
2026-09-16T23:13:17.618785Z DEBUG aiur::gpu_trace: CPU trace: circuit lacks generated CUDA coverage circuit=167 rows=1827728
2026-09-16T23:13:17.619156Z DEBUG aiur::gpu_trace: CPU trace: circuit lacks generated CUDA coverage circuit=61 rows=5486
2026-09-16T23:13:17.619414Z DEBUG aiur::gpu_trace: CPU trace: circuit lacks generated CUDA coverage circuit=85 rows=478
2026-09-16T23:13:17.619629Z DEBUG aiur::gpu_trace: CPU trace: circuit lacks generated CUDA coverage circuit=5 rows=679
2026-09-16T23:13:17.619777Z DEBUG aiur::gpu_trace: CPU trace: circuit lacks generated CUDA coverage circuit=109 rows=3450567
2026-09-16T23:13:17.620471Z DEBUG aiur::gpu_trace: CPU trace: circuit lacks generated CUDA coverage circuit=168 rows=1508723
2026-09-16T23:13:17.621797Z DEBUG aiur::gpu_trace: CPU trace: circuit lacks generated CUDA coverage circuit=37 rows=759836
2026-09-16T23:13:18.165330Z DEBUG aiur/codegen_seeds{circuit=118 rows=2674877}: aiur::trace_codegen::cuda: prepared generated CUDA trace circuit=118 rows=2674877 width=10 seed_bytes=128394096 seed_spans=41
2026-09-16T23:13:18.172585Z DEBUG aiur/codegen_seeds{circuit=162 rows=1722394}: aiur::trace_codegen::cuda: prepared generated CUDA trace circuit=162 rows=1722394 width=33 seed_bytes=206687280 seed_spans=27
2026-09-16T23:13:18.174651Z DEBUG aiur/codegen_seeds{circuit=15 rows=305220}: aiur::trace_codegen::cuda: prepared generated CUDA trace circuit=15 rows=305220 width=177 seed_bytes=124529760 seed_spans=8
2026-09-16T23:13:18.183770Z DEBUG aiur/codegen_seeds{circuit=54 rows=2684902}: aiur::trace_codegen::cuda: prepared generated CUDA trace circuit=54 rows=2684902 width=11 seed_bytes=150354512 seed_spans=41
2026-09-16T23:13:18.185995Z DEBUG aiur/codegen_seeds{circuit=12 rows=3707799}: aiur::trace_codegen::cuda: prepared generated CUDA trace circuit=12 rows=3707799 width=17 seed_bytes=296623920 seed_spans=57
2026-09-16T23:13:18.193756Z DEBUG aiur/codegen_seeds{circuit=183 rows=5848581}: aiur::trace_codegen::cuda: prepared generated CUDA trace circuit=183 rows=5848581 width=10 seed_bytes=280731888 seed_spans=90
2026-09-16T23:13:18.842612Z DEBUG aiur::gpu_trace: CPU trace: circuit lacks generated CUDA coverage circuit=166 rows=1520898
2026-09-16T23:13:18.842617Z DEBUG aiur::gpu_trace: CPU trace: circuit lacks generated CUDA coverage circuit=156 rows=573574
2026-09-16T23:13:18.842612Z DEBUG aiur::gpu_trace: CPU trace: circuit lacks generated CUDA coverage circuit=179 rows=2249785
2026-09-16T23:13:18.843032Z DEBUG aiur::gpu_trace: CPU trace: circuit lacks generated CUDA coverage circuit=115 rows=1314496
2026-09-16T23:13:18.843074Z DEBUG aiur::gpu_trace: CPU trace: circuit lacks generated CUDA coverage circuit=44 rows=228794
2026-09-16T23:13:18.843282Z DEBUG aiur::gpu_trace: CPU trace: circuit lacks generated CUDA coverage circuit=128 rows=230572
2026-09-16T23:13:18.843591Z DEBUG aiur::gpu_trace: CPU trace: circuit lacks generated CUDA coverage circuit=120 rows=1657250
2026-09-16T23:13:18.843646Z DEBUG aiur::gpu_trace: CPU trace: circuit lacks generated CUDA coverage circuit=113 rows=1955430
2026-09-16T23:13:18.843794Z DEBUG aiur::gpu_trace: CPU trace: circuit lacks generated CUDA coverage circuit=169 rows=1249211
2026-09-16T23:13:18.843996Z DEBUG aiur::gpu_trace: CPU trace: circuit lacks generated CUDA coverage circuit=20 rows=473770
2026-09-16T23:13:18.844606Z DEBUG aiur::gpu_trace: CPU trace: circuit lacks generated CUDA coverage circuit=24 rows=515620
2026-09-16T23:13:18.845142Z DEBUG aiur::gpu_trace: CPU trace: circuit lacks generated CUDA coverage circuit=122 rows=1060856
2026-09-16T23:13:18.845153Z DEBUG aiur::gpu_trace: CPU trace: circuit lacks generated CUDA coverage circuit=126 rows=279647
2026-09-16T23:13:18.845539Z DEBUG aiur::gpu_trace: CPU trace: circuit lacks generated CUDA coverage circuit=150 rows=1076571
2026-09-16T23:13:18.846165Z DEBUG aiur::gpu_trace: CPU trace: circuit lacks generated CUDA coverage circuit=152 rows=558410
2026-09-16T23:13:19.211998Z DEBUG aiur/codegen_seeds{circuit=88 rows=2066135}: aiur::trace_codegen::cuda: prepared generated CUDA trace circuit=88 rows=2066135 width=10 seed_bytes=99174480 seed_spans=32
2026-09-16T23:13:19.600811Z DEBUG aiur/codegen_seeds{circuit=178 rows=3069412}: aiur::trace_codegen::cuda: prepared generated CUDA trace circuit=178 rows=3069412 width=10 seed_bytes=147331776 seed_spans=47
2026-09-16T23:13:19.602142Z DEBUG aiur/codegen_seeds{circuit=180 rows=2669537}: aiur::trace_codegen::cuda: prepared generated CUDA trace circuit=180 rows=2669537 width=8 seed_bytes=128137776 seed_spans=41
2026-09-16T23:13:19.611361Z DEBUG aiur/codegen_seeds{circuit=45 rows=1379852}: aiur::trace_codegen::cuda: prepared generated CUDA trace circuit=45 rows=1379852 width=26 seed_bytes=242853952 seed_spans=22
2026-09-16T23:13:20.187104Z DEBUG aiur::gpu_trace: CPU trace: circuit lacks generated CUDA coverage circuit=0 rows=114125
2026-09-16T23:13:20.187114Z DEBUG aiur::gpu_trace: CPU trace: circuit lacks generated CUDA coverage circuit=1 rows=19037
2026-09-16T23:13:20.187144Z DEBUG aiur::gpu_trace: CPU trace: circuit lacks generated CUDA coverage circuit=39 rows=189266
2026-09-16T23:13:20.187157Z DEBUG aiur::gpu_trace: CPU trace: circuit lacks generated CUDA coverage circuit=40 rows=113054
2026-09-16T23:13:20.187159Z DEBUG aiur::gpu_trace: CPU trace: circuit lacks generated CUDA coverage circuit=31 rows=3207
2026-09-16T23:13:20.187160Z DEBUG aiur::gpu_trace: CPU trace: circuit lacks generated CUDA coverage circuit=51 rows=16537
2026-09-16T23:13:20.187164Z DEBUG aiur::gpu_trace: CPU trace: circuit lacks generated CUDA coverage circuit=133 rows=193798
2026-09-16T23:13:20.187159Z DEBUG aiur::gpu_trace: CPU trace: circuit lacks generated CUDA coverage circuit=108 rows=981571
2026-09-16T23:13:20.187160Z DEBUG aiur::gpu_trace: CPU trace: circuit lacks generated CUDA coverage circuit=130 rows=182278
2026-09-16T23:13:20.187160Z DEBUG aiur::gpu_trace: CPU trace: circuit lacks generated CUDA coverage circuit=28 rows=2524
2026-09-16T23:13:20.187184Z DEBUG aiur::gpu_trace: CPU trace: circuit lacks generated CUDA coverage circuit=159 rows=24094
2026-09-16T23:13:20.187162Z DEBUG aiur::gpu_trace: CPU trace: circuit lacks generated CUDA coverage circuit=25 rows=41274
2026-09-16T23:13:20.187190Z DEBUG aiur::gpu_trace: CPU trace: circuit lacks generated CUDA coverage circuit=30 rows=12783
2026-09-16T23:13:20.187159Z DEBUG aiur::gpu_trace: CPU trace: circuit lacks generated CUDA coverage circuit=127 rows=324508
2026-09-16T23:13:20.187160Z DEBUG aiur::gpu_trace: CPU trace: circuit lacks generated CUDA coverage circuit=114 rows=580548
2026-09-16T23:13:20.187164Z DEBUG aiur::gpu_trace: CPU trace: circuit lacks generated CUDA coverage circuit=41 rows=483204
2026-09-16T23:13:20.187160Z DEBUG aiur::gpu_trace: CPU trace: circuit lacks generated CUDA coverage circuit=4 rows=22108
2026-09-16T23:13:20.187160Z DEBUG aiur::gpu_trace: CPU trace: circuit lacks generated CUDA coverage circuit=2 rows=164005
2026-09-16T23:13:20.187559Z DEBUG aiur::gpu_trace: CPU trace: circuit lacks generated CUDA coverage circuit=47 rows=215550
2026-09-16T23:13:20.187700Z DEBUG aiur::gpu_trace: CPU trace: circuit lacks generated CUDA coverage circuit=154 rows=21826
2026-09-16T23:13:20.187802Z DEBUG aiur::gpu_trace: CPU trace: circuit lacks generated CUDA coverage circuit=157 rows=180752
2026-09-16T23:13:20.187802Z DEBUG aiur::gpu_trace: CPU trace: circuit lacks generated CUDA coverage circuit=103 rows=345717
2026-09-16T23:13:20.187873Z DEBUG aiur::gpu_trace: CPU trace: circuit lacks generated CUDA coverage circuit=35 rows=49000
2026-09-16T23:13:20.187879Z DEBUG aiur::gpu_trace: CPU trace: circuit lacks generated CUDA coverage circuit=14 rows=820034
2026-09-16T23:13:20.187932Z DEBUG aiur::gpu_trace: CPU trace: circuit lacks generated CUDA coverage circuit=181 rows=285687
2026-09-16T23:13:20.188059Z DEBUG aiur::gpu_trace: CPU trace: circuit lacks generated CUDA coverage circuit=123 rows=147121
2026-09-16T23:13:20.192238Z DEBUG aiur::gpu_trace: CPU trace: circuit lacks generated CUDA coverage circuit=160 rows=26663
2026-09-16T23:13:20.192938Z DEBUG aiur::gpu_trace: CPU trace: circuit lacks generated CUDA coverage circuit=105 rows=359561
2026-09-16T23:13:20.194225Z DEBUG aiur::gpu_trace: CPU trace: circuit lacks generated CUDA coverage circuit=163 rows=136129
2026-09-16T23:13:20.195118Z DEBUG aiur::gpu_trace: CPU trace: circuit lacks generated CUDA coverage circuit=46 rows=125926
2026-09-16T23:13:20.198842Z DEBUG aiur::gpu_trace: CPU trace: circuit lacks generated CUDA coverage circuit=146 rows=69945
2026-09-16T23:13:20.198995Z DEBUG aiur::gpu_trace: CPU trace: circuit lacks generated CUDA coverage circuit=158 rows=11082
2026-09-16T23:13:20.203859Z DEBUG aiur::gpu_trace: CPU trace: circuit lacks generated CUDA coverage circuit=143 rows=188385
2026-09-16T23:13:20.210951Z DEBUG aiur::gpu_trace: CPU trace: circuit lacks generated CUDA coverage circuit=161 rows=141476
2026-09-16T23:13:20.212151Z DEBUG aiur::gpu_trace: CPU trace: circuit lacks generated CUDA coverage circuit=155 rows=30887
2026-09-16T23:13:20.212734Z DEBUG aiur/codegen_seeds{circuit=6 rows=17291}: aiur::trace_codegen::cuda: prepared generated CUDA trace circuit=6 rows=17291 width=63 seed_bytes=3062304 seed_spans=4
2026-09-16T23:13:20.212763Z DEBUG aiur::gpu_trace: CPU trace: circuit lacks generated CUDA coverage circuit=7 rows=44180
2026-09-16T23:13:20.231242Z DEBUG aiur::gpu_trace: CPU trace: circuit lacks generated CUDA coverage circuit=8 rows=27552
2026-09-16T23:13:20.232370Z DEBUG aiur::gpu_trace: CPU trace: circuit lacks generated CUDA coverage circuit=136 rows=18256
2026-09-16T23:13:20.235939Z DEBUG aiur::gpu_trace: CPU trace: circuit lacks generated CUDA coverage circuit=137 rows=247247
2026-09-16T23:13:20.242428Z DEBUG aiur/codegen_seeds{circuit=32 rows=171950}: aiur::trace_codegen::cuda: prepared generated CUDA trace circuit=32 rows=171950 width=21 seed_bytes=7313688 seed_spans=6
2026-09-16T23:13:20.245759Z DEBUG aiur::gpu_trace: CPU trace: circuit lacks generated CUDA coverage circuit=55 rows=3987
2026-09-16T23:13:20.248798Z DEBUG aiur::gpu_trace: CPU trace: circuit lacks generated CUDA coverage circuit=138 rows=718413
2026-09-16T23:13:20.253242Z DEBUG aiur::gpu_trace: CPU trace: circuit lacks generated CUDA coverage circuit=58 rows=1862
2026-09-16T23:13:20.254296Z DEBUG aiur::gpu_trace: CPU trace: circuit lacks generated CUDA coverage circuit=49 rows=91574
2026-09-16T23:13:20.258537Z DEBUG aiur::gpu_trace: CPU trace: circuit lacks generated CUDA coverage circuit=59 rows=84180
2026-09-16T23:13:20.265755Z DEBUG aiur::gpu_trace: CPU trace: circuit lacks generated CUDA coverage circuit=164 rows=704045
2026-09-16T23:13:20.275639Z DEBUG aiur::gpu_trace: CPU trace: circuit lacks generated CUDA coverage circuit=134 rows=209735
2026-09-16T23:13:20.275651Z DEBUG aiur::gpu_trace: CPU trace: circuit lacks generated CUDA coverage circuit=131 rows=333194
2026-09-16T23:13:20.283230Z DEBUG aiur/codegen_seeds{circuit=140 rows=407209}: aiur::trace_codegen::cuda: prepared generated CUDA trace circuit=140 rows=407209 width=25 seed_bytes=14255856 seed_spans=7
2026-09-16T23:13:20.283266Z DEBUG aiur::gpu_trace: CPU trace: circuit lacks generated CUDA coverage circuit=141 rows=243148
2026-09-16T23:13:20.293427Z DEBUG aiur::gpu_trace: CPU trace: circuit lacks generated CUDA coverage circuit=9 rows=32455
2026-09-16T23:13:20.293994Z DEBUG aiur::gpu_trace: CPU trace: circuit lacks generated CUDA coverage circuit=135 rows=3063
2026-09-16T23:13:20.304556Z DEBUG aiur::gpu_trace: CPU trace: circuit lacks generated CUDA coverage circuit=144 rows=188490
2026-09-16T23:13:20.310521Z DEBUG aiur::gpu_trace: CPU trace: circuit lacks generated CUDA coverage circuit=125 rows=362935
2026-09-16T23:13:20.312557Z DEBUG aiur::gpu_trace: CPU trace: circuit lacks generated CUDA coverage circuit=182 rows=322703
2026-09-16T23:13:20.318646Z DEBUG aiur::gpu_trace: CPU trace: circuit lacks generated CUDA coverage circuit=65 rows=59383
2026-09-16T23:13:20.341239Z DEBUG aiur::gpu_trace: CPU trace: circuit lacks generated CUDA coverage circuit=43 rows=54587
2026-09-16T23:13:20.371112Z DEBUG aiur::gpu_trace: CPU trace: circuit lacks generated CUDA coverage circuit=145 rows=251077
2026-09-16T23:13:20.372068Z DEBUG aiur::gpu_trace: CPU trace: circuit lacks generated CUDA coverage circuit=147 rows=222828
2026-09-16T23:13:20.382866Z DEBUG aiur::gpu_trace: CPU trace: circuit lacks generated CUDA coverage circuit=10 rows=29752
2026-09-16T23:13:20.396654Z DEBUG aiur::gpu_trace: CPU trace: circuit lacks generated CUDA coverage circuit=66 rows=339
2026-09-16T23:13:20.397068Z DEBUG aiur::gpu_trace: CPU trace: circuit lacks generated CUDA coverage circuit=67 rows=2996
2026-09-16T23:13:20.410050Z DEBUG aiur::gpu_trace: CPU trace: circuit lacks generated CUDA coverage circuit=72 rows=14482
2026-09-16T23:13:20.419634Z DEBUG aiur::gpu_trace: CPU trace: circuit lacks generated CUDA coverage circuit=73 rows=23494
2026-09-16T23:13:20.451381Z DEBUG aiur::gpu_trace: CPU trace: circuit lacks generated CUDA coverage circuit=76 rows=38610
2026-09-16T23:13:20.457847Z DEBUG aiur::gpu_trace: CPU trace: circuit lacks generated CUDA coverage circuit=11 rows=105737
2026-09-16T23:13:20.471350Z DEBUG aiur::gpu_trace: CPU trace: circuit lacks generated CUDA coverage circuit=89 rows=91635
2026-09-16T23:13:20.485833Z DEBUG aiur::gpu_trace: CPU trace: circuit lacks generated CUDA coverage circuit=18 rows=13256
2026-09-16T23:13:20.489824Z DEBUG aiur::gpu_trace: CPU trace: circuit lacks generated CUDA coverage circuit=78 rows=4827
2026-09-16T23:13:20.492536Z DEBUG aiur::gpu_trace: CPU trace: circuit lacks generated CUDA coverage circuit=149 rows=187224
2026-09-16T23:13:20.496557Z DEBUG aiur::gpu_trace: CPU trace: circuit lacks generated CUDA coverage circuit=132 rows=956867
2026-09-16T23:13:20.497307Z DEBUG aiur::gpu_trace: CPU trace: circuit lacks generated CUDA coverage circuit=19 rows=43062
2026-09-16T23:13:20.500393Z DEBUG aiur::gpu_trace: CPU trace: circuit lacks generated CUDA coverage circuit=80 rows=36365
2026-09-16T23:13:20.527310Z DEBUG aiur::gpu_trace: CPU trace: circuit lacks generated CUDA coverage circuit=82 rows=98184
2026-09-16T23:13:20.530725Z DEBUG aiur::gpu_trace: CPU trace: circuit lacks generated CUDA coverage circuit=81 rows=75199
2026-09-16T23:13:20.544035Z DEBUG aiur::gpu_trace: CPU trace: circuit lacks generated CUDA coverage circuit=48 rows=16909
2026-09-16T23:13:20.545233Z DEBUG aiur::gpu_trace: CPU trace: circuit lacks generated CUDA coverage circuit=95 rows=21394
2026-09-16T23:13:20.554374Z DEBUG aiur::gpu_trace: CPU trace: circuit lacks generated CUDA coverage circuit=23 rows=50260
2026-09-16T23:13:20.559768Z DEBUG aiur/codegen_seeds{circuit=124 rows=40552}: aiur::trace_codegen::cuda: prepared generated CUDA trace circuit=124 rows=40552 width=98 seed_bytes=9262464 seed_spans=2
2026-09-16T23:13:20.568824Z DEBUG aiur::gpu_trace: CPU trace: circuit lacks generated CUDA coverage circuit=151 rows=782908
2026-09-16T23:13:20.578832Z DEBUG aiur::gpu_trace: CPU trace: circuit lacks generated CUDA coverage circuit=96 rows=63896
2026-09-16T23:13:20.583252Z DEBUG aiur::gpu_trace: CPU trace: circuit lacks generated CUDA coverage circuit=104 rows=166358
2026-09-16T23:13:20.603417Z DEBUG aiur::gpu_trace: CPU trace: circuit lacks generated CUDA coverage circuit=184 rows=146301
2026-09-16T23:13:20.613965Z DEBUG aiur::gpu_trace: CPU trace: circuit lacks generated CUDA coverage circuit=17 rows=13259
2026-09-16T23:13:20.637878Z DEBUG aiur::gpu_trace: CPU trace: circuit lacks generated CUDA coverage circuit=97 rows=185222
2026-09-16T23:13:20.654731Z DEBUG aiur::gpu_trace: CPU trace: circuit lacks generated CUDA coverage circuit=148 rows=202435
2026-09-16T23:13:20.661644Z DEBUG aiur::gpu_trace: CPU trace: circuit lacks generated CUDA coverage circuit=83 rows=26521
2026-09-16T23:13:20.678909Z DEBUG aiur::gpu_trace: CPU trace: circuit lacks generated CUDA coverage circuit=92 rows=74955
2026-09-16T23:13:20.684322Z DEBUG aiur::gpu_trace: CPU trace: circuit lacks generated CUDA coverage circuit=86 rows=9322
2026-09-16T23:13:20.690219Z DEBUG aiur::gpu_trace: CPU trace: circuit lacks generated CUDA coverage circuit=142 rows=291805
2026-09-16T23:13:20.733517Z DEBUG aiur::gpu_trace: CPU trace: circuit lacks generated CUDA coverage circuit=98 rows=187513
2026-09-16T23:13:20.744267Z DEBUG aiur::gpu_trace: CPU trace: circuit lacks generated CUDA coverage circuit=94 rows=18884
2026-09-16T23:13:20.746649Z DEBUG aiur::gpu_trace: CPU trace: circuit lacks generated CUDA coverage circuit=139 rows=226589
2026-09-16T23:13:20.776792Z DEBUG aiur::gpu_trace: CPU trace: circuit lacks generated CUDA coverage circuit=100 rows=367368
2026-09-16T23:13:20.814796Z DEBUG aiur::gpu_trace: CPU trace: circuit lacks generated CUDA coverage circuit=99 rows=371390
2026-09-16T23:13:22.582124Z DEBUG aiur::gpu_trace: CPU trace: circuit lacks generated CUDA coverage circuit=22 rows=40
2026-09-16T23:13:22.582419Z DEBUG aiur::gpu_trace: CPU trace: circuit lacks generated CUDA coverage circuit=79 rows=2
2026-09-16T23:13:22.582481Z DEBUG aiur::gpu_trace: CPU trace: circuit lacks generated CUDA coverage circuit=90 rows=71405
2026-09-16T23:13:22.584771Z DEBUG aiur::gpu_trace: CPU trace: circuit lacks generated CUDA coverage circuit=176 rows=1
2026-09-16T23:13:22.661177Z DEBUG aiur/codegen_seeds{circuit=16 rows=1048576}: aiur::trace_codegen::cuda: prepared generated CUDA trace circuit=16 rows=1048576 width=533 seed_bytes=184549376 seed_spans=16
2026-09-16T23:13:22.820687Z DEBUG aiur/codegen_seeds{circuit=117 rows=10717034}: aiur::trace_codegen::cuda: prepared generated CUDA trace circuit=117 rows=10717034 width=15 seed_bytes=514417632 seed_spans=164
2026-09-16T23:13:22.821643Z DEBUG aiur::gpu_trace: CPU trace: circuit lacks generated CUDA coverage circuit=153 rows=987
2026-09-16T23:13:22.821642Z DEBUG aiur::gpu_trace: CPU trace: circuit lacks generated CUDA coverage circuit=26 rows=5
2026-09-16T23:13:22.821683Z DEBUG aiur::gpu_trace: CPU trace: circuit lacks generated CUDA coverage circuit=53 rows=13607
2026-09-16T23:13:22.822713Z DEBUG aiur::gpu_trace: CPU trace: circuit lacks generated CUDA coverage circuit=129 rows=305895
2026-09-16T23:13:22.823922Z DEBUG aiur::gpu_trace: CPU trace: circuit lacks generated CUDA coverage circuit=91 rows=4288836
2026-09-16T23:13:22.824762Z DEBUG aiur::gpu_trace: CPU trace: circuit lacks generated CUDA coverage circuit=50 rows=956
2026-09-16T23:13:22.881560Z DEBUG aiur/codegen_seeds{circuit=16 rows=1048576}: aiur::trace_codegen::cuda: prepared generated CUDA trace circuit=16 rows=1048576 width=533 seed_bytes=184549376 seed_spans=16
2026-09-16T23:13:25.397892Z DEBUG aiur::gpu_trace: CPU trace: circuit lacks generated CUDA coverage circuit=60 rows=51
2026-09-16T23:13:25.398002Z DEBUG aiur::gpu_trace: CPU trace: circuit lacks generated CUDA coverage circuit=34 rows=806750
2026-09-16T23:13:25.399040Z DEBUG aiur::gpu_trace: CPU trace: circuit lacks generated CUDA coverage circuit=75 rows=5
2026-09-16T23:13:25.442425Z DEBUG aiur/codegen_seeds{circuit=16 rows=774008}: aiur::trace_codegen::cuda: prepared generated CUDA trace circuit=16 rows=774008 width=533 seed_bytes=136225408 seed_spans=12
2026-09-16T23:13:25.995827Z DEBUG aiur/codegen_seeds{circuit=12 rows=16777216}: aiur::trace_codegen::cuda: prepared generated CUDA trace circuit=12 rows=16777216 width=17 seed_bytes=1342177280 seed_spans=256
[trace-shards] 10 shards, 1500000000 committed cells: record 22378934326 B in shared pool, host workspace 17347067431 B of 26088568116 B reserved per prover; regenerating round 2
[lanes] executor 1: claim 2 executed in 125.3s, record 22378934326 B (20.8 GiB) at +236s
2026-09-16T23:13:28.444824Z DEBUG aiur::gpu_trace: CPU trace: circuit lacks generated CUDA coverage circuit=27 rows=2112
2026-09-16T23:13:28.444865Z DEBUG aiur/codegen_seeds{circuit=56 rows=42}: aiur::trace_codegen::cuda: prepared generated CUDA trace circuit=56 rows=42 width=49 seed_bytes=3360 seed_spans=1
2026-09-16T23:13:28.445065Z DEBUG aiur::gpu_trace: CPU trace: circuit lacks generated CUDA coverage circuit=52 rows=136816
2026-09-16T23:13:28.445334Z DEBUG aiur::gpu_trace: CPU trace: circuit lacks generated CUDA coverage circuit=110 rows=3009599
2026-09-16T23:13:28.446981Z DEBUG aiur::gpu_trace: CPU trace: circuit lacks generated CUDA coverage circuit=84 rows=42
2026-09-16T23:13:28.942263Z DEBUG aiur/codegen_seeds{circuit=170 rows=10342533}: aiur::trace_codegen::cuda: prepared generated CUDA trace circuit=170 rows=10342533 width=11 seed_bytes=413701320 seed_spans=158
2026-09-16T23:13:28.971367Z DEBUG aiur/codegen_seeds{circuit=112 rows=6880798}: aiur::trace_codegen::cuda: prepared generated CUDA trace circuit=112 rows=6880798 width=31 seed_bytes=495417456 seed_spans=105
2026-09-16T23:13:29.123349Z DEBUG aiur/codegen_seeds{circuit=42 rows=5709906}: aiur::trace_codegen::cuda: prepared generated CUDA trace circuit=42 rows=5709906 width=49 seed_bytes=1553094432 seed_spans=93
2026-09-16T23:13:31.164098Z DEBUG aiur::gpu_trace: CPU trace: circuit lacks generated CUDA coverage circuit=3 rows=8
2026-09-16T23:13:31.164305Z DEBUG aiur::gpu_trace: CPU trace: circuit lacks generated CUDA coverage circuit=62 rows=45
2026-09-16T23:13:31.164451Z DEBUG aiur/codegen_seeds{circuit=63 rows=27}: aiur::trace_codegen::cuda: prepared generated CUDA trace circuit=63 rows=27 width=68 seed_bytes=5616 seed_spans=1
2026-09-16T23:13:31.165364Z DEBUG aiur::gpu_trace: CPU trace: circuit lacks generated CUDA coverage circuit=77 rows=3
2026-09-16T23:13:31.166132Z DEBUG aiur::gpu_trace: CPU trace: circuit lacks generated CUDA coverage circuit=121 rows=285799
2026-09-16T23:13:31.167115Z DEBUG aiur::gpu_trace: CPU trace: circuit lacks generated CUDA coverage circuit=87 rows=24
2026-09-16T23:13:31.495866Z DEBUG aiur/codegen_seeds{circuit=102 rows=2155801}: aiur::trace_codegen::cuda: prepared generated CUDA trace circuit=102 rows=2155801 width=43 seed_bytes=86232040 seed_spans=33
2026-09-16T23:13:31.540596Z DEBUG aiur/codegen_seeds{circuit=101 rows=6149238}: aiur::trace_codegen::cuda: prepared generated CUDA trace circuit=101 rows=6149238 width=19 seed_bytes=393551232 seed_spans=94
2026-09-16T23:13:31.570101Z DEBUG aiur/codegen_seeds{circuit=107 rows=7702343}: aiur::trace_codegen::cuda: prepared generated CUDA trace circuit=107 rows=7702343 width=23 seed_bytes=431331208 seed_spans=118
2026-09-16T23:13:31.578872Z DEBUG aiur/codegen_seeds{circuit=36 rows=5723878}: aiur::trace_codegen::cuda: prepared generated CUDA trace circuit=36 rows=5723878 width=25 seed_bytes=549492288 seed_spans=88
2026-09-16T23:13:31.591012Z DEBUG aiur/codegen_seeds{circuit=33 rows=6366783}: aiur::trace_codegen::cuda: prepared generated CUDA trace circuit=33 rows=6366783 width=18 seed_bytes=713079696 seed_spans=98
2026-09-16T23:13:34.940221Z DEBUG aiur::gpu_trace: CPU trace: circuit lacks generated CUDA coverage circuit=57 rows=42
2026-09-16T23:13:34.940608Z DEBUG aiur::gpu_trace: CPU trace: circuit lacks generated CUDA coverage circuit=69 rows=15
2026-09-16T23:13:34.940803Z DEBUG aiur::gpu_trace: CPU trace: circuit lacks generated CUDA coverage circuit=64 rows=12
2026-09-16T23:13:34.940992Z DEBUG aiur::gpu_trace: CPU trace: circuit lacks generated CUDA coverage circuit=70 rows=16
2026-09-16T23:13:34.941178Z DEBUG aiur::gpu_trace: CPU trace: circuit lacks generated CUDA coverage circuit=116 rows=846200
2026-09-16T23:13:34.941461Z DEBUG aiur::gpu_trace: CPU trace: circuit lacks generated CUDA coverage circuit=71 rows=16
2026-09-16T23:13:34.941848Z DEBUG aiur::gpu_trace: CPU trace: circuit lacks generated CUDA coverage circuit=21 rows=5
2026-09-16T23:13:34.942045Z DEBUG aiur::gpu_trace: CPU trace: circuit lacks generated CUDA coverage circuit=93 rows=13648
2026-09-16T23:13:34.942133Z DEBUG aiur::gpu_trace: CPU trace: circuit lacks generated CUDA coverage circuit=74 rows=775
2026-09-16T23:13:34.942725Z DEBUG aiur::gpu_trace: CPU trace: circuit lacks generated CUDA coverage circuit=68 rows=16
2026-09-16T23:13:35.465435Z DEBUG aiur/codegen_seeds{circuit=177 rows=4936168}: aiur::trace_codegen::cuda: prepared generated CUDA trace circuit=177 rows=4936168 width=10 seed_bytes=236936064 seed_spans=76
2026-09-16T23:13:35.479478Z DEBUG aiur/codegen_seeds{circuit=111 rows=7179957}: aiur::trace_codegen::cuda: prepared generated CUDA trace circuit=111 rows=7179957 width=11 seed_bytes=287198280 seed_spans=110
2026-09-16T23:13:35.485841Z DEBUG aiur/codegen_seeds{circuit=13 rows=306826}: aiur::trace_codegen::cuda: prepared generated CUDA trace circuit=13 rows=306826 width=195 seed_bytes=260188448 seed_spans=16
2026-09-16T23:13:35.495278Z DEBUG aiur/codegen_seeds{circuit=106 rows=7892517}: aiur::trace_codegen::cuda: prepared generated CUDA trace circuit=106 rows=7892517 width=9 seed_bytes=252560544 seed_spans=121
2026-09-16T23:13:35.523657Z DEBUG aiur/codegen_seeds{circuit=119 rows=8276495}: aiur::trace_codegen::cuda: prepared generated CUDA trace circuit=119 rows=8276495 width=20 seed_bytes=463483720 seed_spans=127
2026-09-16T23:13:35.556236Z DEBUG aiur/codegen_seeds{circuit=38 rows=3812578}: aiur::trace_codegen::cuda: prepared generated CUDA trace circuit=38 rows=3812578 width=27 seed_bytes=701514352 seed_spans=59
2026-09-16T23:13:37.646509Z DEBUG aiur::gpu_trace: CPU trace: circuit lacks generated CUDA coverage circuit=5 rows=679
2026-09-16T23:13:37.646582Z DEBUG aiur::gpu_trace: CPU trace: circuit lacks generated CUDA coverage circuit=167 rows=1827728
2026-09-16T23:13:37.646862Z DEBUG aiur::gpu_trace: CPU trace: circuit lacks generated CUDA coverage circuit=109 rows=3450567
2026-09-16T23:13:37.647367Z DEBUG aiur::gpu_trace: CPU trace: circuit lacks generated CUDA coverage circuit=168 rows=1508723
2026-09-16T23:13:37.647803Z DEBUG aiur::gpu_trace: CPU trace: circuit lacks generated CUDA coverage circuit=37 rows=759836
2026-09-16T23:13:37.648482Z DEBUG aiur::gpu_trace: CPU trace: circuit lacks generated CUDA coverage circuit=61 rows=5486
2026-09-16T23:13:37.649308Z DEBUG aiur::gpu_trace: CPU trace: circuit lacks generated CUDA coverage circuit=85 rows=478
2026-09-16T23:13:38.174763Z DEBUG aiur/codegen_seeds{circuit=15 rows=305220}: aiur::trace_codegen::cuda: prepared generated CUDA trace circuit=15 rows=305220 width=177 seed_bytes=124529760 seed_spans=8
2026-09-16T23:13:38.175213Z DEBUG aiur/codegen_seeds{circuit=118 rows=2674877}: aiur::trace_codegen::cuda: prepared generated CUDA trace circuit=118 rows=2674877 width=10 seed_bytes=128394096 seed_spans=41
2026-09-16T23:13:38.180729Z DEBUG aiur/codegen_seeds{circuit=54 rows=2684902}: aiur::trace_codegen::cuda: prepared generated CUDA trace circuit=54 rows=2684902 width=11 seed_bytes=150354512 seed_spans=41
2026-09-16T23:13:38.185767Z DEBUG aiur/codegen_seeds{circuit=162 rows=1722394}: aiur::trace_codegen::cuda: prepared generated CUDA trace circuit=162 rows=1722394 width=33 seed_bytes=206687280 seed_spans=27
2026-09-16T23:13:38.195638Z DEBUG aiur/codegen_seeds{circuit=183 rows=5848581}: aiur::trace_codegen::cuda: prepared generated CUDA trace circuit=183 rows=5848581 width=10 seed_bytes=280731888 seed_spans=90
2026-09-16T23:13:38.197969Z DEBUG aiur/codegen_seeds{circuit=12 rows=3707799}: aiur::trace_codegen::cuda: prepared generated CUDA trace circuit=12 rows=3707799 width=17 seed_bytes=296623920 seed_spans=57
2026-09-16T23:13:41.179523Z DEBUG aiur::gpu_trace: CPU trace: circuit lacks generated CUDA coverage circuit=44 rows=228794
2026-09-16T23:13:41.179945Z DEBUG aiur::gpu_trace: CPU trace: circuit lacks generated CUDA coverage circuit=120 rows=1657250
2026-09-16T23:13:41.180015Z DEBUG aiur::gpu_trace: CPU trace: circuit lacks generated CUDA coverage circuit=115 rows=1314496
2026-09-16T23:13:41.180181Z DEBUG aiur::gpu_trace: CPU trace: circuit lacks generated CUDA coverage circuit=128 rows=230572
2026-09-16T23:13:41.181463Z DEBUG aiur::gpu_trace: CPU trace: circuit lacks generated CUDA coverage circuit=179 rows=2249785
2026-09-16T23:13:41.181473Z DEBUG aiur::gpu_trace: CPU trace: circuit lacks generated CUDA coverage circuit=156 rows=573574
2026-09-16T23:13:41.181719Z DEBUG aiur::gpu_trace: CPU trace: circuit lacks generated CUDA coverage circuit=166 rows=1520898
2026-09-16T23:13:41.181856Z DEBUG aiur::gpu_trace: CPU trace: circuit lacks generated CUDA coverage circuit=20 rows=473770
2026-09-16T23:13:41.181958Z DEBUG aiur::gpu_trace: CPU trace: circuit lacks generated CUDA coverage circuit=113 rows=1955430
2026-09-16T23:13:41.181981Z DEBUG aiur::gpu_trace: CPU trace: circuit lacks generated CUDA coverage circuit=150 rows=1076571
2026-09-16T23:13:41.182129Z DEBUG aiur::gpu_trace: CPU trace: circuit lacks generated CUDA coverage circuit=24 rows=515620
2026-09-16T23:13:41.182543Z DEBUG aiur::gpu_trace: CPU trace: circuit lacks generated CUDA coverage circuit=152 rows=558410
2026-09-16T23:13:41.182657Z DEBUG aiur::gpu_trace: CPU trace: circuit lacks generated CUDA coverage circuit=126 rows=279647
2026-09-16T23:13:41.182736Z DEBUG aiur::gpu_trace: CPU trace: circuit lacks generated CUDA coverage circuit=122 rows=1060856
2026-09-16T23:13:41.186332Z DEBUG aiur::gpu_trace: CPU trace: circuit lacks generated CUDA coverage circuit=169 rows=1249211
2026-09-16T23:13:41.694979Z DEBUG aiur/codegen_seeds{circuit=88 rows=2066135}: aiur::trace_codegen::cuda: prepared generated CUDA trace circuit=88 rows=2066135 width=10 seed_bytes=99174480 seed_spans=32
2026-09-16T23:13:41.915071Z DEBUG aiur/codegen_seeds{circuit=180 rows=2669537}: aiur::trace_codegen::cuda: prepared generated CUDA trace circuit=180 rows=2669537 width=8 seed_bytes=128137776 seed_spans=41
2026-09-16T23:13:41.929652Z DEBUG aiur/codegen_seeds{circuit=45 rows=1379852}: aiur::trace_codegen::cuda: prepared generated CUDA trace circuit=45 rows=1379852 width=26 seed_bytes=242853952 seed_spans=22
2026-09-16T23:13:41.949132Z DEBUG aiur/codegen_seeds{circuit=178 rows=3069412}: aiur::trace_codegen::cuda: prepared generated CUDA trace circuit=178 rows=3069412 width=10 seed_bytes=147331776 seed_spans=47
2026-09-16T23:13:44.846581Z DEBUG aiur::gpu_trace: CPU trace: circuit lacks generated CUDA coverage circuit=0 rows=114125
2026-09-16T23:13:44.846620Z DEBUG aiur::gpu_trace: CPU trace: circuit lacks generated CUDA coverage circuit=127 rows=324508
2026-09-16T23:13:44.846626Z DEBUG aiur::gpu_trace: CPU trace: circuit lacks generated CUDA coverage circuit=114 rows=580548
2026-09-16T23:13:44.846629Z DEBUG aiur::gpu_trace: CPU trace: circuit lacks generated CUDA coverage circuit=25 rows=41274
2026-09-16T23:13:44.846629Z DEBUG aiur::gpu_trace: CPU trace: circuit lacks generated CUDA coverage circuit=49 rows=91574
2026-09-16T23:13:44.846619Z DEBUG aiur::gpu_trace: CPU trace: circuit lacks generated CUDA coverage circuit=51 rows=16537
2026-09-16T23:13:44.846619Z DEBUG aiur::gpu_trace: CPU trace: circuit lacks generated CUDA coverage circuit=4 rows=22108
2026-09-16T23:13:44.846623Z DEBUG aiur::gpu_trace: CPU trace: circuit lacks generated CUDA coverage circuit=39 rows=189266
2026-09-16T23:13:44.846629Z DEBUG aiur::gpu_trace: CPU trace: circuit lacks generated CUDA coverage circuit=31 rows=3207
2026-09-16T23:13:44.846630Z DEBUG aiur::gpu_trace: CPU trace: circuit lacks generated CUDA coverage circuit=47 rows=215550
2026-09-16T23:13:44.846632Z DEBUG aiur::gpu_trace: CPU trace: circuit lacks generated CUDA coverage circuit=18 rows=13256
2026-09-16T23:13:44.846658Z DEBUG aiur::gpu_trace: CPU trace: circuit lacks generated CUDA coverage circuit=46 rows=125926
2026-09-16T23:13:44.846631Z DEBUG aiur::gpu_trace: CPU trace: circuit lacks generated CUDA coverage circuit=1 rows=19037
2026-09-16T23:13:44.846625Z DEBUG aiur::gpu_trace: CPU trace: circuit lacks generated CUDA coverage circuit=48 rows=16909
2026-09-16T23:13:44.846661Z DEBUG aiur::gpu_trace: CPU trace: circuit lacks generated CUDA coverage circuit=159 rows=24094
2026-09-16T23:13:44.846619Z DEBUG aiur::gpu_trace: CPU trace: circuit lacks generated CUDA coverage circuit=41 rows=483204
2026-09-16T23:13:44.846953Z DEBUG aiur::gpu_trace: CPU trace: circuit lacks generated CUDA coverage circuit=40 rows=113054
2026-09-16T23:13:44.847004Z DEBUG aiur::gpu_trace: CPU trace: circuit lacks generated CUDA coverage circuit=157 rows=180752
2026-09-16T23:13:44.847110Z DEBUG aiur::gpu_trace: CPU trace: circuit lacks generated CUDA coverage circuit=103 rows=345717
2026-09-16T23:13:44.847193Z DEBUG aiur::gpu_trace: CPU trace: circuit lacks generated CUDA coverage circuit=14 rows=820034
2026-09-16T23:13:44.847256Z DEBUG aiur::gpu_trace: CPU trace: circuit lacks generated CUDA coverage circuit=154 rows=21826
2026-09-16T23:13:44.847344Z DEBUG aiur::gpu_trace: CPU trace: circuit lacks generated CUDA coverage circuit=43 rows=54587
2026-09-16T23:13:44.847497Z DEBUG aiur::gpu_trace: CPU trace: circuit lacks generated CUDA coverage circuit=163 rows=136129
2026-09-16T23:13:44.847503Z DEBUG aiur::gpu_trace: CPU trace: circuit lacks generated CUDA coverage circuit=160 rows=26663
2026-09-16T23:13:44.847507Z DEBUG aiur::gpu_trace: CPU trace: circuit lacks generated CUDA coverage circuit=108 rows=981571
2026-09-16T23:13:44.847544Z DEBUG aiur::gpu_trace: CPU trace: circuit lacks generated CUDA coverage circuit=105 rows=359561
2026-09-16T23:13:44.847566Z DEBUG aiur::gpu_trace: CPU trace: circuit lacks generated CUDA coverage circuit=17 rows=13259
2026-09-16T23:13:44.847569Z DEBUG aiur::gpu_trace: CPU trace: circuit lacks generated CUDA coverage circuit=35 rows=49000
2026-09-16T23:13:44.847582Z DEBUG aiur::gpu_trace: CPU trace: circuit lacks generated CUDA coverage circuit=181 rows=285687
2026-09-16T23:13:44.847663Z DEBUG aiur::gpu_trace: CPU trace: circuit lacks generated CUDA coverage circuit=9 rows=32455
2026-09-16T23:13:44.858073Z DEBUG aiur::gpu_trace: CPU trace: circuit lacks generated CUDA coverage circuit=123 rows=147121
2026-09-16T23:13:44.858373Z DEBUG aiur::gpu_trace: CPU trace: circuit lacks generated CUDA coverage circuit=76 rows=38610
2026-09-16T23:13:44.865467Z DEBUG aiur::gpu_trace: CPU trace: circuit lacks generated CUDA coverage circuit=19 rows=43062
2026-09-16T23:13:44.865472Z DEBUG aiur::gpu_trace: CPU trace: circuit lacks generated CUDA coverage circuit=155 rows=30887
2026-09-16T23:13:44.873216Z DEBUG aiur/codegen_seeds{circuit=6 rows=17291}: aiur::trace_codegen::cuda: prepared generated CUDA trace circuit=6 rows=17291 width=63 seed_bytes=3062304 seed_spans=4
2026-09-16T23:13:44.873245Z DEBUG aiur::gpu_trace: CPU trace: circuit lacks generated CUDA coverage circuit=7 rows=44180
2026-09-16T23:13:44.882707Z DEBUG aiur::gpu_trace: CPU trace: circuit lacks generated CUDA coverage circuit=161 rows=141476
2026-09-16T23:13:44.884254Z DEBUG aiur::gpu_trace: CPU trace: circuit lacks generated CUDA coverage circuit=158 rows=11082
2026-09-16T23:13:44.890049Z DEBUG aiur::gpu_trace: CPU trace: circuit lacks generated CUDA coverage circuit=8 rows=27552
2026-09-16T23:13:44.897438Z DEBUG aiur::gpu_trace: CPU trace: circuit lacks generated CUDA coverage circuit=146 rows=69945
2026-09-16T23:13:44.904619Z DEBUG aiur::gpu_trace: CPU trace: circuit lacks generated CUDA coverage circuit=78 rows=4827
2026-09-16T23:13:44.908465Z DEBUG aiur::gpu_trace: CPU trace: circuit lacks generated CUDA coverage circuit=143 rows=188385
2026-09-16T23:13:44.908914Z DEBUG aiur/codegen_seeds{circuit=32 rows=171950}: aiur::trace_codegen::cuda: prepared generated CUDA trace circuit=32 rows=171950 width=21 seed_bytes=7313688 seed_spans=6
2026-09-16T23:13:44.912468Z DEBUG aiur::gpu_trace: CPU trace: circuit lacks generated CUDA coverage circuit=55 rows=3987
2026-09-16T23:13:44.914916Z DEBUG aiur::gpu_trace: CPU trace: circuit lacks generated CUDA coverage circuit=80 rows=36365
2026-09-16T23:13:44.915139Z DEBUG aiur::gpu_trace: CPU trace: circuit lacks generated CUDA coverage circuit=2 rows=164005
2026-09-16T23:13:44.920171Z DEBUG aiur::gpu_trace: CPU trace: circuit lacks generated CUDA coverage circuit=58 rows=1862
2026-09-16T23:13:44.922727Z DEBUG aiur::gpu_trace: CPU trace: circuit lacks generated CUDA coverage circuit=149 rows=187224
2026-09-16T23:13:44.924530Z DEBUG aiur::gpu_trace: CPU trace: circuit lacks generated CUDA coverage circuit=147 rows=222828
2026-09-16T23:13:44.924555Z DEBUG aiur::gpu_trace: CPU trace: circuit lacks generated CUDA coverage circuit=59 rows=84180
2026-09-16T23:13:44.927769Z DEBUG aiur::gpu_trace: CPU trace: circuit lacks generated CUDA coverage circuit=65 rows=59383
2026-09-16T23:13:44.929745Z DEBUG aiur::gpu_trace: CPU trace: circuit lacks generated CUDA coverage circuit=23 rows=50260
2026-09-16T23:13:44.943189Z DEBUG aiur::gpu_trace: CPU trace: circuit lacks generated CUDA coverage circuit=81 rows=75199
2026-09-16T23:13:44.945107Z DEBUG aiur::gpu_trace: CPU trace: circuit lacks generated CUDA coverage circuit=89 rows=91635
2026-09-16T23:13:44.951311Z DEBUG aiur::gpu_trace: CPU trace: circuit lacks generated CUDA coverage circuit=72 rows=14482
2026-09-16T23:13:44.961033Z DEBUG aiur::gpu_trace: CPU trace: circuit lacks generated CUDA coverage circuit=73 rows=23494
2026-09-16T23:13:44.968398Z DEBUG aiur::gpu_trace: CPU trace: circuit lacks generated CUDA coverage circuit=182 rows=322703
2026-09-16T23:13:44.973448Z DEBUG aiur::gpu_trace: CPU trace: circuit lacks generated CUDA coverage circuit=151 rows=782908
2026-09-16T23:13:44.975530Z DEBUG aiur::gpu_trace: CPU trace: circuit lacks generated CUDA coverage circuit=95 rows=21394
2026-09-16T23:13:44.984932Z DEBUG aiur::gpu_trace: CPU trace: circuit lacks generated CUDA coverage circuit=164 rows=704045
2026-09-16T23:13:44.995179Z DEBUG aiur::gpu_trace: CPU trace: circuit lacks generated CUDA coverage circuit=28 rows=2524
2026-09-16T23:13:44.997882Z DEBUG aiur::gpu_trace: CPU trace: circuit lacks generated CUDA coverage circuit=133 rows=193798
2026-09-16T23:13:44.998718Z DEBUG aiur::gpu_trace: CPU trace: circuit lacks generated CUDA coverage circuit=30 rows=12783
2026-09-16T23:13:45.004217Z DEBUG aiur::gpu_trace: CPU trace: circuit lacks generated CUDA coverage circuit=66 rows=339
2026-09-16T23:13:45.004625Z DEBUG aiur::gpu_trace: CPU trace: circuit lacks generated CUDA coverage circuit=67 rows=2996
2026-09-16T23:13:45.007610Z DEBUG aiur::gpu_trace: CPU trace: circuit lacks generated CUDA coverage circuit=144 rows=188490
2026-09-16T23:13:45.010173Z DEBUG aiur::gpu_trace: CPU trace: circuit lacks generated CUDA coverage circuit=96 rows=63896
2026-09-16T23:13:45.021066Z DEBUG aiur::gpu_trace: CPU trace: circuit lacks generated CUDA coverage circuit=141 rows=243148
2026-09-16T23:13:45.031295Z DEBUG aiur/codegen_seeds{circuit=140 rows=407209}: aiur::trace_codegen::cuda: prepared generated CUDA trace circuit=140 rows=407209 width=25 seed_bytes=14255856 seed_spans=7
2026-09-16T23:13:45.031326Z DEBUG aiur::gpu_trace: CPU trace: circuit lacks generated CUDA coverage circuit=125 rows=362935
2026-09-16T23:13:45.037520Z DEBUG aiur::gpu_trace: CPU trace: circuit lacks generated CUDA coverage circuit=10 rows=29752
2026-09-16T23:13:45.041861Z DEBUG aiur::gpu_trace: CPU trace: circuit lacks generated CUDA coverage circuit=130 rows=182278
2026-09-16T23:13:45.070165Z DEBUG aiur::gpu_trace: CPU trace: circuit lacks generated CUDA coverage circuit=97 rows=185222
2026-09-16T23:13:45.093162Z DEBUG aiur::gpu_trace: CPU trace: circuit lacks generated CUDA coverage circuit=142 rows=291805
2026-09-16T23:13:45.116935Z DEBUG aiur::gpu_trace: CPU trace: circuit lacks generated CUDA coverage circuit=92 rows=74955
2026-09-16T23:13:45.120417Z DEBUG aiur::gpu_trace: CPU trace: circuit lacks generated CUDA coverage circuit=104 rows=166358
2026-09-16T23:13:45.164294Z DEBUG aiur::gpu_trace: CPU trace: circuit lacks generated CUDA coverage circuit=11 rows=105737
2026-09-16T23:13:45.166614Z DEBUG aiur::gpu_trace: CPU trace: circuit lacks generated CUDA coverage circuit=94 rows=18884
2026-09-16T23:13:45.174272Z DEBUG aiur::gpu_trace: CPU trace: circuit lacks generated CUDA coverage circuit=148 rows=202435
2026-09-16T23:13:45.174593Z DEBUG aiur::gpu_trace: CPU trace: circuit lacks generated CUDA coverage circuit=145 rows=251077
2026-09-16T23:13:45.189671Z DEBUG aiur::gpu_trace: CPU trace: circuit lacks generated CUDA coverage circuit=82 rows=98184
2026-09-16T23:13:45.256374Z DEBUG aiur::gpu_trace: CPU trace: circuit lacks generated CUDA coverage circuit=83 rows=26521
2026-09-16T23:13:45.266098Z DEBUG aiur/codegen_seeds{circuit=124 rows=40552}: aiur::trace_codegen::cuda: prepared generated CUDA trace circuit=124 rows=40552 width=98 seed_bytes=9262464 seed_spans=2
2026-09-16T23:13:45.266129Z DEBUG aiur::gpu_trace: CPU trace: circuit lacks generated CUDA coverage circuit=98 rows=187513
2026-09-16T23:13:45.272548Z DEBUG aiur::gpu_trace: CPU trace: circuit lacks generated CUDA coverage circuit=184 rows=146301
2026-09-16T23:13:45.286051Z DEBUG aiur::gpu_trace: CPU trace: circuit lacks generated CUDA coverage circuit=100 rows=367368
2026-09-16T23:13:45.300908Z DEBUG aiur::gpu_trace: CPU trace: circuit lacks generated CUDA coverage circuit=86 rows=9322
2026-09-16T23:13:45.306278Z DEBUG aiur::gpu_trace: CPU trace: circuit lacks generated CUDA coverage circuit=131 rows=333194
2026-09-16T23:13:45.311535Z DEBUG aiur::gpu_trace: CPU trace: circuit lacks generated CUDA coverage circuit=132 rows=956867
2026-09-16T23:13:45.312946Z DEBUG aiur::gpu_trace: CPU trace: circuit lacks generated CUDA coverage circuit=99 rows=371390
2026-09-16T23:13:45.331199Z DEBUG aiur::gpu_trace: CPU trace: circuit lacks generated CUDA coverage circuit=136 rows=18256
2026-09-16T23:13:45.331542Z DEBUG aiur::gpu_trace: CPU trace: circuit lacks generated CUDA coverage circuit=134 rows=209735
2026-09-16T23:13:45.337073Z DEBUG aiur::gpu_trace: CPU trace: circuit lacks generated CUDA coverage circuit=137 rows=247247
2026-09-16T23:13:45.384343Z DEBUG aiur::gpu_trace: CPU trace: circuit lacks generated CUDA coverage circuit=135 rows=3063
2026-09-16T23:13:45.387858Z DEBUG aiur::gpu_trace: CPU trace: circuit lacks generated CUDA coverage circuit=138 rows=718413
2026-09-16T23:13:45.389942Z DEBUG aiur::gpu_trace: CPU trace: circuit lacks generated CUDA coverage circuit=139 rows=226589
[lanes] worker 0: claim 3 proven at +260s (1 left)
[lanes] worker 0: claim 2 proving started at +260s
2026-09-16T23:13:51.277387Z DEBUG aiur::gpu_trace: CPU trace: circuit lacks generated CUDA coverage circuit=176 rows=1
2026-09-16T23:13:51.278166Z DEBUG aiur/codegen_seeds{circuit=56 rows=99}: aiur::trace_codegen::cuda: prepared generated CUDA trace circuit=56 rows=99 width=49 seed_bytes=7920 seed_spans=1
2026-09-16T23:13:51.278511Z DEBUG aiur::gpu_trace: CPU trace: circuit lacks generated CUDA coverage circuit=90 rows=88211
2026-09-16T23:13:51.278625Z DEBUG aiur::gpu_trace: CPU trace: circuit lacks generated CUDA coverage circuit=79 rows=2
2026-09-16T23:13:51.343464Z DEBUG aiur/codegen_seeds{circuit=16 rows=1048576}: aiur::trace_codegen::cuda: prepared generated CUDA trace circuit=16 rows=1048576 width=533 seed_bytes=184549376 seed_spans=16
2026-09-16T23:13:51.614536Z DEBUG aiur/codegen_seeds{circuit=117 rows=15066656}: aiur::trace_codegen::cuda: prepared generated CUDA trace circuit=117 rows=15066656 width=15 seed_bytes=723199488 seed_spans=230
2026-09-16T23:13:51.615405Z DEBUG aiur::gpu_trace: CPU trace: circuit lacks generated CUDA coverage circuit=153 rows=1191
2026-09-16T23:13:51.615405Z DEBUG aiur::gpu_trace: CPU trace: circuit lacks generated CUDA coverage circuit=3 rows=9
2026-09-16T23:13:51.615407Z DEBUG aiur::gpu_trace: CPU trace: circuit lacks generated CUDA coverage circuit=156 rows=375191
2026-09-16T23:13:51.615689Z DEBUG aiur/codegen_seeds{circuit=63 rows=106}: aiur::trace_codegen::cuda: prepared generated CUDA trace circuit=63 rows=106 width=68 seed_bytes=22048 seed_spans=1
2026-09-16T23:13:51.616538Z DEBUG aiur::gpu_trace: CPU trace: circuit lacks generated CUDA coverage circuit=22 rows=29
2026-09-16T23:13:51.617119Z DEBUG aiur::gpu_trace: CPU trace: circuit lacks generated CUDA coverage circuit=91 rows=4931554
2026-09-16T23:13:51.617261Z DEBUG aiur::gpu_trace: CPU trace: circuit lacks generated CUDA coverage circuit=58 rows=2177
2026-09-16T23:13:51.662889Z DEBUG aiur/codegen_seeds{circuit=16 rows=1048576}: aiur::trace_codegen::cuda: prepared generated CUDA trace circuit=16 rows=1048576 width=533 seed_bytes=184549376 seed_spans=16
2026-09-16T23:13:52.386069Z DEBUG aiur::gpu_trace: CPU trace: circuit lacks generated CUDA coverage circuit=60 rows=65
2026-09-16T23:13:52.386410Z DEBUG aiur::gpu_trace: CPU trace: circuit lacks generated CUDA coverage circuit=26 rows=6
2026-09-16T23:13:52.387484Z DEBUG aiur::gpu_trace: CPU trace: circuit lacks generated CUDA coverage circuit=34 rows=907035
2026-09-16T23:13:52.388936Z DEBUG aiur::gpu_trace: CPU trace: circuit lacks generated CUDA coverage circuit=84 rows=5
2026-09-16T23:13:52.440443Z DEBUG aiur/codegen_seeds{circuit=16 rows=1048576}: aiur::trace_codegen::cuda: prepared generated CUDA trace circuit=16 rows=1048576 width=533 seed_bytes=184549376 seed_spans=16
[trace-shards] 9 shards, 1500000000 committed cells: record 16263532668 B in shared pool, host workspace 16607614388 B of 26088568116 B reserved per prover; regenerating round 2
[lanes] executor 0: join 2 executed in 39.9s, record 16263532668 B (15.1 GiB) at +261s
2026-09-16T23:13:52.944079Z DEBUG aiur/codegen_seeds{circuit=12 rows=16777216}: aiur::trace_codegen::cuda: prepared generated CUDA trace circuit=12 rows=16777216 width=17 seed_bytes=1342177280 seed_spans=256
2026-09-16T23:13:53.392260Z DEBUG aiur::gpu_trace: CPU trace: circuit lacks generated CUDA coverage circuit=64 rows=38
2026-09-16T23:13:53.392523Z DEBUG aiur::gpu_trace: CPU trace: circuit lacks generated CUDA coverage circuit=89 rows=127640
2026-09-16T23:13:53.392929Z DEBUG aiur::gpu_trace: CPU trace: circuit lacks generated CUDA coverage circuit=57 rows=98
2026-09-16T23:13:53.393192Z DEBUG aiur::gpu_trace: CPU trace: circuit lacks generated CUDA coverage circuit=68 rows=16
2026-09-16T23:13:53.923522Z DEBUG aiur/codegen_seeds{circuit=119 rows=11635949}: aiur::trace_codegen::cuda: prepared generated CUDA trace circuit=119 rows=11635949 width=20 seed_bytes=651613144 seed_spans=178
2026-09-16T23:13:53.982063Z DEBUG aiur/codegen_seeds{circuit=38 rows=4479712}: aiur::trace_codegen::cuda: prepared generated CUDA trace circuit=38 rows=4479712 width=27 seed_bytes=824267008 seed_spans=69
2026-09-16T23:13:54.114484Z DEBUG aiur/codegen_seeds{circuit=42 rows=6583335}: aiur::trace_codegen::cuda: prepared generated CUDA trace circuit=42 rows=6583335 width=49 seed_bytes=1790667120 seed_spans=107
2026-09-16T23:13:54.291995Z DEBUG aiur::gpu_trace: CPU trace: circuit lacks generated CUDA coverage circuit=69 rows=15
2026-09-16T23:13:54.291995Z DEBUG aiur::gpu_trace: CPU trace: circuit lacks generated CUDA coverage circuit=70 rows=16
2026-09-16T23:13:54.292819Z DEBUG aiur::gpu_trace: CPU trace: circuit lacks generated CUDA coverage circuit=77 rows=2
2026-09-16T23:13:54.293008Z DEBUG aiur::gpu_trace: CPU trace: circuit lacks generated CUDA coverage circuit=75 rows=4
2026-09-16T23:13:54.293139Z DEBUG aiur::gpu_trace: CPU trace: circuit lacks generated CUDA coverage circuit=71 rows=16
2026-09-16T23:13:54.294406Z DEBUG aiur::gpu_trace: CPU trace: circuit lacks generated CUDA coverage circuit=152 rows=650998
2026-09-16T23:13:54.294762Z DEBUG aiur::gpu_trace: CPU trace: circuit lacks generated CUDA coverage circuit=97 rows=232051
2026-09-16T23:13:54.710283Z DEBUG aiur/codegen_seeds{circuit=107 rows=7689358}: aiur::trace_codegen::cuda: prepared generated CUDA trace circuit=107 rows=7689358 width=23 seed_bytes=430604048 seed_spans=118
2026-09-16T23:13:54.711072Z DEBUG aiur/codegen_seeds{circuit=170 rows=11286266}: aiur::trace_codegen::cuda: prepared generated CUDA trace circuit=170 rows=11286266 width=11 seed_bytes=451450640 seed_spans=173
2026-09-16T23:13:54.734939Z DEBUG aiur/codegen_seeds{circuit=112 rows=6260162}: aiur::trace_codegen::cuda: prepared generated CUDA trace circuit=112 rows=6260162 width=31 seed_bytes=450731664 seed_spans=96
2026-09-16T23:13:54.773216Z DEBUG aiur/codegen_seeds{circuit=36 rows=6598250}: aiur::trace_codegen::cuda: prepared generated CUDA trace circuit=36 rows=6598250 width=25 seed_bytes=633432000 seed_spans=101
2026-09-16T23:13:55.451734Z DEBUG aiur::gpu_trace: CPU trace: circuit lacks generated CUDA coverage circuit=40 rows=120138
2026-09-16T23:13:55.716817Z DEBUG aiur/codegen_seeds{circuit=102 rows=1879966}: aiur::trace_codegen::cuda: prepared generated CUDA trace circuit=102 rows=1879966 width=43 seed_bytes=75198640 seed_spans=29
2026-09-16T23:13:55.728286Z DEBUG aiur/codegen_seeds{circuit=162 rows=2106830}: aiur::trace_codegen::cuda: prepared generated CUDA trace circuit=162 rows=2106830 width=33 seed_bytes=252819600 seed_spans=33
2026-09-16T23:13:55.776521Z DEBUG aiur/codegen_seeds{circuit=12 rows=6325048}: aiur::trace_codegen::cuda: prepared generated CUDA trace circuit=12 rows=6325048 width=17 seed_bytes=506003840 seed_spans=97
2026-09-16T23:13:55.778056Z DEBUG aiur/codegen_seeds{circuit=101 rows=6980607}: aiur::trace_codegen::cuda: prepared generated CUDA trace circuit=101 rows=6980607 width=19 seed_bytes=446758848 seed_spans=107
2026-09-16T23:13:56.435916Z DEBUG aiur::gpu_trace: CPU trace: circuit lacks generated CUDA coverage circuit=85 rows=585
2026-09-16T23:13:56.437224Z DEBUG aiur::gpu_trace: CPU trace: circuit lacks generated CUDA coverage circuit=61 rows=6422
2026-09-16T23:13:56.445942Z DEBUG aiur::gpu_trace: CPU trace: circuit lacks generated CUDA coverage circuit=62 rows=184
2026-09-16T23:13:56.918332Z DEBUG aiur/codegen_seeds{circuit=118 rows=3703715}: aiur::trace_codegen::cuda: prepared generated CUDA trace circuit=118 rows=3703715 width=10 seed_bytes=177778320 seed_spans=57
2026-09-16T23:13:56.926558Z DEBUG aiur/codegen_seeds{circuit=111 rows=6505080}: aiur::trace_codegen::cuda: prepared generated CUDA trace circuit=111 rows=6505080 width=11 seed_bytes=260203200 seed_spans=100
2026-09-16T23:13:56.930966Z DEBUG aiur/codegen_seeds{circuit=106 rows=7882444}: aiur::trace_codegen::cuda: prepared generated CUDA trace circuit=106 rows=7882444 width=9 seed_bytes=252238208 seed_spans=121
2026-09-16T23:13:56.931327Z DEBUG aiur/codegen_seeds{circuit=13 rows=339773}: aiur::trace_codegen::cuda: prepared generated CUDA trace circuit=13 rows=339773 width=195 seed_bytes=288127504 seed_spans=18
2026-09-16T23:13:56.936225Z DEBUG aiur/codegen_seeds{circuit=177 rows=6798544}: aiur::trace_codegen::cuda: prepared generated CUDA trace circuit=177 rows=6798544 width=10 seed_bytes=326330112 seed_spans=104
2026-09-16T23:13:56.939834Z DEBUG aiur/codegen_seeds{circuit=183 rows=7486634}: aiur::trace_codegen::cuda: prepared generated CUDA trace circuit=183 rows=7486634 width=10 seed_bytes=359358432 seed_spans=115
2026-09-16T23:13:57.024536Z DEBUG aiur/codegen_seeds{circuit=33 rows=7366504}: aiur::trace_codegen::cuda: prepared generated CUDA trace circuit=33 rows=7366504 width=18 seed_bytes=825048448 seed_spans=113
2026-09-16T23:13:57.585434Z DEBUG aiur::gpu_trace: CPU trace: circuit lacks generated CUDA coverage circuit=83 rows=28481
2026-09-16T23:13:57.585448Z DEBUG aiur::gpu_trace: CPU trace: circuit lacks generated CUDA coverage circuit=67 rows=3047
2026-09-16T23:13:57.586472Z DEBUG aiur::gpu_trace: CPU trace: circuit lacks generated CUDA coverage circuit=167 rows=1992255
2026-09-16T23:13:57.586842Z DEBUG aiur::gpu_trace: CPU trace: circuit lacks generated CUDA coverage circuit=20 rows=528891
2026-09-16T23:13:57.587425Z DEBUG aiur::gpu_trace: CPU trace: circuit lacks generated CUDA coverage circuit=168 rows=1611823
2026-09-16T23:13:57.588189Z DEBUG aiur::gpu_trace: CPU trace: circuit lacks generated CUDA coverage circuit=108 rows=905603
2026-09-16T23:13:57.588528Z DEBUG aiur::gpu_trace: CPU trace: circuit lacks generated CUDA coverage circuit=24 rows=560736
2026-09-16T23:13:57.588531Z DEBUG aiur::gpu_trace: CPU trace: circuit lacks generated CUDA coverage circuit=120 rows=2586271
2026-09-16T23:13:57.592397Z DEBUG aiur/codegen_seeds{circuit=16 rows=79824}: aiur::gpu_trace: CPU trace: circuit lacks generated CUDA coverage circuit=109 rows=3151977
2026-09-16T23:13:57.595922Z DEBUG aiur::gpu_trace: CPU trace: circuit lacks generated CUDA coverage circuit=110 rows=2638124
2026-09-16T23:13:58.185042Z DEBUG aiur/codegen_seeds{circuit=16 rows=79824}: aiur::trace_codegen::cuda: prepared generated CUDA trace circuit=16 rows=79824 width=533 seed_bytes=14049024 seed_spans=2
2026-09-16T23:13:58.205869Z DEBUG aiur/codegen_seeds{circuit=15 rows=345283}: aiur::trace_codegen::cuda: prepared generated CUDA trace circuit=15 rows=345283 width=177 seed_bytes=140875464 seed_spans=9
2026-09-16T23:13:58.219215Z DEBUG aiur/codegen_seeds{circuit=54 rows=3652594}: aiur::trace_codegen::cuda: prepared generated CUDA trace circuit=54 rows=3652594 width=11 seed_bytes=204545264 seed_spans=56
2026-09-16T23:13:58.707403Z DEBUG aiur::gpu_trace: CPU trace: circuit lacks generated CUDA coverage circuit=166 rows=1683279
2026-09-16T23:13:58.707404Z DEBUG aiur::gpu_trace: CPU trace: circuit lacks generated CUDA coverage circuit=179 rows=3061159
2026-09-16T23:13:58.708325Z DEBUG aiur::gpu_trace: CPU trace: circuit lacks generated CUDA coverage circuit=169 rows=1404773
2026-09-16T23:13:58.708758Z DEBUG aiur::gpu_trace: CPU trace: circuit lacks generated CUDA coverage circuit=105 rows=479743
2026-09-16T23:13:58.709003Z DEBUG aiur::gpu_trace: CPU trace: circuit lacks generated CUDA coverage circuit=184 rows=158891
2026-09-16T23:13:58.709082Z DEBUG aiur::gpu_trace: CPU trace: circuit lacks generated CUDA coverage circuit=115 rows=1509591
2026-09-16T23:13:58.709254Z DEBUG aiur::gpu_trace: CPU trace: circuit lacks generated CUDA coverage circuit=19 rows=53132
2026-09-16T23:13:58.709457Z DEBUG aiur::gpu_trace: CPU trace: circuit lacks generated CUDA coverage circuit=122 rows=1676534
2026-09-16T23:13:58.709637Z DEBUG aiur::gpu_trace: CPU trace: circuit lacks generated CUDA coverage circuit=113 rows=1850721
2026-09-16T23:13:58.709797Z DEBUG aiur::gpu_trace: CPU trace: circuit lacks generated CUDA coverage circuit=125 rows=538318
2026-09-16T23:13:58.709950Z DEBUG aiur::gpu_trace: CPU trace: circuit lacks generated CUDA coverage circuit=116 rows=961712
2026-09-16T23:13:58.710169Z DEBUG aiur::gpu_trace: CPU trace: circuit lacks generated CUDA coverage circuit=132 rows=1364805
2026-09-16T23:13:58.710335Z DEBUG aiur::gpu_trace: CPU trace: circuit lacks generated CUDA coverage circuit=126 rows=437729
2026-09-16T23:13:58.710368Z DEBUG aiur::gpu_trace: CPU trace: circuit lacks generated CUDA coverage circuit=147 rows=285969
2026-09-16T23:13:58.710568Z DEBUG aiur::gpu_trace: CPU trace: circuit lacks generated CUDA coverage circuit=37 rows=858034
2026-09-16T23:13:58.714247Z DEBUG aiur::gpu_trace: CPU trace: circuit lacks generated CUDA coverage circuit=44 rows=249606
2026-09-16T23:13:58.721881Z DEBUG aiur::gpu_trace: CPU trace: circuit lacks generated CUDA coverage circuit=134 rows=295238
2026-09-16T23:13:58.733130Z DEBUG aiur::gpu_trace: CPU trace: circuit lacks generated CUDA coverage circuit=150 rows=1255693
2026-09-16T23:13:58.735564Z DEBUG aiur::gpu_trace: CPU trace: circuit lacks generated CUDA coverage circuit=151 rows=909410
2026-09-16T23:13:58.737487Z DEBUG aiur::gpu_trace: CPU trace: circuit lacks generated CUDA coverage circuit=137 rows=304108
2026-09-16T23:13:58.738774Z DEBUG aiur::gpu_trace: CPU trace: circuit lacks generated CUDA coverage circuit=138 rows=844040
2026-09-16T23:13:58.738839Z DEBUG aiur/codegen_seeds{circuit=140 rows=540493}: aiur::gpu_trace: CPU trace: circuit lacks generated CUDA coverage circuit=135 rows=4327
2026-09-16T23:13:59.616350Z DEBUG aiur/codegen_seeds{circuit=88 rows=3001118}: aiur::trace_codegen::cuda: prepared generated CUDA trace circuit=88 rows=3001118 width=10 seed_bytes=144053664 seed_spans=46
2026-09-16T23:13:59.679212Z DEBUG aiur/codegen_seeds{circuit=178 rows=4158809}: aiur::trace_codegen::cuda: prepared generated CUDA trace circuit=178 rows=4158809 width=10 seed_bytes=199622832 seed_spans=64
2026-09-16T23:13:59.688584Z DEBUG aiur/codegen_seeds{circuit=180 rows=3602210}: aiur::trace_codegen::cuda: prepared generated CUDA trace circuit=180 rows=3602210 width=8 seed_bytes=172906080 seed_spans=55
2026-09-16T23:13:59.699889Z DEBUG aiur/codegen_seeds{circuit=45 rows=1579511}: aiur::trace_codegen::cuda: prepared generated CUDA trace circuit=45 rows=1579511 width=26 seed_bytes=277993936 seed_spans=25
2026-09-16T23:13:59.709110Z DEBUG aiur/codegen_seeds{circuit=140 rows=540493}: aiur::trace_codegen::cuda: prepared generated CUDA trace circuit=140 rows=540493 width=25 seed_bytes=19479240 seed_spans=10
2026-09-16T23:14:00.175621Z DEBUG aiur::gpu_trace: CPU trace: circuit lacks generated CUDA coverage circuit=0 rows=162420
2026-09-16T23:14:00.175645Z DEBUG aiur::gpu_trace: CPU trace: circuit lacks generated CUDA coverage circuit=28 rows=1817
2026-09-16T23:14:00.175647Z DEBUG aiur::gpu_trace: CPU trace: circuit lacks generated CUDA coverage circuit=1 rows=18432
2026-09-16T23:14:00.175671Z DEBUG aiur::gpu_trace: CPU trace: circuit lacks generated CUDA coverage circuit=66 rows=629
2026-09-16T23:14:00.175670Z DEBUG aiur::gpu_trace: CPU trace: circuit lacks generated CUDA coverage circuit=4 rows=18957
2026-09-16T23:14:00.175677Z DEBUG aiur::gpu_trace: CPU trace: circuit lacks generated CUDA coverage circuit=18 rows=14298
2026-09-16T23:14:00.175677Z DEBUG aiur::gpu_trace: CPU trace: circuit lacks generated CUDA coverage circuit=31 rows=2621
2026-09-16T23:14:00.175678Z DEBUG aiur::gpu_trace: CPU trace: circuit lacks generated CUDA coverage circuit=25 rows=44061
2026-09-16T23:14:00.175672Z DEBUG aiur::gpu_trace: CPU trace: circuit lacks generated CUDA coverage circuit=76 rows=47808
2026-09-16T23:14:00.175679Z DEBUG aiur::gpu_trace: CPU trace: circuit lacks generated CUDA coverage circuit=2 rows=153453
2026-09-16T23:14:00.175709Z DEBUG aiur::gpu_trace: CPU trace: circuit lacks generated CUDA coverage circuit=114 rows=597833
2026-09-16T23:14:00.175679Z DEBUG aiur::gpu_trace: CPU trace: circuit lacks generated CUDA coverage circuit=127 rows=434509
2026-09-16T23:14:00.175672Z DEBUG aiur::gpu_trace: CPU trace: circuit lacks generated CUDA coverage circuit=9 rows=33736
2026-09-16T23:14:00.175676Z DEBUG aiur::gpu_trace: CPU trace: circuit lacks generated CUDA coverage circuit=51 rows=17021
2026-09-16T23:14:00.176001Z DEBUG aiur::gpu_trace: CPU trace: circuit lacks generated CUDA coverage circuit=55 rows=4178
2026-09-16T23:14:00.176032Z DEBUG aiur::gpu_trace: CPU trace: circuit lacks generated CUDA coverage circuit=14 rows=793076
2026-09-16T23:14:00.176061Z DEBUG aiur::gpu_trace: CPU trace: circuit lacks generated CUDA coverage circuit=141 rows=302459
2026-09-16T23:14:00.176141Z DEBUG aiur::gpu_trace: CPU trace: circuit lacks generated CUDA coverage circuit=10 rows=33570
2026-09-16T23:14:00.176214Z DEBUG aiur::gpu_trace: CPU trace: circuit lacks generated CUDA coverage circuit=154 rows=28644
2026-09-16T23:14:00.176213Z DEBUG aiur::gpu_trace: CPU trace: circuit lacks generated CUDA coverage circuit=39 rows=191507
2026-09-16T23:14:00.176268Z DEBUG aiur::gpu_trace: CPU trace: circuit lacks generated CUDA coverage circuit=30 rows=13216
2026-09-16T23:14:00.176339Z DEBUG aiur::gpu_trace: CPU trace: circuit lacks generated CUDA coverage circuit=27 rows=1549
2026-09-16T23:14:00.176402Z DEBUG aiur::gpu_trace: CPU trace: circuit lacks generated CUDA coverage circuit=103 rows=327531
2026-09-16T23:14:00.176450Z DEBUG aiur::gpu_trace: CPU trace: circuit lacks generated CUDA coverage circuit=11 rows=112011
2026-09-16T23:14:00.176499Z DEBUG aiur::gpu_trace: CPU trace: circuit lacks generated CUDA coverage circuit=59 rows=99846
2026-09-16T23:14:00.176508Z DEBUG aiur::gpu_trace: CPU trace: circuit lacks generated CUDA coverage circuit=23 rows=54100
2026-09-16T23:14:00.176543Z DEBUG aiur::gpu_trace: CPU trace: circuit lacks generated CUDA coverage circuit=17 rows=14235
2026-09-16T23:14:00.176632Z DEBUG aiur::gpu_trace: CPU trace: circuit lacks generated CUDA coverage circuit=65 rows=91747
2026-09-16T23:14:00.176634Z DEBUG aiur::gpu_trace: CPU trace: circuit lacks generated CUDA coverage circuit=72 rows=11125
2026-09-16T23:14:00.176932Z DEBUG aiur::gpu_trace: CPU trace: circuit lacks generated CUDA coverage circuit=74 rows=737
2026-09-16T23:14:00.178436Z DEBUG aiur::gpu_trace: CPU trace: circuit lacks generated CUDA coverage circuit=82 rows=122500
2026-09-16T23:14:00.178689Z DEBUG aiur::gpu_trace: CPU trace: circuit lacks generated CUDA coverage circuit=86 rows=10372
2026-09-16T23:14:00.179053Z DEBUG aiur::gpu_trace: CPU trace: circuit lacks generated CUDA coverage circuit=73 rows=24412
2026-09-16T23:14:00.180209Z DEBUG aiur::gpu_trace: CPU trace: circuit lacks generated CUDA coverage circuit=92 rows=101041
2026-09-16T23:14:00.184627Z DEBUG aiur::gpu_trace: CPU trace: circuit lacks generated CUDA coverage circuit=5 rows=270
2026-09-16T23:14:00.185358Z DEBUG aiur::gpu_trace: CPU trace: circuit lacks generated CUDA coverage circuit=121 rows=460545
2026-09-16T23:14:00.186888Z DEBUG aiur::gpu_trace: CPU trace: circuit lacks generated CUDA coverage circuit=104 rows=211082
2026-09-16T23:14:00.194535Z DEBUG aiur::gpu_trace: CPU trace: circuit lacks generated CUDA coverage circuit=155 rows=34309
2026-09-16T23:14:00.199863Z DEBUG aiur/codegen_seeds{circuit=6 rows=17820}: aiur::trace_codegen::cuda: prepared generated CUDA trace circuit=6 rows=17820 width=63 seed_bytes=3289032 seed_spans=4
2026-09-16T23:14:00.199893Z DEBUG aiur::gpu_trace: CPU trace: circuit lacks generated CUDA coverage circuit=7 rows=37830
2026-09-16T23:14:00.205376Z DEBUG aiur::gpu_trace: CPU trace: circuit lacks generated CUDA coverage circuit=52 rows=170568
2026-09-16T23:14:00.208777Z DEBUG aiur::gpu_trace: CPU trace: circuit lacks generated CUDA coverage circuit=133 rows=284408
2026-09-16T23:14:00.216387Z DEBUG aiur::gpu_trace: CPU trace: circuit lacks generated CUDA coverage circuit=8 rows=26243
2026-09-16T23:14:00.220269Z DEBUG aiur::gpu_trace: CPU trace: circuit lacks generated CUDA coverage circuit=80 rows=42321
2026-09-16T23:14:00.220279Z DEBUG aiur::gpu_trace: CPU trace: circuit lacks generated CUDA coverage circuit=157 rows=219356
2026-09-16T23:14:00.228321Z DEBUG aiur::gpu_trace: CPU trace: circuit lacks generated CUDA coverage circuit=130 rows=255769
2026-09-16T23:14:00.228959Z DEBUG aiur::gpu_trace: CPU trace: circuit lacks generated CUDA coverage circuit=78 rows=6731
2026-09-16T23:14:00.236146Z DEBUG aiur::gpu_trace: CPU trace: circuit lacks generated CUDA coverage circuit=136 rows=19762
2026-09-16T23:14:00.240599Z DEBUG aiur::gpu_trace: CPU trace: circuit lacks generated CUDA coverage circuit=146 rows=98985
2026-09-16T23:14:00.240631Z DEBUG aiur::gpu_trace: CPU trace: circuit lacks generated CUDA coverage circuit=139 rows=269295
2026-09-16T23:14:00.243167Z DEBUG aiur::gpu_trace: CPU trace: circuit lacks generated CUDA coverage circuit=128 rows=280069
2026-09-16T23:14:00.251239Z DEBUG aiur::gpu_trace: CPU trace: circuit lacks generated CUDA coverage circuit=81 rows=109094
2026-09-16T23:14:00.255361Z DEBUG aiur/codegen_seeds{circuit=32 rows=218051}: aiur::trace_codegen::cuda: prepared generated CUDA trace circuit=32 rows=218051 width=21 seed_bytes=9395624 seed_spans=7
2026-09-16T23:14:00.255443Z DEBUG aiur::gpu_trace: CPU trace: circuit lacks generated CUDA coverage circuit=35 rows=66945
2026-09-16T23:14:00.269465Z DEBUG aiur::gpu_trace: CPU trace: circuit lacks generated CUDA coverage circuit=41 rows=492517
2026-09-16T23:14:00.271034Z DEBUG aiur::gpu_trace: CPU trace: circuit lacks generated CUDA coverage circuit=46 rows=180256
2026-09-16T23:14:00.291633Z DEBUG aiur::gpu_trace: CPU trace: circuit lacks generated CUDA coverage circuit=131 rows=464979
2026-09-16T23:14:00.306238Z DEBUG aiur::gpu_trace: CPU trace: circuit lacks generated CUDA coverage circuit=181 rows=322610
2026-09-16T23:14:00.340754Z DEBUG aiur::gpu_trace: CPU trace: circuit lacks generated CUDA coverage circuit=149 rows=267179
2026-09-16T23:14:00.343896Z DEBUG aiur::gpu_trace: CPU trace: circuit lacks generated CUDA coverage circuit=148 rows=292072
2026-09-16T23:14:00.345565Z DEBUG aiur::gpu_trace: CPU trace: circuit lacks generated CUDA coverage circuit=123 rows=221681
2026-09-16T23:14:00.348371Z DEBUG aiur::gpu_trace: CPU trace: circuit lacks generated CUDA coverage circuit=93 rows=19709
2026-09-16T23:14:00.380607Z DEBUG aiur::gpu_trace: CPU trace: circuit lacks generated CUDA coverage circuit=129 rows=397753
2026-09-16T23:14:00.382821Z DEBUG aiur::gpu_trace: CPU trace: circuit lacks generated CUDA coverage circuit=47 rows=235340
2026-09-16T23:14:00.383782Z DEBUG aiur::gpu_trace: CPU trace: circuit lacks generated CUDA coverage circuit=53 rows=14613
2026-09-16T23:14:00.411768Z DEBUG aiur::gpu_trace: CPU trace: circuit lacks generated CUDA coverage circuit=94 rows=20688
2026-09-16T23:14:00.422424Z DEBUG aiur::gpu_trace: CPU trace: circuit lacks generated CUDA coverage circuit=49 rows=117560
2026-09-16T23:14:00.428301Z DEBUG aiur::gpu_trace: CPU trace: circuit lacks generated CUDA coverage circuit=182 rows=482112
2026-09-16T23:14:00.475805Z DEBUG aiur::gpu_trace: CPU trace: circuit lacks generated CUDA coverage circuit=95 rows=30509
2026-09-16T23:14:00.515620Z DEBUG aiur::gpu_trace: CPU trace: circuit lacks generated CUDA coverage circuit=158 rows=12623
2026-09-16T23:14:00.518565Z DEBUG aiur::gpu_trace: CPU trace: circuit lacks generated CUDA coverage circuit=159 rows=23171
2026-09-16T23:14:00.529861Z DEBUG aiur::gpu_trace: CPU trace: circuit lacks generated CUDA coverage circuit=96 rows=82447
2026-09-16T23:14:00.536469Z DEBUG aiur::gpu_trace: CPU trace: circuit lacks generated CUDA coverage circuit=50 rows=1207
2026-09-16T23:14:00.544510Z DEBUG aiur::gpu_trace: CPU trace: circuit lacks generated CUDA coverage circuit=48 rows=18047
2026-09-16T23:14:00.553955Z DEBUG aiur::gpu_trace: CPU trace: circuit lacks generated CUDA coverage circuit=163 rows=149601
2026-09-16T23:14:00.569080Z DEBUG aiur::gpu_trace: CPU trace: circuit lacks generated CUDA coverage circuit=160 rows=28285
2026-09-16T23:14:00.582459Z DEBUG aiur::gpu_trace: CPU trace: circuit lacks generated CUDA coverage circuit=161 rows=176127
2026-09-16T23:14:00.584871Z DEBUG aiur::gpu_trace: CPU trace: circuit lacks generated CUDA coverage circuit=43 rows=74208
2026-09-16T23:14:00.589495Z DEBUG aiur::gpu_trace: CPU trace: circuit lacks generated CUDA coverage circuit=164 rows=836789
2026-09-16T23:14:00.595241Z DEBUG aiur::gpu_trace: CPU trace: circuit lacks generated CUDA coverage circuit=143 rows=269496
2026-09-16T23:14:00.604870Z DEBUG aiur::gpu_trace: CPU trace: circuit lacks generated CUDA coverage circuit=142 rows=364189
2026-09-16T23:14:00.606348Z DEBUG aiur::gpu_trace: CPU trace: circuit lacks generated CUDA coverage circuit=98 rows=233884
2026-09-16T23:14:00.609879Z DEBUG aiur::gpu_trace: CPU trace: circuit lacks generated CUDA coverage circuit=100 rows=323504
2026-09-16T23:14:00.615794Z DEBUG aiur/codegen_seeds{circuit=124 rows=64132}: aiur::trace_codegen::cuda: prepared generated CUDA trace circuit=124 rows=64132 width=98 seed_bytes=14951040 seed_spans=2
2026-09-16T23:14:00.723825Z DEBUG aiur::gpu_trace: CPU trace: circuit lacks generated CUDA coverage circuit=99 rows=328143
2026-09-16T23:14:00.734339Z DEBUG aiur::gpu_trace: CPU trace: circuit lacks generated CUDA coverage circuit=144 rows=269603
2026-09-16T23:14:00.734651Z DEBUG aiur::gpu_trace: CPU trace: circuit lacks generated CUDA coverage circuit=145 rows=305191
2026-09-16T23:14:02.325694Z DEBUG aiur::gpu_trace: CPU trace: circuit lacks generated CUDA coverage circuit=90 rows=88211
2026-09-16T23:14:02.326226Z DEBUG aiur/codegen_seeds{circuit=56 rows=99}: aiur::trace_codegen::cuda: prepared generated CUDA trace circuit=56 rows=99 width=49 seed_bytes=7920 seed_spans=1
2026-09-16T23:14:02.326417Z DEBUG aiur::gpu_trace: CPU trace: circuit lacks generated CUDA coverage circuit=79 rows=2
2026-09-16T23:14:02.327815Z DEBUG aiur::gpu_trace: CPU trace: circuit lacks generated CUDA coverage circuit=176 rows=1
2026-09-16T23:14:02.387346Z DEBUG aiur/codegen_seeds{circuit=16 rows=1048576}: aiur::trace_codegen::cuda: prepared generated CUDA trace circuit=16 rows=1048576 width=533 seed_bytes=184549376 seed_spans=16
2026-09-16T23:14:02.621591Z DEBUG aiur/codegen_seeds{circuit=117 rows=15066656}: aiur::trace_codegen::cuda: prepared generated CUDA trace circuit=117 rows=15066656 width=15 seed_bytes=723199488 seed_spans=230
2026-09-16T23:14:02.622396Z DEBUG aiur::gpu_trace: CPU trace: circuit lacks generated CUDA coverage circuit=58 rows=2177
2026-09-16T23:14:02.622402Z DEBUG aiur::gpu_trace: CPU trace: circuit lacks generated CUDA coverage circuit=153 rows=1191
2026-09-16T23:14:02.622404Z DEBUG aiur::gpu_trace: CPU trace: circuit lacks generated CUDA coverage circuit=3 rows=9
2026-09-16T23:14:02.622638Z DEBUG aiur/codegen_seeds{circuit=63 rows=106}: aiur::trace_codegen::cuda: prepared generated CUDA trace circuit=63 rows=106 width=68 seed_bytes=22048 seed_spans=1
2026-09-16T23:14:02.623220Z DEBUG aiur::gpu_trace: CPU trace: circuit lacks generated CUDA coverage circuit=22 rows=29
2026-09-16T23:14:02.624889Z DEBUG aiur::gpu_trace: CPU trace: circuit lacks generated CUDA coverage circuit=156 rows=375191
2026-09-16T23:14:02.625164Z DEBUG aiur::gpu_trace: CPU trace: circuit lacks generated CUDA coverage circuit=91 rows=4931554
2026-09-16T23:14:02.688568Z DEBUG aiur/codegen_seeds{circuit=16 rows=1048576}: aiur::trace_codegen::cuda: prepared generated CUDA trace circuit=16 rows=1048576 width=533 seed_bytes=184549376 seed_spans=16
2026-09-16T23:14:05.169831Z DEBUG aiur::gpu_trace: CPU trace: circuit lacks generated CUDA coverage circuit=26 rows=6
2026-09-16T23:14:05.170295Z DEBUG aiur::gpu_trace: CPU trace: circuit lacks generated CUDA coverage circuit=34 rows=907035
2026-09-16T23:14:05.171230Z DEBUG aiur::gpu_trace: CPU trace: circuit lacks generated CUDA coverage circuit=60 rows=65
2026-09-16T23:14:05.171874Z DEBUG aiur::gpu_trace: CPU trace: circuit lacks generated CUDA coverage circuit=84 rows=5
2026-09-16T23:14:05.213763Z DEBUG aiur/codegen_seeds{circuit=16 rows=1048576}: aiur::trace_codegen::cuda: prepared generated CUDA trace circuit=16 rows=1048576 width=533 seed_bytes=184549376 seed_spans=16
2026-09-16T23:14:05.789410Z DEBUG aiur/codegen_seeds{circuit=12 rows=16777216}: aiur::trace_codegen::cuda: prepared generated CUDA trace circuit=12 rows=16777216 width=17 seed_bytes=1342177280 seed_spans=256
2026-09-16T23:14:08.203664Z DEBUG aiur::gpu_trace: CPU trace: circuit lacks generated CUDA coverage circuit=89 rows=127640
2026-09-16T23:14:08.204299Z DEBUG aiur::gpu_trace: CPU trace: circuit lacks generated CUDA coverage circuit=64 rows=38
2026-09-16T23:14:08.205624Z DEBUG aiur::gpu_trace: CPU trace: circuit lacks generated CUDA coverage circuit=57 rows=98
2026-09-16T23:14:08.205879Z DEBUG aiur::gpu_trace: CPU trace: circuit lacks generated CUDA coverage circuit=68 rows=16
2026-09-16T23:14:08.770739Z DEBUG aiur/codegen_seeds{circuit=119 rows=11635949}: aiur::trace_codegen::cuda: prepared generated CUDA trace circuit=119 rows=11635949 width=20 seed_bytes=651613144 seed_spans=178
2026-09-16T23:14:08.809958Z DEBUG aiur/codegen_seeds{circuit=38 rows=4479712}: aiur::trace_codegen::cuda: prepared generated CUDA trace circuit=38 rows=4479712 width=27 seed_bytes=824267008 seed_spans=69
2026-09-16T23:14:08.961179Z DEBUG aiur/codegen_seeds{circuit=42 rows=6583335}: aiur::trace_codegen::cuda: prepared generated CUDA trace circuit=42 rows=6583335 width=49 seed_bytes=1790667120 seed_spans=107
2026-09-16T23:14:10.913779Z DEBUG aiur::gpu_trace: CPU trace: circuit lacks generated CUDA coverage circuit=77 rows=2
2026-09-16T23:14:10.914374Z DEBUG aiur::gpu_trace: CPU trace: circuit lacks generated CUDA coverage circuit=69 rows=15
2026-09-16T23:14:10.914735Z DEBUG aiur::gpu_trace: CPU trace: circuit lacks generated CUDA coverage circuit=70 rows=16
2026-09-16T23:14:10.914938Z DEBUG aiur::gpu_trace: CPU trace: circuit lacks generated CUDA coverage circuit=71 rows=16
2026-09-16T23:14:10.915076Z DEBUG aiur::gpu_trace: CPU trace: circuit lacks generated CUDA coverage circuit=152 rows=650998
2026-09-16T23:14:10.915788Z DEBUG aiur::gpu_trace: CPU trace: circuit lacks generated CUDA coverage circuit=75 rows=4
2026-09-16T23:14:10.915833Z DEBUG aiur::gpu_trace: CPU trace: circuit lacks generated CUDA coverage circuit=97 rows=232051
2026-09-16T23:14:11.325768Z DEBUG aiur/codegen_seeds{circuit=170 rows=11286266}: aiur::trace_codegen::cuda: prepared generated CUDA trace circuit=170 rows=11286266 width=11 seed_bytes=451450640 seed_spans=173
2026-09-16T23:14:11.358824Z DEBUG aiur/codegen_seeds{circuit=112 rows=6260162}: aiur::trace_codegen::cuda: prepared generated CUDA trace circuit=112 rows=6260162 width=31 seed_bytes=450731664 seed_spans=96
2026-09-16T23:14:11.372388Z DEBUG aiur/codegen_seeds{circuit=107 rows=7689358}: aiur::trace_codegen::cuda: prepared generated CUDA trace circuit=107 rows=7689358 width=23 seed_bytes=430604048 seed_spans=118
2026-09-16T23:14:11.410595Z DEBUG aiur/codegen_seeds{circuit=36 rows=6598250}: aiur::trace_codegen::cuda: prepared generated CUDA trace circuit=36 rows=6598250 width=25 seed_bytes=633432000 seed_spans=101
2026-09-16T23:14:14.592564Z DEBUG aiur::gpu_trace: CPU trace: circuit lacks generated CUDA coverage circuit=40 rows=120138
2026-09-16T23:14:14.857025Z DEBUG aiur/codegen_seeds{circuit=102 rows=1879966}: aiur::trace_codegen::cuda: prepared generated CUDA trace circuit=102 rows=1879966 width=43 seed_bytes=75198640 seed_spans=29
2026-09-16T23:14:14.889211Z DEBUG aiur/codegen_seeds{circuit=162 rows=2106830}: aiur::trace_codegen::cuda: prepared generated CUDA trace circuit=162 rows=2106830 width=33 seed_bytes=252819600 seed_spans=33
2026-09-16T23:14:14.933432Z DEBUG aiur/codegen_seeds{circuit=101 rows=6980607}: aiur::trace_codegen::cuda: prepared generated CUDA trace circuit=101 rows=6980607 width=19 seed_bytes=446758848 seed_spans=107
2026-09-16T23:14:14.940982Z DEBUG aiur/codegen_seeds{circuit=12 rows=6325048}: aiur::trace_codegen::cuda: prepared generated CUDA trace circuit=12 rows=6325048 width=17 seed_bytes=506003840 seed_spans=97
2026-09-16T23:14:17.808325Z DEBUG aiur::gpu_trace: CPU trace: circuit lacks generated CUDA coverage circuit=61 rows=6422
2026-09-16T23:14:17.808828Z DEBUG aiur::gpu_trace: CPU trace: circuit lacks generated CUDA coverage circuit=62 rows=184
2026-09-16T23:14:17.809502Z DEBUG aiur::gpu_trace: CPU trace: circuit lacks generated CUDA coverage circuit=85 rows=585
2026-09-16T23:14:18.304004Z DEBUG aiur/codegen_seeds{circuit=111 rows=6505080}: aiur::trace_codegen::cuda: prepared generated CUDA trace circuit=111 rows=6505080 width=11 seed_bytes=260203200 seed_spans=100
2026-09-16T23:14:18.333238Z DEBUG aiur/codegen_seeds{circuit=13 rows=339773}: aiur::trace_codegen::cuda: prepared generated CUDA trace circuit=13 rows=339773 width=195 seed_bytes=288127504 seed_spans=18
2026-09-16T23:14:18.344574Z DEBUG aiur/codegen_seeds{circuit=118 rows=3703715}: aiur::trace_codegen::cuda: prepared generated CUDA trace circuit=118 rows=3703715 width=10 seed_bytes=177778320 seed_spans=57
2026-09-16T23:14:18.344736Z DEBUG aiur/codegen_seeds{circuit=183 rows=7486634}: aiur::trace_codegen::cuda: prepared generated CUDA trace circuit=183 rows=7486634 width=10 seed_bytes=359358432 seed_spans=115
2026-09-16T23:14:18.345323Z DEBUG aiur/codegen_seeds{circuit=177 rows=6798544}: aiur::trace_codegen::cuda: prepared generated CUDA trace circuit=177 rows=6798544 width=10 seed_bytes=326330112 seed_spans=104
2026-09-16T23:14:18.351062Z DEBUG aiur/codegen_seeds{circuit=106 rows=7882444}: aiur::trace_codegen::cuda: prepared generated CUDA trace circuit=106 rows=7882444 width=9 seed_bytes=252238208 seed_spans=121
2026-09-16T23:14:18.433161Z DEBUG aiur/codegen_seeds{circuit=33 rows=7366504}: aiur::trace_codegen::cuda: prepared generated CUDA trace circuit=33 rows=7366504 width=18 seed_bytes=825048448 seed_spans=113
2026-09-16T23:14:21.346753Z DEBUG aiur::gpu_trace: CPU trace: circuit lacks generated CUDA coverage circuit=120 rows=2586271
2026-09-16T23:14:21.346755Z DEBUG aiur::gpu_trace: CPU trace: circuit lacks generated CUDA coverage circuit=108 rows=905603
2026-09-16T23:14:21.347774Z DEBUG aiur::gpu_trace: CPU trace: circuit lacks generated CUDA coverage circuit=167 rows=1992255
2026-09-16T23:14:21.347782Z DEBUG aiur::gpu_trace: CPU trace: circuit lacks generated CUDA coverage circuit=20 rows=528891
2026-09-16T23:14:21.348402Z DEBUG aiur::gpu_trace: CPU trace: circuit lacks generated CUDA coverage circuit=83 rows=28481
2026-09-16T23:14:21.348557Z DEBUG aiur::gpu_trace: CPU trace: circuit lacks generated CUDA coverage circuit=67 rows=3047
2026-09-16T23:14:21.349432Z DEBUG aiur::gpu_trace: CPU trace: circuit lacks generated CUDA coverage circuit=24 rows=560736
2026-09-16T23:14:21.349678Z DEBUG aiur::gpu_trace: CPU trace: circuit lacks generated CUDA coverage circuit=109 rows=3151977
2026-09-16T23:14:21.349898Z DEBUG aiur::gpu_trace: CPU trace: circuit lacks generated CUDA coverage circuit=110 rows=2638124
2026-09-16T23:14:21.350120Z DEBUG aiur::gpu_trace: CPU trace: circuit lacks generated CUDA coverage circuit=168 rows=1611823
2026-09-16T23:14:21.925894Z DEBUG aiur/codegen_seeds{circuit=16 rows=79824}: aiur::trace_codegen::cuda: prepared generated CUDA trace circuit=16 rows=79824 width=533 seed_bytes=14049024 seed_spans=2
2026-09-16T23:14:21.951822Z DEBUG aiur/codegen_seeds{circuit=15 rows=345283}: aiur::trace_codegen::cuda: prepared generated CUDA trace circuit=15 rows=345283 width=177 seed_bytes=140875464 seed_spans=9
2026-09-16T23:14:21.960734Z DEBUG aiur/codegen_seeds{circuit=54 rows=3652594}: aiur::trace_codegen::cuda: prepared generated CUDA trace circuit=54 rows=3652594 width=11 seed_bytes=204545264 seed_spans=56
2026-09-16T23:14:24.888001Z DEBUG aiur::gpu_trace: CPU trace: circuit lacks generated CUDA coverage circuit=179 rows=3061159
2026-09-16T23:14:24.888006Z DEBUG aiur::gpu_trace: CPU trace: circuit lacks generated CUDA coverage circuit=166 rows=1683279
2026-09-16T23:14:24.888006Z DEBUG aiur::gpu_trace: CPU trace: circuit lacks generated CUDA coverage circuit=44 rows=249606
2026-09-16T23:14:24.888008Z DEBUG aiur::gpu_trace: CPU trace: circuit lacks generated CUDA coverage circuit=169 rows=1404773
2026-09-16T23:14:24.888512Z DEBUG aiur::gpu_trace: CPU trace: circuit lacks generated CUDA coverage circuit=115 rows=1509591
2026-09-16T23:14:24.888767Z DEBUG aiur::gpu_trace: CPU trace: circuit lacks generated CUDA coverage circuit=105 rows=479743
2026-09-16T23:14:24.889058Z DEBUG aiur::gpu_trace: CPU trace: circuit lacks generated CUDA coverage circuit=19 rows=53132
2026-09-16T23:14:24.889668Z DEBUG aiur::gpu_trace: CPU trace: circuit lacks generated CUDA coverage circuit=116 rows=961712
2026-09-16T23:14:24.889791Z DEBUG aiur::gpu_trace: CPU trace: circuit lacks generated CUDA coverage circuit=37 rows=858034
2026-09-16T23:14:24.889828Z DEBUG aiur::gpu_trace: CPU trace: circuit lacks generated CUDA coverage circuit=147 rows=285969
2026-09-16T23:14:24.889988Z DEBUG aiur::gpu_trace: CPU trace: circuit lacks generated CUDA coverage circuit=134 rows=295238
2026-09-16T23:14:24.890074Z DEBUG aiur::gpu_trace: CPU trace: circuit lacks generated CUDA coverage circuit=150 rows=1255693
2026-09-16T23:14:24.890102Z DEBUG aiur::gpu_trace: CPU trace: circuit lacks generated CUDA coverage circuit=135 rows=4327
2026-09-16T23:14:24.890124Z DEBUG aiur::gpu_trace: CPU trace: circuit lacks generated CUDA coverage circuit=151 rows=909410
2026-09-16T23:14:24.890192Z DEBUG aiur::gpu_trace: CPU trace: circuit lacks generated CUDA coverage circuit=138 rows=844040
2026-09-16T23:14:24.890216Z DEBUG aiur::gpu_trace: CPU trace: circuit lacks generated CUDA coverage circuit=113 rows=1850721
2026-09-16T23:14:24.890266Z DEBUG aiur::gpu_trace: CPU trace: circuit lacks generated CUDA coverage circuit=122 rows=1676534
2026-09-16T23:14:24.890349Z DEBUG aiur::gpu_trace: CPU trace: circuit lacks generated CUDA coverage circuit=132 rows=1364805
2026-09-16T23:14:24.890458Z DEBUG aiur::gpu_trace: CPU trace: circuit lacks generated CUDA coverage circuit=137 rows=304108
2026-09-16T23:14:24.890930Z DEBUG aiur::gpu_trace: CPU trace: circuit lacks generated CUDA coverage circuit=184 rows=158891
2026-09-16T23:14:24.904416Z DEBUG aiur::gpu_trace: CPU trace: circuit lacks generated CUDA coverage circuit=125 rows=538318
2026-09-16T23:14:25.421507Z DEBUG aiur::gpu_trace: CPU trace: circuit lacks generated CUDA coverage circuit=126 rows=437729
2026-09-16T23:14:25.839191Z DEBUG aiur/codegen_seeds{circuit=140 rows=540493}: aiur::trace_codegen::cuda: prepared generated CUDA trace circuit=140 rows=540493 width=25 seed_bytes=19479240 seed_spans=10
2026-09-16T23:14:25.855818Z DEBUG aiur/codegen_seeds{circuit=88 rows=3001118}: aiur::trace_codegen::cuda: prepared generated CUDA trace circuit=88 rows=3001118 width=10 seed_bytes=144053664 seed_spans=46
2026-09-16T23:14:25.860472Z DEBUG aiur/codegen_seeds{circuit=180 rows=3602210}: aiur::trace_codegen::cuda: prepared generated CUDA trace circuit=180 rows=3602210 width=8 seed_bytes=172906080 seed_spans=55
2026-09-16T23:14:25.866903Z DEBUG aiur/codegen_seeds{circuit=178 rows=4158809}: aiur::trace_codegen::cuda: prepared generated CUDA trace circuit=178 rows=4158809 width=10 seed_bytes=199622832 seed_spans=64
2026-09-16T23:14:25.884063Z DEBUG aiur/codegen_seeds{circuit=45 rows=1579511}: aiur::trace_codegen::cuda: prepared generated CUDA trace circuit=45 rows=1579511 width=26 seed_bytes=277993936 seed_spans=25
2026-09-16T23:14:28.861659Z DEBUG aiur::gpu_trace: CPU trace: circuit lacks generated CUDA coverage circuit=0 rows=162420
2026-09-16T23:14:28.861665Z DEBUG aiur::gpu_trace: CPU trace: circuit lacks generated CUDA coverage circuit=1 rows=18432
2026-09-16T23:14:28.861688Z DEBUG aiur::gpu_trace: CPU trace: circuit lacks generated CUDA coverage circuit=127 rows=434509
2026-09-16T23:14:28.861690Z DEBUG aiur::gpu_trace: CPU trace: circuit lacks generated CUDA coverage circuit=18 rows=14298
2026-09-16T23:14:28.861699Z DEBUG aiur::gpu_trace: CPU trace: circuit lacks generated CUDA coverage circuit=114 rows=597833
2026-09-16T23:14:28.861688Z DEBUG aiur::gpu_trace: CPU trace: circuit lacks generated CUDA coverage circuit=51 rows=17021
2026-09-16T23:14:28.861688Z DEBUG aiur::gpu_trace: CPU trace: circuit lacks generated CUDA coverage circuit=25 rows=44061
2026-09-16T23:14:28.861688Z DEBUG aiur::gpu_trace: CPU trace: circuit lacks generated CUDA coverage circuit=76 rows=47808
2026-09-16T23:14:28.861692Z DEBUG aiur::gpu_trace: CPU trace: circuit lacks generated CUDA coverage circuit=159 rows=23171
2026-09-16T23:14:28.861687Z DEBUG aiur::gpu_trace: CPU trace: circuit lacks generated CUDA coverage circuit=130 rows=255769
2026-09-16T23:14:28.861700Z DEBUG aiur::gpu_trace: CPU trace: circuit lacks generated CUDA coverage circuit=14 rows=793076
2026-09-16T23:14:28.861699Z DEBUG aiur::gpu_trace: CPU trace: circuit lacks generated CUDA coverage circuit=133 rows=284408
2026-09-16T23:14:28.861688Z DEBUG aiur::gpu_trace: CPU trace: circuit lacks generated CUDA coverage circuit=182 rows=482112
2026-09-16T23:14:28.861702Z DEBUG aiur::gpu_trace: CPU trace: circuit lacks generated CUDA coverage circuit=2 rows=153453
2026-09-16T23:14:28.862188Z DEBUG aiur::gpu_trace: CPU trace: circuit lacks generated CUDA coverage circuit=17 rows=14235
2026-09-16T23:14:28.862301Z DEBUG aiur::gpu_trace: CPU trace: circuit lacks generated CUDA coverage circuit=4 rows=18957
2026-09-16T23:14:28.862331Z DEBUG aiur::gpu_trace: CPU trace: circuit lacks generated CUDA coverage circuit=103 rows=327531
2026-09-16T23:14:28.862338Z DEBUG aiur::gpu_trace: CPU trace: circuit lacks generated CUDA coverage circuit=141 rows=302459
2026-09-16T23:14:28.862338Z DEBUG aiur::gpu_trace: CPU trace: circuit lacks generated CUDA coverage circuit=154 rows=28644
2026-09-16T23:14:28.862418Z DEBUG aiur::gpu_trace: CPU trace: circuit lacks generated CUDA coverage circuit=121 rows=460545
2026-09-16T23:14:28.862489Z DEBUG aiur::gpu_trace: CPU trace: circuit lacks generated CUDA coverage circuit=59 rows=99846
2026-09-16T23:14:28.862644Z DEBUG aiur::gpu_trace: CPU trace: circuit lacks generated CUDA coverage circuit=65 rows=91747
2026-09-16T23:14:28.862693Z DEBUG aiur::gpu_trace: CPU trace: circuit lacks generated CUDA coverage circuit=181 rows=322610
2026-09-16T23:14:28.862691Z DEBUG aiur::gpu_trace: CPU trace: circuit lacks generated CUDA coverage circuit=123 rows=221681
2026-09-16T23:14:28.863110Z DEBUG aiur::gpu_trace: CPU trace: circuit lacks generated CUDA coverage circuit=92 rows=101041
2026-09-16T23:14:28.863284Z DEBUG aiur::gpu_trace: CPU trace: circuit lacks generated CUDA coverage circuit=9 rows=33736
2026-09-16T23:14:28.863299Z DEBUG aiur::gpu_trace: CPU trace: circuit lacks generated CUDA coverage circuit=146 rows=98985
2026-09-16T23:14:28.863363Z DEBUG aiur::gpu_trace: CPU trace: circuit lacks generated CUDA coverage circuit=104 rows=211082
2026-09-16T23:14:28.867208Z DEBUG aiur::gpu_trace: CPU trace: circuit lacks generated CUDA coverage circuit=95 rows=30509
2026-09-16T23:14:28.876617Z DEBUG aiur::gpu_trace: CPU trace: circuit lacks generated CUDA coverage circuit=7 rows=37830
2026-09-16T23:14:28.877024Z DEBUG aiur::gpu_trace: CPU trace: circuit lacks generated CUDA coverage circuit=5 rows=270
2026-09-16T23:14:28.877350Z DEBUG aiur::gpu_trace: CPU trace: circuit lacks generated CUDA coverage circuit=128 rows=280069
2026-09-16T23:14:28.882058Z DEBUG aiur::gpu_trace: CPU trace: circuit lacks generated CUDA coverage circuit=155 rows=34309
2026-09-16T23:14:28.883551Z DEBUG aiur::gpu_trace: CPU trace: circuit lacks generated CUDA coverage circuit=23 rows=54100
2026-09-16T23:14:28.891270Z DEBUG aiur/codegen_seeds{circuit=6 rows=17820}: aiur::trace_codegen::cuda: prepared generated CUDA trace circuit=6 rows=17820 width=63 seed_bytes=3289032 seed_spans=4
2026-09-16T23:14:28.891311Z DEBUG aiur::gpu_trace: CPU trace: circuit lacks generated CUDA coverage circuit=149 rows=267179
2026-09-16T23:14:28.896903Z DEBUG aiur::gpu_trace: CPU trace: circuit lacks generated CUDA coverage circuit=8 rows=26243
2026-09-16T23:14:28.910004Z DEBUG aiur::gpu_trace: CPU trace: circuit lacks generated CUDA coverage circuit=157 rows=219356
2026-09-16T23:14:28.923150Z DEBUG aiur::gpu_trace: CPU trace: circuit lacks generated CUDA coverage circuit=10 rows=33570
2026-09-16T23:14:28.923928Z DEBUG aiur::gpu_trace: CPU trace: circuit lacks generated CUDA coverage circuit=78 rows=6731
2026-09-16T23:14:28.928096Z DEBUG aiur::gpu_trace: CPU trace: circuit lacks generated CUDA coverage circuit=52 rows=170568
2026-09-16T23:14:28.940528Z DEBUG aiur::gpu_trace: CPU trace: circuit lacks generated CUDA coverage circuit=160 rows=28285
2026-09-16T23:14:28.941199Z DEBUG aiur::gpu_trace: CPU trace: circuit lacks generated CUDA coverage circuit=80 rows=42321
2026-09-16T23:14:28.955703Z DEBUG aiur::gpu_trace: CPU trace: circuit lacks generated CUDA coverage circuit=161 rows=176127
2026-09-16T23:14:28.958301Z DEBUG aiur/codegen_seeds{circuit=124 rows=64132}: aiur::trace_codegen::cuda: prepared generated CUDA trace circuit=124 rows=64132 width=98 seed_bytes=14951040 seed_spans=2
2026-09-16T23:14:28.959217Z DEBUG aiur::gpu_trace: CPU trace: circuit lacks generated CUDA coverage circuit=136 rows=19762
2026-09-16T23:14:28.961928Z DEBUG aiur::gpu_trace: CPU trace: circuit lacks generated CUDA coverage circuit=93 rows=19709
2026-09-16T23:14:28.963612Z DEBUG aiur::gpu_trace: CPU trace: circuit lacks generated CUDA coverage circuit=139 rows=269295
2026-09-16T23:14:28.964779Z DEBUG aiur::gpu_trace: CPU trace: circuit lacks generated CUDA coverage circuit=129 rows=397753
2026-09-16T23:14:28.973822Z DEBUG aiur::gpu_trace: CPU trace: circuit lacks generated CUDA coverage circuit=81 rows=109094
2026-09-16T23:14:28.991941Z DEBUG aiur::gpu_trace: CPU trace: circuit lacks generated CUDA coverage circuit=94 rows=20688
2026-09-16T23:14:28.996545Z DEBUG aiur::gpu_trace: CPU trace: circuit lacks generated CUDA coverage circuit=96 rows=82447
2026-09-16T23:14:29.010344Z DEBUG aiur::gpu_trace: CPU trace: circuit lacks generated CUDA coverage circuit=72 rows=11125
2026-09-16T23:14:29.013586Z DEBUG aiur::gpu_trace: CPU trace: circuit lacks generated CUDA coverage circuit=143 rows=269496
2026-09-16T23:14:29.017441Z DEBUG aiur::gpu_trace: CPU trace: circuit lacks generated CUDA coverage circuit=73 rows=24412
2026-09-16T23:14:29.019852Z DEBUG aiur::gpu_trace: CPU trace: circuit lacks generated CUDA coverage circuit=66 rows=629
2026-09-16T23:14:29.021511Z DEBUG aiur::gpu_trace: CPU trace: circuit lacks generated CUDA coverage circuit=148 rows=292072
2026-09-16T23:14:29.025490Z DEBUG aiur::gpu_trace: CPU trace: circuit lacks generated CUDA coverage circuit=131 rows=464979
2026-09-16T23:14:29.027202Z DEBUG aiur::gpu_trace: CPU trace: circuit lacks generated CUDA coverage circuit=11 rows=112011
2026-09-16T23:14:29.032741Z DEBUG aiur::gpu_trace: CPU trace: circuit lacks generated CUDA coverage circuit=144 rows=269603
2026-09-16T23:14:29.043234Z DEBUG aiur::gpu_trace: CPU trace: circuit lacks generated CUDA coverage circuit=82 rows=122500
2026-09-16T23:14:29.043333Z DEBUG aiur::gpu_trace: CPU trace: circuit lacks generated CUDA coverage circuit=142 rows=364189
2026-09-16T23:14:29.051164Z DEBUG aiur::gpu_trace: CPU trace: circuit lacks generated CUDA coverage circuit=74 rows=737
2026-09-16T23:14:29.085603Z DEBUG aiur::gpu_trace: CPU trace: circuit lacks generated CUDA coverage circuit=98 rows=233884
2026-09-16T23:14:29.109232Z DEBUG aiur::gpu_trace: CPU trace: circuit lacks generated CUDA coverage circuit=53 rows=14613
2026-09-16T23:14:29.117979Z DEBUG aiur::gpu_trace: CPU trace: circuit lacks generated CUDA coverage circuit=55 rows=4178
2026-09-16T23:14:29.124328Z DEBUG aiur::gpu_trace: CPU trace: circuit lacks generated CUDA coverage circuit=86 rows=10372
2026-09-16T23:14:29.182908Z DEBUG aiur::gpu_trace: CPU trace: circuit lacks generated CUDA coverage circuit=39 rows=191507
2026-09-16T23:14:29.188063Z DEBUG aiur::gpu_trace: CPU trace: circuit lacks generated CUDA coverage circuit=145 rows=305191
2026-09-16T23:14:29.199102Z DEBUG aiur::gpu_trace: CPU trace: circuit lacks generated CUDA coverage circuit=158 rows=12623
2026-09-16T23:14:29.213455Z DEBUG aiur::gpu_trace: CPU trace: circuit lacks generated CUDA coverage circuit=100 rows=323504
2026-09-16T23:14:29.233976Z DEBUG aiur::gpu_trace: CPU trace: circuit lacks generated CUDA coverage circuit=163 rows=149601
2026-09-16T23:14:29.239316Z DEBUG aiur::gpu_trace: CPU trace: circuit lacks generated CUDA coverage circuit=164 rows=836789
2026-09-16T23:14:29.263686Z DEBUG aiur::gpu_trace: CPU trace: circuit lacks generated CUDA coverage circuit=99 rows=328143
2026-09-16T23:14:29.265434Z DEBUG aiur::gpu_trace: CPU trace: circuit lacks generated CUDA coverage circuit=31 rows=2621
2026-09-16T23:14:29.266184Z DEBUG aiur::gpu_trace: CPU trace: circuit lacks generated CUDA coverage circuit=41 rows=492517
2026-09-16T23:14:29.278471Z DEBUG aiur::gpu_trace: CPU trace: circuit lacks generated CUDA coverage circuit=46 rows=180256
2026-09-16T23:14:29.294329Z DEBUG aiur::gpu_trace: CPU trace: circuit lacks generated CUDA coverage circuit=28 rows=1817
2026-09-16T23:14:29.296755Z DEBUG aiur::gpu_trace: CPU trace: circuit lacks generated CUDA coverage circuit=30 rows=13216
2026-09-16T23:14:29.303398Z DEBUG aiur::gpu_trace: CPU trace: circuit lacks generated CUDA coverage circuit=47 rows=235340
2026-09-16T23:14:29.317466Z DEBUG aiur::gpu_trace: CPU trace: circuit lacks generated CUDA coverage circuit=35 rows=66945
2026-09-16T23:14:29.323920Z DEBUG aiur/codegen_seeds{circuit=32 rows=218051}: aiur::trace_codegen::cuda: prepared generated CUDA trace circuit=32 rows=218051 width=21 seed_bytes=9395624 seed_spans=7
2026-09-16T23:14:29.354873Z DEBUG aiur::gpu_trace: CPU trace: circuit lacks generated CUDA coverage circuit=49 rows=117560
2026-09-16T23:14:29.380237Z DEBUG aiur::gpu_trace: CPU trace: circuit lacks generated CUDA coverage circuit=43 rows=74208
2026-09-16T23:14:29.383823Z DEBUG aiur::gpu_trace: CPU trace: circuit lacks generated CUDA coverage circuit=48 rows=18047
2026-09-16T23:14:29.395944Z DEBUG aiur::gpu_trace: CPU trace: circuit lacks generated CUDA coverage circuit=50 rows=1207
2026-09-16T23:14:29.411552Z DEBUG aiur::gpu_trace: CPU trace: circuit lacks generated CUDA coverage circuit=27 rows=1549
[lanes] worker 0: claim 2 proven at +303s (0 left)
[lanes] join 5 dispatched at +303s
[lanes] worker 0: join 2 proving started at +303s
[lanes] executor 1: join 5 execution started at +303s
[aggregate] structural-joining slots 3, 4 into 5
2026-09-16T23:14:34.299367Z DEBUG aiur::gpu_trace: CPU trace: circuit lacks generated CUDA coverage circuit=9 rows=3302498
2026-09-16T23:14:34.300551Z DEBUG aiur::gpu_trace: CPU trace: circuit lacks generated CUDA coverage circuit=42 rows=24
2026-09-16T23:14:34.300604Z DEBUG aiur::gpu_trace: CPU trace: circuit lacks generated CUDA coverage circuit=32 rows=6053003
2026-09-16T23:14:34.300891Z DEBUG aiur::gpu_trace: CPU trace: circuit lacks generated CUDA coverage circuit=61 rows=22
2026-09-16T23:14:34.350658Z DEBUG aiur/codegen_seeds{circuit=20 rows=1048576}: aiur::trace_codegen::cuda: prepared generated CUDA trace circuit=20 rows=1048576 width=533 seed_bytes=184549376 seed_spans=16
2026-09-16T23:14:34.767144Z DEBUG aiur::gpu_trace: CPU trace: circuit lacks generated CUDA coverage circuit=57 rows=45
2026-09-16T23:14:34.767144Z DEBUG aiur::gpu_trace: CPU trace: circuit lacks generated CUDA coverage circuit=10 rows=778622
2026-09-16T23:14:34.767145Z DEBUG aiur::gpu_trace: CPU trace: circuit lacks generated CUDA coverage circuit=5 rows=640503
2026-09-16T23:14:34.767147Z DEBUG aiur::gpu_trace: CPU trace: circuit lacks generated CUDA coverage circuit=2 rows=106
2026-09-16T23:14:34.767148Z DEBUG aiur::gpu_trace: CPU trace: circuit lacks generated CUDA coverage circuit=60 rows=32
2026-09-16T23:14:34.767145Z DEBUG aiur::gpu_trace: CPU trace: circuit lacks generated CUDA coverage circuit=50 rows=23
2026-09-16T23:14:34.767173Z DEBUG aiur::gpu_trace: CPU trace: circuit lacks generated CUDA coverage circuit=54 rows=384
2026-09-16T23:14:34.767148Z DEBUG aiur::gpu_trace: CPU trace: circuit lacks generated CUDA coverage circuit=53 rows=24
2026-09-16T23:14:34.767151Z DEBUG aiur::gpu_trace: CPU trace: circuit lacks generated CUDA coverage circuit=15 rows=24
2026-09-16T23:14:34.767147Z DEBUG aiur::gpu_trace: CPU trace: circuit lacks generated CUDA coverage circuit=62 rows=24
2026-09-16T23:14:34.767148Z DEBUG aiur::gpu_trace: CPU trace: circuit lacks generated CUDA coverage circuit=56 rows=1
2026-09-16T23:14:34.767210Z DEBUG aiur/codegen_seeds{circuit=59 rows=74}: aiur::trace_codegen::cuda: prepared generated CUDA trace circuit=59 rows=74 width=26 seed_bytes=6512 seed_spans=1
2026-09-16T23:14:34.767526Z DEBUG aiur::gpu_trace: CPU trace: circuit lacks generated CUDA coverage circuit=14 rows=22
2026-09-16T23:14:34.767660Z DEBUG aiur::gpu_trace: CPU trace: circuit lacks generated CUDA coverage circuit=58 rows=127
2026-09-16T23:14:34.767686Z DEBUG aiur::gpu_trace: CPU trace: circuit lacks generated CUDA coverage circuit=55 rows=3978
2026-09-16T23:14:34.767711Z DEBUG aiur::gpu_trace: CPU trace: circuit lacks generated CUDA coverage circuit=51 rows=440
2026-09-16T23:14:34.767728Z DEBUG aiur::gpu_trace: CPU trace: circuit lacks generated CUDA coverage circuit=63 rows=23
2026-09-16T23:14:34.767809Z DEBUG aiur::gpu_trace: CPU trace: circuit lacks generated CUDA coverage circuit=38 rows=110
2026-09-16T23:14:34.767850Z DEBUG aiur::gpu_trace: CPU trace: circuit lacks generated CUDA coverage circuit=52 rows=62
2026-09-16T23:14:34.767990Z DEBUG aiur::gpu_trace: CPU trace: circuit lacks generated CUDA coverage circuit=24 rows=2285
2026-09-16T23:14:34.768013Z DEBUG aiur::gpu_trace: CPU trace: circuit lacks generated CUDA coverage circuit=16 rows=62
2026-09-16T23:14:34.768021Z DEBUG aiur::gpu_trace: CPU trace: circuit lacks generated CUDA coverage circuit=43 rows=2
2026-09-16T23:14:34.768101Z DEBUG aiur::gpu_trace: CPU trace: circuit lacks generated CUDA coverage circuit=85 rows=23
2026-09-16T23:14:34.768197Z DEBUG aiur::gpu_trace: CPU trace: circuit lacks generated CUDA coverage circuit=64 rows=2
2026-09-16T23:14:34.768237Z DEBUG aiur::gpu_trace: CPU trace: circuit lacks generated CUDA coverage circuit=40 rows=24
2026-09-16T23:14:34.768280Z DEBUG aiur::gpu_trace: CPU trace: circuit lacks generated CUDA coverage circuit=44 rows=61
2026-09-16T23:14:34.768310Z DEBUG aiur::gpu_trace: CPU trace: circuit lacks generated CUDA coverage circuit=39 rows=22
2026-09-16T23:14:34.768317Z DEBUG aiur::gpu_trace: CPU trace: circuit lacks generated CUDA coverage circuit=41 rows=22
2026-09-16T23:14:34.768322Z DEBUG aiur::gpu_trace: CPU trace: circuit lacks generated CUDA coverage circuit=83 rows=1
2026-09-16T23:14:34.768667Z DEBUG aiur::gpu_trace: CPU trace: circuit lacks generated CUDA coverage circuit=45 rows=2
2026-09-16T23:14:34.768772Z DEBUG aiur::gpu_trace: CPU trace: circuit lacks generated CUDA coverage circuit=46 rows=22
2026-09-16T23:14:34.768846Z DEBUG aiur::gpu_trace: CPU trace: circuit lacks generated CUDA coverage circuit=17 rows=24
2026-09-16T23:14:34.768954Z DEBUG aiur::gpu_trace: CPU trace: circuit lacks generated CUDA coverage circuit=48 rows=21
2026-09-16T23:14:34.769052Z DEBUG aiur/codegen_seeds{circuit=49 rows=3}: aiur::trace_codegen::cuda: prepared generated CUDA trace circuit=49 rows=3 width=13 seed_bytes=120 seed_spans=1
2026-09-16T23:14:34.769096Z DEBUG aiur::gpu_trace: CPU trace: circuit lacks generated CUDA coverage circuit=47 rows=4361
2026-09-16T23:14:34.843991Z DEBUG aiur/codegen_seeds{circuit=20 rows=1048576}: aiur::trace_codegen::cuda: prepared generated CUDA trace circuit=20 rows=1048576 width=533 seed_bytes=184549376 seed_spans=16
2026-09-16T23:14:36.028716Z DEBUG aiur::gpu_trace: CPU trace: circuit lacks generated CUDA coverage circuit=18 rows=3513116
2026-09-16T23:14:36.028716Z DEBUG aiur::gpu_trace: CPU trace: circuit lacks generated CUDA coverage circuit=31 rows=1362018
2026-09-16T23:14:36.029225Z DEBUG aiur::gpu_trace: CPU trace: circuit lacks generated CUDA coverage circuit=29 rows=3300084
2026-09-16T23:14:36.029827Z DEBUG aiur::gpu_trace: CPU trace: circuit lacks generated CUDA coverage circuit=22 rows=142964
2026-09-16T23:14:36.191470Z DEBUG aiur/codegen_seeds{circuit=20 rows=1048576}: aiur::trace_codegen::cuda: prepared generated CUDA trace circuit=20 rows=1048576 width=533 seed_bytes=184549376 seed_spans=16
2026-09-16T23:14:36.219385Z DEBUG aiur/codegen_seeds{circuit=30 rows=434371}: aiur::trace_codegen::cuda: prepared generated CUDA trace circuit=30 rows=434371 width=234 seed_bytes=264097568 seed_spans=16
2026-09-16T23:14:37.147028Z DEBUG aiur::gpu_trace: CPU trace: circuit lacks generated CUDA coverage circuit=12 rows=669493
2026-09-16T23:14:37.147037Z DEBUG aiur::gpu_trace: CPU trace: circuit lacks generated CUDA coverage circuit=84 rows=776911
2026-09-16T23:14:37.147756Z DEBUG aiur::gpu_trace: CPU trace: circuit lacks generated CUDA coverage circuit=27 rows=1203960
2026-09-16T23:14:37.147817Z DEBUG aiur::gpu_trace: CPU trace: circuit lacks generated CUDA coverage circuit=19 rows=212242
2026-09-16T23:14:37.148266Z DEBUG aiur::gpu_trace: CPU trace: circuit lacks generated CUDA coverage circuit=86 rows=2962421
2026-09-16T23:14:37.425911Z DEBUG aiur/codegen_seeds{circuit=20 rows=1048576}: aiur::trace_codegen::cuda: prepared generated CUDA trace circuit=20 rows=1048576 width=533 seed_bytes=184549376 seed_spans=16
2026-09-16T23:14:38.128944Z DEBUG aiur::gpu_trace: CPU trace: circuit lacks generated CUDA coverage circuit=0 rows=986096
2026-09-16T23:14:38.128996Z DEBUG aiur::gpu_trace: CPU trace: circuit lacks generated CUDA coverage circuit=37 rows=277795
2026-09-16T23:14:38.128994Z DEBUG aiur::gpu_trace: CPU trace: circuit lacks generated CUDA coverage circuit=28 rows=922226
2026-09-16T23:14:38.128996Z DEBUG aiur::gpu_trace: CPU trace: circuit lacks generated CUDA coverage circuit=4 rows=175092
2026-09-16T23:14:38.128994Z DEBUG aiur::gpu_trace: CPU trace: circuit lacks generated CUDA coverage circuit=33 rows=1053661
2026-09-16T23:14:38.129525Z DEBUG aiur::gpu_trace: CPU trace: circuit lacks generated CUDA coverage circuit=35 rows=344198
2026-09-16T23:14:38.130554Z DEBUG aiur::gpu_trace: CPU trace: circuit lacks generated CUDA coverage circuit=65 rows=86206
2026-09-16T23:14:38.403617Z DEBUG aiur/codegen_seeds{circuit=20 rows=1048576}: aiur::trace_codegen::cuda: prepared generated CUDA trace circuit=20 rows=1048576 width=533 seed_bytes=184549376 seed_spans=16
2026-09-16T23:14:39.117496Z DEBUG aiur::gpu_trace: CPU trace: circuit lacks generated CUDA coverage circuit=3 rows=35661
2026-09-16T23:14:39.117498Z DEBUG aiur::gpu_trace: CPU trace: circuit lacks generated CUDA coverage circuit=1 rows=20047
2026-09-16T23:14:39.117528Z DEBUG aiur::gpu_trace: CPU trace: circuit lacks generated CUDA coverage circuit=7 rows=212619
2026-09-16T23:14:39.117551Z DEBUG aiur::gpu_trace: CPU trace: circuit lacks generated CUDA coverage circuit=8 rows=440667
2026-09-16T23:14:39.117558Z DEBUG aiur::gpu_trace: CPU trace: circuit lacks generated CUDA coverage circuit=34 rows=228800
2026-09-16T23:14:39.117557Z DEBUG aiur::gpu_trace: CPU trace: circuit lacks generated CUDA coverage circuit=6 rows=335105
2026-09-16T23:14:39.117590Z DEBUG aiur::gpu_trace: CPU trace: circuit lacks generated CUDA coverage circuit=25 rows=142964
2026-09-16T23:14:39.118042Z DEBUG aiur::gpu_trace: CPU trace: circuit lacks generated CUDA coverage circuit=21 rows=800829
2026-09-16T23:14:39.118394Z DEBUG aiur::gpu_trace: CPU trace: circuit lacks generated CUDA coverage circuit=13 rows=178559
2026-09-16T23:14:39.118659Z DEBUG aiur::gpu_trace: CPU trace: circuit lacks generated CUDA coverage circuit=26 rows=533851
2026-09-16T23:14:39.118689Z DEBUG aiur::gpu_trace: CPU trace: circuit lacks generated CUDA coverage circuit=36 rows=141477
2026-09-16T23:14:39.118710Z DEBUG aiur::gpu_trace: CPU trace: circuit lacks generated CUDA coverage circuit=11 rows=214524
2026-09-16T23:14:39.118759Z DEBUG aiur::gpu_trace: CPU trace: circuit lacks generated CUDA coverage circuit=87 rows=132649
2026-09-16T23:14:39.119055Z DEBUG aiur::gpu_trace: CPU trace: circuit lacks generated CUDA coverage circuit=23 rows=306504
2026-09-16T23:14:39.119290Z DEBUG aiur::gpu_trace: CPU trace: circuit lacks generated CUDA coverage circuit=66 rows=27120
2026-09-16T23:14:39.302195Z DEBUG aiur/codegen_seeds{circuit=20 rows=1048576}: aiur::trace_codegen::cuda: prepared generated CUDA trace circuit=20 rows=1048576 width=533 seed_bytes=184549376 seed_spans=16
2026-09-16T23:14:40.225182Z DEBUG aiur/codegen_seeds{circuit=20 rows=1048576}: aiur::trace_codegen::cuda: prepared generated CUDA trace circuit=20 rows=1048576 width=533 seed_bytes=184549376 seed_spans=16
2026-09-16T23:14:40.835071Z DEBUG aiur/codegen_seeds{circuit=20 rows=1048576}: aiur::trace_codegen::cuda: prepared generated CUDA trace circuit=20 rows=1048576 width=533 seed_bytes=184549376 seed_spans=16
2026-09-16T23:14:41.253280Z DEBUG aiur/codegen_seeds{circuit=20 rows=347416}: aiur::trace_codegen::cuda: prepared generated CUDA trace circuit=20 rows=347416 width=533 seed_bytes=61145216 seed_spans=6
2026-09-16T23:14:41.869343Z DEBUG aiur::gpu_trace: CPU trace: circuit lacks generated CUDA coverage circuit=9 rows=3302498
2026-09-16T23:14:41.869387Z DEBUG aiur::gpu_trace: CPU trace: circuit lacks generated CUDA coverage circuit=32 rows=6053003
2026-09-16T23:14:41.870476Z DEBUG aiur::gpu_trace: CPU trace: circuit lacks generated CUDA coverage circuit=61 rows=22
2026-09-16T23:14:41.870500Z DEBUG aiur::gpu_trace: CPU trace: circuit lacks generated CUDA coverage circuit=42 rows=24
2026-09-16T23:14:41.928289Z DEBUG aiur/codegen_seeds{circuit=20 rows=1048576}: aiur::trace_codegen::cuda: prepared generated CUDA trace circuit=20 rows=1048576 width=533 seed_bytes=184549376 seed_spans=16
2026-09-16T23:14:42.347853Z DEBUG aiur::gpu_trace: CPU trace: circuit lacks generated CUDA coverage circuit=40 rows=24
2026-09-16T23:14:42.347853Z DEBUG aiur::gpu_trace: CPU trace: circuit lacks generated CUDA coverage circuit=62 rows=24
2026-09-16T23:14:42.347857Z DEBUG aiur::gpu_trace: CPU trace: circuit lacks generated CUDA coverage circuit=15 rows=24
2026-09-16T23:14:42.347854Z DEBUG aiur::gpu_trace: CPU trace: circuit lacks generated CUDA coverage circuit=46 rows=22
2026-09-16T23:14:42.347853Z DEBUG aiur::gpu_trace: CPU trace: circuit lacks generated CUDA coverage circuit=38 rows=110
2026-09-16T23:14:42.347855Z DEBUG aiur::gpu_trace: CPU trace: circuit lacks generated CUDA coverage circuit=50 rows=23
2026-09-16T23:14:42.347853Z DEBUG aiur::gpu_trace: CPU trace: circuit lacks generated CUDA coverage circuit=41 rows=22
2026-09-16T23:14:42.347853Z DEBUG aiur::gpu_trace: CPU trace: circuit lacks generated CUDA coverage circuit=43 rows=2
2026-09-16T23:14:42.347889Z DEBUG aiur::gpu_trace: CPU trace: circuit lacks generated CUDA coverage circuit=44 rows=61
2026-09-16T23:14:42.348010Z DEBUG aiur::gpu_trace: CPU trace: circuit lacks generated CUDA coverage circuit=56 rows=1
2026-09-16T23:14:42.348101Z DEBUG aiur::gpu_trace: CPU trace: circuit lacks generated CUDA coverage circuit=45 rows=2
2026-09-16T23:14:42.348148Z DEBUG aiur::gpu_trace: CPU trace: circuit lacks generated CUDA coverage circuit=10 rows=778622
2026-09-16T23:14:42.348261Z DEBUG aiur::gpu_trace: CPU trace: circuit lacks generated CUDA coverage circuit=53 rows=24
2026-09-16T23:14:42.348316Z DEBUG aiur::gpu_trace: CPU trace: circuit lacks generated CUDA coverage circuit=39 rows=22
2026-09-16T23:14:42.348377Z DEBUG aiur::gpu_trace: CPU trace: circuit lacks generated CUDA coverage circuit=47 rows=4361
2026-09-16T23:14:42.348414Z DEBUG aiur::gpu_trace: CPU trace: circuit lacks generated CUDA coverage circuit=57 rows=45
2026-09-16T23:14:42.348414Z DEBUG aiur::gpu_trace: CPU trace: circuit lacks generated CUDA coverage circuit=63 rows=23
2026-09-16T23:14:42.348478Z DEBUG aiur::gpu_trace: CPU trace: circuit lacks generated CUDA coverage circuit=14 rows=22
2026-09-16T23:14:42.348496Z DEBUG aiur::gpu_trace: CPU trace: circuit lacks generated CUDA coverage circuit=85 rows=23
2026-09-16T23:14:42.348500Z DEBUG aiur::gpu_trace: CPU trace: circuit lacks generated CUDA coverage circuit=51 rows=440
2026-09-16T23:14:42.348512Z DEBUG aiur::gpu_trace: CPU trace: circuit lacks generated CUDA coverage circuit=16 rows=62
2026-09-16T23:14:42.348560Z DEBUG aiur::gpu_trace: CPU trace: circuit lacks generated CUDA coverage circuit=2 rows=106
2026-09-16T23:14:42.348582Z DEBUG aiur::gpu_trace: CPU trace: circuit lacks generated CUDA coverage circuit=54 rows=384
2026-09-16T23:14:42.348641Z DEBUG aiur::gpu_trace: CPU trace: circuit lacks generated CUDA coverage circuit=5 rows=640503
2026-09-16T23:14:42.348653Z DEBUG aiur::gpu_trace: CPU trace: circuit lacks generated CUDA coverage circuit=64 rows=2
2026-09-16T23:14:42.348654Z DEBUG aiur::gpu_trace: CPU trace: circuit lacks generated CUDA coverage circuit=48 rows=21
2026-09-16T23:14:42.348806Z DEBUG aiur::gpu_trace: CPU trace: circuit lacks generated CUDA coverage circuit=83 rows=1
2026-09-16T23:14:42.348850Z DEBUG aiur/codegen_seeds{circuit=49 rows=3}: aiur::trace_codegen::cuda: prepared generated CUDA trace circuit=49 rows=3 width=13 seed_bytes=120 seed_spans=1
2026-09-16T23:14:42.349122Z DEBUG aiur::gpu_trace: CPU trace: circuit lacks generated CUDA coverage circuit=58 rows=127
2026-09-16T23:14:42.349170Z DEBUG aiur::gpu_trace: CPU trace: circuit lacks generated CUDA coverage circuit=17 rows=24
2026-09-16T23:14:42.349173Z DEBUG aiur::gpu_trace: CPU trace: circuit lacks generated CUDA coverage circuit=55 rows=3978
2026-09-16T23:14:42.349257Z DEBUG aiur::gpu_trace: CPU trace: circuit lacks generated CUDA coverage circuit=24 rows=2285
2026-09-16T23:14:42.349273Z DEBUG aiur/codegen_seeds{circuit=59 rows=74}: aiur::trace_codegen::cuda: prepared generated CUDA trace circuit=59 rows=74 width=26 seed_bytes=6512 seed_spans=1
2026-09-16T23:14:42.349282Z DEBUG aiur::gpu_trace: CPU trace: circuit lacks generated CUDA coverage circuit=52 rows=62
2026-09-16T23:14:42.349360Z DEBUG aiur::gpu_trace: CPU trace: circuit lacks generated CUDA coverage circuit=60 rows=32
2026-09-16T23:14:42.439743Z DEBUG aiur/codegen_seeds{circuit=20 rows=1048576}: aiur::trace_codegen::cuda: prepared generated CUDA trace circuit=20 rows=1048576 width=533 seed_bytes=184549376 seed_spans=16
2026-09-16T23:14:44.998415Z DEBUG aiur::gpu_trace: CPU trace: circuit lacks generated CUDA coverage circuit=18 rows=3513116
2026-09-16T23:14:44.998724Z DEBUG aiur::gpu_trace: CPU trace: circuit lacks generated CUDA coverage circuit=31 rows=1362018
2026-09-16T23:14:44.999271Z DEBUG aiur::gpu_trace: CPU trace: circuit lacks generated CUDA coverage circuit=22 rows=142964
2026-09-16T23:14:44.999682Z DEBUG aiur::gpu_trace: CPU trace: circuit lacks generated CUDA coverage circuit=29 rows=3300084
2026-09-16T23:14:45.164541Z DEBUG aiur/codegen_seeds{circuit=20 rows=1048576}: aiur::trace_codegen::cuda: prepared generated CUDA trace circuit=20 rows=1048576 width=533 seed_bytes=184549376 seed_spans=16
2026-09-16T23:14:45.183288Z DEBUG aiur/codegen_seeds{circuit=30 rows=434371}: aiur::trace_codegen::cuda: prepared generated CUDA trace circuit=30 rows=434371 width=234 seed_bytes=264097568 seed_spans=16
2026-09-16T23:14:48.111796Z DEBUG aiur::gpu_trace: CPU trace: circuit lacks generated CUDA coverage circuit=12 rows=669493
2026-09-16T23:14:48.111821Z DEBUG aiur::gpu_trace: CPU trace: circuit lacks generated CUDA coverage circuit=19 rows=212242
2026-09-16T23:14:48.112096Z DEBUG aiur::gpu_trace: CPU trace: circuit lacks generated CUDA coverage circuit=27 rows=1203960
2026-09-16T23:14:48.112366Z DEBUG aiur::gpu_trace: CPU trace: circuit lacks generated CUDA coverage circuit=84 rows=776911
2026-09-16T23:14:48.112586Z DEBUG aiur::gpu_trace: CPU trace: circuit lacks generated CUDA coverage circuit=86 rows=2962421
2026-09-16T23:14:48.397813Z DEBUG aiur/codegen_seeds{circuit=20 rows=1048576}: aiur::trace_codegen::cuda: prepared generated CUDA trace circuit=20 rows=1048576 width=533 seed_bytes=184549376 seed_spans=16
2026-09-16T23:14:50.520952Z DEBUG aiur::gpu_trace: CPU trace: circuit lacks generated CUDA coverage circuit=0 rows=986096
2026-09-16T23:14:50.520997Z DEBUG aiur::gpu_trace: CPU trace: circuit lacks generated CUDA coverage circuit=37 rows=277795
2026-09-16T23:14:50.520997Z DEBUG aiur::gpu_trace: CPU trace: circuit lacks generated CUDA coverage circuit=65 rows=86206
2026-09-16T23:14:50.520998Z DEBUG aiur::gpu_trace: CPU trace: circuit lacks generated CUDA coverage circuit=4 rows=175092
2026-09-16T23:14:50.521371Z DEBUG aiur::gpu_trace: CPU trace: circuit lacks generated CUDA coverage circuit=28 rows=922226
2026-09-16T23:14:50.521666Z DEBUG aiur::gpu_trace: CPU trace: circuit lacks generated CUDA coverage circuit=35 rows=344198
2026-09-16T23:14:50.521922Z DEBUG aiur::gpu_trace: CPU trace: circuit lacks generated CUDA coverage circuit=33 rows=1053661
2026-09-16T23:14:50.630587Z DEBUG aiur/codegen_seeds{circuit=20 rows=1048576}: aiur::trace_codegen::cuda: prepared generated CUDA trace circuit=20 rows=1048576 width=533 seed_bytes=184549376 seed_spans=16
2026-09-16T23:14:53.267773Z DEBUG aiur::gpu_trace: CPU trace: circuit lacks generated CUDA coverage circuit=25 rows=142964
2026-09-16T23:14:53.267802Z DEBUG aiur::gpu_trace: CPU trace: circuit lacks generated CUDA coverage circuit=3 rows=35661
2026-09-16T23:14:53.267810Z DEBUG aiur::gpu_trace: CPU trace: circuit lacks generated CUDA coverage circuit=13 rows=178559
2026-09-16T23:14:53.267810Z DEBUG aiur::gpu_trace: CPU trace: circuit lacks generated CUDA coverage circuit=6 rows=335105
2026-09-16T23:14:53.267811Z DEBUG aiur::gpu_trace: CPU trace: circuit lacks generated CUDA coverage circuit=1 rows=20047
2026-09-16T23:14:53.267812Z DEBUG aiur::gpu_trace: CPU trace: circuit lacks generated CUDA coverage circuit=26 rows=533851
2026-09-16T23:14:53.268252Z DEBUG aiur::gpu_trace: CPU trace: circuit lacks generated CUDA coverage circuit=66 rows=27120
2026-09-16T23:14:53.268581Z DEBUG aiur::gpu_trace: CPU trace: circuit lacks generated CUDA coverage circuit=21 rows=800829
2026-09-16T23:14:53.268663Z DEBUG aiur::gpu_trace: CPU trace: circuit lacks generated CUDA coverage circuit=23 rows=306504
2026-09-16T23:14:53.268938Z DEBUG aiur::gpu_trace: CPU trace: circuit lacks generated CUDA coverage circuit=87 rows=132649
2026-09-16T23:14:53.269185Z DEBUG aiur::gpu_trace: CPU trace: circuit lacks generated CUDA coverage circuit=11 rows=214524
2026-09-16T23:14:53.269223Z DEBUG aiur::gpu_trace: CPU trace: circuit lacks generated CUDA coverage circuit=34 rows=228800
2026-09-16T23:14:53.269226Z DEBUG aiur::gpu_trace: CPU trace: circuit lacks generated CUDA coverage circuit=7 rows=212619
2026-09-16T23:14:53.269428Z DEBUG aiur::gpu_trace: CPU trace: circuit lacks generated CUDA coverage circuit=8 rows=440667
2026-09-16T23:14:53.269579Z DEBUG aiur::gpu_trace: CPU trace: circuit lacks generated CUDA coverage circuit=36 rows=141477
2026-09-16T23:14:53.457617Z DEBUG aiur/codegen_seeds{circuit=20 rows=1048576}: aiur::trace_codegen::cuda: prepared generated CUDA trace circuit=20 rows=1048576 width=533 seed_bytes=184549376 seed_spans=16
2026-09-16T23:14:56.124197Z DEBUG aiur/codegen_seeds{circuit=20 rows=1048576}: aiur::trace_codegen::cuda: prepared generated CUDA trace circuit=20 rows=1048576 width=533 seed_bytes=184549376 seed_spans=16
2026-09-16T23:14:57.742029Z DEBUG aiur/codegen_seeds{circuit=20 rows=1048576}: aiur::trace_codegen::cuda: prepared generated CUDA trace circuit=20 rows=1048576 width=533 seed_bytes=184549376 seed_spans=16
2026-09-16T23:14:58.952048Z DEBUG aiur/codegen_seeds{circuit=20 rows=347416}: aiur::trace_codegen::cuda: prepared generated CUDA trace circuit=20 rows=347416 width=533 seed_bytes=61145216 seed_spans=6
[aggregate] slot 2: cached proof 8b859c8367afbd89fd5ed23bb625e2e6b23eebe1f18e8af9469e396299b611b5
[lanes] worker 0: join 2 published at +329s
[trace-shards] 8 shards, 1500000000 committed cells: record 14633395166 B in shared pool, host workspace 16607595674 B of 26088568116 B reserved per prover; regenerating round 2
[lanes] executor 1: join 5 executed in 33.2s, record 14633395166 B (13.6 GiB) at +336s
[lanes] worker 0: join 5 proving started at +336s
2026-09-16T23:15:07.488833Z DEBUG aiur::gpu_trace: CPU trace: circuit lacks generated CUDA coverage circuit=32 rows=5818277
2026-09-16T23:15:07.489159Z DEBUG aiur::gpu_trace: CPU trace: circuit lacks generated CUDA coverage circuit=9 rows=3216024
2026-09-16T23:15:07.544133Z DEBUG aiur/codegen_seeds{circuit=20 rows=1048576}: aiur::trace_codegen::cuda: prepared generated CUDA trace circuit=20 rows=1048576 width=533 seed_bytes=184549376 seed_spans=16
2026-09-16T23:15:07.955394Z DEBUG aiur::gpu_trace: CPU trace: circuit lacks generated CUDA coverage circuit=29 rows=3159851
2026-09-16T23:15:07.955393Z DEBUG aiur::gpu_trace: CPU trace: circuit lacks generated CUDA coverage circuit=3 rows=32346
2026-09-16T23:15:07.955396Z DEBUG aiur::gpu_trace: CPU trace: circuit lacks generated CUDA coverage circuit=18 rows=2947138
2026-09-16T23:15:07.955424Z DEBUG aiur::gpu_trace: CPU trace: circuit lacks generated CUDA coverage circuit=43 rows=2
2026-09-16T23:15:07.955854Z DEBUG aiur::gpu_trace: CPU trace: circuit lacks generated CUDA coverage circuit=5 rows=547570
2026-09-16T23:15:07.956478Z DEBUG aiur::gpu_trace: CPU trace: circuit lacks generated CUDA coverage circuit=55 rows=3480
2026-09-16T23:15:07.956688Z DEBUG aiur::gpu_trace: CPU trace: circuit lacks generated CUDA coverage circuit=41 rows=19
2026-09-16T23:15:08.126673Z DEBUG aiur/codegen_seeds{circuit=20 rows=1048576}: aiur::trace_codegen::cuda: prepared generated CUDA trace circuit=20 rows=1048576 width=533 seed_bytes=184549376 seed_spans=16
2026-09-16T23:15:09.035927Z DEBUG aiur::gpu_trace: CPU trace: circuit lacks generated CUDA coverage circuit=53 rows=25
2026-09-16T23:15:09.035931Z DEBUG aiur::gpu_trace: CPU trace: circuit lacks generated CUDA coverage circuit=52 rows=62
2026-09-16T23:15:09.035927Z DEBUG aiur::gpu_trace: CPU trace: circuit lacks generated CUDA coverage circuit=16 rows=62
2026-09-16T23:15:09.035928Z DEBUG aiur::gpu_trace: CPU trace: circuit lacks generated CUDA coverage circuit=51 rows=434
2026-09-16T23:15:09.035930Z DEBUG aiur::gpu_trace: CPU trace: circuit lacks generated CUDA coverage circuit=12 rows=577005
2026-09-16T23:15:09.035930Z DEBUG aiur::gpu_trace: CPU trace: circuit lacks generated CUDA coverage circuit=56 rows=2
2026-09-16T23:15:09.035935Z DEBUG aiur::gpu_trace: CPU trace: circuit lacks generated CUDA coverage circuit=57 rows=45
2026-09-16T23:15:09.035928Z DEBUG aiur::gpu_trace: CPU trace: circuit lacks generated CUDA coverage circuit=50 rows=20
2026-09-16T23:15:09.036137Z DEBUG aiur/codegen_seeds{circuit=59 rows=74}: aiur::trace_codegen::cuda: prepared generated CUDA trace circuit=59 rows=74 width=26 seed_bytes=6512 seed_spans=1
2026-09-16T23:15:09.036139Z DEBUG aiur::gpu_trace: CPU trace: circuit lacks generated CUDA coverage circuit=38 rows=104
2026-09-16T23:15:09.036156Z DEBUG aiur::gpu_trace: CPU trace: circuit lacks generated CUDA coverage circuit=60 rows=32
2026-09-16T23:15:09.036245Z DEBUG aiur::gpu_trace: CPU trace: circuit lacks generated CUDA coverage circuit=61 rows=19
2026-09-16T23:15:09.036463Z DEBUG aiur::gpu_trace: CPU trace: circuit lacks generated CUDA coverage circuit=2 rows=94
2026-09-16T23:15:09.036474Z DEBUG aiur::gpu_trace: CPU trace: circuit lacks generated CUDA coverage circuit=44 rows=61
2026-09-16T23:15:09.036543Z DEBUG aiur::gpu_trace: CPU trace: circuit lacks generated CUDA coverage circuit=14 rows=19
2026-09-16T23:15:09.036546Z DEBUG aiur::gpu_trace: CPU trace: circuit lacks generated CUDA coverage circuit=54 rows=386
2026-09-16T23:15:09.036642Z DEBUG aiur::gpu_trace: CPU trace: circuit lacks generated CUDA coverage circuit=35 rows=338230
2026-09-16T23:15:09.036842Z DEBUG aiur::gpu_trace: CPU trace: circuit lacks generated CUDA coverage circuit=46 rows=19
2026-09-16T23:15:09.037000Z DEBUG aiur::gpu_trace: CPU trace: circuit lacks generated CUDA coverage circuit=45 rows=2
2026-09-16T23:15:09.037031Z DEBUG aiur::gpu_trace: CPU trace: circuit lacks generated CUDA coverage circuit=86 rows=2848003
2026-09-16T23:15:09.037077Z DEBUG aiur::gpu_trace: CPU trace: circuit lacks generated CUDA coverage circuit=24 rows=1976
2026-09-16T23:15:09.037534Z DEBUG aiur::gpu_trace: CPU trace: circuit lacks generated CUDA coverage circuit=47 rows=3865
2026-09-16T23:15:09.311103Z DEBUG aiur/codegen_seeds{circuit=20 rows=1048576}: aiur::trace_codegen::cuda: prepared generated CUDA trace circuit=20 rows=1048576 width=533 seed_bytes=184549376 seed_spans=16
2026-09-16T23:15:09.323289Z DEBUG aiur/codegen_seeds{circuit=30 rows=413610}: aiur::trace_codegen::cuda: prepared generated CUDA trace circuit=30 rows=413610 width=234 seed_bytes=251474880 seed_spans=15
2026-09-16T23:15:09.988017Z DEBUG aiur::gpu_trace: CPU trace: circuit lacks generated CUDA coverage circuit=0 rows=851186
2026-09-16T23:15:09.988034Z DEBUG aiur::gpu_trace: CPU trace: circuit lacks generated CUDA coverage circuit=1 rows=16918
2026-09-16T23:15:09.988058Z DEBUG aiur::gpu_trace: CPU trace: circuit lacks generated CUDA coverage circuit=10 rows=661386
2026-09-16T23:15:09.988073Z DEBUG aiur::gpu_trace: CPU trace: circuit lacks generated CUDA coverage circuit=40 rows=21
2026-09-16T23:15:09.988082Z DEBUG aiur::gpu_trace: CPU trace: circuit lacks generated CUDA coverage circuit=62 rows=21
2026-09-16T23:15:09.988419Z DEBUG aiur::gpu_trace: CPU trace: circuit lacks generated CUDA coverage circuit=39 rows=19
2026-09-16T23:15:09.988469Z DEBUG aiur::gpu_trace: CPU trace: circuit lacks generated CUDA coverage circuit=48 rows=21
2026-09-16T23:15:09.988558Z DEBUG aiur::gpu_trace: CPU trace: circuit lacks generated CUDA coverage circuit=42 rows=21
2026-09-16T23:15:09.988661Z DEBUG aiur::gpu_trace: CPU trace: circuit lacks generated CUDA coverage circuit=85 rows=20
2026-09-16T23:15:09.988661Z DEBUG aiur/codegen_seeds{circuit=49 rows=3}: aiur::trace_codegen::cuda: prepared generated CUDA trace circuit=49 rows=3 width=13 seed_bytes=120 seed_spans=1
2026-09-16T23:15:09.988736Z DEBUG aiur::gpu_trace: CPU trace: circuit lacks generated CUDA coverage circuit=63 rows=20
2026-09-16T23:15:09.988798Z DEBUG aiur::gpu_trace: CPU trace: circuit lacks generated CUDA coverage circuit=83 rows=1
2026-09-16T23:15:09.989270Z DEBUG aiur::gpu_trace: CPU trace: circuit lacks generated CUDA coverage circuit=64 rows=2
2026-09-16T23:15:09.989324Z DEBUG aiur::gpu_trace: CPU trace: circuit lacks generated CUDA coverage circuit=27 rows=1309065
2026-09-16T23:15:09.989407Z DEBUG aiur::gpu_trace: CPU trace: circuit lacks generated CUDA coverage circuit=19 rows=161660
2026-09-16T23:15:09.989452Z DEBUG aiur::gpu_trace: CPU trace: circuit lacks generated CUDA coverage circuit=15 rows=21
2026-09-16T23:15:09.989526Z DEBUG aiur::gpu_trace: CPU trace: circuit lacks generated CUDA coverage circuit=58 rows=123
2026-09-16T23:15:09.989563Z DEBUG aiur::gpu_trace: CPU trace: circuit lacks generated CUDA coverage circuit=17 rows=21
2026-09-16T23:15:10.184662Z DEBUG aiur/codegen_seeds{circuit=20 rows=1048576}: aiur::trace_codegen::cuda: prepared generated CUDA trace circuit=20 rows=1048576 width=533 seed_bytes=184549376 seed_spans=16
2026-09-16T23:15:10.976972Z DEBUG aiur::gpu_trace: CPU trace: circuit lacks generated CUDA coverage circuit=25 rows=142964
2026-09-16T23:15:10.976976Z DEBUG aiur::gpu_trace: CPU trace: circuit lacks generated CUDA coverage circuit=31 rows=1179962
2026-09-16T23:15:10.976978Z DEBUG aiur::gpu_trace: CPU trace: circuit lacks generated CUDA coverage circuit=37 rows=279075
2026-09-16T23:15:10.976978Z DEBUG aiur::gpu_trace: CPU trace: circuit lacks generated CUDA coverage circuit=26 rows=464886
2026-09-16T23:15:10.976976Z DEBUG aiur::gpu_trace: CPU trace: circuit lacks generated CUDA coverage circuit=13 rows=174956
2026-09-16T23:15:10.976979Z DEBUG aiur::gpu_trace: CPU trace: circuit lacks generated CUDA coverage circuit=6 rows=325349
2026-09-16T23:15:10.976976Z DEBUG aiur::gpu_trace: CPU trace: circuit lacks generated CUDA coverage circuit=34 rows=224600
2026-09-16T23:15:10.976976Z DEBUG aiur::gpu_trace: CPU trace: circuit lacks generated CUDA coverage circuit=28 rows=831505
2026-09-16T23:15:10.976976Z DEBUG aiur::gpu_trace: CPU trace: circuit lacks generated CUDA coverage circuit=4 rows=154466
2026-09-16T23:15:10.977316Z DEBUG aiur::gpu_trace: CPU trace: circuit lacks generated CUDA coverage circuit=21 rows=787211
2026-09-16T23:15:10.977525Z DEBUG aiur::gpu_trace: CPU trace: circuit lacks generated CUDA coverage circuit=7 rows=185113
2026-09-16T23:15:10.977594Z DEBUG aiur::gpu_trace: CPU trace: circuit lacks generated CUDA coverage circuit=33 rows=1023572
2026-09-16T23:15:10.977776Z DEBUG aiur::gpu_trace: CPU trace: circuit lacks generated CUDA coverage circuit=8 rows=413049
2026-09-16T23:15:10.977827Z DEBUG aiur::gpu_trace: CPU trace: circuit lacks generated CUDA coverage circuit=36 rows=136291
2026-09-16T23:15:10.977984Z DEBUG aiur::gpu_trace: CPU trace: circuit lacks generated CUDA coverage circuit=11 rows=197079
2026-09-16T23:15:10.977994Z DEBUG aiur::gpu_trace: CPU trace: circuit lacks generated CUDA coverage circuit=23 rows=306504
2026-09-16T23:15:10.978108Z DEBUG aiur::gpu_trace: CPU trace: circuit lacks generated CUDA coverage circuit=65 rows=67742
2026-09-16T23:15:10.978143Z DEBUG aiur::gpu_trace: CPU trace: circuit lacks generated CUDA coverage circuit=66 rows=17044
2026-09-16T23:15:10.978486Z DEBUG aiur::gpu_trace: CPU trace: circuit lacks generated CUDA coverage circuit=84 rows=712429
2026-09-16T23:15:10.978687Z DEBUG aiur::gpu_trace: CPU trace: circuit lacks generated CUDA coverage circuit=87 rows=133953
2026-09-16T23:15:11.311425Z DEBUG aiur/codegen_seeds{circuit=20 rows=1048576}: aiur::trace_codegen::cuda: prepared generated CUDA trace circuit=20 rows=1048576 width=533 seed_bytes=184549376 seed_spans=16
2026-09-16T23:15:12.006671Z DEBUG aiur::gpu_trace: CPU trace: circuit lacks generated CUDA coverage circuit=22 rows=142964
2026-09-16T23:15:12.069914Z DEBUG aiur/codegen_seeds{circuit=20 rows=1048576}: aiur::trace_codegen::cuda: prepared generated CUDA trace circuit=20 rows=1048576 width=533 seed_bytes=184549376 seed_spans=16
2026-09-16T23:15:13.001139Z DEBUG aiur/codegen_seeds{circuit=20 rows=1048576}: aiur::trace_codegen::cuda: prepared generated CUDA trace circuit=20 rows=1048576 width=533 seed_bytes=184549376 seed_spans=16
2026-09-16T23:15:13.404654Z DEBUG aiur/codegen_seeds{circuit=20 rows=476568}: aiur::trace_codegen::cuda: prepared generated CUDA trace circuit=20 rows=476568 width=533 seed_bytes=83875968 seed_spans=8
2026-09-16T23:15:14.023142Z DEBUG aiur::gpu_trace: CPU trace: circuit lacks generated CUDA coverage circuit=9 rows=3216024
2026-09-16T23:15:14.023145Z DEBUG aiur::gpu_trace: CPU trace: circuit lacks generated CUDA coverage circuit=32 rows=5818277
2026-09-16T23:15:14.076699Z DEBUG aiur/codegen_seeds{circuit=20 rows=1048576}: aiur::trace_codegen::cuda: prepared generated CUDA trace circuit=20 rows=1048576 width=533 seed_bytes=184549376 seed_spans=16
2026-09-16T23:15:14.492490Z DEBUG aiur::gpu_trace: CPU trace: circuit lacks generated CUDA coverage circuit=43 rows=2
2026-09-16T23:15:14.492496Z DEBUG aiur::gpu_trace: CPU trace: circuit lacks generated CUDA coverage circuit=41 rows=19
2026-09-16T23:15:14.492505Z DEBUG aiur::gpu_trace: CPU trace: circuit lacks generated CUDA coverage circuit=18 rows=2947138
2026-09-16T23:15:14.492500Z DEBUG aiur::gpu_trace: CPU trace: circuit lacks generated CUDA coverage circuit=3 rows=32346
2026-09-16T23:15:14.493533Z DEBUG aiur::gpu_trace: CPU trace: circuit lacks generated CUDA coverage circuit=55 rows=3480
2026-09-16T23:15:14.493802Z DEBUG aiur::gpu_trace: CPU trace: circuit lacks generated CUDA coverage circuit=5 rows=547570
2026-09-16T23:15:14.493869Z DEBUG aiur::gpu_trace: CPU trace: circuit lacks generated CUDA coverage circuit=29 rows=3159851
2026-09-16T23:15:14.570531Z DEBUG aiur/codegen_seeds{circuit=20 rows=1048576}: aiur::trace_codegen::cuda: prepared generated CUDA trace circuit=20 rows=1048576 width=533 seed_bytes=184549376 seed_spans=16
2026-09-16T23:15:17.158698Z DEBUG aiur::gpu_trace: CPU trace: circuit lacks generated CUDA coverage circuit=50 rows=20
2026-09-16T23:15:17.158706Z DEBUG aiur::gpu_trace: CPU trace: circuit lacks generated CUDA coverage circuit=56 rows=2
2026-09-16T23:15:17.158697Z DEBUG aiur::gpu_trace: CPU trace: circuit lacks generated CUDA coverage circuit=53 rows=25
2026-09-16T23:15:17.158702Z DEBUG aiur::gpu_trace: CPU trace: circuit lacks generated CUDA coverage circuit=2 rows=94
2026-09-16T23:15:17.158703Z DEBUG aiur::gpu_trace: CPU trace: circuit lacks generated CUDA coverage circuit=16 rows=62
2026-09-16T23:15:17.158702Z DEBUG aiur::gpu_trace: CPU trace: circuit lacks generated CUDA coverage circuit=12 rows=577005
2026-09-16T23:15:17.158697Z DEBUG aiur::gpu_trace: CPU trace: circuit lacks generated CUDA coverage circuit=54 rows=386
2026-09-16T23:15:17.159106Z DEBUG aiur/codegen_seeds{circuit=59 rows=74}: aiur::trace_codegen::cuda: prepared generated CUDA trace circuit=59 rows=74 width=26 seed_bytes=6512 seed_spans=1
2026-09-16T23:15:17.159128Z DEBUG aiur::gpu_trace: CPU trace: circuit lacks generated CUDA coverage circuit=60 rows=32
2026-09-16T23:15:17.159165Z DEBUG aiur::gpu_trace: CPU trace: circuit lacks generated CUDA coverage circuit=57 rows=45
2026-09-16T23:15:17.159354Z DEBUG aiur::gpu_trace: CPU trace: circuit lacks generated CUDA coverage circuit=61 rows=19
2026-09-16T23:15:17.159432Z DEBUG aiur::gpu_trace: CPU trace: circuit lacks generated CUDA coverage circuit=35 rows=338230
2026-09-16T23:15:17.159469Z DEBUG aiur::gpu_trace: CPU trace: circuit lacks generated CUDA coverage circuit=14 rows=19
2026-09-16T23:15:17.159473Z DEBUG aiur::gpu_trace: CPU trace: circuit lacks generated CUDA coverage circuit=51 rows=434
2026-09-16T23:15:17.159521Z DEBUG aiur::gpu_trace: CPU trace: circuit lacks generated CUDA coverage circuit=46 rows=19
2026-09-16T23:15:17.159682Z DEBUG aiur::gpu_trace: CPU trace: circuit lacks generated CUDA coverage circuit=38 rows=104
2026-09-16T23:15:17.159767Z DEBUG aiur::gpu_trace: CPU trace: circuit lacks generated CUDA coverage circuit=44 rows=61
2026-09-16T23:15:17.159817Z DEBUG aiur::gpu_trace: CPU trace: circuit lacks generated CUDA coverage circuit=24 rows=1976
2026-09-16T23:15:17.159837Z DEBUG aiur::gpu_trace: CPU trace: circuit lacks generated CUDA coverage circuit=52 rows=62
2026-09-16T23:15:17.159992Z DEBUG aiur::gpu_trace: CPU trace: circuit lacks generated CUDA coverage circuit=45 rows=2
2026-09-16T23:15:17.160310Z DEBUG aiur::gpu_trace: CPU trace: circuit lacks generated CUDA coverage circuit=86 rows=2848003
2026-09-16T23:15:17.160474Z DEBUG aiur::gpu_trace: CPU trace: circuit lacks generated CUDA coverage circuit=47 rows=3865
2026-09-16T23:15:17.403387Z DEBUG aiur/codegen_seeds{circuit=20 rows=1048576}: aiur::trace_codegen::cuda: prepared generated CUDA trace circuit=20 rows=1048576 width=533 seed_bytes=184549376 seed_spans=16
2026-09-16T23:15:17.417911Z DEBUG aiur/codegen_seeds{circuit=30 rows=413610}: aiur::trace_codegen::cuda: prepared generated CUDA trace circuit=30 rows=413610 width=234 seed_bytes=251474880 seed_spans=15
2026-09-16T23:15:19.726820Z DEBUG aiur::gpu_trace: CPU trace: circuit lacks generated CUDA coverage circuit=0 rows=851186
2026-09-16T23:15:19.726859Z DEBUG aiur::gpu_trace: CPU trace: circuit lacks generated CUDA coverage circuit=15 rows=21
2026-09-16T23:15:19.726867Z DEBUG aiur::gpu_trace: CPU trace: circuit lacks generated CUDA coverage circuit=19 rows=161660
2026-09-16T23:15:19.726868Z DEBUG aiur::gpu_trace: CPU trace: circuit lacks generated CUDA coverage circuit=62 rows=21
2026-09-16T23:15:19.726860Z DEBUG aiur::gpu_trace: CPU trace: circuit lacks generated CUDA coverage circuit=17 rows=21
2026-09-16T23:15:19.726869Z DEBUG aiur::gpu_trace: CPU trace: circuit lacks generated CUDA coverage circuit=1 rows=16918
2026-09-16T23:15:19.726897Z DEBUG aiur::gpu_trace: CPU trace: circuit lacks generated CUDA coverage circuit=27 rows=1309065
2026-09-16T23:15:19.727322Z DEBUG aiur::gpu_trace: CPU trace: circuit lacks generated CUDA coverage circuit=83 rows=1
2026-09-16T23:15:19.727422Z DEBUG aiur::gpu_trace: CPU trace: circuit lacks generated CUDA coverage circuit=63 rows=20
2026-09-16T23:15:19.727528Z DEBUG aiur::gpu_trace: CPU trace: circuit lacks generated CUDA coverage circuit=85 rows=20
2026-09-16T23:15:19.727657Z DEBUG aiur::gpu_trace: CPU trace: circuit lacks generated CUDA coverage circuit=39 rows=19
2026-09-16T23:15:19.727714Z DEBUG aiur::gpu_trace: CPU trace: circuit lacks generated CUDA coverage circuit=64 rows=2
2026-09-16T23:15:19.727794Z DEBUG aiur::gpu_trace: CPU trace: circuit lacks generated CUDA coverage circuit=48 rows=21
2026-09-16T23:15:19.727915Z DEBUG aiur::gpu_trace: CPU trace: circuit lacks generated CUDA coverage circuit=40 rows=21
2026-09-16T23:15:19.727982Z DEBUG aiur::gpu_trace: CPU trace: circuit lacks generated CUDA coverage circuit=10 rows=661386
2026-09-16T23:15:19.728043Z DEBUG aiur::gpu_trace: CPU trace: circuit lacks generated CUDA coverage circuit=42 rows=21
2026-09-16T23:15:19.728169Z DEBUG aiur/codegen_seeds{circuit=49 rows=3}: aiur::trace_codegen::cuda: prepared generated CUDA trace circuit=49 rows=3 width=13 seed_bytes=120 seed_spans=1
2026-09-16T23:15:19.728299Z DEBUG aiur::gpu_trace: CPU trace: circuit lacks generated CUDA coverage circuit=58 rows=123
2026-09-16T23:15:19.896819Z DEBUG aiur/codegen_seeds{circuit=20 rows=1048576}: aiur::trace_codegen::cuda: prepared generated CUDA trace circuit=20 rows=1048576 width=533 seed_bytes=184549376 seed_spans=16
2026-09-16T23:15:22.589669Z DEBUG aiur::gpu_trace: CPU trace: circuit lacks generated CUDA coverage circuit=7 rows=185113
2026-09-16T23:15:22.589676Z DEBUG aiur::gpu_trace: CPU trace: circuit lacks generated CUDA coverage circuit=6 rows=325349
2026-09-16T23:15:22.589688Z DEBUG aiur::gpu_trace: CPU trace: circuit lacks generated CUDA coverage circuit=11 rows=197079
2026-09-16T23:15:22.589691Z DEBUG aiur::gpu_trace: CPU trace: circuit lacks generated CUDA coverage circuit=8 rows=413049
2026-09-16T23:15:22.589693Z DEBUG aiur::gpu_trace: CPU trace: circuit lacks generated CUDA coverage circuit=37 rows=279075
2026-09-16T23:15:22.589691Z DEBUG aiur::gpu_trace: CPU trace: circuit lacks generated CUDA coverage circuit=31 rows=1179962
2026-09-16T23:15:22.589693Z DEBUG aiur::gpu_trace: CPU trace: circuit lacks generated CUDA coverage circuit=4 rows=154466
2026-09-16T23:15:22.589693Z DEBUG aiur::gpu_trace: CPU trace: circuit lacks generated CUDA coverage circuit=21 rows=787211
2026-09-16T23:15:22.589696Z DEBUG aiur::gpu_trace: CPU trace: circuit lacks generated CUDA coverage circuit=25 rows=142964
2026-09-16T23:15:22.589692Z DEBUG aiur::gpu_trace: CPU trace: circuit lacks generated CUDA coverage circuit=34 rows=224600
2026-09-16T23:15:22.589995Z DEBUG aiur::gpu_trace: CPU trace: circuit lacks generated CUDA coverage circuit=33 rows=1023572
2026-09-16T23:15:22.590238Z DEBUG aiur::gpu_trace: CPU trace: circuit lacks generated CUDA coverage circuit=65 rows=67742
2026-09-16T23:15:22.590404Z DEBUG aiur::gpu_trace: CPU trace: circuit lacks generated CUDA coverage circuit=23 rows=306504
2026-09-16T23:15:22.590483Z DEBUG aiur::gpu_trace: CPU trace: circuit lacks generated CUDA coverage circuit=13 rows=174956
2026-09-16T23:15:22.590886Z DEBUG aiur::gpu_trace: CPU trace: circuit lacks generated CUDA coverage circuit=66 rows=17044
2026-09-16T23:15:22.590924Z DEBUG aiur::gpu_trace: CPU trace: circuit lacks generated CUDA coverage circuit=28 rows=831505
2026-09-16T23:15:22.591011Z DEBUG aiur::gpu_trace: CPU trace: circuit lacks generated CUDA coverage circuit=84 rows=712429
2026-09-16T23:15:22.591339Z DEBUG aiur::gpu_trace: CPU trace: circuit lacks generated CUDA coverage circuit=26 rows=464886
2026-09-16T23:15:22.591534Z DEBUG aiur::gpu_trace: CPU trace: circuit lacks generated CUDA coverage circuit=87 rows=133953
2026-09-16T23:15:22.591563Z DEBUG aiur::gpu_trace: CPU trace: circuit lacks generated CUDA coverage circuit=36 rows=136291
2026-09-16T23:15:22.925403Z DEBUG aiur/codegen_seeds{circuit=20 rows=1048576}: aiur::trace_codegen::cuda: prepared generated CUDA trace circuit=20 rows=1048576 width=533 seed_bytes=184549376 seed_spans=16
2026-09-16T23:15:25.420632Z DEBUG aiur::gpu_trace: CPU trace: circuit lacks generated CUDA coverage circuit=22 rows=142964
2026-09-16T23:15:25.483289Z DEBUG aiur/codegen_seeds{circuit=20 rows=1048576}: aiur::trace_codegen::cuda: prepared generated CUDA trace circuit=20 rows=1048576 width=533 seed_bytes=184549376 seed_spans=16
2026-09-16T23:15:27.916376Z DEBUG aiur/codegen_seeds{circuit=20 rows=1048576}: aiur::trace_codegen::cuda: prepared generated CUDA trace circuit=20 rows=1048576 width=533 seed_bytes=184549376 seed_spans=16
2026-09-16T23:15:29.136658Z DEBUG aiur/codegen_seeds{circuit=20 rows=476568}: aiur::trace_codegen::cuda: prepared generated CUDA trace circuit=20 rows=476568 width=533 seed_bytes=83875968 seed_spans=8
[aggregate] slot 5: cached proof 6aaff85641805f0b44a900f2b8a73c9f1376a4342e53d32c9321b0f4cc29b1ca
[lanes] worker 0: join 5 published at +360s
[lanes] root dispatched at +360s
[lanes] executor 0: root execution started at +360s
[aggregate] structural-joining slots 2, 5 into 6
[trace-shards] 7 shards, 1500000000 committed cells: record 12215552497 B in shared pool, host workspace 16607595674 B of 26088568116 B reserved per prover; regenerating round 2
[lanes] executor 0: root executed in 26.9s, record 12215552497 B (11.3 GiB) at +386s
[lanes] worker 0: root proving started at +386s
2026-09-16T23:15:57.945810Z DEBUG aiur::gpu_trace: CPU trace: circuit lacks generated CUDA coverage circuit=9 rows=2799792
2026-09-16T23:15:57.946702Z DEBUG aiur::gpu_trace: CPU trace: circuit lacks generated CUDA coverage circuit=32 rows=5041511
2026-09-16T23:15:58.005193Z DEBUG aiur/codegen_seeds{circuit=20 rows=1048576}: aiur::trace_codegen::cuda: prepared generated CUDA trace circuit=20 rows=1048576 width=533 seed_bytes=184549376 seed_spans=16
2026-09-16T23:15:58.365042Z DEBUG aiur::gpu_trace: CPU trace: circuit lacks generated CUDA coverage circuit=38 rows=84
2026-09-16T23:15:58.365053Z DEBUG aiur::gpu_trace: CPU trace: circuit lacks generated CUDA coverage circuit=39 rows=17
2026-09-16T23:15:58.365052Z DEBUG aiur::gpu_trace: CPU trace: circuit lacks generated CUDA coverage circuit=51 rows=215
2026-09-16T23:15:58.365740Z DEBUG aiur::gpu_trace: CPU trace: circuit lacks generated CUDA coverage circuit=47 rows=1281
2026-09-16T23:15:58.365802Z DEBUG aiur::gpu_trace: CPU trace: circuit lacks generated CUDA coverage circuit=54 rows=175
2026-09-16T23:15:58.365831Z DEBUG aiur::gpu_trace: CPU trace: circuit lacks generated CUDA coverage circuit=60 rows=24
2026-09-16T23:15:58.365931Z DEBUG aiur::gpu_trace: CPU trace: circuit lacks generated CUDA coverage circuit=45 rows=2
2026-09-16T23:15:58.365946Z DEBUG aiur::gpu_trace: CPU trace: circuit lacks generated CUDA coverage circuit=10 rows=574636
2026-09-16T23:15:58.366039Z DEBUG aiur::gpu_trace: CPU trace: circuit lacks generated CUDA coverage circuit=29 rows=2691011
2026-09-16T23:15:58.366049Z DEBUG aiur::gpu_trace: CPU trace: circuit lacks generated CUDA coverage circuit=2 rows=94
2026-09-16T23:15:58.366282Z DEBUG aiur::gpu_trace: CPU trace: circuit lacks generated CUDA coverage circuit=55 rows=1107
2026-09-16T23:15:58.366389Z DEBUG aiur::gpu_trace: CPU trace: circuit lacks generated CUDA coverage circuit=61 rows=17
2026-09-16T23:15:58.512699Z DEBUG aiur/codegen_seeds{circuit=20 rows=1048576}: aiur::trace_codegen::cuda: prepared generated CUDA trace circuit=20 rows=1048576 width=533 seed_bytes=184549376 seed_spans=16
2026-09-16T23:15:58.516834Z DEBUG aiur/codegen_seeds{circuit=30 rows=350633}: aiur::trace_codegen::cuda: prepared generated CUDA trace circuit=30 rows=350633 width=234 seed_bytes=213184864 seed_spans=13
2026-09-16T23:15:59.446763Z DEBUG aiur::gpu_trace: CPU trace: circuit lacks generated CUDA coverage circuit=19 rows=230976
2026-09-16T23:15:59.446763Z DEBUG aiur::gpu_trace: CPU trace: circuit lacks generated CUDA coverage circuit=18 rows=3223494
2026-09-16T23:15:59.446764Z DEBUG aiur::gpu_trace: CPU trace: circuit lacks generated CUDA coverage circuit=62 rows=19
2026-09-16T23:15:59.446763Z DEBUG aiur::gpu_trace: CPU trace: circuit lacks generated CUDA coverage circuit=56 rows=2
2026-09-16T23:15:59.446763Z DEBUG aiur::gpu_trace: CPU trace: circuit lacks generated CUDA coverage circuit=53 rows=22
2026-09-16T23:15:59.446763Z DEBUG aiur::gpu_trace: CPU trace: circuit lacks generated CUDA coverage circuit=15 rows=19
2026-09-16T23:15:59.446764Z DEBUG aiur::gpu_trace: CPU trace: circuit lacks generated CUDA coverage circuit=50 rows=18
2026-09-16T23:15:59.446765Z DEBUG aiur::gpu_trace: CPU trace: circuit lacks generated CUDA coverage circuit=52 rows=46
2026-09-16T23:15:59.447203Z DEBUG aiur::gpu_trace: CPU trace: circuit lacks generated CUDA coverage circuit=16 rows=46
2026-09-16T23:15:59.447340Z DEBUG aiur::gpu_trace: CPU trace: circuit lacks generated CUDA coverage circuit=85 rows=18
2026-09-16T23:15:59.447405Z DEBUG aiur::gpu_trace: CPU trace: circuit lacks generated CUDA coverage circuit=14 rows=17
2026-09-16T23:15:59.447491Z DEBUG aiur::gpu_trace: CPU trace: circuit lacks generated CUDA coverage circuit=57 rows=32
2026-09-16T23:15:59.447491Z DEBUG aiur::gpu_trace: CPU trace: circuit lacks generated CUDA coverage circuit=86 rows=2487822
2026-09-16T23:15:59.447499Z DEBUG aiur::gpu_trace: CPU trace: circuit lacks generated CUDA coverage circuit=17 rows=19
2026-09-16T23:15:59.447504Z DEBUG aiur::gpu_trace: CPU trace: circuit lacks generated CUDA coverage circuit=43 rows=2
2026-09-16T23:15:59.447559Z DEBUG aiur::gpu_trace: CPU trace: circuit lacks generated CUDA coverage circuit=40 rows=19
2026-09-16T23:15:59.447629Z DEBUG aiur::gpu_trace: CPU trace: circuit lacks generated CUDA coverage circuit=83 rows=1
2026-09-16T23:15:59.447638Z DEBUG aiur::gpu_trace: CPU trace: circuit lacks generated CUDA coverage circuit=63 rows=18
2026-09-16T23:15:59.447791Z DEBUG aiur::gpu_trace: CPU trace: circuit lacks generated CUDA coverage circuit=5 rows=421801
2026-09-16T23:15:59.447827Z DEBUG aiur::gpu_trace: CPU trace: circuit lacks generated CUDA coverage circuit=64 rows=2
2026-09-16T23:15:59.447854Z DEBUG aiur::gpu_trace: CPU trace: circuit lacks generated CUDA coverage circuit=46 rows=17
2026-09-16T23:15:59.447917Z DEBUG aiur::gpu_trace: CPU trace: circuit lacks generated CUDA coverage circuit=44 rows=45
2026-09-16T23:15:59.447926Z DEBUG aiur::gpu_trace: CPU trace: circuit lacks generated CUDA coverage circuit=87 rows=39148
2026-09-16T23:15:59.447950Z DEBUG aiur::gpu_trace: CPU trace: circuit lacks generated CUDA coverage circuit=58 rows=93
2026-09-16T23:15:59.447974Z DEBUG aiur/codegen_seeds{circuit=59 rows=52}: aiur::trace_codegen::cuda: prepared generated CUDA trace circuit=59 rows=52 width=26 seed_bytes=4576 seed_spans=1
2026-09-16T23:15:59.448076Z DEBUG aiur::gpu_trace: CPU trace: circuit lacks generated CUDA coverage circuit=41 rows=17
2026-09-16T23:15:59.448105Z DEBUG aiur::gpu_trace: CPU trace: circuit lacks generated CUDA coverage circuit=48 rows=37
2026-09-16T23:15:59.448115Z DEBUG aiur::gpu_trace: CPU trace: circuit lacks generated CUDA coverage circuit=42 rows=19
2026-09-16T23:15:59.448254Z DEBUG aiur/codegen_seeds{circuit=49 rows=3}: aiur::trace_codegen::cuda: prepared generated CUDA trace circuit=49 rows=3 width=13 seed_bytes=120 seed_spans=1
2026-09-16T23:15:59.623748Z DEBUG aiur/codegen_seeds{circuit=20 rows=1048576}: aiur::trace_codegen::cuda: prepared generated CUDA trace circuit=20 rows=1048576 width=533 seed_bytes=184549376 seed_spans=16
2026-09-16T23:16:00.409338Z DEBUG aiur::gpu_trace: CPU trace: circuit lacks generated CUDA coverage circuit=0 rows=691257
2026-09-16T23:16:00.409378Z DEBUG aiur::gpu_trace: CPU trace: circuit lacks generated CUDA coverage circuit=28 rows=563120
2026-09-16T23:16:00.409389Z DEBUG aiur::gpu_trace: CPU trace: circuit lacks generated CUDA coverage circuit=4 rows=145559
2026-09-16T23:16:00.409379Z DEBUG aiur::gpu_trace: CPU trace: circuit lacks generated CUDA coverage circuit=12 rows=426407
2026-09-16T23:16:00.409379Z DEBUG aiur::gpu_trace: CPU trace: circuit lacks generated CUDA coverage circuit=31 rows=889328
2026-09-16T23:16:00.409793Z DEBUG aiur::gpu_trace: CPU trace: circuit lacks generated CUDA coverage circuit=8 rows=252521
2026-09-16T23:16:00.410045Z DEBUG aiur::gpu_trace: CPU trace: circuit lacks generated CUDA coverage circuit=27 rows=508745
2026-09-16T23:16:00.410375Z DEBUG aiur::gpu_trace: CPU trace: circuit lacks generated CUDA coverage circuit=33 rows=598767
2026-09-16T23:16:00.656730Z DEBUG aiur/codegen_seeds{circuit=20 rows=1048576}: aiur::trace_codegen::cuda: prepared generated CUDA trace circuit=20 rows=1048576 width=533 seed_bytes=184549376 seed_spans=16
2026-09-16T23:16:01.416398Z DEBUG aiur::gpu_trace: CPU trace: circuit lacks generated CUDA coverage circuit=1 rows=12496
2026-09-16T23:16:01.416405Z DEBUG aiur::gpu_trace: CPU trace: circuit lacks generated CUDA coverage circuit=3 rows=17799
2026-09-16T23:16:01.416424Z DEBUG aiur::gpu_trace: CPU trace: circuit lacks generated CUDA coverage circuit=37 rows=116111
2026-09-16T23:16:01.416431Z DEBUG aiur::gpu_trace: CPU trace: circuit lacks generated CUDA coverage circuit=6 rows=153364
2026-09-16T23:16:01.416443Z DEBUG aiur::gpu_trace: CPU trace: circuit lacks generated CUDA coverage circuit=26 rows=330656
2026-09-16T23:16:01.416447Z DEBUG aiur::gpu_trace: CPU trace: circuit lacks generated CUDA coverage circuit=11 rows=172169
2026-09-16T23:16:01.416447Z DEBUG aiur::gpu_trace: CPU trace: circuit lacks generated CUDA coverage circuit=34 rows=114300
2026-09-16T23:16:01.416448Z DEBUG aiur::gpu_trace: CPU trace: circuit lacks generated CUDA coverage circuit=65 rows=71797
2026-09-16T23:16:01.416447Z DEBUG aiur::gpu_trace: CPU trace: circuit lacks generated CUDA coverage circuit=7 rows=150438
2026-09-16T23:16:01.416447Z DEBUG aiur::gpu_trace: CPU trace: circuit lacks generated CUDA coverage circuit=25 rows=40840
2026-09-16T23:16:01.416889Z DEBUG aiur::gpu_trace: CPU trace: circuit lacks generated CUDA coverage circuit=35 rows=184458
2026-09-16T23:16:01.416993Z DEBUG aiur::gpu_trace: CPU trace: circuit lacks generated CUDA coverage circuit=13 rows=91165
2026-09-16T23:16:01.417051Z DEBUG aiur::gpu_trace: CPU trace: circuit lacks generated CUDA coverage circuit=84 rows=496027
2026-09-16T23:16:01.417499Z DEBUG aiur::gpu_trace: CPU trace: circuit lacks generated CUDA coverage circuit=66 rows=40583
2026-09-16T23:16:01.417666Z DEBUG aiur::gpu_trace: CPU trace: circuit lacks generated CUDA coverage circuit=36 rows=118726
2026-09-16T23:16:01.417961Z DEBUG aiur::gpu_trace: CPU trace: circuit lacks generated CUDA coverage circuit=21 rows=280877
2026-09-16T23:16:01.418071Z DEBUG aiur::gpu_trace: CPU trace: circuit lacks generated CUDA coverage circuit=23 rows=92470
2026-09-16T23:16:01.418125Z DEBUG aiur::gpu_trace: CPU trace: circuit lacks generated CUDA coverage circuit=22 rows=40840
2026-09-16T23:16:01.418182Z DEBUG aiur::gpu_trace: CPU trace: circuit lacks generated CUDA coverage circuit=24 rows=1770
2026-09-16T23:16:01.546840Z DEBUG aiur/codegen_seeds{circuit=20 rows=1048576}: aiur::trace_codegen::cuda: prepared generated CUDA trace circuit=20 rows=1048576 width=533 seed_bytes=184549376 seed_spans=16
2026-09-16T23:16:02.466007Z DEBUG aiur/codegen_seeds{circuit=20 rows=1048576}: aiur::trace_codegen::cuda: prepared generated CUDA trace circuit=20 rows=1048576 width=533 seed_bytes=184549376 seed_spans=16
2026-09-16T23:16:03.025254Z DEBUG aiur/codegen_seeds{circuit=20 rows=117088}: aiur::trace_codegen::cuda: prepared generated CUDA trace circuit=20 rows=117088 width=533 seed_bytes=20607488 seed_spans=2
2026-09-16T23:16:03.509344Z DEBUG aiur::gpu_trace: CPU trace: circuit lacks generated CUDA coverage circuit=9 rows=2799792
2026-09-16T23:16:03.509704Z DEBUG aiur::gpu_trace: CPU trace: circuit lacks generated CUDA coverage circuit=32 rows=5041511
2026-09-16T23:16:03.563578Z DEBUG aiur/codegen_seeds{circuit=20 rows=1048576}: aiur::trace_codegen::cuda: prepared generated CUDA trace circuit=20 rows=1048576 width=533 seed_bytes=184549376 seed_spans=16
2026-09-16T23:16:03.927069Z DEBUG aiur::gpu_trace: CPU trace: circuit lacks generated CUDA coverage circuit=51 rows=215
2026-09-16T23:16:03.927075Z DEBUG aiur::gpu_trace: CPU trace: circuit lacks generated CUDA coverage circuit=60 rows=24
2026-09-16T23:16:03.927075Z DEBUG aiur::gpu_trace: CPU trace: circuit lacks generated CUDA coverage circuit=29 rows=2691011
2026-09-16T23:16:03.927126Z DEBUG aiur::gpu_trace: CPU trace: circuit lacks generated CUDA coverage circuit=38 rows=84
2026-09-16T23:16:03.927242Z DEBUG aiur::gpu_trace: CPU trace: circuit lacks generated CUDA coverage circuit=54 rows=175
2026-09-16T23:16:03.927494Z DEBUG aiur::gpu_trace: CPU trace: circuit lacks generated CUDA coverage circuit=39 rows=17
2026-09-16T23:16:03.927529Z DEBUG aiur::gpu_trace: CPU trace: circuit lacks generated CUDA coverage circuit=55 rows=1107
2026-09-16T23:16:03.927718Z DEBUG aiur::gpu_trace: CPU trace: circuit lacks generated CUDA coverage circuit=61 rows=17
2026-09-16T23:16:03.927855Z DEBUG aiur::gpu_trace: CPU trace: circuit lacks generated CUDA coverage circuit=2 rows=94
2026-09-16T23:16:03.927905Z DEBUG aiur::gpu_trace: CPU trace: circuit lacks generated CUDA coverage circuit=47 rows=1281
2026-09-16T23:16:03.928095Z DEBUG aiur::gpu_trace: CPU trace: circuit lacks generated CUDA coverage circuit=45 rows=2
2026-09-16T23:16:03.928574Z DEBUG aiur::gpu_trace: CPU trace: circuit lacks generated CUDA coverage circuit=10 rows=574636
2026-09-16T23:16:04.068644Z DEBUG aiur/codegen_seeds{circuit=20 rows=1048576}: aiur::trace_codegen::cuda: prepared generated CUDA trace circuit=20 rows=1048576 width=533 seed_bytes=184549376 seed_spans=16
2026-09-16T23:16:04.075658Z DEBUG aiur/codegen_seeds{circuit=30 rows=350633}: aiur::trace_codegen::cuda: prepared generated CUDA trace circuit=30 rows=350633 width=234 seed_bytes=213184864 seed_spans=13
2026-09-16T23:16:06.666916Z DEBUG aiur::gpu_trace: CPU trace: circuit lacks generated CUDA coverage circuit=62 rows=19
2026-09-16T23:16:06.666926Z DEBUG aiur::gpu_trace: CPU trace: circuit lacks generated CUDA coverage circuit=15 rows=19
2026-09-16T23:16:06.666917Z DEBUG aiur::gpu_trace: CPU trace: circuit lacks generated CUDA coverage circuit=18 rows=3223494
2026-09-16T23:16:06.666920Z DEBUG aiur::gpu_trace: CPU trace: circuit lacks generated CUDA coverage circuit=56 rows=2
2026-09-16T23:16:06.666945Z DEBUG aiur::gpu_trace: CPU trace: circuit lacks generated CUDA coverage circuit=5 rows=421801
2026-09-16T23:16:06.666916Z DEBUG aiur::gpu_trace: CPU trace: circuit lacks generated CUDA coverage circuit=53 rows=22
2026-09-16T23:16:06.666915Z DEBUG aiur::gpu_trace: CPU trace: circuit lacks generated CUDA coverage circuit=50 rows=18
2026-09-16T23:16:06.666948Z DEBUG aiur::gpu_trace: CPU trace: circuit lacks generated CUDA coverage circuit=16 rows=46
2026-09-16T23:16:06.667182Z DEBUG aiur::gpu_trace: CPU trace: circuit lacks generated CUDA coverage circuit=52 rows=46
2026-09-16T23:16:06.667510Z DEBUG aiur::gpu_trace: CPU trace: circuit lacks generated CUDA coverage circuit=17 rows=19
2026-09-16T23:16:06.667648Z DEBUG aiur::gpu_trace: CPU trace: circuit lacks generated CUDA coverage circuit=86 rows=2487822
2026-09-16T23:16:06.667700Z DEBUG aiur::gpu_trace: CPU trace: circuit lacks generated CUDA coverage circuit=14 rows=17
2026-09-16T23:16:06.667703Z DEBUG aiur::gpu_trace: CPU trace: circuit lacks generated CUDA coverage circuit=43 rows=2
2026-09-16T23:16:06.667723Z DEBUG aiur::gpu_trace: CPU trace: circuit lacks generated CUDA coverage circuit=46 rows=17
2026-09-16T23:16:06.667742Z DEBUG aiur::gpu_trace: CPU trace: circuit lacks generated CUDA coverage circuit=48 rows=37
2026-09-16T23:16:06.667748Z DEBUG aiur::gpu_trace: CPU trace: circuit lacks generated CUDA coverage circuit=85 rows=18
2026-09-16T23:16:06.667758Z DEBUG aiur::gpu_trace: CPU trace: circuit lacks generated CUDA coverage circuit=44 rows=45
2026-09-16T23:16:06.667774Z DEBUG aiur::gpu_trace: CPU trace: circuit lacks generated CUDA coverage circuit=40 rows=19
2026-09-16T23:16:06.667934Z DEBUG aiur/codegen_seeds{circuit=49 rows=3}: aiur::trace_codegen::cuda: prepared generated CUDA trace circuit=49 rows=3 width=13 seed_bytes=120 seed_spans=1
2026-09-16T23:16:06.667971Z DEBUG aiur::gpu_trace: CPU trace: circuit lacks generated CUDA coverage circuit=19 rows=230976
2026-09-16T23:16:06.668001Z DEBUG aiur::gpu_trace: CPU trace: circuit lacks generated CUDA coverage circuit=57 rows=32
2026-09-16T23:16:06.668101Z DEBUG aiur::gpu_trace: CPU trace: circuit lacks generated CUDA coverage circuit=87 rows=39148
2026-09-16T23:16:06.668106Z DEBUG aiur/codegen_seeds{circuit=59 rows=52}: aiur::trace_codegen::cuda: prepared generated CUDA trace circuit=59 rows=52 width=26 seed_bytes=4576 seed_spans=1
2026-09-16T23:16:06.668199Z DEBUG aiur::gpu_trace: CPU trace: circuit lacks generated CUDA coverage circuit=41 rows=17
2026-09-16T23:16:06.668280Z DEBUG aiur::gpu_trace: CPU trace: circuit lacks generated CUDA coverage circuit=63 rows=18
2026-09-16T23:16:06.668505Z DEBUG aiur::gpu_trace: CPU trace: circuit lacks generated CUDA coverage circuit=42 rows=19
2026-09-16T23:16:06.668523Z DEBUG aiur::gpu_trace: CPU trace: circuit lacks generated CUDA coverage circuit=58 rows=93
2026-09-16T23:16:06.668618Z DEBUG aiur::gpu_trace: CPU trace: circuit lacks generated CUDA coverage circuit=64 rows=2
2026-09-16T23:16:06.668641Z DEBUG aiur::gpu_trace: CPU trace: circuit lacks generated CUDA coverage circuit=83 rows=1
2026-09-16T23:16:06.844539Z DEBUG aiur/codegen_seeds{circuit=20 rows=1048576}: aiur::trace_codegen::cuda: prepared generated CUDA trace circuit=20 rows=1048576 width=533 seed_bytes=184549376 seed_spans=16
2026-09-16T23:16:09.263851Z DEBUG aiur::gpu_trace: CPU trace: circuit lacks generated CUDA coverage circuit=28 rows=563120
2026-09-16T23:16:09.263868Z DEBUG aiur::gpu_trace: CPU trace: circuit lacks generated CUDA coverage circuit=27 rows=508745
2026-09-16T23:16:09.263875Z DEBUG aiur::gpu_trace: CPU trace: circuit lacks generated CUDA coverage circuit=31 rows=889328
2026-09-16T23:16:09.263869Z DEBUG aiur::gpu_trace: CPU trace: circuit lacks generated CUDA coverage circuit=12 rows=426407
2026-09-16T23:16:09.263884Z DEBUG aiur::gpu_trace: CPU trace: circuit lacks generated CUDA coverage circuit=0 rows=691257
2026-09-16T23:16:09.264891Z DEBUG aiur::gpu_trace: CPU trace: circuit lacks generated CUDA coverage circuit=33 rows=598767
2026-09-16T23:16:09.265076Z DEBUG aiur::gpu_trace: CPU trace: circuit lacks generated CUDA coverage circuit=8 rows=252521
2026-09-16T23:16:09.265183Z DEBUG aiur::gpu_trace: CPU trace: circuit lacks generated CUDA coverage circuit=4 rows=145559
2026-09-16T23:16:09.516971Z DEBUG aiur/codegen_seeds{circuit=20 rows=1048576}: aiur::trace_codegen::cuda: prepared generated CUDA trace circuit=20 rows=1048576 width=533 seed_bytes=184549376 seed_spans=16
2026-09-16T23:16:11.887965Z DEBUG aiur::gpu_trace: CPU trace: circuit lacks generated CUDA coverage circuit=3 rows=17799
2026-09-16T23:16:11.887983Z DEBUG aiur::gpu_trace: CPU trace: circuit lacks generated CUDA coverage circuit=6 rows=153364
2026-09-16T23:16:11.887982Z DEBUG aiur::gpu_trace: CPU trace: circuit lacks generated CUDA coverage circuit=66 rows=40583
2026-09-16T23:16:11.887981Z DEBUG aiur::gpu_trace: CPU trace: circuit lacks generated CUDA coverage circuit=21 rows=280877
2026-09-16T23:16:11.887985Z DEBUG aiur::gpu_trace: CPU trace: circuit lacks generated CUDA coverage circuit=37 rows=116111
2026-09-16T23:16:11.887981Z DEBUG aiur::gpu_trace: CPU trace: circuit lacks generated CUDA coverage circuit=65 rows=71797
2026-09-16T23:16:11.887987Z DEBUG aiur::gpu_trace: CPU trace: circuit lacks generated CUDA coverage circuit=25 rows=40840
2026-09-16T23:16:11.887981Z DEBUG aiur::gpu_trace: CPU trace: circuit lacks generated CUDA coverage circuit=1 rows=12496
2026-09-16T23:16:11.888498Z DEBUG aiur::gpu_trace: CPU trace: circuit lacks generated CUDA coverage circuit=23 rows=92470
2026-09-16T23:16:11.888721Z DEBUG aiur::gpu_trace: CPU trace: circuit lacks generated CUDA coverage circuit=26 rows=330656
2026-09-16T23:16:11.888788Z DEBUG aiur::gpu_trace: CPU trace: circuit lacks generated CUDA coverage circuit=34 rows=114300
2026-09-16T23:16:11.888811Z DEBUG aiur::gpu_trace: CPU trace: circuit lacks generated CUDA coverage circuit=13 rows=91165
2026-09-16T23:16:11.888874Z DEBUG aiur::gpu_trace: CPU trace: circuit lacks generated CUDA coverage circuit=35 rows=184458
2026-09-16T23:16:11.888956Z DEBUG aiur::gpu_trace: CPU trace: circuit lacks generated CUDA coverage circuit=24 rows=1770
2026-09-16T23:16:11.888982Z DEBUG aiur::gpu_trace: CPU trace: circuit lacks generated CUDA coverage circuit=22 rows=40840
2026-09-16T23:16:11.889187Z DEBUG aiur::gpu_trace: CPU trace: circuit lacks generated CUDA coverage circuit=11 rows=172169
2026-09-16T23:16:11.889300Z DEBUG aiur::gpu_trace: CPU trace: circuit lacks generated CUDA coverage circuit=36 rows=118726
2026-09-16T23:16:11.889589Z DEBUG aiur::gpu_trace: CPU trace: circuit lacks generated CUDA coverage circuit=7 rows=150438
2026-09-16T23:16:11.889898Z DEBUG aiur::gpu_trace: CPU trace: circuit lacks generated CUDA coverage circuit=84 rows=496027
2026-09-16T23:16:12.029528Z DEBUG aiur/codegen_seeds{circuit=20 rows=1048576}: aiur::trace_codegen::cuda: prepared generated CUDA trace circuit=20 rows=1048576 width=533 seed_bytes=184549376 seed_spans=16
2026-09-16T23:16:14.751847Z DEBUG aiur/codegen_seeds{circuit=20 rows=1048576}: aiur::trace_codegen::cuda: prepared generated CUDA trace circuit=20 rows=1048576 width=533 seed_bytes=184549376 seed_spans=16
2026-09-16T23:16:16.300621Z DEBUG aiur/codegen_seeds{circuit=20 rows=117088}: aiur::trace_codegen::cuda: prepared generated CUDA trace circuit=20 rows=117088 width=533 seed_bytes=20607488 seed_spans=2
[aggregate] slot 6: cached proof e48bbe71fa7b89d93fb106cfad61bd2c7e9a11f0b518aade7898cc909c45a7cd
[trace-shards] 3 shards, 1500000000 committed cells: record 4690810921 B in shared pool, host workspace 16332312908 B of 26088568116 B reserved per prover; regenerating round 2
2026-09-16T23:16:27.243365Z DEBUG aiur::gpu_trace: CPU trace: circuit lacks generated CUDA coverage circuit=9 rows=1250460
2026-09-16T23:16:27.243380Z DEBUG aiur::gpu_trace: CPU trace: circuit lacks generated CUDA coverage circuit=3 rows=8513
2026-09-16T23:16:27.243367Z DEBUG aiur::gpu_trace: CPU trace: circuit lacks generated CUDA coverage circuit=26 rows=134773
2026-09-16T23:16:27.243374Z DEBUG aiur::gpu_trace: CPU trace: circuit lacks generated CUDA coverage circuit=56 rows=1
2026-09-16T23:16:27.243832Z DEBUG aiur::gpu_trace: CPU trace: circuit lacks generated CUDA coverage circuit=32 rows=2222981
2026-09-16T23:16:27.243851Z DEBUG aiur::gpu_trace: CPU trace: circuit lacks generated CUDA coverage circuit=5 rows=155680
2026-09-16T23:16:27.244010Z DEBUG aiur::gpu_trace: CPU trace: circuit lacks generated CUDA coverage circuit=29 rows=1184771
2026-09-16T23:16:27.244279Z DEBUG aiur::gpu_trace: CPU trace: circuit lacks generated CUDA coverage circuit=44 rows=23
2026-09-16T23:16:27.244537Z DEBUG aiur::gpu_trace: CPU trace: circuit lacks generated CUDA coverage circuit=47 rows=666
2026-09-16T23:16:27.244850Z DEBUG aiur::gpu_trace: CPU trace: circuit lacks generated CUDA coverage circuit=65 rows=54
2026-09-16T23:16:27.334864Z DEBUG aiur/codegen_seeds{circuit=30 rows=154984}: aiur::trace_codegen::cuda: prepared generated CUDA trace circuit=30 rows=154984 width=234 seed_bytes=94230272 seed_spans=6
2026-09-16T23:16:27.359446Z DEBUG aiur/codegen_seeds{circuit=20 rows=1048576}: aiur::trace_codegen::cuda: prepared generated CUDA trace circuit=20 rows=1048576 width=533 seed_bytes=184549376 seed_spans=16
2026-09-16T23:16:27.518144Z DEBUG aiur::gpu_trace: CPU trace: circuit lacks generated CUDA coverage circuit=0 rows=283283
2026-09-16T23:16:27.518160Z DEBUG aiur::gpu_trace: CPU trace: circuit lacks generated CUDA coverage circuit=1 rows=7
2026-09-16T23:16:27.518165Z DEBUG aiur::gpu_trace: CPU trace: circuit lacks generated CUDA coverage circuit=6 rows=90367
2026-09-16T23:16:27.518180Z DEBUG aiur::gpu_trace: CPU trace: circuit lacks generated CUDA coverage circuit=57 rows=22
2026-09-16T23:16:27.518187Z DEBUG aiur::gpu_trace: CPU trace: circuit lacks generated CUDA coverage circuit=4 rows=49635
2026-09-16T23:16:27.518193Z DEBUG aiur::gpu_trace: CPU trace: circuit lacks generated CUDA coverage circuit=58 rows=57
2026-09-16T23:16:27.518196Z DEBUG aiur::gpu_trace: CPU trace: circuit lacks generated CUDA coverage circuit=34 rows=54300
2026-09-16T23:16:27.518197Z DEBUG aiur::gpu_trace: CPU trace: circuit lacks generated CUDA coverage circuit=50 rows=8
2026-09-16T23:16:27.518198Z DEBUG aiur::gpu_trace: CPU trace: circuit lacks generated CUDA coverage circuit=12 rows=170291
2026-09-16T23:16:27.518203Z DEBUG aiur::gpu_trace: CPU trace: circuit lacks generated CUDA coverage circuit=7 rows=61674
2026-09-16T23:16:27.518205Z DEBUG aiur::gpu_trace: CPU trace: circuit lacks generated CUDA coverage circuit=53 rows=19
2026-09-16T23:16:27.518197Z DEBUG aiur::gpu_trace: CPU trace: circuit lacks generated CUDA coverage circuit=31 rows=365003
2026-09-16T23:16:27.518201Z DEBUG aiur::gpu_trace: CPU trace: circuit lacks generated CUDA coverage circuit=21 rows=227800
2026-09-16T23:16:27.518198Z DEBUG aiur::gpu_trace: CPU trace: circuit lacks generated CUDA coverage circuit=13 rows=51554
2026-09-16T23:16:27.518200Z DEBUG aiur::gpu_trace: CPU trace: circuit lacks generated CUDA coverage circuit=43 rows=1
2026-09-16T23:16:27.518203Z DEBUG aiur::gpu_trace: CPU trace: circuit lacks generated CUDA coverage circuit=25 rows=40840
2026-09-16T23:16:27.518202Z DEBUG aiur::gpu_trace: CPU trace: circuit lacks generated CUDA coverage circuit=15 rows=8
2026-09-16T23:16:27.518201Z DEBUG aiur::gpu_trace: CPU trace: circuit lacks generated CUDA coverage circuit=2 rows=46
2026-09-16T23:16:27.518205Z DEBUG aiur::gpu_trace: CPU trace: circuit lacks generated CUDA coverage circuit=19 rows=21432
2026-09-16T23:16:27.518206Z DEBUG aiur::gpu_trace: CPU trace: circuit lacks generated CUDA coverage circuit=18 rows=644486
2026-09-16T23:16:27.518201Z DEBUG aiur::gpu_trace: CPU trace: circuit lacks generated CUDA coverage circuit=37 rows=54274
2026-09-16T23:16:27.518197Z DEBUG aiur::gpu_trace: CPU trace: circuit lacks generated CUDA coverage circuit=51 rows=103
2026-09-16T23:16:27.518198Z DEBUG aiur::gpu_trace: CPU trace: circuit lacks generated CUDA coverage circuit=40 rows=8
2026-09-16T23:16:27.518199Z DEBUG aiur::gpu_trace: CPU trace: circuit lacks generated CUDA coverage circuit=62 rows=8
2026-09-16T23:16:27.518300Z DEBUG aiur/codegen_seeds{circuit=59 rows=33}: aiur::trace_codegen::cuda: prepared generated CUDA trace circuit=59 rows=33 width=26 seed_bytes=2904 seed_spans=1
2026-09-16T23:16:27.518230Z DEBUG aiur::gpu_trace: CPU trace: circuit lacks generated CUDA coverage circuit=16 rows=23
2026-09-16T23:16:27.518315Z DEBUG aiur::gpu_trace: CPU trace: circuit lacks generated CUDA coverage circuit=60 rows=12
2026-09-16T23:16:27.518368Z DEBUG aiur::gpu_trace: CPU trace: circuit lacks generated CUDA coverage circuit=23 rows=92470
2026-09-16T23:16:27.518451Z DEBUG aiur::gpu_trace: CPU trace: circuit lacks generated CUDA coverage circuit=28 rows=236239
2026-09-16T23:16:27.518492Z DEBUG aiur::gpu_trace: CPU trace: circuit lacks generated CUDA coverage circuit=46 rows=7
2026-09-16T23:16:27.518587Z DEBUG aiur::gpu_trace: CPU trace: circuit lacks generated CUDA coverage circuit=61 rows=7
2026-09-16T23:16:27.518628Z DEBUG aiur::gpu_trace: CPU trace: circuit lacks generated CUDA coverage circuit=33 rows=283295
2026-09-16T23:16:27.518639Z DEBUG aiur::gpu_trace: CPU trace: circuit lacks generated CUDA coverage circuit=63 rows=8
2026-09-16T23:16:27.518690Z DEBUG aiur::gpu_trace: CPU trace: circuit lacks generated CUDA coverage circuit=54 rows=90
2026-09-16T23:16:27.518704Z DEBUG aiur::gpu_trace: CPU trace: circuit lacks generated CUDA coverage circuit=27 rows=242586
2026-09-16T23:16:27.518708Z DEBUG aiur::gpu_trace: CPU trace: circuit lacks generated CUDA coverage circuit=41 rows=7
2026-09-16T23:16:27.518767Z DEBUG aiur::gpu_trace: CPU trace: circuit lacks generated CUDA coverage circuit=52 rows=23
2026-09-16T23:16:27.518835Z DEBUG aiur::gpu_trace: CPU trace: circuit lacks generated CUDA coverage circuit=10 rows=141594
2026-09-16T23:16:27.518843Z DEBUG aiur::gpu_trace: CPU trace: circuit lacks generated CUDA coverage circuit=22 rows=40840
2026-09-16T23:16:27.518895Z DEBUG aiur::gpu_trace: CPU trace: circuit lacks generated CUDA coverage circuit=45 rows=1
2026-09-16T23:16:27.519004Z DEBUG aiur::gpu_trace: CPU trace: circuit lacks generated CUDA coverage circuit=55 rows=577
2026-09-16T23:16:27.519057Z DEBUG aiur::gpu_trace: CPU trace: circuit lacks generated CUDA coverage circuit=48 rows=19
2026-09-16T23:16:27.519155Z DEBUG aiur::gpu_trace: CPU trace: circuit lacks generated CUDA coverage circuit=64 rows=1
2026-09-16T23:16:27.519178Z DEBUG aiur::gpu_trace: CPU trace: circuit lacks generated CUDA coverage circuit=38 rows=39
2026-09-16T23:16:27.519206Z DEBUG aiur::gpu_trace: CPU trace: circuit lacks generated CUDA coverage circuit=42 rows=8
2026-09-16T23:16:27.519250Z DEBUG aiur::gpu_trace: CPU trace: circuit lacks generated CUDA coverage circuit=35 rows=86742
2026-09-16T23:16:27.519325Z DEBUG aiur::gpu_trace: CPU trace: circuit lacks generated CUDA coverage circuit=39 rows=7
2026-09-16T23:16:27.519327Z DEBUG aiur::gpu_trace: CPU trace: circuit lacks generated CUDA coverage circuit=66 rows=3
2026-09-16T23:16:27.519344Z DEBUG aiur::gpu_trace: CPU trace: circuit lacks generated CUDA coverage circuit=17 rows=8
2026-09-16T23:16:27.519421Z DEBUG aiur/codegen_seeds{circuit=49 rows=2}: aiur::trace_codegen::cuda: prepared generated CUDA trace circuit=49 rows=2 width=13 seed_bytes=80 seed_spans=1
2026-09-16T23:16:27.519447Z DEBUG aiur::gpu_trace: CPU trace: circuit lacks generated CUDA coverage circuit=11 rows=73861
2026-09-16T23:16:27.519479Z DEBUG aiur::gpu_trace: CPU trace: circuit lacks generated CUDA coverage circuit=36 rows=52828
2026-09-16T23:16:27.519518Z DEBUG aiur::gpu_trace: CPU trace: circuit lacks generated CUDA coverage circuit=14 rows=7
2026-09-16T23:16:27.519553Z DEBUG aiur::gpu_trace: CPU trace: circuit lacks generated CUDA coverage circuit=8 rows=112124
2026-09-16T23:16:27.519643Z DEBUG aiur::gpu_trace: CPU trace: circuit lacks generated CUDA coverage circuit=83 rows=1
2026-09-16T23:16:27.519710Z DEBUG aiur::gpu_trace: CPU trace: circuit lacks generated CUDA coverage circuit=24 rows=736
2026-09-16T23:16:27.519715Z DEBUG aiur::gpu_trace: CPU trace: circuit lacks generated CUDA coverage circuit=84 rows=214968
2026-09-16T23:16:27.573730Z DEBUG aiur::gpu_trace: CPU trace: circuit lacks generated CUDA coverage circuit=86 rows=1098354
2026-09-16T23:16:27.592784Z DEBUG aiur::gpu_trace: CPU trace: circuit lacks generated CUDA coverage circuit=87 rows=39148
2026-09-16T23:16:27.651770Z DEBUG aiur::gpu_trace: CPU trace: circuit lacks generated CUDA coverage circuit=85 rows=8
2026-09-16T23:16:27.747686Z DEBUG aiur/codegen_seeds{circuit=20 rows=1048576}: aiur::trace_codegen::cuda: prepared generated CUDA trace circuit=20 rows=1048576 width=533 seed_bytes=184549376 seed_spans=16
2026-09-16T23:16:28.554306Z DEBUG aiur/codegen_seeds{circuit=20 rows=419208}: aiur::trace_codegen::cuda: prepared generated CUDA trace circuit=20 rows=419208 width=533 seed_bytes=73780608 seed_spans=7
2026-09-16T23:16:29.616110Z DEBUG aiur::gpu_trace: CPU trace: circuit lacks generated CUDA coverage circuit=26 rows=134773
2026-09-16T23:16:29.616118Z DEBUG aiur::gpu_trace: CPU trace: circuit lacks generated CUDA coverage circuit=9 rows=1250460
2026-09-16T23:16:29.616140Z DEBUG aiur::gpu_trace: CPU trace: circuit lacks generated CUDA coverage circuit=3 rows=8513
2026-09-16T23:16:29.616142Z DEBUG aiur::gpu_trace: CPU trace: circuit lacks generated CUDA coverage circuit=65 rows=54
2026-09-16T23:16:29.616141Z DEBUG aiur::gpu_trace: CPU trace: circuit lacks generated CUDA coverage circuit=32 rows=2222981
2026-09-16T23:16:29.616401Z DEBUG aiur::gpu_trace: CPU trace: circuit lacks generated CUDA coverage circuit=56 rows=1
2026-09-16T23:16:29.616809Z DEBUG aiur::gpu_trace: CPU trace: circuit lacks generated CUDA coverage circuit=44 rows=23
2026-09-16T23:16:29.616872Z DEBUG aiur::gpu_trace: CPU trace: circuit lacks generated CUDA coverage circuit=47 rows=666
2026-09-16T23:16:29.617000Z DEBUG aiur::gpu_trace: CPU trace: circuit lacks generated CUDA coverage circuit=29 rows=1184771
2026-09-16T23:16:29.617207Z DEBUG aiur::gpu_trace: CPU trace: circuit lacks generated CUDA coverage circuit=5 rows=155680
2026-09-16T23:16:29.889745Z DEBUG aiur/codegen_seeds{circuit=30 rows=154984}: aiur::trace_codegen::cuda: prepared generated CUDA trace circuit=30 rows=154984 width=234 seed_bytes=94230272 seed_spans=6
2026-09-16T23:16:29.914305Z DEBUG aiur/codegen_seeds{circuit=20 rows=1048576}: aiur::trace_codegen::cuda: prepared generated CUDA trace circuit=20 rows=1048576 width=533 seed_bytes=184549376 seed_spans=16
2026-09-16T23:16:29.915048Z DEBUG aiur::gpu_trace: CPU trace: circuit lacks generated CUDA coverage circuit=53 rows=19
2026-09-16T23:16:29.915051Z DEBUG aiur::gpu_trace: CPU trace: circuit lacks generated CUDA coverage circuit=6 rows=90367
2026-09-16T23:16:29.915058Z DEBUG aiur::gpu_trace: CPU trace: circuit lacks generated CUDA coverage circuit=51 rows=103
2026-09-16T23:16:29.915060Z DEBUG aiur::gpu_trace: CPU trace: circuit lacks generated CUDA coverage circuit=25 rows=40840
2026-09-16T23:16:29.915071Z DEBUG aiur::gpu_trace: CPU trace: circuit lacks generated CUDA coverage circuit=50 rows=8
2026-09-16T23:16:29.915067Z DEBUG aiur::gpu_trace: CPU trace: circuit lacks generated CUDA coverage circuit=12 rows=170291
2026-09-16T23:16:29.915069Z DEBUG aiur::gpu_trace: CPU trace: circuit lacks generated CUDA coverage circuit=18 rows=644486
2026-09-16T23:16:29.915077Z DEBUG aiur::gpu_trace: CPU trace: circuit lacks generated CUDA coverage circuit=52 rows=23
2026-09-16T23:16:29.915077Z DEBUG aiur::gpu_trace: CPU trace: circuit lacks generated CUDA coverage circuit=37 rows=54274
2026-09-16T23:16:29.915074Z DEBUG aiur::gpu_trace: CPU trace: circuit lacks generated CUDA coverage circuit=63 rows=8
2026-09-16T23:16:29.915068Z DEBUG aiur::gpu_trace: CPU trace: circuit lacks generated CUDA coverage circuit=66 rows=3
2026-09-16T23:16:29.915070Z DEBUG aiur::gpu_trace: CPU trace: circuit lacks generated CUDA coverage circuit=54 rows=90
2026-09-16T23:16:29.915104Z DEBUG aiur::gpu_trace: CPU trace: circuit lacks generated CUDA coverage circuit=13 rows=51554
2026-09-16T23:16:29.915071Z DEBUG aiur::gpu_trace: CPU trace: circuit lacks generated CUDA coverage circuit=40 rows=8
2026-09-16T23:16:29.915075Z DEBUG aiur::gpu_trace: CPU trace: circuit lacks generated CUDA coverage circuit=7 rows=61674
2026-09-16T23:16:29.915075Z DEBUG aiur::gpu_trace: CPU trace: circuit lacks generated CUDA coverage circuit=28 rows=236239
2026-09-16T23:16:29.915078Z DEBUG aiur::gpu_trace: CPU trace: circuit lacks generated CUDA coverage circuit=62 rows=8
2026-09-16T23:16:29.915069Z DEBUG aiur::gpu_trace: CPU trace: circuit lacks generated CUDA coverage circuit=15 rows=8
2026-09-16T23:16:29.915078Z DEBUG aiur::gpu_trace: CPU trace: circuit lacks generated CUDA coverage circuit=0 rows=283283
2026-09-16T23:16:29.915067Z DEBUG aiur::gpu_trace: CPU trace: circuit lacks generated CUDA coverage circuit=43 rows=1
2026-09-16T23:16:29.915071Z DEBUG aiur::gpu_trace: CPU trace: circuit lacks generated CUDA coverage circuit=31 rows=365003
2026-09-16T23:16:29.915074Z DEBUG aiur::gpu_trace: CPU trace: circuit lacks generated CUDA coverage circuit=55 rows=577
2026-09-16T23:16:29.915348Z DEBUG aiur/codegen_seeds{circuit=59 rows=33}: aiur::trace_codegen::cuda: prepared generated CUDA trace circuit=59 rows=33 width=26 seed_bytes=2904 seed_spans=1
2026-09-16T23:16:29.915394Z DEBUG aiur::gpu_trace: CPU trace: circuit lacks generated CUDA coverage circuit=41 rows=7
2026-09-16T23:16:29.915409Z DEBUG aiur::gpu_trace: CPU trace: circuit lacks generated CUDA coverage circuit=57 rows=22
2026-09-16T23:16:29.915425Z DEBUG aiur::gpu_trace: CPU trace: circuit lacks generated CUDA coverage circuit=60 rows=12
2026-09-16T23:16:29.915435Z DEBUG aiur::gpu_trace: CPU trace: circuit lacks generated CUDA coverage circuit=38 rows=39
2026-09-16T23:16:29.915437Z DEBUG aiur::gpu_trace: CPU trace: circuit lacks generated CUDA coverage circuit=42 rows=8
2026-09-16T23:16:29.915469Z DEBUG aiur::gpu_trace: CPU trace: circuit lacks generated CUDA coverage circuit=27 rows=242586
2026-09-16T23:16:29.915576Z DEBUG aiur::gpu_trace: CPU trace: circuit lacks generated CUDA coverage circuit=34 rows=54300
2026-09-16T23:16:29.915586Z DEBUG aiur::gpu_trace: CPU trace: circuit lacks generated CUDA coverage circuit=45 rows=1
2026-09-16T23:16:29.915615Z DEBUG aiur::gpu_trace: CPU trace: circuit lacks generated CUDA coverage circuit=84 rows=214968
2026-09-16T23:16:29.915641Z DEBUG aiur::gpu_trace: CPU trace: circuit lacks generated CUDA coverage circuit=4 rows=49635
2026-09-16T23:16:29.915675Z DEBUG aiur::gpu_trace: CPU trace: circuit lacks generated CUDA coverage circuit=16 rows=23
2026-09-16T23:16:29.915690Z DEBUG aiur::gpu_trace: CPU trace: circuit lacks generated CUDA coverage circuit=39 rows=7
2026-09-16T23:16:29.915726Z DEBUG aiur::gpu_trace: CPU trace: circuit lacks generated CUDA coverage circuit=35 rows=86742
2026-09-16T23:16:29.915763Z DEBUG aiur::gpu_trace: CPU trace: circuit lacks generated CUDA coverage circuit=64 rows=1
2026-09-16T23:16:29.915829Z DEBUG aiur::gpu_trace: CPU trace: circuit lacks generated CUDA coverage circuit=46 rows=7
2026-09-16T23:16:29.915871Z DEBUG aiur::gpu_trace: CPU trace: circuit lacks generated CUDA coverage circuit=33 rows=283295
2026-09-16T23:16:29.915908Z DEBUG aiur::gpu_trace: CPU trace: circuit lacks generated CUDA coverage circuit=21 rows=227800
2026-09-16T23:16:29.915934Z DEBUG aiur::gpu_trace: CPU trace: circuit lacks generated CUDA coverage circuit=10 rows=141594
2026-09-16T23:16:29.916004Z DEBUG aiur::gpu_trace: CPU trace: circuit lacks generated CUDA coverage circuit=8 rows=112124
2026-09-16T23:16:29.916022Z DEBUG aiur::gpu_trace: CPU trace: circuit lacks generated CUDA coverage circuit=17 rows=8
2026-09-16T23:16:29.916037Z DEBUG aiur::gpu_trace: CPU trace: circuit lacks generated CUDA coverage circuit=14 rows=7
2026-09-16T23:16:29.916060Z DEBUG aiur::gpu_trace: CPU trace: circuit lacks generated CUDA coverage circuit=83 rows=1
2026-09-16T23:16:29.916097Z DEBUG aiur::gpu_trace: CPU trace: circuit lacks generated CUDA coverage circuit=48 rows=19
2026-09-16T23:16:29.916116Z DEBUG aiur::gpu_trace: CPU trace: circuit lacks generated CUDA coverage circuit=58 rows=57
2026-09-16T23:16:29.916155Z DEBUG aiur::gpu_trace: CPU trace: circuit lacks generated CUDA coverage circuit=86 rows=1098354
2026-09-16T23:16:29.916207Z DEBUG aiur::gpu_trace: CPU trace: circuit lacks generated CUDA coverage circuit=11 rows=73861
2026-09-16T23:16:29.916240Z DEBUG aiur::gpu_trace: CPU trace: circuit lacks generated CUDA coverage circuit=85 rows=8
2026-09-16T23:16:29.916333Z DEBUG aiur::gpu_trace: CPU trace: circuit lacks generated CUDA coverage circuit=19 rows=21432
2026-09-16T23:16:29.916346Z DEBUG aiur/codegen_seeds{circuit=49 rows=2}: aiur::trace_codegen::cuda: prepared generated CUDA trace circuit=49 rows=2 width=13 seed_bytes=80 seed_spans=1
2026-09-16T23:16:29.916379Z DEBUG aiur::gpu_trace: CPU trace: circuit lacks generated CUDA coverage circuit=87 rows=39148
2026-09-16T23:16:29.916397Z DEBUG aiur::gpu_trace: CPU trace: circuit lacks generated CUDA coverage circuit=61 rows=7
2026-09-16T23:16:29.916419Z DEBUG aiur::gpu_trace: CPU trace: circuit lacks generated CUDA coverage circuit=36 rows=52828
2026-09-16T23:16:29.916523Z DEBUG aiur::gpu_trace: CPU trace: circuit lacks generated CUDA coverage circuit=1 rows=7
2026-09-16T23:16:29.916618Z DEBUG aiur::gpu_trace: CPU trace: circuit lacks generated CUDA coverage circuit=23 rows=92470
2026-09-16T23:16:29.916651Z DEBUG aiur::gpu_trace: CPU trace: circuit lacks generated CUDA coverage circuit=2 rows=46
2026-09-16T23:16:29.916729Z DEBUG aiur::gpu_trace: CPU trace: circuit lacks generated CUDA coverage circuit=22 rows=40840
2026-09-16T23:16:29.916741Z DEBUG aiur::gpu_trace: CPU trace: circuit lacks generated CUDA coverage circuit=24 rows=736
2026-09-16T23:16:30.137811Z DEBUG aiur/codegen_seeds{circuit=20 rows=1048576}: aiur::trace_codegen::cuda: prepared generated CUDA trace circuit=20 rows=1048576 width=533 seed_bytes=184549376 seed_spans=16
2026-09-16T23:16:32.507872Z DEBUG aiur/codegen_seeds{circuit=20 rows=419208}: aiur::trace_codegen::cuda: prepared generated CUDA trace circuit=20 rows=419208 width=533 seed_bytes=73780608 seed_spans=7
[aggregate] root wrap proven in 17.8s (query-record peak 65.4 GiB): 7 shard(s) verified into 3
[trace-shards] 2 shards, 1500000000 committed cells: record 2596471339 B in shared pool, host workspace 16024734011 B of 26088568116 B reserved per prover; regenerating round 2
2026-09-16T23:16:40.822062Z DEBUG aiur::gpu_trace: CPU trace: circuit lacks generated CUDA coverage circuit=0 rows=122767
2026-09-16T23:16:40.822077Z DEBUG aiur::gpu_trace: CPU trace: circuit lacks generated CUDA coverage circuit=1 rows=7
2026-09-16T23:16:40.822096Z DEBUG aiur::gpu_trace: CPU trace: circuit lacks generated CUDA coverage circuit=56 rows=1
2026-09-16T23:16:40.822104Z DEBUG aiur::gpu_trace: CPU trace: circuit lacks generated CUDA coverage circuit=15 rows=4
2026-09-16T23:16:40.822105Z DEBUG aiur::gpu_trace: CPU trace: circuit lacks generated CUDA coverage circuit=8 rows=76644
2026-09-16T23:16:40.822105Z DEBUG aiur::gpu_trace: CPU trace: circuit lacks generated CUDA coverage circuit=4 rows=26056
2026-09-16T23:16:40.822122Z DEBUG aiur::gpu_trace: CPU trace: circuit lacks generated CUDA coverage circuit=50 rows=4
2026-09-16T23:16:40.822110Z DEBUG aiur::gpu_trace: CPU trace: circuit lacks generated CUDA coverage circuit=62 rows=4
2026-09-16T23:16:40.822105Z DEBUG aiur::gpu_trace: CPU trace: circuit lacks generated CUDA coverage circuit=28 rows=135128
2026-09-16T23:16:40.822134Z DEBUG aiur::gpu_trace: CPU trace: circuit lacks generated CUDA coverage circuit=40 rows=4
2026-09-16T23:16:40.822108Z DEBUG aiur::gpu_trace: CPU trace: circuit lacks generated CUDA coverage circuit=37 rows=44190
2026-09-16T23:16:40.822110Z DEBUG aiur::gpu_trace: CPU trace: circuit lacks generated CUDA coverage circuit=17 rows=4
2026-09-16T23:16:40.822108Z DEBUG aiur::gpu_trace: CPU trace: circuit lacks generated CUDA coverage circuit=9 rows=851972
2026-09-16T23:16:40.822111Z DEBUG aiur::gpu_trace: CPU trace: circuit lacks generated CUDA coverage circuit=57 rows=22
2026-09-16T23:16:40.822111Z DEBUG aiur::gpu_trace: CPU trace: circuit lacks generated CUDA coverage circuit=5 rows=67940
2026-09-16T23:16:40.822112Z DEBUG aiur::gpu_trace: CPU trace: circuit lacks generated CUDA coverage circuit=34 rows=46700
2026-09-16T23:16:40.822105Z DEBUG aiur::gpu_trace: CPU trace: circuit lacks generated CUDA coverage circuit=16 rows=23
2026-09-16T23:16:40.822105Z DEBUG aiur::gpu_trace: CPU trace: circuit lacks generated CUDA coverage circuit=31 rows=163747
2026-09-16T23:16:40.822117Z DEBUG aiur::gpu_trace: CPU trace: circuit lacks generated CUDA coverage circuit=6 rows=75487
2026-09-16T23:16:40.822105Z DEBUG aiur::gpu_trace: CPU trace: circuit lacks generated CUDA coverage circuit=2 rows=30
2026-09-16T23:16:40.822124Z DEBUG aiur::gpu_trace: CPU trace: circuit lacks generated CUDA coverage circuit=43 rows=1
2026-09-16T23:16:40.822129Z DEBUG aiur::gpu_trace: CPU trace: circuit lacks generated CUDA coverage circuit=12 rows=73897
2026-09-16T23:16:40.822133Z DEBUG aiur::gpu_trace: CPU trace: circuit lacks generated CUDA coverage circuit=35 rows=72110
2026-09-16T23:16:40.822105Z DEBUG aiur::gpu_trace: CPU trace: circuit lacks generated CUDA coverage circuit=25 rows=40840
2026-09-16T23:16:40.822116Z DEBUG aiur::gpu_trace: CPU trace: circuit lacks generated CUDA coverage circuit=18 rows=505054
2026-09-16T23:16:40.822278Z DEBUG aiur/codegen_seeds{circuit=59 rows=33}: aiur::trace_codegen::cuda: prepared generated CUDA trace circuit=59 rows=33 width=26 seed_bytes=2904 seed_spans=1
2026-09-16T23:16:40.822295Z DEBUG aiur::gpu_trace: CPU trace: circuit lacks generated CUDA coverage circuit=60 rows=12
2026-09-16T23:16:40.822328Z DEBUG aiur::gpu_trace: CPU trace: circuit lacks generated CUDA coverage circuit=53 rows=19
2026-09-16T23:16:40.822368Z DEBUG aiur::gpu_trace: CPU trace: circuit lacks generated CUDA coverage circuit=27 rows=312644
2026-09-16T23:16:40.822449Z DEBUG aiur::gpu_trace: CPU trace: circuit lacks generated CUDA coverage circuit=10 rows=68901
2026-09-16T23:16:40.822458Z DEBUG aiur::gpu_trace: CPU trace: circuit lacks generated CUDA coverage circuit=36 rows=35044
2026-09-16T23:16:40.822544Z DEBUG aiur::gpu_trace: CPU trace: circuit lacks generated CUDA coverage circuit=51 rows=91
2026-09-16T23:16:40.822555Z DEBUG aiur::gpu_trace: CPU trace: circuit lacks generated CUDA coverage circuit=41 rows=3
2026-09-16T23:16:40.822569Z DEBUG aiur::gpu_trace: CPU trace: circuit lacks generated CUDA coverage circuit=83 rows=1
2026-09-16T23:16:40.822620Z DEBUG aiur::gpu_trace: CPU trace: circuit lacks generated CUDA coverage circuit=46 rows=3
2026-09-16T23:16:40.822690Z DEBUG aiur::gpu_trace: CPU trace: circuit lacks generated CUDA coverage circuit=54 rows=88
2026-09-16T23:16:40.822734Z DEBUG aiur::gpu_trace: CPU trace: circuit lacks generated CUDA coverage circuit=44 rows=23
2026-09-16T23:16:40.822786Z DEBUG aiur::gpu_trace: CPU trace: circuit lacks generated CUDA coverage circuit=21 rows=227800
2026-09-16T23:16:40.822798Z DEBUG aiur::gpu_trace: CPU trace: circuit lacks generated CUDA coverage circuit=58 rows=57
2026-09-16T23:16:40.822811Z DEBUG aiur::gpu_trace: CPU trace: circuit lacks generated CUDA coverage circuit=63 rows=4
2026-09-16T23:16:40.822854Z DEBUG aiur::gpu_trace: CPU trace: circuit lacks generated CUDA coverage circuit=61 rows=3
2026-09-16T23:16:40.822948Z DEBUG aiur::gpu_trace: CPU trace: circuit lacks generated CUDA coverage circuit=42 rows=4
2026-09-16T23:16:40.822990Z DEBUG aiur::gpu_trace: CPU trace: circuit lacks generated CUDA coverage circuit=55 rows=297
2026-09-16T23:16:40.823004Z DEBUG aiur::gpu_trace: CPU trace: circuit lacks generated CUDA coverage circuit=47 rows=384
2026-09-16T23:16:40.823027Z DEBUG aiur::gpu_trace: CPU trace: circuit lacks generated CUDA coverage circuit=52 rows=23
2026-09-16T23:16:40.823063Z DEBUG aiur::gpu_trace: CPU trace: circuit lacks generated CUDA coverage circuit=11 rows=42475
2026-09-16T23:16:40.823196Z DEBUG aiur::gpu_trace: CPU trace: circuit lacks generated CUDA coverage circuit=84 rows=128499
2026-09-16T23:16:40.823195Z DEBUG aiur::gpu_trace: CPU trace: circuit lacks generated CUDA coverage circuit=23 rows=92470
2026-09-16T23:16:40.823220Z DEBUG aiur::gpu_trace: CPU trace: circuit lacks generated CUDA coverage circuit=64 rows=1
2026-09-16T23:16:40.823235Z DEBUG aiur::gpu_trace: CPU trace: circuit lacks generated CUDA coverage circuit=32 rows=1309424
2026-09-16T23:16:40.823282Z DEBUG aiur::gpu_trace: CPU trace: circuit lacks generated CUDA coverage circuit=24 rows=324
2026-09-16T23:16:40.823286Z DEBUG aiur::gpu_trace: CPU trace: circuit lacks generated CUDA coverage circuit=14 rows=3
2026-09-16T23:16:40.823321Z DEBUG aiur::gpu_trace: CPU trace: circuit lacks generated CUDA coverage circuit=45 rows=1
2026-09-16T23:16:40.823345Z DEBUG aiur::gpu_trace: CPU trace: circuit lacks generated CUDA coverage circuit=65 rows=54
2026-09-16T23:16:40.823440Z DEBUG aiur::gpu_trace: CPU trace: circuit lacks generated CUDA coverage circuit=38 rows=31
2026-09-16T23:16:40.823558Z DEBUG aiur::gpu_trace: CPU trace: circuit lacks generated CUDA coverage circuit=66 rows=3
2026-09-16T23:16:40.823563Z DEBUG aiur::gpu_trace: CPU trace: circuit lacks generated CUDA coverage circuit=19 rows=16310
2026-09-16T23:16:40.823625Z DEBUG aiur::gpu_trace: CPU trace: circuit lacks generated CUDA coverage circuit=39 rows=3
2026-09-16T23:16:40.823693Z DEBUG aiur::gpu_trace: CPU trace: circuit lacks generated CUDA coverage circuit=22 rows=40840
2026-09-16T23:16:40.824177Z DEBUG aiur::gpu_trace: CPU trace: circuit lacks generated CUDA coverage circuit=33 rows=338351
2026-09-16T23:16:40.824665Z DEBUG aiur::gpu_trace: CPU trace: circuit lacks generated CUDA coverage circuit=48 rows=19
2026-09-16T23:16:40.824703Z DEBUG aiur/codegen_seeds{circuit=49 rows=2}: aiur::trace_codegen::cuda: prepared generated CUDA trace circuit=49 rows=2 width=13 seed_bytes=80 seed_spans=1
2026-09-16T23:16:40.881342Z DEBUG aiur::gpu_trace: CPU trace: circuit lacks generated CUDA coverage circuit=86 rows=644520
2026-09-16T23:16:40.889601Z DEBUG aiur::gpu_trace: CPU trace: circuit lacks generated CUDA coverage circuit=29 rows=694798
2026-09-16T23:16:40.910133Z DEBUG aiur::gpu_trace: CPU trace: circuit lacks generated CUDA coverage circuit=85 rows=4
2026-09-16T23:16:41.113315Z DEBUG aiur/codegen_seeds{circuit=30 rows=89191}: aiur::trace_codegen::cuda: prepared generated CUDA trace circuit=30 rows=89191 width=234 seed_bytes=54228128 seed_spans=4
2026-09-16T23:16:41.144008Z DEBUG aiur/codegen_seeds{circuit=20 rows=1048576}: aiur::trace_codegen::cuda: prepared generated CUDA trace circuit=20 rows=1048576 width=533 seed_bytes=184549376 seed_spans=16
2026-09-16T23:16:41.145147Z DEBUG aiur::gpu_trace: CPU trace: circuit lacks generated CUDA coverage circuit=13 rows=45550
2026-09-16T23:16:41.145148Z DEBUG aiur::gpu_trace: CPU trace: circuit lacks generated CUDA coverage circuit=7 rows=27238
2026-09-16T23:16:41.145193Z DEBUG aiur::gpu_trace: CPU trace: circuit lacks generated CUDA coverage circuit=3 rows=4977
2026-09-16T23:16:41.145947Z DEBUG aiur::gpu_trace: CPU trace: circuit lacks generated CUDA coverage circuit=26 rows=63056
2026-09-16T23:16:41.145976Z DEBUG aiur::gpu_trace: CPU trace: circuit lacks generated CUDA coverage circuit=87 rows=39148
2026-09-16T23:16:41.165436Z DEBUG aiur/codegen_seeds{circuit=20 rows=254728}: aiur::trace_codegen::cuda: prepared generated CUDA trace circuit=20 rows=254728 width=533 seed_bytes=44832128 seed_spans=4
2026-09-16T23:16:42.185695Z DEBUG aiur::gpu_trace: CPU trace: circuit lacks generated CUDA coverage circuit=0 rows=122767
2026-09-16T23:16:42.185715Z DEBUG aiur::gpu_trace: CPU trace: circuit lacks generated CUDA coverage circuit=4 rows=26056
2026-09-16T23:16:42.185721Z DEBUG aiur::gpu_trace: CPU trace: circuit lacks generated CUDA coverage circuit=50 rows=4
2026-09-16T23:16:42.185725Z DEBUG aiur::gpu_trace: CPU trace: circuit lacks generated CUDA coverage circuit=51 rows=91
2026-09-16T23:16:42.185731Z DEBUG aiur::gpu_trace: CPU trace: circuit lacks generated CUDA coverage circuit=5 rows=67940
2026-09-16T23:16:42.185739Z DEBUG aiur::gpu_trace: CPU trace: circuit lacks generated CUDA coverage circuit=53 rows=19
2026-09-16T23:16:42.185740Z DEBUG aiur::gpu_trace: CPU trace: circuit lacks generated CUDA coverage circuit=65 rows=54
2026-09-16T23:16:42.185740Z DEBUG aiur::gpu_trace: CPU trace: circuit lacks generated CUDA coverage circuit=16 rows=23
2026-09-16T23:16:42.185740Z DEBUG aiur::gpu_trace: CPU trace: circuit lacks generated CUDA coverage circuit=63 rows=4
2026-09-16T23:16:42.185743Z DEBUG aiur::gpu_trace: CPU trace: circuit lacks generated CUDA coverage circuit=31 rows=163747
2026-09-16T23:16:42.185750Z DEBUG aiur::gpu_trace: CPU trace: circuit lacks generated CUDA coverage circuit=6 rows=75487
2026-09-16T23:16:42.185739Z DEBUG aiur::gpu_trace: CPU trace: circuit lacks generated CUDA coverage circuit=56 rows=1
2026-09-16T23:16:42.185740Z DEBUG aiur::gpu_trace: CPU trace: circuit lacks generated CUDA coverage circuit=15 rows=4
2026-09-16T23:16:42.185742Z DEBUG aiur::gpu_trace: CPU trace: circuit lacks generated CUDA coverage circuit=64 rows=1
2026-09-16T23:16:42.185740Z DEBUG aiur::gpu_trace: CPU trace: circuit lacks generated CUDA coverage circuit=1 rows=7
2026-09-16T23:16:42.185739Z DEBUG aiur::gpu_trace: CPU trace: circuit lacks generated CUDA coverage circuit=52 rows=23
2026-09-16T23:16:42.185741Z DEBUG aiur::gpu_trace: CPU trace: circuit lacks generated CUDA coverage circuit=34 rows=46700
2026-09-16T23:16:42.185740Z DEBUG aiur::gpu_trace: CPU trace: circuit lacks generated CUDA coverage circuit=2 rows=30
2026-09-16T23:16:42.185754Z DEBUG aiur::gpu_trace: CPU trace: circuit lacks generated CUDA coverage circuit=25 rows=40840
2026-09-16T23:16:42.185739Z DEBUG aiur::gpu_trace: CPU trace: circuit lacks generated CUDA coverage circuit=62 rows=4
2026-09-16T23:16:42.185746Z DEBUG aiur::gpu_trace: CPU trace: circuit lacks generated CUDA coverage circuit=18 rows=505054
2026-09-16T23:16:42.185740Z DEBUG aiur::gpu_trace: CPU trace: circuit lacks generated CUDA coverage circuit=37 rows=44190
2026-09-16T23:16:42.185749Z DEBUG aiur::gpu_trace: CPU trace: circuit lacks generated CUDA coverage circuit=32 rows=1309424
2026-09-16T23:16:42.185740Z DEBUG aiur::gpu_trace: CPU trace: circuit lacks generated CUDA coverage circuit=12 rows=73897
2026-09-16T23:16:42.185746Z DEBUG aiur::gpu_trace: CPU trace: circuit lacks generated CUDA coverage circuit=9 rows=851972
2026-09-16T23:16:42.185741Z DEBUG aiur::gpu_trace: CPU trace: circuit lacks generated CUDA coverage circuit=17 rows=4
2026-09-16T23:16:42.185902Z DEBUG aiur::gpu_trace: CPU trace: circuit lacks generated CUDA coverage circuit=10 rows=68901
2026-09-16T23:16:42.185927Z DEBUG aiur::gpu_trace: CPU trace: circuit lacks generated CUDA coverage circuit=14 rows=3
2026-09-16T23:16:42.185994Z DEBUG aiur::gpu_trace: CPU trace: circuit lacks generated CUDA coverage circuit=66 rows=3
2026-09-16T23:16:42.186221Z DEBUG aiur::gpu_trace: CPU trace: circuit lacks generated CUDA coverage circuit=35 rows=72110
2026-09-16T23:16:42.186245Z DEBUG aiur::gpu_trace: CPU trace: circuit lacks generated CUDA coverage circuit=33 rows=338351
2026-09-16T23:16:42.186252Z DEBUG aiur::gpu_trace: CPU trace: circuit lacks generated CUDA coverage circuit=54 rows=88
2026-09-16T23:16:42.186285Z DEBUG aiur::gpu_trace: CPU trace: circuit lacks generated CUDA coverage circuit=60 rows=12
2026-09-16T23:16:42.186291Z DEBUG aiur::gpu_trace: CPU trace: circuit lacks generated CUDA coverage circuit=57 rows=22
2026-09-16T23:16:42.186289Z DEBUG aiur::gpu_trace: CPU trace: circuit lacks generated CUDA coverage circuit=8 rows=76644
2026-09-16T23:16:42.186333Z DEBUG aiur/codegen_seeds{circuit=59 rows=33}: aiur::trace_codegen::cuda: prepared generated CUDA trace circuit=59 rows=33 width=26 seed_bytes=2904 seed_spans=1
2026-09-16T23:16:42.186408Z DEBUG aiur::gpu_trace: CPU trace: circuit lacks generated CUDA coverage circuit=36 rows=35044
2026-09-16T23:16:42.186424Z DEBUG aiur::gpu_trace: CPU trace: circuit lacks generated CUDA coverage circuit=55 rows=297
2026-09-16T23:16:42.186426Z DEBUG aiur::gpu_trace: CPU trace: circuit lacks generated CUDA coverage circuit=43 rows=1
2026-09-16T23:16:42.186426Z DEBUG aiur::gpu_trace: CPU trace: circuit lacks generated CUDA coverage circuit=21 rows=227800
2026-09-16T23:16:42.186476Z DEBUG aiur::gpu_trace: CPU trace: circuit lacks generated CUDA coverage circuit=58 rows=57
2026-09-16T23:16:42.186502Z DEBUG aiur::gpu_trace: CPU trace: circuit lacks generated CUDA coverage circuit=28 rows=135128
2026-09-16T23:16:42.186531Z DEBUG aiur::gpu_trace: CPU trace: circuit lacks generated CUDA coverage circuit=23 rows=92470
2026-09-16T23:16:42.186579Z DEBUG aiur::gpu_trace: CPU trace: circuit lacks generated CUDA coverage circuit=19 rows=16310
2026-09-16T23:16:42.186753Z DEBUG aiur::gpu_trace: CPU trace: circuit lacks generated CUDA coverage circuit=27 rows=312644
2026-09-16T23:16:42.186763Z DEBUG aiur::gpu_trace: CPU trace: circuit lacks generated CUDA coverage circuit=44 rows=23
2026-09-16T23:16:42.186806Z DEBUG aiur::gpu_trace: CPU trace: circuit lacks generated CUDA coverage circuit=29 rows=694798
2026-09-16T23:16:42.186806Z DEBUG aiur::gpu_trace: CPU trace: circuit lacks generated CUDA coverage circuit=11 rows=42475
2026-09-16T23:16:42.186816Z DEBUG aiur::gpu_trace: CPU trace: circuit lacks generated CUDA coverage circuit=46 rows=3
2026-09-16T23:16:42.186861Z DEBUG aiur::gpu_trace: CPU trace: circuit lacks generated CUDA coverage circuit=45 rows=1
2026-09-16T23:16:42.186863Z DEBUG aiur::gpu_trace: CPU trace: circuit lacks generated CUDA coverage circuit=61 rows=3
2026-09-16T23:16:42.186983Z DEBUG aiur::gpu_trace: CPU trace: circuit lacks generated CUDA coverage circuit=22 rows=40840
2026-09-16T23:16:42.187021Z DEBUG aiur::gpu_trace: CPU trace: circuit lacks generated CUDA coverage circuit=47 rows=384
2026-09-16T23:16:42.187130Z DEBUG aiur::gpu_trace: CPU trace: circuit lacks generated CUDA coverage circuit=83 rows=1
2026-09-16T23:16:42.187210Z DEBUG aiur::gpu_trace: CPU trace: circuit lacks generated CUDA coverage circuit=84 rows=128499
2026-09-16T23:16:42.187287Z DEBUG aiur::gpu_trace: CPU trace: circuit lacks generated CUDA coverage circuit=48 rows=19
2026-09-16T23:16:42.187352Z DEBUG aiur/codegen_seeds{circuit=49 rows=2}: aiur::trace_codegen::cuda: prepared generated CUDA trace circuit=49 rows=2 width=13 seed_bytes=80 seed_spans=1
2026-09-16T23:16:42.187362Z DEBUG aiur::gpu_trace: CPU trace: circuit lacks generated CUDA coverage circuit=40 rows=4
2026-09-16T23:16:42.187408Z DEBUG aiur::gpu_trace: CPU trace: circuit lacks generated CUDA coverage circuit=41 rows=3
2026-09-16T23:16:42.187480Z DEBUG aiur::gpu_trace: CPU trace: circuit lacks generated CUDA coverage circuit=42 rows=4
2026-09-16T23:16:42.187547Z DEBUG aiur::gpu_trace: CPU trace: circuit lacks generated CUDA coverage circuit=38 rows=31
2026-09-16T23:16:42.187762Z DEBUG aiur::gpu_trace: CPU trace: circuit lacks generated CUDA coverage circuit=39 rows=3
2026-09-16T23:16:42.246081Z DEBUG aiur::gpu_trace: CPU trace: circuit lacks generated CUDA coverage circuit=24 rows=324
2026-09-16T23:16:42.247998Z DEBUG aiur::gpu_trace: CPU trace: circuit lacks generated CUDA coverage circuit=86 rows=644520
2026-09-16T23:16:42.254963Z DEBUG aiur::gpu_trace: CPU trace: circuit lacks generated CUDA coverage circuit=85 rows=4
2026-09-16T23:16:42.470426Z DEBUG aiur/codegen_seeds{circuit=30 rows=89191}: aiur::trace_codegen::cuda: prepared generated CUDA trace circuit=30 rows=89191 width=234 seed_bytes=54228128 seed_spans=4
2026-09-16T23:16:42.494925Z DEBUG aiur/codegen_seeds{circuit=20 rows=1048576}: aiur::trace_codegen::cuda: prepared generated CUDA trace circuit=20 rows=1048576 width=533 seed_bytes=184549376 seed_spans=16
2026-09-16T23:16:42.495667Z DEBUG aiur::gpu_trace: CPU trace: circuit lacks generated CUDA coverage circuit=26 rows=63056
2026-09-16T23:16:42.495694Z DEBUG aiur::gpu_trace: CPU trace: circuit lacks generated CUDA coverage circuit=3 rows=4977
2026-09-16T23:16:42.495695Z DEBUG aiur::gpu_trace: CPU trace: circuit lacks generated CUDA coverage circuit=7 rows=27238
2026-09-16T23:16:42.495933Z DEBUG aiur::gpu_trace: CPU trace: circuit lacks generated CUDA coverage circuit=13 rows=45550
2026-09-16T23:16:42.497079Z DEBUG aiur::gpu_trace: CPU trace: circuit lacks generated CUDA coverage circuit=87 rows=39148
2026-09-16T23:16:42.511097Z DEBUG aiur/codegen_seeds{circuit=20 rows=254728}: aiur::trace_codegen::cuda: prepared generated CUDA trace circuit=20 rows=254728 width=533 seed_bytes=44832128 seed_spans=4
[aggregate] root wrap proven in 9.8s (query-record peak 62.0 GiB): 3 shard(s) verified into 2
[trace-shards] 1 shards, 1500000000 committed cells: record 2027193520 B in shared pool, host workspace 15541336473 B of 26088568116 B reserved per prover; regenerating round 2
2026-09-16T23:16:49.482131Z DEBUG aiur::gpu_trace: CPU trace: circuit lacks generated CUDA coverage circuit=0 rows=78545
2026-09-16T23:16:49.482147Z DEBUG aiur::gpu_trace: CPU trace: circuit lacks generated CUDA coverage circuit=3 rows=3859
2026-09-16T23:16:49.482155Z DEBUG aiur::gpu_trace: CPU trace: circuit lacks generated CUDA coverage circuit=12 rows=44886
2026-09-16T23:16:49.482163Z DEBUG aiur::gpu_trace: CPU trace: circuit lacks generated CUDA coverage circuit=18 rows=470050
2026-09-16T23:16:49.482148Z DEBUG aiur::gpu_trace: CPU trace: circuit lacks generated CUDA coverage circuit=15 rows=3
2026-09-16T23:16:49.482169Z DEBUG aiur::gpu_trace: CPU trace: circuit lacks generated CUDA coverage circuit=31 rows=103021
2026-09-16T23:16:49.482176Z DEBUG aiur::gpu_trace: CPU trace: circuit lacks generated CUDA coverage circuit=28 rows=105369
2026-09-16T23:16:49.482180Z DEBUG aiur::gpu_trace: CPU trace: circuit lacks generated CUDA coverage circuit=19 rows=15015
2026-09-16T23:16:49.482165Z DEBUG aiur::gpu_trace: CPU trace: circuit lacks generated CUDA coverage circuit=63 rows=3
2026-09-16T23:16:49.482154Z DEBUG aiur::gpu_trace: CPU trace: circuit lacks generated CUDA coverage circuit=65 rows=54
2026-09-16T23:16:49.482164Z DEBUG aiur::gpu_trace: CPU trace: circuit lacks generated CUDA coverage circuit=1 rows=7
2026-09-16T23:16:49.482165Z DEBUG aiur::gpu_trace: CPU trace: circuit lacks generated CUDA coverage circuit=62 rows=3
2026-09-16T23:16:49.482170Z DEBUG aiur::gpu_trace: CPU trace: circuit lacks generated CUDA coverage circuit=4 rows=19986
2026-09-16T23:16:49.482169Z DEBUG aiur::gpu_trace: CPU trace: circuit lacks generated CUDA coverage circuit=2 rows=26
2026-09-16T23:16:49.482175Z DEBUG aiur::gpu_trace: CPU trace: circuit lacks generated CUDA coverage circuit=6 rows=71561
2026-09-16T23:16:49.482171Z DEBUG aiur::gpu_trace: CPU trace: circuit lacks generated CUDA coverage circuit=21 rows=227800
2026-09-16T23:16:49.482176Z DEBUG aiur::gpu_trace: CPU trace: circuit lacks generated CUDA coverage circuit=50 rows=3
2026-09-16T23:16:49.482175Z DEBUG aiur::gpu_trace: CPU trace: circuit lacks generated CUDA coverage circuit=26 rows=41324
2026-09-16T23:16:49.482174Z DEBUG aiur::gpu_trace: CPU trace: circuit lacks generated CUDA coverage circuit=37 rows=41669
2026-09-16T23:16:49.482174Z DEBUG aiur::gpu_trace: CPU trace: circuit lacks generated CUDA coverage circuit=16 rows=23
2026-09-16T23:16:49.482174Z DEBUG aiur::gpu_trace: CPU trace: circuit lacks generated CUDA coverage circuit=25 rows=40840
2026-09-16T23:16:49.482165Z DEBUG aiur::gpu_trace: CPU trace: circuit lacks generated CUDA coverage circuit=66 rows=3
2026-09-16T23:16:49.482172Z DEBUG aiur::gpu_trace: CPU trace: circuit lacks generated CUDA coverage circuit=13 rows=44049
2026-09-16T23:16:49.482401Z DEBUG aiur::gpu_trace: CPU trace: circuit lacks generated CUDA coverage circuit=64 rows=1
2026-09-16T23:16:49.482549Z DEBUG aiur::gpu_trace: CPU trace: circuit lacks generated CUDA coverage circuit=51 rows=88
2026-09-16T23:16:49.482568Z DEBUG aiur::gpu_trace: CPU trace: circuit lacks generated CUDA coverage circuit=29 rows=573228
2026-09-16T23:16:49.482587Z DEBUG aiur::gpu_trace: CPU trace: circuit lacks generated CUDA coverage circuit=56 rows=1
2026-09-16T23:16:49.482649Z DEBUG aiur::gpu_trace: CPU trace: circuit lacks generated CUDA coverage circuit=53 rows=19
2026-09-16T23:16:49.482700Z DEBUG aiur::gpu_trace: CPU trace: circuit lacks generated CUDA coverage circuit=57 rows=22
2026-09-16T23:16:49.482739Z DEBUG aiur/codegen_seeds{circuit=59 rows=33}: aiur::trace_codegen::cuda: prepared generated CUDA trace circuit=59 rows=33 width=26 seed_bytes=2904 seed_spans=1
2026-09-16T23:16:49.482757Z DEBUG aiur::gpu_trace: CPU trace: circuit lacks generated CUDA coverage circuit=14 rows=2
2026-09-16T23:16:49.482840Z DEBUG aiur::gpu_trace: CPU trace: circuit lacks generated CUDA coverage circuit=17 rows=3
2026-09-16T23:16:49.482848Z DEBUG aiur::gpu_trace: CPU trace: circuit lacks generated CUDA coverage circuit=60 rows=12
2026-09-16T23:16:49.482929Z DEBUG aiur::gpu_trace: CPU trace: circuit lacks generated CUDA coverage circuit=52 rows=23
2026-09-16T23:16:49.482949Z DEBUG aiur::gpu_trace: CPU trace: circuit lacks generated CUDA coverage circuit=9 rows=752348
2026-09-16T23:16:49.482956Z DEBUG aiur::gpu_trace: CPU trace: circuit lacks generated CUDA coverage circuit=84 rows=103959
2026-09-16T23:16:49.482978Z DEBUG aiur::gpu_trace: CPU trace: circuit lacks generated CUDA coverage circuit=23 rows=92470
2026-09-16T23:16:49.482984Z DEBUG aiur::gpu_trace: CPU trace: circuit lacks generated CUDA coverage circuit=43 rows=1
2026-09-16T23:16:49.483043Z DEBUG aiur::gpu_trace: CPU trace: circuit lacks generated CUDA coverage circuit=5 rows=41236
2026-09-16T23:16:49.483061Z DEBUG aiur::gpu_trace: CPU trace: circuit lacks generated CUDA coverage circuit=27 rows=329635
2026-09-16T23:16:49.483067Z DEBUG aiur::gpu_trace: CPU trace: circuit lacks generated CUDA coverage circuit=86 rows=534835
2026-09-16T23:16:49.483076Z DEBUG aiur::gpu_trace: CPU trace: circuit lacks generated CUDA coverage circuit=46 rows=2
2026-09-16T23:16:49.483075Z DEBUG aiur::gpu_trace: CPU trace: circuit lacks generated CUDA coverage circuit=83 rows=1
2026-09-16T23:16:49.483158Z DEBUG aiur::gpu_trace: CPU trace: circuit lacks generated CUDA coverage circuit=85 rows=3
2026-09-16T23:16:49.483189Z DEBUG aiur::gpu_trace: CPU trace: circuit lacks generated CUDA coverage circuit=87 rows=39148
2026-09-16T23:16:49.483241Z DEBUG aiur::gpu_trace: CPU trace: circuit lacks generated CUDA coverage circuit=54 rows=87
2026-09-16T23:16:49.483293Z DEBUG aiur::gpu_trace: CPU trace: circuit lacks generated CUDA coverage circuit=7 rows=17866
2026-09-16T23:16:49.483304Z DEBUG aiur::gpu_trace: CPU trace: circuit lacks generated CUDA coverage circuit=47 rows=287
2026-09-16T23:16:49.483309Z DEBUG aiur::gpu_trace: CPU trace: circuit lacks generated CUDA coverage circuit=8 rows=67122
2026-09-16T23:16:49.483320Z DEBUG aiur::gpu_trace: CPU trace: circuit lacks generated CUDA coverage circuit=61 rows=2
2026-09-16T23:16:49.483350Z DEBUG aiur::gpu_trace: CPU trace: circuit lacks generated CUDA coverage circuit=44 rows=23
2026-09-16T23:16:49.483382Z DEBUG aiur::gpu_trace: CPU trace: circuit lacks generated CUDA coverage circuit=22 rows=40840
2026-09-16T23:16:49.483426Z DEBUG aiur::gpu_trace: CPU trace: circuit lacks generated CUDA coverage circuit=55 rows=201
2026-09-16T23:16:49.483431Z DEBUG aiur::gpu_trace: CPU trace: circuit lacks generated CUDA coverage circuit=58 rows=57
2026-09-16T23:16:49.483516Z DEBUG aiur::gpu_trace: CPU trace: circuit lacks generated CUDA coverage circuit=45 rows=1
2026-09-16T23:16:49.483584Z DEBUG aiur::gpu_trace: CPU trace: circuit lacks generated CUDA coverage circuit=10 rows=46291
2026-09-16T23:16:49.483588Z DEBUG aiur::gpu_trace: CPU trace: circuit lacks generated CUDA coverage circuit=24 rows=221
2026-09-16T23:16:49.483694Z DEBUG aiur::gpu_trace: CPU trace: circuit lacks generated CUDA coverage circuit=48 rows=19
2026-09-16T23:16:49.483800Z DEBUG aiur/codegen_seeds{circuit=49 rows=2}: aiur::trace_codegen::cuda: prepared generated CUDA trace circuit=49 rows=2 width=13 seed_bytes=80 seed_spans=1
2026-09-16T23:16:49.484992Z DEBUG aiur::gpu_trace: CPU trace: circuit lacks generated CUDA coverage circuit=11 rows=34300
2026-09-16T23:16:49.485157Z DEBUG aiur::gpu_trace: CPU trace: circuit lacks generated CUDA coverage circuit=34 rows=44800
2026-09-16T23:16:49.485164Z DEBUG aiur::gpu_trace: CPU trace: circuit lacks generated CUDA coverage circuit=35 rows=68452
2026-09-16T23:16:49.544263Z DEBUG aiur::gpu_trace: CPU trace: circuit lacks generated CUDA coverage circuit=38 rows=29
2026-09-16T23:16:49.544370Z DEBUG aiur::gpu_trace: CPU trace: circuit lacks generated CUDA coverage circuit=39 rows=2
2026-09-16T23:16:49.544400Z DEBUG aiur::gpu_trace: CPU trace: circuit lacks generated CUDA coverage circuit=40 rows=3
2026-09-16T23:16:49.544430Z DEBUG aiur::gpu_trace: CPU trace: circuit lacks generated CUDA coverage circuit=41 rows=2
2026-09-16T23:16:49.544464Z DEBUG aiur::gpu_trace: CPU trace: circuit lacks generated CUDA coverage circuit=42 rows=3
2026-09-16T23:16:49.555244Z DEBUG aiur::gpu_trace: CPU trace: circuit lacks generated CUDA coverage circuit=32 rows=1088765
2026-09-16T23:16:49.564425Z DEBUG aiur::gpu_trace: CPU trace: circuit lacks generated CUDA coverage circuit=36 rows=30567
2026-09-16T23:16:49.628495Z DEBUG aiur::gpu_trace: CPU trace: circuit lacks generated CUDA coverage circuit=33 rows=353988
2026-09-16T23:16:49.733303Z DEBUG aiur/codegen_seeds{circuit=30 rows=73058}: aiur::trace_codegen::cuda: prepared generated CUDA trace circuit=30 rows=73058 width=234 seed_bytes=44419264 seed_spans=3
2026-09-16T23:16:49.759296Z DEBUG aiur/codegen_seeds{circuit=20 rows=969184}: aiur::trace_codegen::cuda: prepared generated CUDA trace circuit=20 rows=969184 width=533 seed_bytes=170576384 seed_spans=15
2026-09-16T23:16:50.640421Z DEBUG aiur::gpu_trace: CPU trace: circuit lacks generated CUDA coverage circuit=0 rows=78545
2026-09-16T23:16:50.640433Z DEBUG aiur::gpu_trace: CPU trace: circuit lacks generated CUDA coverage circuit=9 rows=752348
2026-09-16T23:16:50.640454Z DEBUG aiur::gpu_trace: CPU trace: circuit lacks generated CUDA coverage circuit=10 rows=46291
2026-09-16T23:16:50.640456Z DEBUG aiur::gpu_trace: CPU trace: circuit lacks generated CUDA coverage circuit=65 rows=54
2026-09-16T23:16:50.640461Z DEBUG aiur::gpu_trace: CPU trace: circuit lacks generated CUDA coverage circuit=11 rows=34300
2026-09-16T23:16:50.640461Z DEBUG aiur::gpu_trace: CPU trace: circuit lacks generated CUDA coverage circuit=50 rows=3
2026-09-16T23:16:50.640471Z DEBUG aiur::gpu_trace: CPU trace: circuit lacks generated CUDA coverage circuit=7 rows=17866
2026-09-16T23:16:50.640461Z DEBUG aiur::gpu_trace: CPU trace: circuit lacks generated CUDA coverage circuit=35 rows=68452
2026-09-16T23:16:50.640466Z DEBUG aiur::gpu_trace: CPU trace: circuit lacks generated CUDA coverage circuit=37 rows=41669
2026-09-16T23:16:50.640464Z DEBUG aiur::gpu_trace: CPU trace: circuit lacks generated CUDA coverage circuit=26 rows=41324
2026-09-16T23:16:50.640460Z DEBUG aiur::gpu_trace: CPU trace: circuit lacks generated CUDA coverage circuit=34 rows=44800
2026-09-16T23:16:50.640465Z DEBUG aiur::gpu_trace: CPU trace: circuit lacks generated CUDA coverage circuit=21 rows=227800
2026-09-16T23:16:50.640466Z DEBUG aiur::gpu_trace: CPU trace: circuit lacks generated CUDA coverage circuit=2 rows=26
2026-09-16T23:16:50.640464Z DEBUG aiur::gpu_trace: CPU trace: circuit lacks generated CUDA coverage circuit=27 rows=329635
2026-09-16T23:16:50.640462Z DEBUG aiur::gpu_trace: CPU trace: circuit lacks generated CUDA coverage circuit=33 rows=353988
2026-09-16T23:16:50.640463Z DEBUG aiur::gpu_trace: CPU trace: circuit lacks generated CUDA coverage circuit=28 rows=105369
2026-09-16T23:16:50.640462Z DEBUG aiur::gpu_trace: CPU trace: circuit lacks generated CUDA coverage circuit=12 rows=44886
2026-09-16T23:16:50.640461Z DEBUG aiur::gpu_trace: CPU trace: circuit lacks generated CUDA coverage circuit=31 rows=103021
2026-09-16T23:16:50.640464Z DEBUG aiur::gpu_trace: CPU trace: circuit lacks generated CUDA coverage circuit=62 rows=3
2026-09-16T23:16:50.640461Z DEBUG aiur::gpu_trace: CPU trace: circuit lacks generated CUDA coverage circuit=66 rows=3
2026-09-16T23:16:50.640461Z DEBUG aiur::gpu_trace: CPU trace: circuit lacks generated CUDA coverage circuit=6 rows=71561
2026-09-16T23:16:50.640462Z DEBUG aiur::gpu_trace: CPU trace: circuit lacks generated CUDA coverage circuit=3 rows=3859
2026-09-16T23:16:50.640462Z DEBUG aiur::gpu_trace: CPU trace: circuit lacks generated CUDA coverage circuit=56 rows=1
2026-09-16T23:16:50.640464Z DEBUG aiur::gpu_trace: CPU trace: circuit lacks generated CUDA coverage circuit=25 rows=40840
2026-09-16T23:16:50.640466Z DEBUG aiur::gpu_trace: CPU trace: circuit lacks generated CUDA coverage circuit=15 rows=3
2026-09-16T23:16:50.640460Z DEBUG aiur::gpu_trace: CPU trace: circuit lacks generated CUDA coverage circuit=18 rows=470050
2026-09-16T23:16:50.640460Z DEBUG aiur::gpu_trace: CPU trace: circuit lacks generated CUDA coverage circuit=32 rows=1088765
2026-09-16T23:16:50.640462Z DEBUG aiur::gpu_trace: CPU trace: circuit lacks generated CUDA coverage circuit=1 rows=7
2026-09-16T23:16:50.640761Z DEBUG aiur::gpu_trace: CPU trace: circuit lacks generated CUDA coverage circuit=63 rows=3
2026-09-16T23:16:50.640771Z DEBUG aiur::gpu_trace: CPU trace: circuit lacks generated CUDA coverage circuit=51 rows=88
2026-09-16T23:16:50.640815Z DEBUG aiur::gpu_trace: CPU trace: circuit lacks generated CUDA coverage circuit=29 rows=573228
2026-09-16T23:16:50.640873Z DEBUG aiur::gpu_trace: CPU trace: circuit lacks generated CUDA coverage circuit=16 rows=23
2026-09-16T23:16:50.640905Z DEBUG aiur::gpu_trace: CPU trace: circuit lacks generated CUDA coverage circuit=57 rows=22
2026-09-16T23:16:50.640934Z DEBUG aiur::gpu_trace: CPU trace: circuit lacks generated CUDA coverage circuit=17 rows=3
2026-09-16T23:16:50.640968Z DEBUG aiur::gpu_trace: CPU trace: circuit lacks generated CUDA coverage circuit=64 rows=1
2026-09-16T23:16:50.640991Z DEBUG aiur::gpu_trace: CPU trace: circuit lacks generated CUDA coverage circuit=53 rows=19
2026-09-16T23:16:50.641007Z DEBUG aiur::gpu_trace: CPU trace: circuit lacks generated CUDA coverage circuit=52 rows=23
2026-09-16T23:16:50.641082Z DEBUG aiur::gpu_trace: CPU trace: circuit lacks generated CUDA coverage circuit=58 rows=57
2026-09-16T23:16:50.641140Z DEBUG aiur/codegen_seeds{circuit=59 rows=33}: aiur::trace_codegen::cuda: prepared generated CUDA trace circuit=59 rows=33 width=26 seed_bytes=2904 seed_spans=1
2026-09-16T23:16:50.641148Z DEBUG aiur::gpu_trace: CPU trace: circuit lacks generated CUDA coverage circuit=54 rows=87
2026-09-16T23:16:50.641158Z DEBUG aiur::gpu_trace: CPU trace: circuit lacks generated CUDA coverage circuit=13 rows=44049
2026-09-16T23:16:50.641156Z DEBUG aiur::gpu_trace: CPU trace: circuit lacks generated CUDA coverage circuit=36 rows=30567
2026-09-16T23:16:50.641165Z DEBUG aiur::gpu_trace: CPU trace: circuit lacks generated CUDA coverage circuit=14 rows=2
2026-09-16T23:16:50.641197Z DEBUG aiur::gpu_trace: CPU trace: circuit lacks generated CUDA coverage circuit=8 rows=67122
2026-09-16T23:16:50.641223Z DEBUG aiur::gpu_trace: CPU trace: circuit lacks generated CUDA coverage circuit=60 rows=12
2026-09-16T23:16:50.641276Z DEBUG aiur::gpu_trace: CPU trace: circuit lacks generated CUDA coverage circuit=61 rows=2
2026-09-16T23:16:50.641284Z DEBUG aiur::gpu_trace: CPU trace: circuit lacks generated CUDA coverage circuit=4 rows=19986
2026-09-16T23:16:50.641367Z DEBUG aiur::gpu_trace: CPU trace: circuit lacks generated CUDA coverage circuit=19 rows=15015
2026-09-16T23:16:50.641382Z DEBUG aiur::gpu_trace: CPU trace: circuit lacks generated CUDA coverage circuit=55 rows=201
2026-09-16T23:16:50.641395Z DEBUG aiur::gpu_trace: CPU trace: circuit lacks generated CUDA coverage circuit=5 rows=41236
2026-09-16T23:16:50.641571Z DEBUG aiur::gpu_trace: CPU trace: circuit lacks generated CUDA coverage circuit=83 rows=1
2026-09-16T23:16:50.641578Z DEBUG aiur::gpu_trace: CPU trace: circuit lacks generated CUDA coverage circuit=84 rows=103959
2026-09-16T23:16:50.642044Z DEBUG aiur::gpu_trace: CPU trace: circuit lacks generated CUDA coverage circuit=86 rows=534835
2026-09-16T23:16:50.697058Z DEBUG aiur::gpu_trace: CPU trace: circuit lacks generated CUDA coverage circuit=38 rows=29
2026-09-16T23:16:50.697183Z DEBUG aiur::gpu_trace: CPU trace: circuit lacks generated CUDA coverage circuit=39 rows=2
2026-09-16T23:16:50.697216Z DEBUG aiur::gpu_trace: CPU trace: circuit lacks generated CUDA coverage circuit=40 rows=3
2026-09-16T23:16:50.697252Z DEBUG aiur::gpu_trace: CPU trace: circuit lacks generated CUDA coverage circuit=41 rows=2
2026-09-16T23:16:50.697285Z DEBUG aiur::gpu_trace: CPU trace: circuit lacks generated CUDA coverage circuit=42 rows=3
2026-09-16T23:16:50.697314Z DEBUG aiur::gpu_trace: CPU trace: circuit lacks generated CUDA coverage circuit=43 rows=1
2026-09-16T23:16:50.697338Z DEBUG aiur::gpu_trace: CPU trace: circuit lacks generated CUDA coverage circuit=44 rows=23
2026-09-16T23:16:50.697397Z DEBUG aiur::gpu_trace: CPU trace: circuit lacks generated CUDA coverage circuit=22 rows=40840
2026-09-16T23:16:50.697416Z DEBUG aiur::gpu_trace: CPU trace: circuit lacks generated CUDA coverage circuit=45 rows=1
2026-09-16T23:16:50.697485Z DEBUG aiur::gpu_trace: CPU trace: circuit lacks generated CUDA coverage circuit=46 rows=2
2026-09-16T23:16:50.697538Z DEBUG aiur::gpu_trace: CPU trace: circuit lacks generated CUDA coverage circuit=47 rows=287
2026-09-16T23:16:50.697728Z DEBUG aiur::gpu_trace: CPU trace: circuit lacks generated CUDA coverage circuit=48 rows=19
2026-09-16T23:16:50.697795Z DEBUG aiur/codegen_seeds{circuit=49 rows=2}: aiur::trace_codegen::cuda: prepared generated CUDA trace circuit=49 rows=2 width=13 seed_bytes=80 seed_spans=1
2026-09-16T23:16:50.710138Z DEBUG aiur::gpu_trace: CPU trace: circuit lacks generated CUDA coverage circuit=85 rows=3
2026-09-16T23:16:50.717952Z DEBUG aiur::gpu_trace: CPU trace: circuit lacks generated CUDA coverage circuit=23 rows=92470
2026-09-16T23:16:50.773062Z DEBUG aiur::gpu_trace: CPU trace: circuit lacks generated CUDA coverage circuit=24 rows=221
2026-09-16T23:16:50.787240Z DEBUG aiur::gpu_trace: CPU trace: circuit lacks generated CUDA coverage circuit=87 rows=39148
2026-09-16T23:16:50.885332Z DEBUG aiur/codegen_seeds{circuit=30 rows=73058}: aiur::trace_codegen::cuda: prepared generated CUDA trace circuit=30 rows=73058 width=234 seed_bytes=44419264 seed_spans=3
2026-09-16T23:16:50.909269Z DEBUG aiur/codegen_seeds{circuit=20 rows=969184}: aiur::trace_codegen::cuda: prepared generated CUDA trace circuit=20 rows=969184 width=533 seed_bytes=170576384 seed_spans=15
[aggregate] root wrap proven in 7.9s (query-record peak 59.4 GiB): 2 shard(s) verified into 1
[lanes] worker 0: root proven at +442s
[lanes] calibration: claims 4 executed: record mean 20.5 GiB, p50 20.8 GiB, p90 21.8 GiB, max 21.8 GiB (unit 0); execution mean 114.4s, max 125.3s
[lanes] calibration: joins 3 executed: record mean 13.3 GiB, p50 13.6 GiB, p90 15.1 GiB, max 15.1 GiB (unit 2); execution mean 33.3s, max 39.9s
[lanes] calibration: 4 shards at a 38.9 GiB initial reservation (155.7 GiB shared record budget): largest claim record 56% of the initial reservation, largest join record 38%, 0 contention retry/retries; p90-scaled candidate 3 shard(s) at this initial reservation (claims measured this run only; a resumed run measures fewer)
[lanes] record pool: peak granted 120.9 GiB, 0 growth waits (0.0s summed across executions), 0 contention retries
[lanes] root cef56bca82bd3d5fb10c162e174c6f26550b3eaff51d92570d7bce7ba92d5f0e verified; composed verdict OK; end to end 442s
	Command being timed: "/tmp/claude-30033/-home-sam-repos-ix/9c1af3d4-3a5f-4585-a0ae-b691c8d73308/scratchpad/bench/ix-new5 prove --ixe /tmp/claude-30033/-home-sam-repos-ix/9c1af3d4-3a5f-4585-a0ae-b691c8d73308/scratchpad/bench/init.ixe --ixes /tmp/claude-30033/-home-sam-repos-ix/9c1af3d4-3a5f-4585-a0ae-b691c8d73308/scratchpad/bench/init-4.ixes --trace-shards --lanes 1 --exec-jobs 2 --max-ram 200"
	User time (seconds): 2105.70
	System time (seconds): 107.90
	Percent of CPU this job got: 497%
	Elapsed (wall clock) time (h:mm:ss or m:ss): 7:24.90
	Average shared text size (kbytes): 0
	Average unshared data size (kbytes): 0
	Average stack size (kbytes): 0
	Average total size (kbytes): 0
	Maximum resident set size (kbytes): 97901876
	Average resident set size (kbytes): 0
	Major (requiring I/O) page faults: 370
	Minor (reclaiming a frame) page faults: 3822120
	Voluntary context switches: 179179
	Involuntary context switches: 171100
	Swaps: 0
	File system inputs: 0
	File system outputs: 272656
	Socket messages sent: 0
	Socket messages received: 0
	Signals delivered: 0
	Page size (bytes): 4096
	Exit status: 0
