[lanes] host budget 200.0 GiB process-wide (requested 200.0 GiB per GPU, visible cgroup limit unlimited or unavailable): 155.7 GiB shared records, 24.2 GiB workspace per GPU, 20.0 GiB headroom; 2 CPU executions, 1 prepared queue slots; 38.9 GiB initial reservation, growth waits for shared capacity; 1500000000 trace cells
[lanes] per-record ceiling 128.0 GiB; oversized environment claims are bisected automatically
[lanes] building 1 resident workers
[lanes] 4 claims (0 reused from the index, 0 retired under cached joins without an indexed proof), 3 joins (0 cached)
[lanes] claim 0 dispatched at +0s
[lanes] claim 1 dispatched at +0s
[lanes] executor 1: claim 0 execution started at +0s
[lanes] executor 0: claim 1 execution started at +0s
[trace-shards] 11 shards, 1500000000 committed cells: record 23506774632 B in shared pool, host workspace 17328975783 B of 26088568116 B reserved per prover; regenerating round 2
[lanes] executor 1: claim 0 executed in 110.0s, record 23506774632 B (21.8 GiB) at +110s
[lanes] claim 2 dispatched at +110s
[lanes] worker 0: claim 0 proving started at +110s
[lanes] executor 1: claim 2 execution started at +110s
2026-09-16T21:38:35.825497Z DEBUG aiur::gpu_trace: CPU trace: circuit lacks generated CUDA coverage circuit=117 rows=12699666
2026-09-16T21:38:35.825774Z DEBUG aiur::gpu_trace: CPU trace: circuit lacks generated CUDA coverage circuit=79 rows=2
2026-09-16T21:38:35.826304Z DEBUG aiur::gpu_trace: CPU trace: circuit lacks generated CUDA coverage circuit=90 rows=75467
2026-09-16T21:38:35.826650Z DEBUG aiur::gpu_trace: CPU trace: circuit lacks generated CUDA coverage circuit=75 rows=33
2026-09-16T21:38:35.827472Z DEBUG aiur::gpu_trace: CPU trace: circuit lacks generated CUDA coverage circuit=176 rows=1
2026-09-16T21:38:35.918917Z DEBUG aiur/codegen_seeds{circuit=16 rows=1048576}: aiur::trace_codegen::cuda: prepared generated CUDA trace circuit=16 rows=1048576 width=533 seed_bytes=184549376 seed_spans=16
2026-09-16T21:38:37.195349Z DEBUG aiur::gpu_trace: CPU trace: circuit lacks generated CUDA coverage circuit=57 rows=304
2026-09-16T21:38:37.195337Z DEBUG aiur::gpu_trace: CPU trace: circuit lacks generated CUDA coverage circuit=3 rows=7
2026-09-16T21:38:37.195838Z DEBUG aiur::gpu_trace: CPU trace: circuit lacks generated CUDA coverage circuit=64 rows=99
2026-09-16T21:38:37.195904Z DEBUG aiur::gpu_trace: CPU trace: circuit lacks generated CUDA coverage circuit=129 rows=339422
2026-09-16T21:38:37.196308Z DEBUG aiur::gpu_trace: CPU trace: circuit lacks generated CUDA coverage circuit=7 rows=13162
2026-09-16T21:38:37.197127Z DEBUG aiur::gpu_trace: CPU trace: circuit lacks generated CUDA coverage circuit=136 rows=31882
2026-09-16T21:38:37.198273Z DEBUG aiur::gpu_trace: CPU trace: circuit lacks generated CUDA coverage circuit=91 rows=5100597
2026-09-16T21:38:37.277409Z DEBUG aiur/codegen_seeds{circuit=16 rows=1048576}: aiur::trace_codegen::cuda: prepared generated CUDA trace circuit=16 rows=1048576 width=533 seed_bytes=184549376 seed_spans=16
[trace-shards] 11 shards, 1500000000 committed cells: record 22753858957 B in shared pool, host workspace 17329026695 B of 26088568116 B reserved per prover; regenerating round 2
[lanes] executor 0: claim 1 executed in 112.3s, record 22753858957 B (21.1 GiB) at +112s
[lanes] claim 3 dispatched at +112s
[lanes] executor 0: claim 3 execution started at +112s
2026-09-16T21:38:38.330218Z DEBUG aiur::gpu_trace: CPU trace: circuit lacks generated CUDA coverage circuit=12 rows=16777216
2026-09-16T21:38:38.330387Z DEBUG aiur::gpu_trace: CPU trace: circuit lacks generated CUDA coverage circuit=26 rows=19
2026-09-16T21:38:38.330680Z DEBUG aiur::gpu_trace: CPU trace: circuit lacks generated CUDA coverage circuit=77 rows=15
2026-09-16T21:38:38.332886Z DEBUG aiur::gpu_trace: CPU trace: circuit lacks generated CUDA coverage circuit=150 rows=1145750
2026-09-16T21:38:38.333113Z DEBUG aiur::gpu_trace: CPU trace: circuit lacks generated CUDA coverage circuit=22 rows=31
2026-09-16T21:38:38.406229Z DEBUG aiur/codegen_seeds{circuit=16 rows=1048576}: aiur::trace_codegen::cuda: prepared generated CUDA trace circuit=16 rows=1048576 width=533 seed_bytes=184549376 seed_spans=16
2026-09-16T21:38:40.073866Z DEBUG aiur::gpu_trace: CPU trace: circuit lacks generated CUDA coverage circuit=12 rows=11961305
2026-09-16T21:38:40.075659Z DEBUG aiur::gpu_trace: CPU trace: circuit lacks generated CUDA coverage circuit=94 rows=15788
2026-09-16T21:38:40.076226Z DEBUG aiur::gpu_trace: CPU trace: circuit lacks generated CUDA coverage circuit=68 rows=16
2026-09-16T21:38:40.076515Z DEBUG aiur::gpu_trace: CPU trace: circuit lacks generated CUDA coverage circuit=158 rows=8712
2026-09-16T21:38:40.076869Z DEBUG aiur::gpu_trace: CPU trace: circuit lacks generated CUDA coverage circuit=126 rows=446516
2026-09-16T21:38:40.147788Z DEBUG aiur/codegen_seeds{circuit=16 rows=905944}: aiur::trace_codegen::cuda: prepared generated CUDA trace circuit=16 rows=905944 width=533 seed_bytes=159446144 seed_spans=14
2026-09-16T21:38:41.548177Z DEBUG aiur::gpu_trace: CPU trace: circuit lacks generated CUDA coverage circuit=47 rows=362339
2026-09-16T21:38:41.548180Z DEBUG aiur::gpu_trace: CPU trace: circuit lacks generated CUDA coverage circuit=38 rows=4629033
2026-09-16T21:38:41.548651Z DEBUG aiur::gpu_trace: CPU trace: circuit lacks generated CUDA coverage circuit=42 rows=6586741
2026-09-16T21:38:41.549966Z DEBUG aiur::gpu_trace: CPU trace: circuit lacks generated CUDA coverage circuit=69 rows=16
2026-09-16T21:38:41.550571Z DEBUG aiur::gpu_trace: CPU trace: circuit lacks generated CUDA coverage circuit=70 rows=16
2026-09-16T21:38:41.550600Z DEBUG aiur::gpu_trace: CPU trace: circuit lacks generated CUDA coverage circuit=71 rows=16
2026-09-16T21:38:41.550966Z DEBUG aiur::gpu_trace: CPU trace: circuit lacks generated CUDA coverage circuit=87 rows=12
2026-09-16T21:38:41.551288Z DEBUG aiur::gpu_trace: CPU trace: circuit lacks generated CUDA coverage circuit=119 rows=9771112
2026-09-16T21:38:43.114302Z DEBUG aiur::gpu_trace: CPU trace: circuit lacks generated CUDA coverage circuit=170 rows=15815678
2026-09-16T21:38:43.115055Z DEBUG aiur::gpu_trace: CPU trace: circuit lacks generated CUDA coverage circuit=177 rows=6293918
2026-09-16T21:38:43.115216Z DEBUG aiur::gpu_trace: CPU trace: circuit lacks generated CUDA coverage circuit=107 rows=5046546
2026-09-16T21:38:43.115783Z DEBUG aiur::gpu_trace: CPU trace: circuit lacks generated CUDA coverage circuit=36 rows=6609473
2026-09-16T21:38:43.115896Z DEBUG aiur::gpu_trace: CPU trace: circuit lacks generated CUDA coverage circuit=138 rows=713933
2026-09-16T21:38:43.116181Z DEBUG aiur::gpu_trace: CPU trace: circuit lacks generated CUDA coverage circuit=101 rows=5539615
2026-09-16T21:38:44.912717Z DEBUG aiur::gpu_trace: CPU trace: circuit lacks generated CUDA coverage circuit=33 rows=6140427
2026-09-16T21:38:44.914050Z DEBUG aiur::gpu_trace: CPU trace: circuit lacks generated CUDA coverage circuit=106 rows=5236793
2026-09-16T21:38:44.914599Z DEBUG aiur::gpu_trace: CPU trace: circuit lacks generated CUDA coverage circuit=112 rows=3351648
2026-09-16T21:38:44.914717Z DEBUG aiur::gpu_trace: CPU trace: circuit lacks generated CUDA coverage circuit=145 rows=257178
2026-09-16T21:38:44.915244Z DEBUG aiur::gpu_trace: CPU trace: circuit lacks generated CUDA coverage circuit=162 rows=2173375
2026-09-16T21:38:44.915469Z DEBUG aiur::gpu_trace: CPU trace: circuit lacks generated CUDA coverage circuit=178 rows=4406516
2026-09-16T21:38:44.968709Z DEBUG aiur/codegen_seeds{circuit=102 rows=1233322}: aiur::trace_codegen::cuda: prepared generated CUDA trace circuit=102 rows=1233322 width=43 seed_bytes=49332880 seed_spans=19
2026-09-16T21:38:45.975731Z DEBUG aiur::gpu_trace: CPU trace: circuit lacks generated CUDA coverage circuit=13 rows=400257
2026-09-16T21:38:45.976302Z DEBUG aiur::gpu_trace: CPU trace: circuit lacks generated CUDA coverage circuit=167 rows=1873085
2026-09-16T21:38:45.976916Z DEBUG aiur::gpu_trace: CPU trace: circuit lacks generated CUDA coverage circuit=40 rows=110945
2026-09-16T21:38:45.977221Z DEBUG aiur::gpu_trace: CPU trace: circuit lacks generated CUDA coverage circuit=20 rows=854779
2026-09-16T21:38:45.977715Z DEBUG aiur::gpu_trace: CPU trace: circuit lacks generated CUDA coverage circuit=24 rows=908138
2026-09-16T21:38:45.982160Z DEBUG aiur::gpu_trace: CPU trace: circuit lacks generated CUDA coverage circuit=168 rows=1399631
2026-09-16T21:38:45.982266Z DEBUG aiur::gpu_trace: CPU trace: circuit lacks generated CUDA coverage circuit=183 rows=7272697
2026-09-16T21:38:45.982456Z DEBUG aiur::gpu_trace: CPU trace: circuit lacks generated CUDA coverage circuit=120 rows=2332114
2026-09-16T21:38:46.284119Z DEBUG aiur/codegen_seeds{circuit=15 rows=425142}: aiur::trace_codegen::cuda: prepared generated CUDA trace circuit=15 rows=425142 width=177 seed_bytes=173457936 seed_spans=11
2026-09-16T21:38:47.669705Z DEBUG aiur::gpu_trace: CPU trace: circuit lacks generated CUDA coverage circuit=166 rows=1607107
2026-09-16T21:38:47.669712Z DEBUG aiur::gpu_trace: CPU trace: circuit lacks generated CUDA coverage circuit=34 rows=1152953
2026-09-16T21:38:47.669712Z DEBUG aiur::gpu_trace: CPU trace: circuit lacks generated CUDA coverage circuit=179 rows=2959760
2026-09-16T21:38:47.670135Z DEBUG aiur::gpu_trace: CPU trace: circuit lacks generated CUDA coverage circuit=111 rows=3555642
2026-09-16T21:38:47.670238Z DEBUG aiur::gpu_trace: CPU trace: circuit lacks generated CUDA coverage circuit=44 rows=384342
2026-09-16T21:38:47.670859Z DEBUG aiur::gpu_trace: CPU trace: circuit lacks generated CUDA coverage circuit=45 rows=1507309
2026-09-16T21:38:47.670881Z DEBUG aiur::gpu_trace: CPU trace: circuit lacks generated CUDA coverage circuit=110 rows=1209604
2026-09-16T21:38:47.671016Z DEBUG aiur::gpu_trace: CPU trace: circuit lacks generated CUDA coverage circuit=118 rows=3297187
2026-09-16T21:38:47.671063Z DEBUG aiur::gpu_trace: CPU trace: circuit lacks generated CUDA coverage circuit=50 rows=3316
2026-09-16T21:38:47.671470Z DEBUG aiur::gpu_trace: CPU trace: circuit lacks generated CUDA coverage circuit=180 rows=3622920
2026-09-16T21:38:47.671533Z DEBUG aiur::gpu_trace: CPU trace: circuit lacks generated CUDA coverage circuit=134 rows=239238
2026-09-16T21:38:47.671689Z DEBUG aiur::gpu_trace: CPU trace: circuit lacks generated CUDA coverage circuit=54 rows=3372270
2026-09-16T21:38:47.671837Z DEBUG aiur::gpu_trace: CPU trace: circuit lacks generated CUDA coverage circuit=135 rows=3998
2026-09-16T21:38:47.671911Z DEBUG aiur::gpu_trace: CPU trace: circuit lacks generated CUDA coverage circuit=88 rows=2419252
2026-09-16T21:38:47.672013Z DEBUG aiur::gpu_trace: CPU trace: circuit lacks generated CUDA coverage circuit=122 rows=1662709
2026-09-16T21:38:47.672334Z DEBUG aiur::gpu_trace: CPU trace: circuit lacks generated CUDA coverage circuit=37 rows=1081649
2026-09-16T21:38:47.672602Z DEBUG aiur::gpu_trace: CPU trace: circuit lacks generated CUDA coverage circuit=113 rows=1097921
2026-09-16T21:38:49.423916Z DEBUG aiur::gpu_trace: CPU trace: circuit lacks generated CUDA coverage circuit=114 rows=431091
2026-09-16T21:38:49.423916Z DEBUG aiur::gpu_trace: CPU trace: circuit lacks generated CUDA coverage circuit=0 rows=136036
2026-09-16T21:38:49.423923Z DEBUG aiur::gpu_trace: CPU trace: circuit lacks generated CUDA coverage circuit=25 rows=68380
2026-09-16T21:38:49.423921Z DEBUG aiur::gpu_trace: CPU trace: circuit lacks generated CUDA coverage circuit=108 rows=530178
2026-09-16T21:38:49.423916Z DEBUG aiur::gpu_trace: CPU trace: circuit lacks generated CUDA coverage circuit=127 rows=436663
2026-09-16T21:38:49.424144Z DEBUG aiur::gpu_trace: CPU trace: circuit lacks generated CUDA coverage circuit=2 rows=186190
2026-09-16T21:38:49.424368Z DEBUG aiur::gpu_trace: CPU trace: circuit lacks generated CUDA coverage circuit=52 rows=153516
2026-09-16T21:38:49.424401Z DEBUG aiur::gpu_trace: CPU trace: circuit lacks generated CUDA coverage circuit=104 rows=179314
2026-09-16T21:38:49.424404Z DEBUG aiur::gpu_trace: CPU trace: circuit lacks generated CUDA coverage circuit=14 rows=1101513
2026-09-16T21:38:49.424518Z DEBUG aiur::gpu_trace: CPU trace: circuit lacks generated CUDA coverage circuit=156 rows=227970
2026-09-16T21:38:49.424563Z DEBUG aiur::gpu_trace: CPU trace: circuit lacks generated CUDA coverage circuit=10 rows=36458
2026-09-16T21:38:49.424627Z DEBUG aiur::gpu_trace: CPU trace: circuit lacks generated CUDA coverage circuit=41 rows=415072
2026-09-16T21:38:49.424829Z DEBUG aiur::gpu_trace: CPU trace: circuit lacks generated CUDA coverage circuit=81 rows=111119
2026-09-16T21:38:49.424885Z DEBUG aiur::gpu_trace: CPU trace: circuit lacks generated CUDA coverage circuit=182 rows=460244
2026-09-16T21:38:49.424890Z DEBUG aiur::gpu_trace: CPU trace: circuit lacks generated CUDA coverage circuit=105 rows=444844
2026-09-16T21:38:49.433606Z DEBUG aiur::gpu_trace: CPU trace: circuit lacks generated CUDA coverage circuit=89 rows=99720
2026-09-16T21:38:49.433626Z DEBUG aiur::gpu_trace: CPU trace: circuit lacks generated CUDA coverage circuit=95 rows=24713
2026-09-16T21:38:49.471898Z DEBUG aiur::gpu_trace: CPU trace: circuit lacks generated CUDA coverage circuit=147 rows=226531
2026-09-16T21:38:49.506764Z DEBUG aiur::gpu_trace: CPU trace: circuit lacks generated CUDA coverage circuit=65 rows=94436
2026-09-16T21:38:49.557924Z DEBUG aiur::gpu_trace: CPU trace: circuit lacks generated CUDA coverage circuit=23 rows=83894
2026-09-16T21:38:49.569478Z DEBUG aiur::gpu_trace: CPU trace: circuit lacks generated CUDA coverage circuit=11 rows=169166
2026-09-16T21:38:49.595431Z DEBUG aiur::gpu_trace: CPU trace: circuit lacks generated CUDA coverage circuit=121 rows=438926
2026-09-16T21:38:49.597665Z DEBUG aiur::gpu_trace: CPU trace: circuit lacks generated CUDA coverage circuit=169 rows=1313302
2026-09-16T21:38:49.599751Z DEBUG aiur/codegen_seeds{circuit=140 rows=474228}: aiur::trace_codegen::cuda: prepared generated CUDA trace circuit=140 rows=474228 width=25 seed_bytes=17111760 seed_spans=8
2026-09-16T21:38:49.599787Z DEBUG aiur::gpu_trace: CPU trace: circuit lacks generated CUDA coverage circuit=141 rows=266407
2026-09-16T21:38:49.614244Z DEBUG aiur::gpu_trace: CPU trace: circuit lacks generated CUDA coverage circuit=66 rows=753
2026-09-16T21:38:49.616963Z DEBUG aiur::gpu_trace: CPU trace: circuit lacks generated CUDA coverage circuit=137 rows=227483
2026-09-16T21:38:49.626801Z DEBUG aiur::gpu_trace: CPU trace: circuit lacks generated CUDA coverage circuit=161 rows=189170
2026-09-16T21:38:49.652665Z DEBUG aiur::gpu_trace: CPU trace: circuit lacks generated CUDA coverage circuit=46 rows=165428
2026-09-16T21:38:49.676233Z DEBUG aiur::gpu_trace: CPU trace: circuit lacks generated CUDA coverage circuit=139 rows=217573
2026-09-16T21:38:49.683117Z DEBUG aiur::gpu_trace: CPU trace: circuit lacks generated CUDA coverage circuit=109 rows=1713363
2026-09-16T21:38:49.683791Z DEBUG aiur::gpu_trace: CPU trace: circuit lacks generated CUDA coverage circuit=184 rows=258488
2026-09-16T21:38:49.712720Z DEBUG aiur::gpu_trace: CPU trace: circuit lacks generated CUDA coverage circuit=151 rows=800138
2026-09-16T21:38:49.775240Z DEBUG aiur::gpu_trace: CPU trace: circuit lacks generated CUDA coverage circuit=130 rows=235475
2026-09-16T21:38:49.785111Z DEBUG aiur::gpu_trace: CPU trace: circuit lacks generated CUDA coverage circuit=148 rows=257365
2026-09-16T21:38:49.785143Z DEBUG aiur::gpu_trace: CPU trace: circuit lacks generated CUDA coverage circuit=157 rows=237378
2026-09-16T21:38:49.803832Z DEBUG aiur::gpu_trace: CPU trace: circuit lacks generated CUDA coverage circuit=43 rows=65569
2026-09-16T21:38:49.808215Z DEBUG aiur::gpu_trace: CPU trace: circuit lacks generated CUDA coverage circuit=152 rows=665982
2026-09-16T21:38:49.844588Z DEBUG aiur::gpu_trace: CPU trace: circuit lacks generated CUDA coverage circuit=115 rows=1339296
2026-09-16T21:38:49.887465Z DEBUG aiur::gpu_trace: CPU trace: circuit lacks generated CUDA coverage circuit=144 rows=230199
2026-09-16T21:38:49.924637Z DEBUG aiur::gpu_trace: CPU trace: circuit lacks generated CUDA coverage circuit=128 rows=230802
2026-09-16T21:38:49.962991Z DEBUG aiur::gpu_trace: CPU trace: circuit lacks generated CUDA coverage circuit=164 rows=780872
2026-09-16T21:38:50.009244Z DEBUG aiur::gpu_trace: CPU trace: circuit lacks generated CUDA coverage circuit=123 rows=226134
2026-09-16T21:38:50.100795Z DEBUG aiur::gpu_trace: CPU trace: circuit lacks generated CUDA coverage circuit=125 rows=532278
2026-09-16T21:38:50.105813Z DEBUG aiur::gpu_trace: CPU trace: circuit lacks generated CUDA coverage circuit=131 rows=391965
2026-09-16T21:38:50.120577Z DEBUG aiur::gpu_trace: CPU trace: circuit lacks generated CUDA coverage circuit=132 rows=1097053
2026-09-16T21:38:50.121931Z DEBUG aiur::gpu_trace: CPU trace: circuit lacks generated CUDA coverage circuit=142 rows=317897
2026-09-16T21:38:50.159721Z DEBUG aiur/codegen_seeds{circuit=124 rows=61448}: aiur::trace_codegen::cuda: prepared generated CUDA trace circuit=124 rows=61448 width=98 seed_bytes=14213176 seed_spans=2
2026-09-16T21:38:50.167347Z DEBUG aiur::gpu_trace: CPU trace: circuit lacks generated CUDA coverage circuit=116 rows=822587
2026-09-16T21:38:50.993307Z DEBUG aiur::gpu_trace: CPU trace: circuit lacks generated CUDA coverage circuit=4 rows=6787
2026-09-16T21:38:50.993330Z DEBUG aiur::gpu_trace: CPU trace: circuit lacks generated CUDA coverage circuit=1 rows=26755
2026-09-16T21:38:50.993340Z DEBUG aiur::gpu_trace: CPU trace: circuit lacks generated CUDA coverage circuit=18 rows=22386
2026-09-16T21:38:50.993351Z DEBUG aiur::gpu_trace: CPU trace: circuit lacks generated CUDA coverage circuit=51 rows=24976
2026-09-16T21:38:50.993354Z DEBUG aiur::gpu_trace: CPU trace: circuit lacks generated CUDA coverage circuit=19 rows=59494
2026-09-16T21:38:50.993354Z DEBUG aiur::gpu_trace: CPU trace: circuit lacks generated CUDA coverage circuit=9 rows=47216
2026-09-16T21:38:50.993352Z DEBUG aiur::gpu_trace: CPU trace: circuit lacks generated CUDA coverage circuit=153 rows=1371
2026-09-16T21:38:50.993352Z DEBUG aiur::gpu_trace: CPU trace: circuit lacks generated CUDA coverage circuit=5 rows=377
2026-09-16T21:38:50.993355Z DEBUG aiur::gpu_trace: CPU trace: circuit lacks generated CUDA coverage circuit=76 rows=50726
2026-09-16T21:38:50.993352Z DEBUG aiur::gpu_trace: CPU trace: circuit lacks generated CUDA coverage circuit=31 rows=2660
2026-09-16T21:38:50.993732Z DEBUG aiur/codegen_seeds{circuit=63 rows=204}: aiur::trace_codegen::cuda: prepared generated CUDA trace circuit=63 rows=204 width=68 seed_bytes=42432 seed_spans=1
2026-09-16T21:38:50.993997Z DEBUG aiur::gpu_trace: CPU trace: circuit lacks generated CUDA coverage circuit=103 rows=253275
2026-09-16T21:38:50.994014Z DEBUG aiur::gpu_trace: CPU trace: circuit lacks generated CUDA coverage circuit=55 rows=6878
2026-09-16T21:38:50.994047Z DEBUG aiur::gpu_trace: CPU trace: circuit lacks generated CUDA coverage circuit=17 rows=21861
2026-09-16T21:38:50.994052Z DEBUG aiur::gpu_trace: CPU trace: circuit lacks generated CUDA coverage circuit=58 rows=8618
2026-09-16T21:38:50.994112Z DEBUG aiur::gpu_trace: CPU trace: circuit lacks generated CUDA coverage circuit=8 rows=32832
2026-09-16T21:38:50.994129Z DEBUG aiur::gpu_trace: CPU trace: circuit lacks generated CUDA coverage circuit=39 rows=156324
2026-09-16T21:38:50.994215Z DEBUG aiur/codegen_seeds{circuit=56 rows=305}: aiur::trace_codegen::cuda: prepared generated CUDA trace circuit=56 rows=305 width=49 seed_bytes=24400 seed_spans=1
2026-09-16T21:38:50.994285Z DEBUG aiur::gpu_trace: CPU trace: circuit lacks generated CUDA coverage circuit=27 rows=1842
2026-09-16T21:38:50.994290Z DEBUG aiur::gpu_trace: CPU trace: circuit lacks generated CUDA coverage circuit=60 rows=2232
2026-09-16T21:38:50.994320Z DEBUG aiur::gpu_trace: CPU trace: circuit lacks generated CUDA coverage circuit=35 rows=75579
2026-09-16T21:38:50.994869Z DEBUG aiur::gpu_trace: CPU trace: circuit lacks generated CUDA coverage circuit=181 rows=382628
2026-09-16T21:38:50.994976Z DEBUG aiur::gpu_trace: CPU trace: circuit lacks generated CUDA coverage circuit=133 rows=213403
2026-09-16T21:38:50.995043Z DEBUG aiur::gpu_trace: CPU trace: circuit lacks generated CUDA coverage circuit=82 rows=103437
2026-09-16T21:38:50.995107Z DEBUG aiur::gpu_trace: CPU trace: circuit lacks generated CUDA coverage circuit=67 rows=3174
2026-09-16T21:38:50.995237Z DEBUG aiur::gpu_trace: CPU trace: circuit lacks generated CUDA coverage circuit=72 rows=11118
2026-09-16T21:38:50.995321Z DEBUG aiur::gpu_trace: CPU trace: circuit lacks generated CUDA coverage circuit=92 rows=101982
2026-09-16T21:38:50.995375Z DEBUG aiur::gpu_trace: CPU trace: circuit lacks generated CUDA coverage circuit=143 rows=230042
2026-09-16T21:38:50.995472Z DEBUG aiur::gpu_trace: CPU trace: circuit lacks generated CUDA coverage circuit=159 rows=15915
2026-09-16T21:38:50.995510Z DEBUG aiur::gpu_trace: CPU trace: circuit lacks generated CUDA coverage circuit=80 rows=49596
2026-09-16T21:38:50.995644Z DEBUG aiur::gpu_trace: CPU trace: circuit lacks generated CUDA coverage circuit=28 rows=4945
2026-09-16T21:38:50.996145Z DEBUG aiur::gpu_trace: CPU trace: circuit lacks generated CUDA coverage circuit=61 rows=9034
2026-09-16T21:38:50.998510Z DEBUG aiur::gpu_trace: CPU trace: circuit lacks generated CUDA coverage circuit=32 rows=235824
2026-09-16T21:38:50.998738Z DEBUG aiur::gpu_trace: CPU trace: circuit lacks generated CUDA coverage circuit=154 rows=30934
2026-09-16T21:38:50.999222Z DEBUG aiur::gpu_trace: CPU trace: circuit lacks generated CUDA coverage circuit=53 rows=22398
2026-09-16T21:38:51.000146Z DEBUG aiur::gpu_trace: CPU trace: circuit lacks generated CUDA coverage circuit=155 rows=28359
2026-09-16T21:38:51.001715Z DEBUG aiur::gpu_trace: CPU trace: circuit lacks generated CUDA coverage circuit=78 rows=11710
2026-09-16T21:38:51.012957Z DEBUG aiur::gpu_trace: CPU trace: circuit lacks generated CUDA coverage circuit=73 rows=19604
2026-09-16T21:38:51.013761Z DEBUG aiur::gpu_trace: CPU trace: circuit lacks generated CUDA coverage circuit=96 rows=64465
2026-09-16T21:38:51.015531Z DEBUG aiur::gpu_trace: CPU trace: circuit lacks generated CUDA coverage circuit=62 rows=358
2026-09-16T21:38:51.015983Z DEBUG aiur::gpu_trace: CPU trace: circuit lacks generated CUDA coverage circuit=85 rows=1503
2026-09-16T21:38:51.019262Z DEBUG aiur::gpu_trace: CPU trace: circuit lacks generated CUDA coverage circuit=86 rows=6555
2026-09-16T21:38:51.020624Z DEBUG aiur::gpu_trace: CPU trace: circuit lacks generated CUDA coverage circuit=30 rows=20321
2026-09-16T21:38:51.021671Z DEBUG aiur::gpu_trace: CPU trace: circuit lacks generated CUDA coverage circuit=163 rows=137801
2026-09-16T21:38:51.029291Z DEBUG aiur::gpu_trace: CPU trace: circuit lacks generated CUDA coverage circuit=59 rows=98991
2026-09-16T21:38:51.031806Z DEBUG aiur::gpu_trace: CPU trace: circuit lacks generated CUDA coverage circuit=160 rows=16540
2026-09-16T21:38:51.042736Z DEBUG aiur/codegen_seeds{circuit=6 rows=28377}: aiur::trace_codegen::cuda: prepared generated CUDA trace circuit=6 rows=28377 width=63 seed_bytes=5236104 seed_spans=4
2026-09-16T21:38:51.043413Z DEBUG aiur::gpu_trace: CPU trace: circuit lacks generated CUDA coverage circuit=74 rows=188
2026-09-16T21:38:51.053634Z DEBUG aiur::gpu_trace: CPU trace: circuit lacks generated CUDA coverage circuit=146 rows=91414
2026-09-16T21:38:51.054238Z DEBUG aiur::gpu_trace: CPU trace: circuit lacks generated CUDA coverage circuit=98 rows=194729
2026-09-16T21:38:51.055537Z DEBUG aiur::gpu_trace: CPU trace: circuit lacks generated CUDA coverage circuit=97 rows=195012
2026-09-16T21:38:51.061791Z DEBUG aiur::gpu_trace: CPU trace: circuit lacks generated CUDA coverage circuit=83 rows=43731
2026-09-16T21:38:51.062606Z DEBUG aiur::gpu_trace: CPU trace: circuit lacks generated CUDA coverage circuit=48 rows=26035
2026-09-16T21:38:51.072308Z DEBUG aiur::gpu_trace: CPU trace: circuit lacks generated CUDA coverage circuit=49 rows=126383
2026-09-16T21:38:51.075159Z DEBUG aiur::gpu_trace: CPU trace: circuit lacks generated CUDA coverage circuit=100 rows=130928
2026-09-16T21:38:51.080127Z DEBUG aiur::gpu_trace: CPU trace: circuit lacks generated CUDA coverage circuit=99 rows=144762
2026-09-16T21:38:51.083468Z DEBUG aiur::gpu_trace: CPU trace: circuit lacks generated CUDA coverage circuit=93 rows=28376
2026-09-16T21:38:51.099947Z DEBUG aiur::gpu_trace: CPU trace: circuit lacks generated CUDA coverage circuit=149 rows=227570
2026-09-16T21:38:52.658877Z DEBUG aiur::gpu_trace: CPU trace: circuit lacks generated CUDA coverage circuit=79 rows=2
2026-09-16T21:38:52.659114Z DEBUG aiur::gpu_trace: CPU trace: circuit lacks generated CUDA coverage circuit=90 rows=75467
2026-09-16T21:38:52.660124Z DEBUG aiur::gpu_trace: CPU trace: circuit lacks generated CUDA coverage circuit=117 rows=12699666
2026-09-16T21:38:52.660283Z DEBUG aiur::gpu_trace: CPU trace: circuit lacks generated CUDA coverage circuit=75 rows=33
2026-09-16T21:38:52.661278Z DEBUG aiur::gpu_trace: CPU trace: circuit lacks generated CUDA coverage circuit=176 rows=1
2026-09-16T21:38:52.749918Z DEBUG aiur/codegen_seeds{circuit=16 rows=1048576}: aiur::trace_codegen::cuda: prepared generated CUDA trace circuit=16 rows=1048576 width=533 seed_bytes=184549376 seed_spans=16
2026-09-16T21:38:54.028075Z DEBUG aiur::gpu_trace: CPU trace: circuit lacks generated CUDA coverage circuit=7 rows=13162
2026-09-16T21:38:54.028082Z DEBUG aiur::gpu_trace: CPU trace: circuit lacks generated CUDA coverage circuit=3 rows=7
2026-09-16T21:38:54.029070Z DEBUG aiur::gpu_trace: CPU trace: circuit lacks generated CUDA coverage circuit=129 rows=339422
2026-09-16T21:38:54.029248Z DEBUG aiur::gpu_trace: CPU trace: circuit lacks generated CUDA coverage circuit=64 rows=99
2026-09-16T21:38:54.029513Z DEBUG aiur::gpu_trace: CPU trace: circuit lacks generated CUDA coverage circuit=136 rows=31882
2026-09-16T21:38:54.030766Z DEBUG aiur::gpu_trace: CPU trace: circuit lacks generated CUDA coverage circuit=91 rows=5100597
2026-09-16T21:38:54.031212Z DEBUG aiur::gpu_trace: CPU trace: circuit lacks generated CUDA coverage circuit=57 rows=304
2026-09-16T21:38:54.112308Z DEBUG aiur/codegen_seeds{circuit=16 rows=1048576}: aiur::trace_codegen::cuda: prepared generated CUDA trace circuit=16 rows=1048576 width=533 seed_bytes=184549376 seed_spans=16
2026-09-16T21:38:56.772078Z DEBUG aiur::gpu_trace: CPU trace: circuit lacks generated CUDA coverage circuit=12 rows=16777216
2026-09-16T21:38:56.772449Z DEBUG aiur::gpu_trace: CPU trace: circuit lacks generated CUDA coverage circuit=26 rows=19
2026-09-16T21:38:56.772869Z DEBUG aiur::gpu_trace: CPU trace: circuit lacks generated CUDA coverage circuit=77 rows=15
2026-09-16T21:38:56.773761Z DEBUG aiur::gpu_trace: CPU trace: circuit lacks generated CUDA coverage circuit=150 rows=1145750
2026-09-16T21:38:56.774137Z DEBUG aiur::gpu_trace: CPU trace: circuit lacks generated CUDA coverage circuit=22 rows=31
2026-09-16T21:38:56.855490Z DEBUG aiur/codegen_seeds{circuit=16 rows=1048576}: aiur::trace_codegen::cuda: prepared generated CUDA trace circuit=16 rows=1048576 width=533 seed_bytes=184549376 seed_spans=16
2026-09-16T21:38:59.723385Z DEBUG aiur::gpu_trace: CPU trace: circuit lacks generated CUDA coverage circuit=12 rows=11961305
2026-09-16T21:38:59.724129Z DEBUG aiur::gpu_trace: CPU trace: circuit lacks generated CUDA coverage circuit=68 rows=16
2026-09-16T21:38:59.725696Z DEBUG aiur::gpu_trace: CPU trace: circuit lacks generated CUDA coverage circuit=94 rows=15788
2026-09-16T21:38:59.725799Z DEBUG aiur::gpu_trace: CPU trace: circuit lacks generated CUDA coverage circuit=158 rows=8712
2026-09-16T21:38:59.726164Z DEBUG aiur::gpu_trace: CPU trace: circuit lacks generated CUDA coverage circuit=126 rows=446516
2026-09-16T21:38:59.790865Z DEBUG aiur/codegen_seeds{circuit=16 rows=905944}: aiur::trace_codegen::cuda: prepared generated CUDA trace circuit=16 rows=905944 width=533 seed_bytes=159446144 seed_spans=14
2026-09-16T21:39:02.561970Z DEBUG aiur::gpu_trace: CPU trace: circuit lacks generated CUDA coverage circuit=69 rows=16
2026-09-16T21:39:02.561971Z DEBUG aiur::gpu_trace: CPU trace: circuit lacks generated CUDA coverage circuit=38 rows=4629033
2026-09-16T21:39:02.562635Z DEBUG aiur::gpu_trace: CPU trace: circuit lacks generated CUDA coverage circuit=70 rows=16
2026-09-16T21:39:02.562701Z DEBUG aiur::gpu_trace: CPU trace: circuit lacks generated CUDA coverage circuit=42 rows=6586741
2026-09-16T21:39:02.563181Z DEBUG aiur::gpu_trace: CPU trace: circuit lacks generated CUDA coverage circuit=71 rows=16
2026-09-16T21:39:02.563306Z DEBUG aiur::gpu_trace: CPU trace: circuit lacks generated CUDA coverage circuit=47 rows=362339
2026-09-16T21:39:02.564838Z DEBUG aiur::gpu_trace: CPU trace: circuit lacks generated CUDA coverage circuit=87 rows=12
2026-09-16T21:39:02.564977Z DEBUG aiur::gpu_trace: CPU trace: circuit lacks generated CUDA coverage circuit=119 rows=9771112
2026-09-16T21:39:05.445218Z DEBUG aiur::gpu_trace: CPU trace: circuit lacks generated CUDA coverage circuit=107 rows=5046546
2026-09-16T21:39:05.445849Z DEBUG aiur::gpu_trace: CPU trace: circuit lacks generated CUDA coverage circuit=170 rows=15815678
2026-09-16T21:39:05.446367Z DEBUG aiur::gpu_trace: CPU trace: circuit lacks generated CUDA coverage circuit=36 rows=6609473
2026-09-16T21:39:05.446921Z DEBUG aiur::gpu_trace: CPU trace: circuit lacks generated CUDA coverage circuit=138 rows=713933
2026-09-16T21:39:05.446987Z DEBUG aiur::gpu_trace: CPU trace: circuit lacks generated CUDA coverage circuit=101 rows=5539615
2026-09-16T21:39:05.447272Z DEBUG aiur::gpu_trace: CPU trace: circuit lacks generated CUDA coverage circuit=177 rows=6293918
2026-09-16T21:39:09.028138Z DEBUG aiur::gpu_trace: CPU trace: circuit lacks generated CUDA coverage circuit=106 rows=5236793
2026-09-16T21:39:09.028748Z DEBUG aiur::gpu_trace: CPU trace: circuit lacks generated CUDA coverage circuit=33 rows=6140427
2026-09-16T21:39:09.029337Z DEBUG aiur::gpu_trace: CPU trace: circuit lacks generated CUDA coverage circuit=112 rows=3351648
2026-09-16T21:39:09.029664Z DEBUG aiur::gpu_trace: CPU trace: circuit lacks generated CUDA coverage circuit=145 rows=257178
2026-09-16T21:39:09.030931Z DEBUG aiur::gpu_trace: CPU trace: circuit lacks generated CUDA coverage circuit=162 rows=2173375
2026-09-16T21:39:09.031241Z DEBUG aiur::gpu_trace: CPU trace: circuit lacks generated CUDA coverage circuit=178 rows=4406516
2026-09-16T21:39:09.083901Z DEBUG aiur/codegen_seeds{circuit=102 rows=1233322}: aiur::trace_codegen::cuda: prepared generated CUDA trace circuit=102 rows=1233322 width=43 seed_bytes=49332880 seed_spans=19
2026-09-16T21:39:12.213939Z DEBUG aiur::gpu_trace: CPU trace: circuit lacks generated CUDA coverage circuit=120 rows=2332114
2026-09-16T21:39:12.214550Z DEBUG aiur::gpu_trace: CPU trace: circuit lacks generated CUDA coverage circuit=13 rows=400257
2026-09-16T21:39:12.214762Z DEBUG aiur::gpu_trace: CPU trace: circuit lacks generated CUDA coverage circuit=24 rows=908138
2026-09-16T21:39:12.215266Z DEBUG aiur::gpu_trace: CPU trace: circuit lacks generated CUDA coverage circuit=40 rows=110945
2026-09-16T21:39:12.215283Z DEBUG aiur::gpu_trace: CPU trace: circuit lacks generated CUDA coverage circuit=20 rows=854779
2026-09-16T21:39:12.216399Z DEBUG aiur::gpu_trace: CPU trace: circuit lacks generated CUDA coverage circuit=167 rows=1873085
2026-09-16T21:39:12.217026Z DEBUG aiur::gpu_trace: CPU trace: circuit lacks generated CUDA coverage circuit=183 rows=7272697
2026-09-16T21:39:12.221115Z DEBUG aiur::gpu_trace: CPU trace: circuit lacks generated CUDA coverage circuit=168 rows=1399631
2026-09-16T21:39:12.377839Z DEBUG aiur/codegen_seeds{circuit=15 rows=425142}: aiur::trace_codegen::cuda: prepared generated CUDA trace circuit=15 rows=425142 width=177 seed_bytes=173457936 seed_spans=11
2026-09-16T21:39:15.847114Z DEBUG aiur::gpu_trace: CPU trace: circuit lacks generated CUDA coverage circuit=34 rows=1152953
2026-09-16T21:39:15.847120Z DEBUG aiur::gpu_trace: CPU trace: circuit lacks generated CUDA coverage circuit=179 rows=2959760
2026-09-16T21:39:15.847119Z DEBUG aiur::gpu_trace: CPU trace: circuit lacks generated CUDA coverage circuit=166 rows=1607107
2026-09-16T21:39:15.848050Z DEBUG aiur::gpu_trace: CPU trace: circuit lacks generated CUDA coverage circuit=37 rows=1081649
2026-09-16T21:39:15.848203Z DEBUG aiur::gpu_trace: CPU trace: circuit lacks generated CUDA coverage circuit=134 rows=239238
2026-09-16T21:39:15.848818Z DEBUG aiur::gpu_trace: CPU trace: circuit lacks generated CUDA coverage circuit=111 rows=3555642
2026-09-16T21:39:15.848878Z DEBUG aiur::gpu_trace: CPU trace: circuit lacks generated CUDA coverage circuit=44 rows=384342
2026-09-16T21:39:15.848904Z DEBUG aiur::gpu_trace: CPU trace: circuit lacks generated CUDA coverage circuit=54 rows=3372270
2026-09-16T21:39:15.848956Z DEBUG aiur::gpu_trace: CPU trace: circuit lacks generated CUDA coverage circuit=135 rows=3998
2026-09-16T21:39:15.849325Z DEBUG aiur::gpu_trace: CPU trace: circuit lacks generated CUDA coverage circuit=110 rows=1209604
2026-09-16T21:39:15.849781Z DEBUG aiur::gpu_trace: CPU trace: circuit lacks generated CUDA coverage circuit=45 rows=1507309
2026-09-16T21:39:15.849807Z DEBUG aiur::gpu_trace: CPU trace: circuit lacks generated CUDA coverage circuit=113 rows=1097921
2026-09-16T21:39:15.849874Z DEBUG aiur::gpu_trace: CPU trace: circuit lacks generated CUDA coverage circuit=118 rows=3297187
2026-09-16T21:39:15.849875Z DEBUG aiur::gpu_trace: CPU trace: circuit lacks generated CUDA coverage circuit=50 rows=3316
2026-09-16T21:39:15.849902Z DEBUG aiur::gpu_trace: CPU trace: circuit lacks generated CUDA coverage circuit=122 rows=1662709
2026-09-16T21:39:15.850282Z DEBUG aiur::gpu_trace: CPU trace: circuit lacks generated CUDA coverage circuit=180 rows=3622920
2026-09-16T21:39:15.850416Z DEBUG aiur::gpu_trace: CPU trace: circuit lacks generated CUDA coverage circuit=88 rows=2419252
2026-09-16T21:39:20.114457Z DEBUG aiur::gpu_trace: CPU trace: circuit lacks generated CUDA coverage circuit=0 rows=136036
2026-09-16T21:39:20.114466Z DEBUG aiur::gpu_trace: CPU trace: circuit lacks generated CUDA coverage circuit=25 rows=68380
2026-09-16T21:39:20.114466Z DEBUG aiur::gpu_trace: CPU trace: circuit lacks generated CUDA coverage circuit=127 rows=436663
2026-09-16T21:39:20.114466Z DEBUG aiur::gpu_trace: CPU trace: circuit lacks generated CUDA coverage circuit=114 rows=431091
2026-09-16T21:39:20.114746Z DEBUG aiur::gpu_trace: CPU trace: circuit lacks generated CUDA coverage circuit=2 rows=186190
2026-09-16T21:39:20.114891Z DEBUG aiur::gpu_trace: CPU trace: circuit lacks generated CUDA coverage circuit=52 rows=153516
2026-09-16T21:39:20.114915Z DEBUG aiur::gpu_trace: CPU trace: circuit lacks generated CUDA coverage circuit=10 rows=36458
2026-09-16T21:39:20.115123Z DEBUG aiur::gpu_trace: CPU trace: circuit lacks generated CUDA coverage circuit=89 rows=99720
2026-09-16T21:39:20.115140Z DEBUG aiur::gpu_trace: CPU trace: circuit lacks generated CUDA coverage circuit=156 rows=227970
2026-09-16T21:39:20.115159Z DEBUG aiur::gpu_trace: CPU trace: circuit lacks generated CUDA coverage circuit=14 rows=1101513
2026-09-16T21:39:20.115174Z DEBUG aiur::gpu_trace: CPU trace: circuit lacks generated CUDA coverage circuit=104 rows=179314
2026-09-16T21:39:20.115283Z DEBUG aiur::gpu_trace: CPU trace: circuit lacks generated CUDA coverage circuit=95 rows=24713
2026-09-16T21:39:20.115344Z DEBUG aiur::gpu_trace: CPU trace: circuit lacks generated CUDA coverage circuit=23 rows=83894
2026-09-16T21:39:20.115473Z DEBUG aiur::gpu_trace: CPU trace: circuit lacks generated CUDA coverage circuit=81 rows=111119
2026-09-16T21:39:20.115765Z DEBUG aiur::gpu_trace: CPU trace: circuit lacks generated CUDA coverage circuit=137 rows=227483
2026-09-16T21:39:20.123588Z DEBUG aiur::gpu_trace: CPU trace: circuit lacks generated CUDA coverage circuit=121 rows=438926
2026-09-16T21:39:20.123703Z DEBUG aiur::gpu_trace: CPU trace: circuit lacks generated CUDA coverage circuit=108 rows=530178
2026-09-16T21:39:20.191547Z DEBUG aiur::gpu_trace: CPU trace: circuit lacks generated CUDA coverage circuit=105 rows=444844
2026-09-16T21:39:20.263059Z DEBUG aiur::gpu_trace: CPU trace: circuit lacks generated CUDA coverage circuit=11 rows=169166
2026-09-16T21:39:20.296361Z DEBUG aiur/codegen_seeds{circuit=140 rows=474228}: aiur::trace_codegen::cuda: prepared generated CUDA trace circuit=140 rows=474228 width=25 seed_bytes=17111760 seed_spans=8
2026-09-16T21:39:20.296400Z DEBUG aiur::gpu_trace: CPU trace: circuit lacks generated CUDA coverage circuit=141 rows=266407
2026-09-16T21:39:20.296747Z DEBUG aiur::gpu_trace: CPU trace: circuit lacks generated CUDA coverage circuit=147 rows=226531
2026-09-16T21:39:20.299198Z DEBUG aiur::gpu_trace: CPU trace: circuit lacks generated CUDA coverage circuit=139 rows=217573
2026-09-16T21:39:20.304983Z DEBUG aiur::gpu_trace: CPU trace: circuit lacks generated CUDA coverage circuit=144 rows=230199
2026-09-16T21:39:20.369487Z DEBUG aiur::gpu_trace: CPU trace: circuit lacks generated CUDA coverage circuit=65 rows=94436
2026-09-16T21:39:20.382787Z DEBUG aiur::gpu_trace: CPU trace: circuit lacks generated CUDA coverage circuit=130 rows=235475
2026-09-16T21:39:20.404441Z DEBUG aiur::gpu_trace: CPU trace: circuit lacks generated CUDA coverage circuit=123 rows=226134
2026-09-16T21:39:20.408680Z DEBUG aiur::gpu_trace: CPU trace: circuit lacks generated CUDA coverage circuit=131 rows=391965
2026-09-16T21:39:20.422855Z DEBUG aiur::gpu_trace: CPU trace: circuit lacks generated CUDA coverage circuit=151 rows=800138
2026-09-16T21:39:20.458606Z DEBUG aiur::gpu_trace: CPU trace: circuit lacks generated CUDA coverage circuit=148 rows=257365
2026-09-16T21:39:20.476928Z DEBUG aiur::gpu_trace: CPU trace: circuit lacks generated CUDA coverage circuit=41 rows=415072
2026-09-16T21:39:20.483770Z DEBUG aiur::gpu_trace: CPU trace: circuit lacks generated CUDA coverage circuit=142 rows=317897
2026-09-16T21:39:20.485906Z DEBUG aiur::gpu_trace: CPU trace: circuit lacks generated CUDA coverage circuit=128 rows=230802
2026-09-16T21:39:20.489312Z DEBUG aiur::gpu_trace: CPU trace: circuit lacks generated CUDA coverage circuit=46 rows=165428
2026-09-16T21:39:20.515982Z DEBUG aiur::gpu_trace: CPU trace: circuit lacks generated CUDA coverage circuit=115 rows=1339296
2026-09-16T21:39:20.530429Z DEBUG aiur::gpu_trace: CPU trace: circuit lacks generated CUDA coverage circuit=157 rows=237378
2026-09-16T21:39:20.544588Z DEBUG aiur::gpu_trace: CPU trace: circuit lacks generated CUDA coverage circuit=66 rows=753
2026-09-16T21:39:20.546323Z DEBUG aiur::gpu_trace: CPU trace: circuit lacks generated CUDA coverage circuit=116 rows=822587
2026-09-16T21:39:20.572605Z DEBUG aiur::gpu_trace: CPU trace: circuit lacks generated CUDA coverage circuit=182 rows=460244
2026-09-16T21:39:20.583576Z DEBUG aiur::gpu_trace: CPU trace: circuit lacks generated CUDA coverage circuit=43 rows=65569
2026-09-16T21:39:20.623884Z DEBUG aiur::gpu_trace: CPU trace: circuit lacks generated CUDA coverage circuit=125 rows=532278
2026-09-16T21:39:20.692996Z DEBUG aiur::gpu_trace: CPU trace: circuit lacks generated CUDA coverage circuit=132 rows=1097053
2026-09-16T21:39:20.750766Z DEBUG aiur/codegen_seeds{circuit=124 rows=61448}: aiur::trace_codegen::cuda: prepared generated CUDA trace circuit=124 rows=61448 width=98 seed_bytes=14213176 seed_spans=2
2026-09-16T21:39:20.814772Z DEBUG aiur::gpu_trace: CPU trace: circuit lacks generated CUDA coverage circuit=184 rows=258488
2026-09-16T21:39:20.827383Z DEBUG aiur::gpu_trace: CPU trace: circuit lacks generated CUDA coverage circuit=109 rows=1713363
2026-09-16T21:39:20.842662Z DEBUG aiur::gpu_trace: CPU trace: circuit lacks generated CUDA coverage circuit=161 rows=189170
2026-09-16T21:39:20.882401Z DEBUG aiur::gpu_trace: CPU trace: circuit lacks generated CUDA coverage circuit=152 rows=665982
2026-09-16T21:39:20.919008Z DEBUG aiur::gpu_trace: CPU trace: circuit lacks generated CUDA coverage circuit=169 rows=1313302
2026-09-16T21:39:20.941917Z DEBUG aiur::gpu_trace: CPU trace: circuit lacks generated CUDA coverage circuit=164 rows=780872
2026-09-16T21:39:23.620669Z DEBUG aiur::gpu_trace: CPU trace: circuit lacks generated CUDA coverage circuit=1 rows=26755
2026-09-16T21:39:23.620710Z DEBUG aiur::gpu_trace: CPU trace: circuit lacks generated CUDA coverage circuit=28 rows=4945
2026-09-16T21:39:23.620717Z DEBUG aiur::gpu_trace: CPU trace: circuit lacks generated CUDA coverage circuit=133 rows=213403
2026-09-16T21:39:23.620720Z DEBUG aiur::gpu_trace: CPU trace: circuit lacks generated CUDA coverage circuit=31 rows=2660
2026-09-16T21:39:23.620726Z DEBUG aiur::gpu_trace: CPU trace: circuit lacks generated CUDA coverage circuit=19 rows=59494
2026-09-16T21:39:23.620721Z DEBUG aiur::gpu_trace: CPU trace: circuit lacks generated CUDA coverage circuit=51 rows=24976
2026-09-16T21:39:23.620710Z DEBUG aiur::gpu_trace: CPU trace: circuit lacks generated CUDA coverage circuit=153 rows=1371
2026-09-16T21:39:23.620722Z DEBUG aiur::gpu_trace: CPU trace: circuit lacks generated CUDA coverage circuit=18 rows=22386
2026-09-16T21:39:23.620726Z DEBUG aiur::gpu_trace: CPU trace: circuit lacks generated CUDA coverage circuit=103 rows=253275
2026-09-16T21:39:23.620830Z DEBUG aiur::gpu_trace: CPU trace: circuit lacks generated CUDA coverage circuit=17 rows=21861
2026-09-16T21:39:23.620983Z DEBUG aiur::gpu_trace: CPU trace: circuit lacks generated CUDA coverage circuit=76 rows=50726
2026-09-16T21:39:23.621205Z DEBUG aiur::gpu_trace: CPU trace: circuit lacks generated CUDA coverage circuit=39 rows=156324
2026-09-16T21:39:23.621222Z DEBUG aiur::gpu_trace: CPU trace: circuit lacks generated CUDA coverage circuit=4 rows=6787
2026-09-16T21:39:23.621398Z DEBUG aiur::gpu_trace: CPU trace: circuit lacks generated CUDA coverage circuit=35 rows=75579
2026-09-16T21:39:23.621695Z DEBUG aiur::gpu_trace: CPU trace: circuit lacks generated CUDA coverage circuit=181 rows=382628
2026-09-16T21:39:23.621922Z DEBUG aiur::gpu_trace: CPU trace: circuit lacks generated CUDA coverage circuit=82 rows=103437
2026-09-16T21:39:23.621974Z DEBUG aiur::gpu_trace: CPU trace: circuit lacks generated CUDA coverage circuit=5 rows=377
2026-09-16T21:39:23.622022Z DEBUG aiur::gpu_trace: CPU trace: circuit lacks generated CUDA coverage circuit=146 rows=91414
2026-09-16T21:39:23.622035Z DEBUG aiur::gpu_trace: CPU trace: circuit lacks generated CUDA coverage circuit=143 rows=230042
2026-09-16T21:39:23.622169Z DEBUG aiur::gpu_trace: CPU trace: circuit lacks generated CUDA coverage circuit=85 rows=1503
2026-09-16T21:39:23.622274Z DEBUG aiur::gpu_trace: CPU trace: circuit lacks generated CUDA coverage circuit=27 rows=1842
2026-09-16T21:39:23.622295Z DEBUG aiur::gpu_trace: CPU trace: circuit lacks generated CUDA coverage circuit=80 rows=49596
2026-09-16T21:39:23.622360Z DEBUG aiur::gpu_trace: CPU trace: circuit lacks generated CUDA coverage circuit=83 rows=43731
2026-09-16T21:39:23.622375Z DEBUG aiur::gpu_trace: CPU trace: circuit lacks generated CUDA coverage circuit=48 rows=26035
2026-09-16T21:39:23.622370Z DEBUG aiur/codegen_seeds{circuit=63 rows=204}: aiur::trace_codegen::cuda: prepared generated CUDA trace circuit=63 rows=204 width=68 seed_bytes=42432 seed_spans=1
2026-09-16T21:39:23.622457Z DEBUG aiur::gpu_trace: CPU trace: circuit lacks generated CUDA coverage circuit=92 rows=101982
2026-09-16T21:39:23.622492Z DEBUG aiur::gpu_trace: CPU trace: circuit lacks generated CUDA coverage circuit=9 rows=47216
2026-09-16T21:39:23.622550Z DEBUG aiur::gpu_trace: CPU trace: circuit lacks generated CUDA coverage circuit=67 rows=3174
2026-09-16T21:39:23.625163Z DEBUG aiur::gpu_trace: CPU trace: circuit lacks generated CUDA coverage circuit=96 rows=64465
2026-09-16T21:39:23.625608Z DEBUG aiur::gpu_trace: CPU trace: circuit lacks generated CUDA coverage circuit=86 rows=6555
2026-09-16T21:39:23.625787Z DEBUG aiur::gpu_trace: CPU trace: circuit lacks generated CUDA coverage circuit=32 rows=235824
2026-09-16T21:39:23.626851Z DEBUG aiur::gpu_trace: CPU trace: circuit lacks generated CUDA coverage circuit=154 rows=30934
2026-09-16T21:39:23.626895Z DEBUG aiur::gpu_trace: CPU trace: circuit lacks generated CUDA coverage circuit=159 rows=15915
2026-09-16T21:39:23.627951Z DEBUG aiur::gpu_trace: CPU trace: circuit lacks generated CUDA coverage circuit=78 rows=11710
2026-09-16T21:39:23.629465Z DEBUG aiur::gpu_trace: CPU trace: circuit lacks generated CUDA coverage circuit=163 rows=137801
2026-09-16T21:39:23.637755Z DEBUG aiur::gpu_trace: CPU trace: circuit lacks generated CUDA coverage circuit=49 rows=126383
2026-09-16T21:39:23.639499Z DEBUG aiur::gpu_trace: CPU trace: circuit lacks generated CUDA coverage circuit=30 rows=20321
2026-09-16T21:39:23.643794Z DEBUG aiur::gpu_trace: CPU trace: circuit lacks generated CUDA coverage circuit=93 rows=28376
2026-09-16T21:39:23.646276Z DEBUG aiur::gpu_trace: CPU trace: circuit lacks generated CUDA coverage circuit=98 rows=194729
2026-09-16T21:39:23.649206Z DEBUG aiur::gpu_trace: CPU trace: circuit lacks generated CUDA coverage circuit=155 rows=28359
2026-09-16T21:39:23.652969Z DEBUG aiur::gpu_trace: CPU trace: circuit lacks generated CUDA coverage circuit=72 rows=11118
2026-09-16T21:39:23.661805Z DEBUG aiur/codegen_seeds{circuit=6 rows=28377}: aiur::trace_codegen::cuda: prepared generated CUDA trace circuit=6 rows=28377 width=63 seed_bytes=5236104 seed_spans=4
2026-09-16T21:39:23.661879Z DEBUG aiur::gpu_trace: CPU trace: circuit lacks generated CUDA coverage circuit=8 rows=32832
2026-09-16T21:39:23.663396Z DEBUG aiur::gpu_trace: CPU trace: circuit lacks generated CUDA coverage circuit=73 rows=19604
2026-09-16T21:39:23.669528Z DEBUG aiur::gpu_trace: CPU trace: circuit lacks generated CUDA coverage circuit=97 rows=195012
2026-09-16T21:39:23.669643Z DEBUG aiur::gpu_trace: CPU trace: circuit lacks generated CUDA coverage circuit=58 rows=8618
2026-09-16T21:39:23.680376Z DEBUG aiur::gpu_trace: CPU trace: circuit lacks generated CUDA coverage circuit=160 rows=16540
2026-09-16T21:39:23.685214Z DEBUG aiur::gpu_trace: CPU trace: circuit lacks generated CUDA coverage circuit=100 rows=130928
2026-09-16T21:39:23.690581Z DEBUG aiur::gpu_trace: CPU trace: circuit lacks generated CUDA coverage circuit=59 rows=98991
2026-09-16T21:39:23.695618Z DEBUG aiur::gpu_trace: CPU trace: circuit lacks generated CUDA coverage circuit=74 rows=188
2026-09-16T21:39:23.696259Z DEBUG aiur::gpu_trace: CPU trace: circuit lacks generated CUDA coverage circuit=60 rows=2232
2026-09-16T21:39:23.696609Z DEBUG aiur::gpu_trace: CPU trace: circuit lacks generated CUDA coverage circuit=61 rows=9034
2026-09-16T21:39:23.702885Z DEBUG aiur::gpu_trace: CPU trace: circuit lacks generated CUDA coverage circuit=62 rows=358
2026-09-16T21:39:23.714064Z DEBUG aiur::gpu_trace: CPU trace: circuit lacks generated CUDA coverage circuit=99 rows=144762
2026-09-16T21:39:23.715975Z DEBUG aiur::gpu_trace: CPU trace: circuit lacks generated CUDA coverage circuit=55 rows=6878
2026-09-16T21:39:23.728913Z DEBUG aiur/codegen_seeds{circuit=56 rows=305}: aiur::trace_codegen::cuda: prepared generated CUDA trace circuit=56 rows=305 width=49 seed_bytes=24400 seed_spans=1
2026-09-16T21:39:23.755120Z DEBUG aiur::gpu_trace: CPU trace: circuit lacks generated CUDA coverage circuit=149 rows=227570
2026-09-16T21:39:23.777263Z DEBUG aiur::gpu_trace: CPU trace: circuit lacks generated CUDA coverage circuit=53 rows=22398
[lanes] worker 0: claim 0 proven at +162s (3 left)
[lanes] worker 0: claim 1 proving started at +162s
2026-09-16T21:39:28.356917Z DEBUG aiur::gpu_trace: CPU trace: circuit lacks generated CUDA coverage circuit=117 rows=13240533
2026-09-16T21:39:28.356917Z DEBUG aiur::gpu_trace: CPU trace: circuit lacks generated CUDA coverage circuit=57 rows=140
2026-09-16T21:39:28.357499Z DEBUG aiur::gpu_trace: CPU trace: circuit lacks generated CUDA coverage circuit=75 rows=8
2026-09-16T21:39:28.357926Z DEBUG aiur::gpu_trace: CPU trace: circuit lacks generated CUDA coverage circuit=90 rows=88084
2026-09-16T21:39:28.359321Z DEBUG aiur::gpu_trace: CPU trace: circuit lacks generated CUDA coverage circuit=176 rows=1
2026-09-16T21:39:28.429691Z DEBUG aiur/codegen_seeds{circuit=16 rows=1048576}: aiur::trace_codegen::cuda: prepared generated CUDA trace circuit=16 rows=1048576 width=533 seed_bytes=184549376 seed_spans=16
2026-09-16T21:39:29.765331Z DEBUG aiur::gpu_trace: CPU trace: circuit lacks generated CUDA coverage circuit=77 rows=2
2026-09-16T21:39:29.765372Z DEBUG aiur::gpu_trace: CPU trace: circuit lacks generated CUDA coverage circuit=27 rows=2358
2026-09-16T21:39:29.766112Z DEBUG aiur::gpu_trace: CPU trace: circuit lacks generated CUDA coverage circuit=62 rows=258
2026-09-16T21:39:29.766412Z DEBUG aiur::gpu_trace: CPU trace: circuit lacks generated CUDA coverage circuit=156 rows=304394
2026-09-16T21:39:29.767055Z DEBUG aiur::gpu_trace: CPU trace: circuit lacks generated CUDA coverage circuit=22 rows=30
2026-09-16T21:39:29.767678Z DEBUG aiur::gpu_trace: CPU trace: circuit lacks generated CUDA coverage circuit=91 rows=4960939
2026-09-16T21:39:29.855104Z DEBUG aiur/codegen_seeds{circuit=16 rows=1048576}: aiur::trace_codegen::cuda: prepared generated CUDA trace circuit=16 rows=1048576 width=533 seed_bytes=184549376 seed_spans=16
2026-09-16T21:39:30.794247Z DEBUG aiur::gpu_trace: CPU trace: circuit lacks generated CUDA coverage circuit=69 rows=15
2026-09-16T21:39:30.794247Z DEBUG aiur::gpu_trace: CPU trace: circuit lacks generated CUDA coverage circuit=64 rows=60
2026-09-16T21:39:30.794282Z DEBUG aiur::gpu_trace: CPU trace: circuit lacks generated CUDA coverage circuit=12 rows=16777216
2026-09-16T21:39:30.794530Z DEBUG aiur::gpu_trace: CPU trace: circuit lacks generated CUDA coverage circuit=68 rows=16
2026-09-16T21:39:30.794655Z DEBUG aiur::gpu_trace: CPU trace: circuit lacks generated CUDA coverage circuit=70 rows=16
2026-09-16T21:39:30.794835Z DEBUG aiur::gpu_trace: CPU trace: circuit lacks generated CUDA coverage circuit=26 rows=6
2026-09-16T21:39:30.795306Z DEBUG aiur::gpu_trace: CPU trace: circuit lacks generated CUDA coverage circuit=71 rows=16
2026-09-16T21:39:30.796336Z DEBUG aiur::gpu_trace: CPU trace: circuit lacks generated CUDA coverage circuit=34 rows=1016406
2026-09-16T21:39:30.916611Z DEBUG aiur/codegen_seeds{circuit=16 rows=1048576}: aiur::trace_codegen::cuda: prepared generated CUDA trace circuit=16 rows=1048576 width=533 seed_bytes=184549376 seed_spans=16
2026-09-16T21:39:32.568386Z DEBUG aiur::gpu_trace: CPU trace: circuit lacks generated CUDA coverage circuit=38 rows=4375748
2026-09-16T21:39:32.568405Z DEBUG aiur::gpu_trace: CPU trace: circuit lacks generated CUDA coverage circuit=3 rows=19
2026-09-16T21:39:32.569216Z DEBUG aiur::gpu_trace: CPU trace: circuit lacks generated CUDA coverage circuit=42 rows=6466839
2026-09-16T21:39:32.569339Z DEBUG aiur::gpu_trace: CPU trace: circuit lacks generated CUDA coverage circuit=47 rows=296840
2026-09-16T21:39:32.571285Z DEBUG aiur::gpu_trace: CPU trace: circuit lacks generated CUDA coverage circuit=87 rows=2
2026-09-16T21:39:32.571307Z DEBUG aiur::gpu_trace: CPU trace: circuit lacks generated CUDA coverage circuit=119 rows=10189848
2026-09-16T21:39:34.140182Z DEBUG aiur::gpu_trace: CPU trace: circuit lacks generated CUDA coverage circuit=28 rows=3052
2026-09-16T21:39:34.140198Z DEBUG aiur::gpu_trace: CPU trace: circuit lacks generated CUDA coverage circuit=9 rows=46085
2026-09-16T21:39:34.140184Z DEBUG aiur::gpu_trace: CPU trace: circuit lacks generated CUDA coverage circuit=12 rows=8603438
2026-09-16T21:39:34.141756Z DEBUG aiur::gpu_trace: CPU trace: circuit lacks generated CUDA coverage circuit=179 rows=2858316
2026-09-16T21:39:34.142132Z DEBUG aiur::gpu_trace: CPU trace: circuit lacks generated CUDA coverage circuit=60 rows=150
2026-09-16T21:39:34.142201Z DEBUG aiur::gpu_trace: CPU trace: circuit lacks generated CUDA coverage circuit=112 rows=5516647
2026-09-16T21:39:34.230098Z DEBUG aiur/codegen_seeds{circuit=16 rows=452160}: aiur::trace_codegen::cuda: prepared generated CUDA trace circuit=16 rows=452160 width=533 seed_bytes=79580160 seed_spans=7
2026-09-16T21:39:35.488276Z DEBUG aiur::gpu_trace: CPU trace: circuit lacks generated CUDA coverage circuit=170 rows=10085609
2026-09-16T21:39:35.488299Z DEBUG aiur::gpu_trace: CPU trace: circuit lacks generated CUDA coverage circuit=36 rows=6487894
2026-09-16T21:39:35.488515Z DEBUG aiur::gpu_trace: CPU trace: circuit lacks generated CUDA coverage circuit=107 rows=7498195
2026-09-16T21:39:35.489187Z DEBUG aiur::gpu_trace: CPU trace: circuit lacks generated CUDA coverage circuit=89 rows=108199
2026-09-16T21:39:35.489441Z DEBUG aiur::gpu_trace: CPU trace: circuit lacks generated CUDA coverage circuit=111 rows=5757201
2026-09-16T21:39:35.489650Z DEBUG aiur::gpu_trace: CPU trace: circuit lacks generated CUDA coverage circuit=101 rows=6786968
2026-09-16T21:39:37.000641Z DEBUG aiur::gpu_trace: CPU trace: circuit lacks generated CUDA coverage circuit=153 rows=1233
2026-09-16T21:39:37.002040Z DEBUG aiur::gpu_trace: CPU trace: circuit lacks generated CUDA coverage circuit=74 rows=943
2026-09-16T21:39:37.002258Z DEBUG aiur::gpu_trace: CPU trace: circuit lacks generated CUDA coverage circuit=106 rows=7689551
2026-09-16T21:39:37.002350Z DEBUG aiur::gpu_trace: CPU trace: circuit lacks generated CUDA coverage circuit=118 rows=3307842
2026-09-16T21:39:37.003120Z DEBUG aiur::gpu_trace: CPU trace: circuit lacks generated CUDA coverage circuit=162 rows=2225576
2026-09-16T21:39:37.003322Z DEBUG aiur::gpu_trace: CPU trace: circuit lacks generated CUDA coverage circuit=33 rows=6295443
2026-09-16T21:39:37.003998Z DEBUG aiur::gpu_trace: CPU trace: circuit lacks generated CUDA coverage circuit=177 rows=6288862
2026-09-16T21:39:37.004221Z DEBUG aiur::gpu_trace: CPU trace: circuit lacks generated CUDA coverage circuit=154 rows=23096
2026-09-16T21:39:38.304756Z DEBUG aiur::gpu_trace: CPU trace: circuit lacks generated CUDA coverage circuit=39 rows=211388
2026-09-16T21:39:38.304973Z DEBUG aiur::gpu_trace: CPU trace: circuit lacks generated CUDA coverage circuit=13 rows=374903
2026-09-16T21:39:38.305128Z DEBUG aiur::gpu_trace: CPU trace: circuit lacks generated CUDA coverage circuit=110 rows=2410949
2026-09-16T21:39:38.305213Z DEBUG aiur::gpu_trace: CPU trace: circuit lacks generated CUDA coverage circuit=20 rows=716732
2026-09-16T21:39:38.305657Z DEBUG aiur::gpu_trace: CPU trace: circuit lacks generated CUDA coverage circuit=24 rows=826390
2026-09-16T21:39:38.306520Z DEBUG aiur::gpu_trace: CPU trace: circuit lacks generated CUDA coverage circuit=120 rows=2153673
2026-09-16T21:39:38.306699Z DEBUG aiur::gpu_trace: CPU trace: circuit lacks generated CUDA coverage circuit=41 rows=559887
2026-09-16T21:39:38.307864Z DEBUG aiur::gpu_trace: CPU trace: circuit lacks generated CUDA coverage circuit=183 rows=7134758
2026-09-16T21:39:38.474326Z DEBUG aiur/codegen_seeds{circuit=102 rows=1644769}: aiur::trace_codegen::cuda: prepared generated CUDA trace circuit=102 rows=1644769 width=43 seed_bytes=65790760 seed_spans=26
2026-09-16T21:39:38.524634Z DEBUG aiur/codegen_seeds{circuit=15 rows=374330}: aiur::trace_codegen::cuda: prepared generated CUDA trace circuit=15 rows=374330 width=177 seed_bytes=152726640 seed_spans=10
2026-09-16T21:39:39.247361Z DEBUG aiur::gpu_trace: CPU trace: circuit lacks generated CUDA coverage circuit=103 rows=318056
2026-09-16T21:39:39.248242Z DEBUG aiur::gpu_trace: CPU trace: circuit lacks generated CUDA coverage circuit=109 rows=2918563
2026-09-16T21:39:39.248267Z DEBUG aiur::gpu_trace: CPU trace: circuit lacks generated CUDA coverage circuit=113 rows=1563647
2026-09-16T21:39:39.248378Z DEBUG aiur::gpu_trace: CPU trace: circuit lacks generated CUDA coverage circuit=122 rows=1436501
2026-09-16T21:39:39.248384Z DEBUG aiur::gpu_trace: CPU trace: circuit lacks generated CUDA coverage circuit=132 rows=1178024
2026-09-16T21:39:39.248507Z DEBUG aiur::gpu_trace: CPU trace: circuit lacks generated CUDA coverage circuit=44 rows=317156
2026-09-16T21:39:39.248794Z DEBUG aiur::gpu_trace: CPU trace: circuit lacks generated CUDA coverage circuit=54 rows=3433489
2026-09-16T21:39:39.248946Z DEBUG aiur::gpu_trace: CPU trace: circuit lacks generated CUDA coverage circuit=180 rows=3400442
2026-09-16T21:39:39.249560Z DEBUG aiur::gpu_trace: CPU trace: circuit lacks generated CUDA coverage circuit=45 rows=1492791
2026-09-16T21:39:39.249789Z DEBUG aiur::gpu_trace: CPU trace: circuit lacks generated CUDA coverage circuit=166 rows=1717297
2026-09-16T21:39:39.250162Z DEBUG aiur::gpu_trace: CPU trace: circuit lacks generated CUDA coverage circuit=167 rows=2001425
2026-09-16T21:39:39.250388Z DEBUG aiur::gpu_trace: CPU trace: circuit lacks generated CUDA coverage circuit=88 rows=2575976
2026-09-16T21:39:39.250685Z DEBUG aiur::gpu_trace: CPU trace: circuit lacks generated CUDA coverage circuit=168 rows=1558774
2026-09-16T21:39:39.250696Z DEBUG aiur::gpu_trace: CPU trace: circuit lacks generated CUDA coverage circuit=178 rows=3846505
2026-09-16T21:39:40.828588Z DEBUG aiur::gpu_trace: CPU trace: circuit lacks generated CUDA coverage circuit=127 rows=414251
2026-09-16T21:39:40.828594Z DEBUG aiur::gpu_trace: CPU trace: circuit lacks generated CUDA coverage circuit=105 rows=471940
2026-09-16T21:39:40.828586Z DEBUG aiur::gpu_trace: CPU trace: circuit lacks generated CUDA coverage circuit=51 rows=23767
2026-09-16T21:39:40.828585Z DEBUG aiur::gpu_trace: CPU trace: circuit lacks generated CUDA coverage circuit=0 rows=157999
2026-09-16T21:39:40.828586Z DEBUG aiur::gpu_trace: CPU trace: circuit lacks generated CUDA coverage circuit=114 rows=568832
2026-09-16T21:39:40.828588Z DEBUG aiur::gpu_trace: CPU trace: circuit lacks generated CUDA coverage circuit=25 rows=62579
2026-09-16T21:39:40.828602Z DEBUG aiur::gpu_trace: CPU trace: circuit lacks generated CUDA coverage circuit=108 rows=1040866
2026-09-16T21:39:40.828988Z DEBUG aiur::gpu_trace: CPU trace: circuit lacks generated CUDA coverage circuit=65 rows=80417
2026-09-16T21:39:40.828994Z DEBUG aiur::gpu_trace: CPU trace: circuit lacks generated CUDA coverage circuit=8 rows=34735
2026-09-16T21:39:40.829015Z DEBUG aiur::gpu_trace: CPU trace: circuit lacks generated CUDA coverage circuit=2 rows=211584
2026-09-16T21:39:40.829022Z DEBUG aiur::gpu_trace: CPU trace: circuit lacks generated CUDA coverage circuit=104 rows=224121
2026-09-16T21:39:40.829067Z DEBUG aiur::gpu_trace: CPU trace: circuit lacks generated CUDA coverage circuit=14 rows=1121711
2026-09-16T21:39:40.829243Z DEBUG aiur::gpu_trace: CPU trace: circuit lacks generated CUDA coverage circuit=59 rows=110700
2026-09-16T21:39:40.829273Z DEBUG aiur::gpu_trace: CPU trace: circuit lacks generated CUDA coverage circuit=81 rows=100397
2026-09-16T21:39:40.829280Z DEBUG aiur::gpu_trace: CPU trace: circuit lacks generated CUDA coverage circuit=157 rows=160781
2026-09-16T21:39:40.936036Z DEBUG aiur::gpu_trace: CPU trace: circuit lacks generated CUDA coverage circuit=40 rows=147565
2026-09-16T21:39:40.956833Z DEBUG aiur::gpu_trace: CPU trace: circuit lacks generated CUDA coverage circuit=52 rows=179044
2026-09-16T21:39:40.966741Z DEBUG aiur::gpu_trace: CPU trace: circuit lacks generated CUDA coverage circuit=46 rows=157100
2026-09-16T21:39:40.974769Z DEBUG aiur::gpu_trace: CPU trace: circuit lacks generated CUDA coverage circuit=121 rows=382960
2026-09-16T21:39:40.982197Z DEBUG aiur::gpu_trace: CPU trace: circuit lacks generated CUDA coverage circuit=49 rows=117350
2026-09-16T21:39:40.983898Z DEBUG aiur/codegen_seeds{circuit=140 rows=512889}: aiur::trace_codegen::cuda: prepared generated CUDA trace circuit=140 rows=512889 width=25 seed_bytes=17950008 seed_spans=9
2026-09-16T21:39:40.983971Z DEBUG aiur::gpu_trace: CPU trace: circuit lacks generated CUDA coverage circuit=141 rows=305582
2026-09-16T21:39:40.985760Z DEBUG aiur::gpu_trace: CPU trace: circuit lacks generated CUDA coverage circuit=10 rows=32163
2026-09-16T21:39:40.991647Z DEBUG aiur::gpu_trace: CPU trace: circuit lacks generated CUDA coverage circuit=43 rows=65963
2026-09-16T21:39:41.030205Z DEBUG aiur::gpu_trace: CPU trace: circuit lacks generated CUDA coverage circuit=123 rows=196229
2026-09-16T21:39:41.035429Z DEBUG aiur::gpu_trace: CPU trace: circuit lacks generated CUDA coverage circuit=32 rows=208775
2026-09-16T21:39:41.065993Z DEBUG aiur::gpu_trace: CPU trace: circuit lacks generated CUDA coverage circuit=133 rows=234725
2026-09-16T21:39:41.072051Z DEBUG aiur::gpu_trace: CPU trace: circuit lacks generated CUDA coverage circuit=23 rows=77214
2026-09-16T21:39:41.104617Z DEBUG aiur::gpu_trace: CPU trace: circuit lacks generated CUDA coverage circuit=35 rows=66262
2026-09-16T21:39:41.107442Z DEBUG aiur::gpu_trace: CPU trace: circuit lacks generated CUDA coverage circuit=161 rows=128195
2026-09-16T21:39:41.111148Z DEBUG aiur::gpu_trace: CPU trace: circuit lacks generated CUDA coverage circuit=125 rows=486323
2026-09-16T21:39:41.112437Z DEBUG aiur::gpu_trace: CPU trace: circuit lacks generated CUDA coverage circuit=147 rows=280270
2026-09-16T21:39:41.119494Z DEBUG aiur::gpu_trace: CPU trace: circuit lacks generated CUDA coverage circuit=37 rows=949031
2026-09-16T21:39:41.119933Z DEBUG aiur::gpu_trace: CPU trace: circuit lacks generated CUDA coverage circuit=11 rows=156277
2026-09-16T21:39:41.141850Z DEBUG aiur::gpu_trace: CPU trace: circuit lacks generated CUDA coverage circuit=181 rows=342355
2026-09-16T21:39:41.146519Z DEBUG aiur::gpu_trace: CPU trace: circuit lacks generated CUDA coverage circuit=115 rows=1281575
2026-09-16T21:39:41.175146Z DEBUG aiur::gpu_trace: CPU trace: circuit lacks generated CUDA coverage circuit=130 rows=241940
2026-09-16T21:39:41.177368Z DEBUG aiur::gpu_trace: CPU trace: circuit lacks generated CUDA coverage circuit=126 rows=384556
2026-09-16T21:39:41.180355Z DEBUG aiur::gpu_trace: CPU trace: circuit lacks generated CUDA coverage circuit=150 rows=1385542
2026-09-16T21:39:41.206953Z DEBUG aiur::gpu_trace: CPU trace: circuit lacks generated CUDA coverage circuit=169 rows=1314208
2026-09-16T21:39:41.211526Z DEBUG aiur::gpu_trace: CPU trace: circuit lacks generated CUDA coverage circuit=148 rows=254624
2026-09-16T21:39:41.213097Z DEBUG aiur::gpu_trace: CPU trace: circuit lacks generated CUDA coverage circuit=116 rows=798287
2026-09-16T21:39:41.226589Z DEBUG aiur::gpu_trace: CPU trace: circuit lacks generated CUDA coverage circuit=96 rows=74354
2026-09-16T21:39:41.229281Z DEBUG aiur::gpu_trace: CPU trace: circuit lacks generated CUDA coverage circuit=82 rows=136254
2026-09-16T21:39:41.255319Z DEBUG aiur::gpu_trace: CPU trace: circuit lacks generated CUDA coverage circuit=164 rows=892751
2026-09-16T21:39:41.263479Z DEBUG aiur::gpu_trace: CPU trace: circuit lacks generated CUDA coverage circuit=128 rows=305944
2026-09-16T21:39:41.305423Z DEBUG aiur::gpu_trace: CPU trace: circuit lacks generated CUDA coverage circuit=137 rows=299727
2026-09-16T21:39:41.312078Z DEBUG aiur::gpu_trace: CPU trace: circuit lacks generated CUDA coverage circuit=182 rows=449563
2026-09-16T21:39:41.318728Z DEBUG aiur::gpu_trace: CPU trace: circuit lacks generated CUDA coverage circuit=138 rows=890089
2026-09-16T21:39:41.341200Z DEBUG aiur::gpu_trace: CPU trace: circuit lacks generated CUDA coverage circuit=134 rows=260774
2026-09-16T21:39:41.341256Z DEBUG aiur::gpu_trace: CPU trace: circuit lacks generated CUDA coverage circuit=98 rows=236429
2026-09-16T21:39:41.366690Z DEBUG aiur::gpu_trace: CPU trace: circuit lacks generated CUDA coverage circuit=97 rows=236664
2026-09-16T21:39:41.376902Z DEBUG aiur::gpu_trace: CPU trace: circuit lacks generated CUDA coverage circuit=85 rows=765
2026-09-16T21:39:41.453498Z DEBUG aiur::gpu_trace: CPU trace: circuit lacks generated CUDA coverage circuit=131 rows=417876
2026-09-16T21:39:41.466001Z DEBUG aiur::gpu_trace: CPU trace: circuit lacks generated CUDA coverage circuit=144 rows=237882
2026-09-16T21:39:41.501812Z DEBUG aiur::gpu_trace: CPU trace: circuit lacks generated CUDA coverage circuit=145 rows=330078
2026-09-16T21:39:41.623634Z DEBUG aiur/codegen_seeds{circuit=124 rows=56264}: aiur::trace_codegen::cuda: prepared generated CUDA trace circuit=124 rows=56264 width=98 seed_bytes=12896528 seed_spans=2
2026-09-16T21:39:41.633821Z DEBUG aiur::gpu_trace: CPU trace: circuit lacks generated CUDA coverage circuit=142 rows=354483
2026-09-16T21:39:41.676255Z DEBUG aiur::gpu_trace: CPU trace: circuit lacks generated CUDA coverage circuit=99 rows=362554
2026-09-16T21:39:41.710570Z DEBUG aiur::gpu_trace: CPU trace: circuit lacks generated CUDA coverage circuit=129 rows=394210
2026-09-16T21:39:41.738283Z DEBUG aiur::gpu_trace: CPU trace: circuit lacks generated CUDA coverage circuit=151 rows=1005800
2026-09-16T21:39:41.744752Z DEBUG aiur::gpu_trace: CPU trace: circuit lacks generated CUDA coverage circuit=139 rows=280374
2026-09-16T21:39:41.759135Z DEBUG aiur::gpu_trace: CPU trace: circuit lacks generated CUDA coverage circuit=184 rows=235257
2026-09-16T21:39:41.887548Z DEBUG aiur::gpu_trace: CPU trace: circuit lacks generated CUDA coverage circuit=100 rows=355288
2026-09-16T21:39:41.924339Z DEBUG aiur::gpu_trace: CPU trace: circuit lacks generated CUDA coverage circuit=152 rows=744283
2026-09-16T21:39:42.391657Z DEBUG aiur::gpu_trace: CPU trace: circuit lacks generated CUDA coverage circuit=66 rows=927
2026-09-16T21:39:42.391657Z DEBUG aiur::gpu_trace: CPU trace: circuit lacks generated CUDA coverage circuit=55 rows=4887
2026-09-16T21:39:42.391668Z DEBUG aiur::gpu_trace: CPU trace: circuit lacks generated CUDA coverage circuit=31 rows=3245
2026-09-16T21:39:42.391657Z DEBUG aiur::gpu_trace: CPU trace: circuit lacks generated CUDA coverage circuit=4 rows=19046
2026-09-16T21:39:42.391657Z DEBUG aiur::gpu_trace: CPU trace: circuit lacks generated CUDA coverage circuit=7 rows=37966
2026-09-16T21:39:42.391658Z DEBUG aiur::gpu_trace: CPU trace: circuit lacks generated CUDA coverage circuit=1 rows=26104
2026-09-16T21:39:42.391682Z DEBUG aiur::gpu_trace: CPU trace: circuit lacks generated CUDA coverage circuit=76 rows=50798
2026-09-16T21:39:42.391665Z DEBUG aiur::gpu_trace: CPU trace: circuit lacks generated CUDA coverage circuit=5 rows=302
2026-09-16T21:39:42.391797Z DEBUG aiur/codegen_seeds{circuit=63 rows=151}: aiur::trace_codegen::cuda: prepared generated CUDA trace circuit=63 rows=151 width=68 seed_bytes=31408 seed_spans=1
2026-09-16T21:39:42.392190Z DEBUG aiur::gpu_trace: CPU trace: circuit lacks generated CUDA coverage circuit=67 rows=3669
2026-09-16T21:39:42.392276Z DEBUG aiur::gpu_trace: CPU trace: circuit lacks generated CUDA coverage circuit=58 rows=3263
2026-09-16T21:39:42.392294Z DEBUG aiur::gpu_trace: CPU trace: circuit lacks generated CUDA coverage circuit=72 rows=13643
2026-09-16T21:39:42.392450Z DEBUG aiur::gpu_trace: CPU trace: circuit lacks generated CUDA coverage circuit=155 rows=28497
2026-09-16T21:39:42.392510Z DEBUG aiur::gpu_trace: CPU trace: circuit lacks generated CUDA coverage circuit=53 rows=20659
2026-09-16T21:39:42.392582Z DEBUG aiur::gpu_trace: CPU trace: circuit lacks generated CUDA coverage circuit=61 rows=7877
2026-09-16T21:39:42.392692Z DEBUG aiur/codegen_seeds{circuit=56 rows=141}: aiur::trace_codegen::cuda: prepared generated CUDA trace circuit=56 rows=141 width=49 seed_bytes=11280 seed_spans=1
2026-09-16T21:39:42.392816Z DEBUG aiur::gpu_trace: CPU trace: circuit lacks generated CUDA coverage circuit=30 rows=18979
2026-09-16T21:39:42.392890Z DEBUG aiur::gpu_trace: CPU trace: circuit lacks generated CUDA coverage circuit=48 rows=25228
2026-09-16T21:39:42.393198Z DEBUG aiur::gpu_trace: CPU trace: circuit lacks generated CUDA coverage circuit=95 rows=30131
2026-09-16T21:39:42.393233Z DEBUG aiur::gpu_trace: CPU trace: circuit lacks generated CUDA coverage circuit=92 rows=94738
2026-09-16T21:39:42.393259Z DEBUG aiur::gpu_trace: CPU trace: circuit lacks generated CUDA coverage circuit=18 rows=20519
2026-09-16T21:39:42.393545Z DEBUG aiur::gpu_trace: CPU trace: circuit lacks generated CUDA coverage circuit=50 rows=1658
2026-09-16T21:39:42.393909Z DEBUG aiur::gpu_trace: CPU trace: circuit lacks generated CUDA coverage circuit=19 rows=61412
2026-09-16T21:39:42.394605Z DEBUG aiur::gpu_trace: CPU trace: circuit lacks generated CUDA coverage circuit=17 rows=20257
2026-09-16T21:39:42.394636Z DEBUG aiur::gpu_trace: CPU trace: circuit lacks generated CUDA coverage circuit=73 rows=25332
2026-09-16T21:39:42.394744Z DEBUG aiur::gpu_trace: CPU trace: circuit lacks generated CUDA coverage circuit=135 rows=3923
2026-09-16T21:39:42.394829Z DEBUG aiur::gpu_trace: CPU trace: circuit lacks generated CUDA coverage circuit=146 rows=92582
2026-09-16T21:39:42.395405Z DEBUG aiur::gpu_trace: CPU trace: circuit lacks generated CUDA coverage circuit=136 rows=27850
2026-09-16T21:39:42.397047Z DEBUG aiur::gpu_trace: CPU trace: circuit lacks generated CUDA coverage circuit=149 rows=235731
2026-09-16T21:39:42.398137Z DEBUG aiur::gpu_trace: CPU trace: circuit lacks generated CUDA coverage circuit=143 rows=237741
2026-09-16T21:39:42.398225Z DEBUG aiur::gpu_trace: CPU trace: circuit lacks generated CUDA coverage circuit=83 rows=40524
2026-09-16T21:39:42.399975Z DEBUG aiur::gpu_trace: CPU trace: circuit lacks generated CUDA coverage circuit=93 rows=25383
2026-09-16T21:39:42.400826Z DEBUG aiur::gpu_trace: CPU trace: circuit lacks generated CUDA coverage circuit=80 rows=44451
2026-09-16T21:39:42.401400Z DEBUG aiur::gpu_trace: CPU trace: circuit lacks generated CUDA coverage circuit=78 rows=7581
2026-09-16T21:39:42.403636Z DEBUG aiur::gpu_trace: CPU trace: circuit lacks generated CUDA coverage circuit=86 rows=12372
2026-09-16T21:39:42.406552Z DEBUG aiur::gpu_trace: CPU trace: circuit lacks generated CUDA coverage circuit=159 rows=18795
2026-09-16T21:39:42.407327Z DEBUG aiur::gpu_trace: CPU trace: circuit lacks generated CUDA coverage circuit=84 rows=36
2026-09-16T21:39:42.412984Z DEBUG aiur::gpu_trace: CPU trace: circuit lacks generated CUDA coverage circuit=158 rows=10373
2026-09-16T21:39:42.420800Z DEBUG aiur::gpu_trace: CPU trace: circuit lacks generated CUDA coverage circuit=94 rows=27952
2026-09-16T21:39:42.425081Z DEBUG aiur::gpu_trace: CPU trace: circuit lacks generated CUDA coverage circuit=163 rows=183970
2026-09-16T21:39:42.425158Z DEBUG aiur::gpu_trace: CPU trace: circuit lacks generated CUDA coverage circuit=160 rows=22356
2026-09-16T21:39:42.465786Z DEBUG aiur/codegen_seeds{circuit=6 rows=25367}: aiur::trace_codegen::cuda: prepared generated CUDA trace circuit=6 rows=25367 width=63 seed_bytes=4731864 seed_spans=4
2026-09-16T21:39:43.896078Z DEBUG aiur::gpu_trace: CPU trace: circuit lacks generated CUDA coverage circuit=117 rows=13240533
2026-09-16T21:39:43.896692Z DEBUG aiur::gpu_trace: CPU trace: circuit lacks generated CUDA coverage circuit=90 rows=88084
2026-09-16T21:39:43.897155Z DEBUG aiur::gpu_trace: CPU trace: circuit lacks generated CUDA coverage circuit=57 rows=140
2026-09-16T21:39:43.897242Z DEBUG aiur::gpu_trace: CPU trace: circuit lacks generated CUDA coverage circuit=75 rows=8
2026-09-16T21:39:43.898835Z DEBUG aiur::gpu_trace: CPU trace: circuit lacks generated CUDA coverage circuit=176 rows=1
2026-09-16T21:39:43.983378Z DEBUG aiur/codegen_seeds{circuit=16 rows=1048576}: aiur::trace_codegen::cuda: prepared generated CUDA trace circuit=16 rows=1048576 width=533 seed_bytes=184549376 seed_spans=16
2026-09-16T21:39:45.277593Z DEBUG aiur::gpu_trace: CPU trace: circuit lacks generated CUDA coverage circuit=77 rows=2
2026-09-16T21:39:45.278276Z DEBUG aiur::gpu_trace: CPU trace: circuit lacks generated CUDA coverage circuit=27 rows=2358
2026-09-16T21:39:45.278529Z DEBUG aiur::gpu_trace: CPU trace: circuit lacks generated CUDA coverage circuit=156 rows=304394
2026-09-16T21:39:45.278574Z DEBUG aiur::gpu_trace: CPU trace: circuit lacks generated CUDA coverage circuit=62 rows=258
2026-09-16T21:39:45.278621Z DEBUG aiur::gpu_trace: CPU trace: circuit lacks generated CUDA coverage circuit=91 rows=4960939
2026-09-16T21:39:45.278965Z DEBUG aiur::gpu_trace: CPU trace: circuit lacks generated CUDA coverage circuit=22 rows=30
2026-09-16T21:39:45.389102Z DEBUG aiur/codegen_seeds{circuit=16 rows=1048576}: aiur::trace_codegen::cuda: prepared generated CUDA trace circuit=16 rows=1048576 width=533 seed_bytes=184549376 seed_spans=16
2026-09-16T21:39:48.008154Z DEBUG aiur::gpu_trace: CPU trace: circuit lacks generated CUDA coverage circuit=69 rows=15
2026-09-16T21:39:48.008153Z DEBUG aiur::gpu_trace: CPU trace: circuit lacks generated CUDA coverage circuit=34 rows=1016406
2026-09-16T21:39:48.008159Z DEBUG aiur::gpu_trace: CPU trace: circuit lacks generated CUDA coverage circuit=26 rows=6
2026-09-16T21:39:48.008161Z DEBUG aiur::gpu_trace: CPU trace: circuit lacks generated CUDA coverage circuit=12 rows=16777216
2026-09-16T21:39:48.008156Z DEBUG aiur::gpu_trace: CPU trace: circuit lacks generated CUDA coverage circuit=64 rows=60
2026-09-16T21:39:48.008646Z DEBUG aiur::gpu_trace: CPU trace: circuit lacks generated CUDA coverage circuit=68 rows=16
2026-09-16T21:39:48.008769Z DEBUG aiur::gpu_trace: CPU trace: circuit lacks generated CUDA coverage circuit=70 rows=16
2026-09-16T21:39:48.009677Z DEBUG aiur::gpu_trace: CPU trace: circuit lacks generated CUDA coverage circuit=71 rows=16
2026-09-16T21:39:48.096386Z DEBUG aiur/codegen_seeds{circuit=16 rows=1048576}: aiur::trace_codegen::cuda: prepared generated CUDA trace circuit=16 rows=1048576 width=533 seed_bytes=184549376 seed_spans=16
2026-09-16T21:39:50.934574Z DEBUG aiur::gpu_trace: CPU trace: circuit lacks generated CUDA coverage circuit=3 rows=19
2026-09-16T21:39:50.934574Z DEBUG aiur::gpu_trace: CPU trace: circuit lacks generated CUDA coverage circuit=38 rows=4375748
2026-09-16T21:39:50.935288Z DEBUG aiur::gpu_trace: CPU trace: circuit lacks generated CUDA coverage circuit=42 rows=6466839
2026-09-16T21:39:50.936134Z DEBUG aiur::gpu_trace: CPU trace: circuit lacks generated CUDA coverage circuit=47 rows=296840
2026-09-16T21:39:50.937032Z DEBUG aiur::gpu_trace: CPU trace: circuit lacks generated CUDA coverage circuit=119 rows=10189848
2026-09-16T21:39:50.937616Z DEBUG aiur::gpu_trace: CPU trace: circuit lacks generated CUDA coverage circuit=87 rows=2
2026-09-16T21:39:53.797463Z DEBUG aiur::gpu_trace: CPU trace: circuit lacks generated CUDA coverage circuit=179 rows=2858316
2026-09-16T21:39:53.797464Z DEBUG aiur::gpu_trace: CPU trace: circuit lacks generated CUDA coverage circuit=12 rows=8603438
2026-09-16T21:39:53.798494Z DEBUG aiur::gpu_trace: CPU trace: circuit lacks generated CUDA coverage circuit=28 rows=3052
2026-09-16T21:39:53.798770Z DEBUG aiur::gpu_trace: CPU trace: circuit lacks generated CUDA coverage circuit=112 rows=5516647
2026-09-16T21:39:53.798936Z DEBUG aiur::gpu_trace: CPU trace: circuit lacks generated CUDA coverage circuit=9 rows=46085
2026-09-16T21:39:53.799560Z DEBUG aiur::gpu_trace: CPU trace: circuit lacks generated CUDA coverage circuit=60 rows=150
2026-09-16T21:39:53.864506Z DEBUG aiur/codegen_seeds{circuit=16 rows=452160}: aiur::trace_codegen::cuda: prepared generated CUDA trace circuit=16 rows=452160 width=533 seed_bytes=79580160 seed_spans=7
2026-09-16T21:39:57.105030Z DEBUG aiur::gpu_trace: CPU trace: circuit lacks generated CUDA coverage circuit=111 rows=5757201
2026-09-16T21:39:57.105035Z DEBUG aiur::gpu_trace: CPU trace: circuit lacks generated CUDA coverage circuit=107 rows=7498195
2026-09-16T21:39:57.105280Z DEBUG aiur::gpu_trace: CPU trace: circuit lacks generated CUDA coverage circuit=89 rows=108199
2026-09-16T21:39:57.106779Z DEBUG aiur::gpu_trace: CPU trace: circuit lacks generated CUDA coverage circuit=170 rows=10085609
2026-09-16T21:39:57.106894Z DEBUG aiur::gpu_trace: CPU trace: circuit lacks generated CUDA coverage circuit=101 rows=6786968
2026-09-16T21:39:57.107595Z DEBUG aiur::gpu_trace: CPU trace: circuit lacks generated CUDA coverage circuit=36 rows=6487894
2026-09-16T21:40:00.429533Z DEBUG aiur::gpu_trace: CPU trace: circuit lacks generated CUDA coverage circuit=153 rows=1233
2026-09-16T21:40:00.430216Z DEBUG aiur::gpu_trace: CPU trace: circuit lacks generated CUDA coverage circuit=106 rows=7689551
2026-09-16T21:40:00.431658Z DEBUG aiur::gpu_trace: CPU trace: circuit lacks generated CUDA coverage circuit=118 rows=3307842
2026-09-16T21:40:00.432319Z DEBUG aiur::gpu_trace: CPU trace: circuit lacks generated CUDA coverage circuit=33 rows=6295443
2026-09-16T21:40:00.432324Z DEBUG aiur::gpu_trace: CPU trace: circuit lacks generated CUDA coverage circuit=74 rows=943
2026-09-16T21:40:00.433020Z DEBUG aiur::gpu_trace: CPU trace: circuit lacks generated CUDA coverage circuit=162 rows=2225576
2026-09-16T21:40:00.433407Z DEBUG aiur::gpu_trace: CPU trace: circuit lacks generated CUDA coverage circuit=154 rows=23096
2026-09-16T21:40:00.433543Z DEBUG aiur::gpu_trace: CPU trace: circuit lacks generated CUDA coverage circuit=177 rows=6288862
2026-09-16T21:40:03.636016Z DEBUG aiur::gpu_trace: CPU trace: circuit lacks generated CUDA coverage circuit=13 rows=374903
2026-09-16T21:40:03.636311Z DEBUG aiur::gpu_trace: CPU trace: circuit lacks generated CUDA coverage circuit=39 rows=211388
2026-09-16T21:40:03.636401Z DEBUG aiur::gpu_trace: CPU trace: circuit lacks generated CUDA coverage circuit=20 rows=716732
2026-09-16T21:40:03.636574Z DEBUG aiur::gpu_trace: CPU trace: circuit lacks generated CUDA coverage circuit=24 rows=826390
2026-09-16T21:40:03.636681Z DEBUG aiur::gpu_trace: CPU trace: circuit lacks generated CUDA coverage circuit=41 rows=559887
2026-09-16T21:40:03.637431Z DEBUG aiur::gpu_trace: CPU trace: circuit lacks generated CUDA coverage circuit=120 rows=2153673
2026-09-16T21:40:03.638124Z DEBUG aiur::gpu_trace: CPU trace: circuit lacks generated CUDA coverage circuit=110 rows=2410949
2026-09-16T21:40:03.638153Z DEBUG aiur::gpu_trace: CPU trace: circuit lacks generated CUDA coverage circuit=183 rows=7134758
2026-09-16T21:40:03.840613Z DEBUG aiur/codegen_seeds{circuit=102 rows=1644769}: aiur::trace_codegen::cuda: prepared generated CUDA trace circuit=102 rows=1644769 width=43 seed_bytes=65790760 seed_spans=26
2026-09-16T21:40:03.868770Z DEBUG aiur/codegen_seeds{circuit=15 rows=374330}: aiur::trace_codegen::cuda: prepared generated CUDA trace circuit=15 rows=374330 width=177 seed_bytes=152726640 seed_spans=10
2026-09-16T21:40:06.639511Z DEBUG aiur::gpu_trace: CPU trace: circuit lacks generated CUDA coverage circuit=109 rows=2918563
2026-09-16T21:40:06.639512Z DEBUG aiur::gpu_trace: CPU trace: circuit lacks generated CUDA coverage circuit=103 rows=318056
2026-09-16T21:40:06.640425Z DEBUG aiur::gpu_trace: CPU trace: circuit lacks generated CUDA coverage circuit=113 rows=1563647
2026-09-16T21:40:06.640827Z DEBUG aiur::gpu_trace: CPU trace: circuit lacks generated CUDA coverage circuit=132 rows=1178024
2026-09-16T21:40:06.641043Z DEBUG aiur::gpu_trace: CPU trace: circuit lacks generated CUDA coverage circuit=44 rows=317156
2026-09-16T21:40:06.641433Z DEBUG aiur::gpu_trace: CPU trace: circuit lacks generated CUDA coverage circuit=88 rows=2575976
2026-09-16T21:40:06.641560Z DEBUG aiur::gpu_trace: CPU trace: circuit lacks generated CUDA coverage circuit=54 rows=3433489
2026-09-16T21:40:06.641727Z DEBUG aiur::gpu_trace: CPU trace: circuit lacks generated CUDA coverage circuit=122 rows=1436501
2026-09-16T21:40:06.641733Z DEBUG aiur::gpu_trace: CPU trace: circuit lacks generated CUDA coverage circuit=45 rows=1492791
2026-09-16T21:40:06.641776Z DEBUG aiur::gpu_trace: CPU trace: circuit lacks generated CUDA coverage circuit=180 rows=3400442
2026-09-16T21:40:06.641825Z DEBUG aiur::gpu_trace: CPU trace: circuit lacks generated CUDA coverage circuit=166 rows=1717297
2026-09-16T21:40:06.642602Z DEBUG aiur::gpu_trace: CPU trace: circuit lacks generated CUDA coverage circuit=178 rows=3846505
2026-09-16T21:40:06.642752Z DEBUG aiur::gpu_trace: CPU trace: circuit lacks generated CUDA coverage circuit=167 rows=2001425
2026-09-16T21:40:06.642767Z DEBUG aiur::gpu_trace: CPU trace: circuit lacks generated CUDA coverage circuit=168 rows=1558774
2026-09-16T21:40:10.814880Z DEBUG aiur::gpu_trace: CPU trace: circuit lacks generated CUDA coverage circuit=51 rows=23767
2026-09-16T21:40:10.814880Z DEBUG aiur::gpu_trace: CPU trace: circuit lacks generated CUDA coverage circuit=108 rows=1040866
2026-09-16T21:40:10.814880Z DEBUG aiur::gpu_trace: CPU trace: circuit lacks generated CUDA coverage circuit=25 rows=62579
2026-09-16T21:40:10.814880Z DEBUG aiur::gpu_trace: CPU trace: circuit lacks generated CUDA coverage circuit=0 rows=157999
2026-09-16T21:40:10.814880Z DEBUG aiur::gpu_trace: CPU trace: circuit lacks generated CUDA coverage circuit=127 rows=414251
2026-09-16T21:40:10.814880Z DEBUG aiur::gpu_trace: CPU trace: circuit lacks generated CUDA coverage circuit=114 rows=568832
2026-09-16T21:40:10.814880Z DEBUG aiur::gpu_trace: CPU trace: circuit lacks generated CUDA coverage circuit=105 rows=471940
2026-09-16T21:40:10.815184Z DEBUG aiur::gpu_trace: CPU trace: circuit lacks generated CUDA coverage circuit=2 rows=211584
2026-09-16T21:40:10.815222Z DEBUG aiur::gpu_trace: CPU trace: circuit lacks generated CUDA coverage circuit=104 rows=224121
2026-09-16T21:40:10.815360Z DEBUG aiur::gpu_trace: CPU trace: circuit lacks generated CUDA coverage circuit=181 rows=342355
2026-09-16T21:40:10.815382Z DEBUG aiur::gpu_trace: CPU trace: circuit lacks generated CUDA coverage circuit=14 rows=1121711
2026-09-16T21:40:10.815473Z DEBUG aiur::gpu_trace: CPU trace: circuit lacks generated CUDA coverage circuit=8 rows=34735
2026-09-16T21:40:10.815590Z DEBUG aiur::gpu_trace: CPU trace: circuit lacks generated CUDA coverage circuit=157 rows=160781
2026-09-16T21:40:10.815767Z DEBUG aiur::gpu_trace: CPU trace: circuit lacks generated CUDA coverage circuit=96 rows=74354
2026-09-16T21:40:10.815799Z DEBUG aiur::gpu_trace: CPU trace: circuit lacks generated CUDA coverage circuit=81 rows=100397
2026-09-16T21:40:10.898212Z DEBUG aiur::gpu_trace: CPU trace: circuit lacks generated CUDA coverage circuit=97 rows=236664
2026-09-16T21:40:10.907919Z DEBUG aiur::gpu_trace: CPU trace: circuit lacks generated CUDA coverage circuit=121 rows=382960
2026-09-16T21:40:10.933454Z DEBUG aiur::gpu_trace: CPU trace: circuit lacks generated CUDA coverage circuit=52 rows=179044
2026-09-16T21:40:10.946556Z DEBUG aiur::gpu_trace: CPU trace: circuit lacks generated CUDA coverage circuit=98 rows=236429
2026-09-16T21:40:10.971867Z DEBUG aiur/codegen_seeds{circuit=140 rows=512889}: aiur::trace_codegen::cuda: prepared generated CUDA trace circuit=140 rows=512889 width=25 seed_bytes=17950008 seed_spans=9
2026-09-16T21:40:10.971901Z DEBUG aiur::gpu_trace: CPU trace: circuit lacks generated CUDA coverage circuit=141 rows=305582
2026-09-16T21:40:10.978774Z DEBUG aiur::gpu_trace: CPU trace: circuit lacks generated CUDA coverage circuit=10 rows=32163
2026-09-16T21:40:11.011871Z DEBUG aiur::gpu_trace: CPU trace: circuit lacks generated CUDA coverage circuit=123 rows=196229
2026-09-16T21:40:11.014341Z DEBUG aiur::gpu_trace: CPU trace: circuit lacks generated CUDA coverage circuit=182 rows=449563
2026-09-16T21:40:11.056482Z DEBUG aiur::gpu_trace: CPU trace: circuit lacks generated CUDA coverage circuit=125 rows=486323
2026-09-16T21:40:11.058151Z DEBUG aiur::gpu_trace: CPU trace: circuit lacks generated CUDA coverage circuit=23 rows=77214
2026-09-16T21:40:11.074113Z DEBUG aiur::gpu_trace: CPU trace: circuit lacks generated CUDA coverage circuit=169 rows=1314208
2026-09-16T21:40:11.079304Z DEBUG aiur::gpu_trace: CPU trace: circuit lacks generated CUDA coverage circuit=100 rows=355288
2026-09-16T21:40:11.106328Z DEBUG aiur::gpu_trace: CPU trace: circuit lacks generated CUDA coverage circuit=115 rows=1281575
2026-09-16T21:40:11.113037Z DEBUG aiur::gpu_trace: CPU trace: circuit lacks generated CUDA coverage circuit=133 rows=234725
2026-09-16T21:40:11.118683Z DEBUG aiur::gpu_trace: CPU trace: circuit lacks generated CUDA coverage circuit=99 rows=362554
2026-09-16T21:40:11.124599Z DEBUG aiur::gpu_trace: CPU trace: circuit lacks generated CUDA coverage circuit=11 rows=156277
2026-09-16T21:40:11.125177Z DEBUG aiur::gpu_trace: CPU trace: circuit lacks generated CUDA coverage circuit=116 rows=798287
2026-09-16T21:40:11.130448Z DEBUG aiur::gpu_trace: CPU trace: circuit lacks generated CUDA coverage circuit=161 rows=128195
2026-09-16T21:40:11.169834Z DEBUG aiur::gpu_trace: CPU trace: circuit lacks generated CUDA coverage circuit=126 rows=384556
2026-09-16T21:40:11.172361Z DEBUG aiur::gpu_trace: CPU trace: circuit lacks generated CUDA coverage circuit=147 rows=280270
2026-09-16T21:40:11.182746Z DEBUG aiur::gpu_trace: CPU trace: circuit lacks generated CUDA coverage circuit=59 rows=110700
2026-09-16T21:40:11.192561Z DEBUG aiur::gpu_trace: CPU trace: circuit lacks generated CUDA coverage circuit=164 rows=892751
2026-09-16T21:40:11.195389Z DEBUG aiur::gpu_trace: CPU trace: circuit lacks generated CUDA coverage circuit=137 rows=299727
2026-09-16T21:40:11.212944Z DEBUG aiur::gpu_trace: CPU trace: circuit lacks generated CUDA coverage circuit=65 rows=80417
2026-09-16T21:40:11.319250Z DEBUG aiur::gpu_trace: CPU trace: circuit lacks generated CUDA coverage circuit=130 rows=241940
2026-09-16T21:40:11.337679Z DEBUG aiur::gpu_trace: CPU trace: circuit lacks generated CUDA coverage circuit=144 rows=237882
2026-09-16T21:40:11.366315Z DEBUG aiur::gpu_trace: CPU trace: circuit lacks generated CUDA coverage circuit=131 rows=417876
2026-09-16T21:40:11.385011Z DEBUG aiur::gpu_trace: CPU trace: circuit lacks generated CUDA coverage circuit=142 rows=354483
2026-09-16T21:40:11.385442Z DEBUG aiur::gpu_trace: CPU trace: circuit lacks generated CUDA coverage circuit=134 rows=260774
2026-09-16T21:40:11.410167Z DEBUG aiur::gpu_trace: CPU trace: circuit lacks generated CUDA coverage circuit=145 rows=330078
2026-09-16T21:40:11.452879Z DEBUG aiur::gpu_trace: CPU trace: circuit lacks generated CUDA coverage circuit=184 rows=235257
2026-09-16T21:40:11.467484Z DEBUG aiur::gpu_trace: CPU trace: circuit lacks generated CUDA coverage circuit=40 rows=147565
2026-09-16T21:40:11.487108Z DEBUG aiur::gpu_trace: CPU trace: circuit lacks generated CUDA coverage circuit=46 rows=157100
2026-09-16T21:40:11.491831Z DEBUG aiur::gpu_trace: CPU trace: circuit lacks generated CUDA coverage circuit=82 rows=136254
2026-09-16T21:40:11.530644Z DEBUG aiur::gpu_trace: CPU trace: circuit lacks generated CUDA coverage circuit=128 rows=305944
2026-09-16T21:40:11.533950Z DEBUG aiur::gpu_trace: CPU trace: circuit lacks generated CUDA coverage circuit=150 rows=1385542
2026-09-16T21:40:11.590696Z DEBUG aiur::gpu_trace: CPU trace: circuit lacks generated CUDA coverage circuit=85 rows=765
2026-09-16T21:40:11.601469Z DEBUG aiur::gpu_trace: CPU trace: circuit lacks generated CUDA coverage circuit=148 rows=254624
2026-09-16T21:40:11.602421Z DEBUG aiur::gpu_trace: CPU trace: circuit lacks generated CUDA coverage circuit=49 rows=117350
2026-09-16T21:40:11.603432Z DEBUG aiur/codegen_seeds{circuit=124 rows=56264}: aiur::trace_codegen::cuda: prepared generated CUDA trace circuit=124 rows=56264 width=98 seed_bytes=12896528 seed_spans=2
2026-09-16T21:40:11.613659Z DEBUG aiur::gpu_trace: CPU trace: circuit lacks generated CUDA coverage circuit=43 rows=65963
2026-09-16T21:40:11.693326Z DEBUG aiur::gpu_trace: CPU trace: circuit lacks generated CUDA coverage circuit=138 rows=890089
2026-09-16T21:40:11.717469Z DEBUG aiur::gpu_trace: CPU trace: circuit lacks generated CUDA coverage circuit=32 rows=208775
2026-09-16T21:40:11.757534Z DEBUG aiur::gpu_trace: CPU trace: circuit lacks generated CUDA coverage circuit=139 rows=280374
2026-09-16T21:40:11.776770Z DEBUG aiur::gpu_trace: CPU trace: circuit lacks generated CUDA coverage circuit=129 rows=394210
2026-09-16T21:40:11.807458Z DEBUG aiur::gpu_trace: CPU trace: circuit lacks generated CUDA coverage circuit=151 rows=1005800
2026-09-16T21:40:11.811314Z DEBUG aiur::gpu_trace: CPU trace: circuit lacks generated CUDA coverage circuit=35 rows=66262
2026-09-16T21:40:11.858895Z DEBUG aiur::gpu_trace: CPU trace: circuit lacks generated CUDA coverage circuit=152 rows=744283
2026-09-16T21:40:11.888585Z DEBUG aiur::gpu_trace: CPU trace: circuit lacks generated CUDA coverage circuit=37 rows=949031
2026-09-16T21:40:14.253494Z DEBUG aiur::gpu_trace: CPU trace: circuit lacks generated CUDA coverage circuit=1 rows=26104
2026-09-16T21:40:14.253532Z DEBUG aiur::gpu_trace: CPU trace: circuit lacks generated CUDA coverage circuit=18 rows=20519
2026-09-16T21:40:14.253536Z DEBUG aiur::gpu_trace: CPU trace: circuit lacks generated CUDA coverage circuit=76 rows=50798
2026-09-16T21:40:14.253531Z DEBUG aiur::gpu_trace: CPU trace: circuit lacks generated CUDA coverage circuit=7 rows=37966
2026-09-16T21:40:14.253537Z DEBUG aiur::gpu_trace: CPU trace: circuit lacks generated CUDA coverage circuit=31 rows=3245
2026-09-16T21:40:14.253753Z DEBUG aiur::gpu_trace: CPU trace: circuit lacks generated CUDA coverage circuit=48 rows=25228
2026-09-16T21:40:14.254175Z DEBUG aiur::gpu_trace: CPU trace: circuit lacks generated CUDA coverage circuit=95 rows=30131
2026-09-16T21:40:14.254257Z DEBUG aiur::gpu_trace: CPU trace: circuit lacks generated CUDA coverage circuit=4 rows=19046
2026-09-16T21:40:14.254265Z DEBUG aiur/codegen_seeds{circuit=63 rows=151}: aiur::trace_codegen::cuda: prepared generated CUDA trace circuit=63 rows=151 width=68 seed_bytes=31408 seed_spans=1
2026-09-16T21:40:14.254433Z DEBUG aiur::gpu_trace: CPU trace: circuit lacks generated CUDA coverage circuit=30 rows=18979
2026-09-16T21:40:14.254463Z DEBUG aiur::gpu_trace: CPU trace: circuit lacks generated CUDA coverage circuit=17 rows=20257
2026-09-16T21:40:14.254476Z DEBUG aiur::gpu_trace: CPU trace: circuit lacks generated CUDA coverage circuit=92 rows=94738
2026-09-16T21:40:14.254485Z DEBUG aiur::gpu_trace: CPU trace: circuit lacks generated CUDA coverage circuit=93 rows=25383
2026-09-16T21:40:14.254542Z DEBUG aiur::gpu_trace: CPU trace: circuit lacks generated CUDA coverage circuit=94 rows=27952
2026-09-16T21:40:14.254563Z DEBUG aiur::gpu_trace: CPU trace: circuit lacks generated CUDA coverage circuit=155 rows=28497
2026-09-16T21:40:14.254656Z DEBUG aiur::gpu_trace: CPU trace: circuit lacks generated CUDA coverage circuit=5 rows=302
2026-09-16T21:40:14.254883Z DEBUG aiur::gpu_trace: CPU trace: circuit lacks generated CUDA coverage circuit=53 rows=20659
2026-09-16T21:40:14.254986Z DEBUG aiur::gpu_trace: CPU trace: circuit lacks generated CUDA coverage circuit=66 rows=927
2026-09-16T21:40:14.255048Z DEBUG aiur::gpu_trace: CPU trace: circuit lacks generated CUDA coverage circuit=83 rows=40524
2026-09-16T21:40:14.255122Z DEBUG aiur::gpu_trace: CPU trace: circuit lacks generated CUDA coverage circuit=50 rows=1658
2026-09-16T21:40:14.255523Z DEBUG aiur::gpu_trace: CPU trace: circuit lacks generated CUDA coverage circuit=80 rows=44451
2026-09-16T21:40:14.256016Z DEBUG aiur::gpu_trace: CPU trace: circuit lacks generated CUDA coverage circuit=136 rows=27850
2026-09-16T21:40:14.256066Z DEBUG aiur::gpu_trace: CPU trace: circuit lacks generated CUDA coverage circuit=135 rows=3923
2026-09-16T21:40:14.256226Z DEBUG aiur::gpu_trace: CPU trace: circuit lacks generated CUDA coverage circuit=146 rows=92582
2026-09-16T21:40:14.256263Z DEBUG aiur::gpu_trace: CPU trace: circuit lacks generated CUDA coverage circuit=143 rows=237741
2026-09-16T21:40:14.256282Z DEBUG aiur::gpu_trace: CPU trace: circuit lacks generated CUDA coverage circuit=159 rows=18795
2026-09-16T21:40:14.256632Z DEBUG aiur::gpu_trace: CPU trace: circuit lacks generated CUDA coverage circuit=158 rows=10373
2026-09-16T21:40:14.256649Z DEBUG aiur::gpu_trace: CPU trace: circuit lacks generated CUDA coverage circuit=19 rows=61412
2026-09-16T21:40:14.256703Z DEBUG aiur::gpu_trace: CPU trace: circuit lacks generated CUDA coverage circuit=58 rows=3263
2026-09-16T21:40:14.258075Z DEBUG aiur::gpu_trace: CPU trace: circuit lacks generated CUDA coverage circuit=84 rows=36
2026-09-16T21:40:14.258385Z DEBUG aiur::gpu_trace: CPU trace: circuit lacks generated CUDA coverage circuit=61 rows=7877
2026-09-16T21:40:14.259352Z DEBUG aiur::gpu_trace: CPU trace: circuit lacks generated CUDA coverage circuit=67 rows=3669
2026-09-16T21:40:14.260133Z DEBUG aiur::gpu_trace: CPU trace: circuit lacks generated CUDA coverage circuit=86 rows=12372
2026-09-16T21:40:14.265529Z DEBUG aiur::gpu_trace: CPU trace: circuit lacks generated CUDA coverage circuit=163 rows=183970
2026-09-16T21:40:14.265876Z DEBUG aiur::gpu_trace: CPU trace: circuit lacks generated CUDA coverage circuit=78 rows=7581
2026-09-16T21:40:14.267586Z DEBUG aiur::gpu_trace: CPU trace: circuit lacks generated CUDA coverage circuit=72 rows=13643
2026-09-16T21:40:14.277782Z DEBUG aiur::gpu_trace: CPU trace: circuit lacks generated CUDA coverage circuit=149 rows=235731
2026-09-16T21:40:14.280844Z DEBUG aiur::gpu_trace: CPU trace: circuit lacks generated CUDA coverage circuit=160 rows=22356
2026-09-16T21:40:14.281284Z DEBUG aiur::gpu_trace: CPU trace: circuit lacks generated CUDA coverage circuit=55 rows=4887
2026-09-16T21:40:14.281753Z DEBUG aiur::gpu_trace: CPU trace: circuit lacks generated CUDA coverage circuit=73 rows=25332
2026-09-16T21:40:14.281761Z DEBUG aiur/codegen_seeds{circuit=56 rows=141}: aiur::trace_codegen::cuda: prepared generated CUDA trace circuit=56 rows=141 width=49 seed_bytes=11280 seed_spans=1
2026-09-16T21:40:14.289297Z DEBUG aiur/codegen_seeds{circuit=6 rows=25367}: aiur::trace_codegen::cuda: prepared generated CUDA trace circuit=6 rows=25367 width=63 seed_bytes=4731864 seed_spans=4
[lanes] worker 0: claim 1 proven at +212s (2 left)
[trace-shards] 9 shards, 1500000000 committed cells: record 19464827503 B in shared pool, host workspace 16678134938 B of 26088568116 B reserved per prover; regenerating round 2
[lanes] executor 0: claim 3 executed in 109.4s, record 19464827503 B (18.1 GiB) at +221s
[lanes] join 2 dispatched at +221s
[lanes] worker 0: claim 3 proving started at +221s
[lanes] executor 0: join 2 execution started at +221s
[aggregate] structural-joining slots 0, 1 into 2
2026-09-16T21:40:27.463622Z DEBUG aiur::gpu_trace: CPU trace: circuit lacks generated CUDA coverage circuit=90 rows=71405
2026-09-16T21:40:27.463796Z DEBUG aiur::gpu_trace: CPU trace: circuit lacks generated CUDA coverage circuit=79 rows=2
2026-09-16T21:40:27.463843Z DEBUG aiur::gpu_trace: CPU trace: circuit lacks generated CUDA coverage circuit=22 rows=40
2026-09-16T21:40:27.464468Z DEBUG aiur::gpu_trace: CPU trace: circuit lacks generated CUDA coverage circuit=117 rows=10717034
2026-09-16T21:40:27.465590Z DEBUG aiur::gpu_trace: CPU trace: circuit lacks generated CUDA coverage circuit=176 rows=1
2026-09-16T21:40:27.554969Z DEBUG aiur/codegen_seeds{circuit=16 rows=1048576}: aiur::trace_codegen::cuda: prepared generated CUDA trace circuit=16 rows=1048576 width=533 seed_bytes=184549376 seed_spans=16
2026-09-16T21:40:28.731536Z DEBUG aiur::gpu_trace: CPU trace: circuit lacks generated CUDA coverage circuit=153 rows=987
2026-09-16T21:40:28.732390Z DEBUG aiur::gpu_trace: CPU trace: circuit lacks generated CUDA coverage circuit=26 rows=5
2026-09-16T21:40:28.732749Z DEBUG aiur::gpu_trace: CPU trace: circuit lacks generated CUDA coverage circuit=91 rows=4288836
2026-09-16T21:40:28.732773Z DEBUG aiur::gpu_trace: CPU trace: circuit lacks generated CUDA coverage circuit=53 rows=13607
2026-09-16T21:40:28.732899Z DEBUG aiur::gpu_trace: CPU trace: circuit lacks generated CUDA coverage circuit=50 rows=956
2026-09-16T21:40:28.732915Z DEBUG aiur::gpu_trace: CPU trace: circuit lacks generated CUDA coverage circuit=129 rows=305895
2026-09-16T21:40:28.819738Z DEBUG aiur/codegen_seeds{circuit=16 rows=1048576}: aiur::trace_codegen::cuda: prepared generated CUDA trace circuit=16 rows=1048576 width=533 seed_bytes=184549376 seed_spans=16
2026-09-16T21:40:29.728611Z DEBUG aiur::gpu_trace: CPU trace: circuit lacks generated CUDA coverage circuit=12 rows=16777216
2026-09-16T21:40:29.729578Z DEBUG aiur::gpu_trace: CPU trace: circuit lacks generated CUDA coverage circuit=34 rows=806750
2026-09-16T21:40:29.730039Z DEBUG aiur::gpu_trace: CPU trace: circuit lacks generated CUDA coverage circuit=75 rows=5
2026-09-16T21:40:29.730216Z DEBUG aiur::gpu_trace: CPU trace: circuit lacks generated CUDA coverage circuit=60 rows=51
2026-09-16T21:40:29.794881Z DEBUG aiur/codegen_seeds{circuit=16 rows=774008}: aiur::trace_codegen::cuda: prepared generated CUDA trace circuit=16 rows=774008 width=533 seed_bytes=136225408 seed_spans=12
2026-09-16T21:40:31.457284Z DEBUG aiur::gpu_trace: CPU trace: circuit lacks generated CUDA coverage circuit=52 rows=136816
2026-09-16T21:40:31.458003Z DEBUG aiur::gpu_trace: CPU trace: circuit lacks generated CUDA coverage circuit=42 rows=5709906
2026-09-16T21:40:31.458298Z DEBUG aiur::gpu_trace: CPU trace: circuit lacks generated CUDA coverage circuit=27 rows=2112
2026-09-16T21:40:31.458455Z DEBUG aiur/codegen_seeds{circuit=56 rows=42}: aiur::trace_codegen::cuda: prepared generated CUDA trace circuit=56 rows=42 width=49 seed_bytes=3360 seed_spans=1
2026-09-16T21:40:31.458463Z DEBUG aiur::gpu_trace: CPU trace: circuit lacks generated CUDA coverage circuit=170 rows=10342533
2026-09-16T21:40:31.459661Z DEBUG aiur::gpu_trace: CPU trace: circuit lacks generated CUDA coverage circuit=112 rows=6880798
2026-09-16T21:40:31.459677Z DEBUG aiur::gpu_trace: CPU trace: circuit lacks generated CUDA coverage circuit=110 rows=3009599
2026-09-16T21:40:31.460295Z DEBUG aiur::gpu_trace: CPU trace: circuit lacks generated CUDA coverage circuit=84 rows=42
2026-09-16T21:40:32.929401Z DEBUG aiur::gpu_trace: CPU trace: circuit lacks generated CUDA coverage circuit=3 rows=8
2026-09-16T21:40:32.929537Z DEBUG aiur/codegen_seeds{circuit=63 rows=27}: aiur::trace_codegen::cuda: prepared generated CUDA trace circuit=63 rows=27 width=68 seed_bytes=5616 seed_spans=1
2026-09-16T21:40:32.930349Z DEBUG aiur::gpu_trace: CPU trace: circuit lacks generated CUDA coverage circuit=62 rows=45
2026-09-16T21:40:32.930693Z DEBUG aiur::gpu_trace: CPU trace: circuit lacks generated CUDA coverage circuit=33 rows=6366783
2026-09-16T21:40:32.930823Z DEBUG aiur::gpu_trace: CPU trace: circuit lacks generated CUDA coverage circuit=107 rows=7702343
2026-09-16T21:40:32.930924Z DEBUG aiur::gpu_trace: CPU trace: circuit lacks generated CUDA coverage circuit=77 rows=3
2026-09-16T21:40:32.931346Z DEBUG aiur::gpu_trace: CPU trace: circuit lacks generated CUDA coverage circuit=121 rows=285799
2026-09-16T21:40:32.931932Z DEBUG aiur::gpu_trace: CPU trace: circuit lacks generated CUDA coverage circuit=101 rows=6149238
2026-09-16T21:40:32.932045Z DEBUG aiur::gpu_trace: CPU trace: circuit lacks generated CUDA coverage circuit=87 rows=24
2026-09-16T21:40:32.932191Z DEBUG aiur::gpu_trace: CPU trace: circuit lacks generated CUDA coverage circuit=36 rows=5723878
2026-09-16T21:40:33.005579Z DEBUG aiur/codegen_seeds{circuit=102 rows=2155801}: aiur::trace_codegen::cuda: prepared generated CUDA trace circuit=102 rows=2155801 width=43 seed_bytes=86232040 seed_spans=33
2026-09-16T21:40:34.638385Z DEBUG aiur::gpu_trace: CPU trace: circuit lacks generated CUDA coverage circuit=21 rows=5
2026-09-16T21:40:34.638386Z DEBUG aiur::gpu_trace: CPU trace: circuit lacks generated CUDA coverage circuit=38 rows=3812578
2026-09-16T21:40:34.638393Z DEBUG aiur::gpu_trace: CPU trace: circuit lacks generated CUDA coverage circuit=13 rows=306826
2026-09-16T21:40:34.638950Z DEBUG aiur::gpu_trace: CPU trace: circuit lacks generated CUDA coverage circuit=116 rows=846200
2026-09-16T21:40:34.639401Z DEBUG aiur::gpu_trace: CPU trace: circuit lacks generated CUDA coverage circuit=119 rows=8276495
2026-09-16T21:40:34.639766Z DEBUG aiur::gpu_trace: CPU trace: circuit lacks generated CUDA coverage circuit=57 rows=42
2026-09-16T21:40:34.639819Z DEBUG aiur::gpu_trace: CPU trace: circuit lacks generated CUDA coverage circuit=64 rows=12
2026-09-16T21:40:34.640067Z DEBUG aiur::gpu_trace: CPU trace: circuit lacks generated CUDA coverage circuit=69 rows=15
2026-09-16T21:40:34.640391Z DEBUG aiur::gpu_trace: CPU trace: circuit lacks generated CUDA coverage circuit=70 rows=16
2026-09-16T21:40:34.640501Z DEBUG aiur::gpu_trace: CPU trace: circuit lacks generated CUDA coverage circuit=71 rows=16
2026-09-16T21:40:34.640721Z DEBUG aiur::gpu_trace: CPU trace: circuit lacks generated CUDA coverage circuit=111 rows=7179957
2026-09-16T21:40:34.640785Z DEBUG aiur::gpu_trace: CPU trace: circuit lacks generated CUDA coverage circuit=106 rows=7892517
2026-09-16T21:40:34.640995Z DEBUG aiur::gpu_trace: CPU trace: circuit lacks generated CUDA coverage circuit=74 rows=775
2026-09-16T21:40:34.641053Z DEBUG aiur::gpu_trace: CPU trace: circuit lacks generated CUDA coverage circuit=177 rows=4936168
2026-09-16T21:40:34.641285Z DEBUG aiur::gpu_trace: CPU trace: circuit lacks generated CUDA coverage circuit=68 rows=16
2026-09-16T21:40:34.641426Z DEBUG aiur::gpu_trace: CPU trace: circuit lacks generated CUDA coverage circuit=93 rows=13648
2026-09-16T21:40:36.130311Z DEBUG aiur::gpu_trace: CPU trace: circuit lacks generated CUDA coverage circuit=12 rows=3707799
2026-09-16T21:40:36.130319Z DEBUG aiur::gpu_trace: CPU trace: circuit lacks generated CUDA coverage circuit=54 rows=2684902
2026-09-16T21:40:36.130799Z DEBUG aiur::gpu_trace: CPU trace: circuit lacks generated CUDA coverage circuit=5 rows=679
2026-09-16T21:40:36.131822Z DEBUG aiur::gpu_trace: CPU trace: circuit lacks generated CUDA coverage circuit=61 rows=5486
2026-09-16T21:40:36.132228Z DEBUG aiur::gpu_trace: CPU trace: circuit lacks generated CUDA coverage circuit=85 rows=478
2026-09-16T21:40:36.132391Z DEBUG aiur::gpu_trace: CPU trace: circuit lacks generated CUDA coverage circuit=109 rows=3450567
2026-09-16T21:40:36.132730Z DEBUG aiur::gpu_trace: CPU trace: circuit lacks generated CUDA coverage circuit=37 rows=759836
2026-09-16T21:40:36.132826Z DEBUG aiur::gpu_trace: CPU trace: circuit lacks generated CUDA coverage circuit=118 rows=2674877
2026-09-16T21:40:36.132866Z DEBUG aiur::gpu_trace: CPU trace: circuit lacks generated CUDA coverage circuit=183 rows=5848581
2026-09-16T21:40:36.133317Z DEBUG aiur::gpu_trace: CPU trace: circuit lacks generated CUDA coverage circuit=162 rows=1722394
2026-09-16T21:40:36.133712Z DEBUG aiur::gpu_trace: CPU trace: circuit lacks generated CUDA coverage circuit=167 rows=1827728
2026-09-16T21:40:36.133860Z DEBUG aiur::gpu_trace: CPU trace: circuit lacks generated CUDA coverage circuit=168 rows=1508723
2026-09-16T21:40:36.376913Z DEBUG aiur/codegen_seeds{circuit=15 rows=305220}: aiur::trace_codegen::cuda: prepared generated CUDA trace circuit=15 rows=305220 width=177 seed_bytes=124529760 seed_spans=8
2026-09-16T21:40:37.623927Z DEBUG aiur::gpu_trace: CPU trace: circuit lacks generated CUDA coverage circuit=20 rows=473770
2026-09-16T21:40:37.623926Z DEBUG aiur::gpu_trace: CPU trace: circuit lacks generated CUDA coverage circuit=120 rows=1657250
2026-09-16T21:40:37.624632Z DEBUG aiur::gpu_trace: CPU trace: circuit lacks generated CUDA coverage circuit=115 rows=1314496
2026-09-16T21:40:37.624647Z DEBUG aiur::gpu_trace: CPU trace: circuit lacks generated CUDA coverage circuit=44 rows=228794
2026-09-16T21:40:37.624693Z DEBUG aiur::gpu_trace: CPU trace: circuit lacks generated CUDA coverage circuit=128 rows=230572
2026-09-16T21:40:37.625239Z DEBUG aiur::gpu_trace: CPU trace: circuit lacks generated CUDA coverage circuit=24 rows=515620
2026-09-16T21:40:37.625536Z DEBUG aiur::gpu_trace: CPU trace: circuit lacks generated CUDA coverage circuit=113 rows=1955430
2026-09-16T21:40:37.625565Z DEBUG aiur::gpu_trace: CPU trace: circuit lacks generated CUDA coverage circuit=179 rows=2249785
2026-09-16T21:40:37.625587Z DEBUG aiur::gpu_trace: CPU trace: circuit lacks generated CUDA coverage circuit=166 rows=1520898
2026-09-16T21:40:37.625989Z DEBUG aiur::gpu_trace: CPU trace: circuit lacks generated CUDA coverage circuit=88 rows=2066135
2026-09-16T21:40:37.625993Z DEBUG aiur::gpu_trace: CPU trace: circuit lacks generated CUDA coverage circuit=126 rows=279647
2026-09-16T21:40:37.626050Z DEBUG aiur::gpu_trace: CPU trace: circuit lacks generated CUDA coverage circuit=156 rows=573574
2026-09-16T21:40:37.626948Z DEBUG aiur::gpu_trace: CPU trace: circuit lacks generated CUDA coverage circuit=45 rows=1379852
2026-09-16T21:40:37.627174Z DEBUG aiur::gpu_trace: CPU trace: circuit lacks generated CUDA coverage circuit=180 rows=2669537
2026-09-16T21:40:37.627181Z DEBUG aiur::gpu_trace: CPU trace: circuit lacks generated CUDA coverage circuit=178 rows=3069412
2026-09-16T21:40:37.627185Z DEBUG aiur::gpu_trace: CPU trace: circuit lacks generated CUDA coverage circuit=122 rows=1060856
2026-09-16T21:40:37.627384Z DEBUG aiur::gpu_trace: CPU trace: circuit lacks generated CUDA coverage circuit=152 rows=558410
2026-09-16T21:40:37.627490Z DEBUG aiur::gpu_trace: CPU trace: circuit lacks generated CUDA coverage circuit=150 rows=1076571
2026-09-16T21:40:37.627500Z DEBUG aiur::gpu_trace: CPU trace: circuit lacks generated CUDA coverage circuit=169 rows=1249211
2026-09-16T21:40:39.141844Z DEBUG aiur::gpu_trace: CPU trace: circuit lacks generated CUDA coverage circuit=0 rows=114125
2026-09-16T21:40:39.141846Z DEBUG aiur::gpu_trace: CPU trace: circuit lacks generated CUDA coverage circuit=25 rows=41274
2026-09-16T21:40:39.141844Z DEBUG aiur::gpu_trace: CPU trace: circuit lacks generated CUDA coverage circuit=31 rows=3207
2026-09-16T21:40:39.141844Z DEBUG aiur::gpu_trace: CPU trace: circuit lacks generated CUDA coverage circuit=127 rows=324508
2026-09-16T21:40:39.141844Z DEBUG aiur::gpu_trace: CPU trace: circuit lacks generated CUDA coverage circuit=1 rows=19037
2026-09-16T21:40:39.141849Z DEBUG aiur::gpu_trace: CPU trace: circuit lacks generated CUDA coverage circuit=9 rows=32455
2026-09-16T21:40:39.141844Z DEBUG aiur::gpu_trace: CPU trace: circuit lacks generated CUDA coverage circuit=76 rows=38610
2026-09-16T21:40:39.141846Z DEBUG aiur::gpu_trace: CPU trace: circuit lacks generated CUDA coverage circuit=51 rows=16537
2026-09-16T21:40:39.142016Z DEBUG aiur::gpu_trace: CPU trace: circuit lacks generated CUDA coverage circuit=4 rows=22108
2026-09-16T21:40:39.142037Z DEBUG aiur::gpu_trace: CPU trace: circuit lacks generated CUDA coverage circuit=103 rows=345717
2026-09-16T21:40:39.142073Z DEBUG aiur::gpu_trace: CPU trace: circuit lacks generated CUDA coverage circuit=154 rows=21826
2026-09-16T21:40:39.142117Z DEBUG aiur::gpu_trace: CPU trace: circuit lacks generated CUDA coverage circuit=65 rows=59383
2026-09-16T21:40:39.142160Z DEBUG aiur::gpu_trace: CPU trace: circuit lacks generated CUDA coverage circuit=46 rows=125926
2026-09-16T21:40:39.142170Z DEBUG aiur::gpu_trace: CPU trace: circuit lacks generated CUDA coverage circuit=14 rows=820034
2026-09-16T21:40:39.142179Z DEBUG aiur::gpu_trace: CPU trace: circuit lacks generated CUDA coverage circuit=39 rows=189266
2026-09-16T21:40:39.145016Z DEBUG aiur::gpu_trace: CPU trace: circuit lacks generated CUDA coverage circuit=32 rows=171950
2026-09-16T21:40:39.150806Z DEBUG aiur::gpu_trace: CPU trace: circuit lacks generated CUDA coverage circuit=155 rows=30887
2026-09-16T21:40:39.152672Z DEBUG aiur::gpu_trace: CPU trace: circuit lacks generated CUDA coverage circuit=181 rows=285687
2026-09-16T21:40:39.159481Z DEBUG aiur/codegen_seeds{circuit=6 rows=17291}: aiur::trace_codegen::cuda: prepared generated CUDA trace circuit=6 rows=17291 width=63 seed_bytes=3062304 seed_spans=4
2026-09-16T21:40:39.159517Z DEBUG aiur::gpu_trace: CPU trace: circuit lacks generated CUDA coverage circuit=7 rows=44180
2026-09-16T21:40:39.165295Z DEBUG aiur::gpu_trace: CPU trace: circuit lacks generated CUDA coverage circuit=157 rows=180752
2026-09-16T21:40:39.175445Z DEBUG aiur::gpu_trace: CPU trace: circuit lacks generated CUDA coverage circuit=8 rows=27552
2026-09-16T21:40:39.186640Z DEBUG aiur::gpu_trace: CPU trace: circuit lacks generated CUDA coverage circuit=78 rows=4827
2026-09-16T21:40:39.196265Z DEBUG aiur::gpu_trace: CPU trace: circuit lacks generated CUDA coverage circuit=80 rows=36365
2026-09-16T21:40:39.219219Z DEBUG aiur::gpu_trace: CPU trace: circuit lacks generated CUDA coverage circuit=81 rows=75199
2026-09-16T21:40:39.236533Z DEBUG aiur::gpu_trace: CPU trace: circuit lacks generated CUDA coverage circuit=2 rows=164005
2026-09-16T21:40:39.244517Z DEBUG aiur::gpu_trace: CPU trace: circuit lacks generated CUDA coverage circuit=114 rows=580548
2026-09-16T21:40:39.244770Z DEBUG aiur::gpu_trace: CPU trace: circuit lacks generated CUDA coverage circuit=55 rows=3987
2026-09-16T21:40:39.245535Z DEBUG aiur::gpu_trace: CPU trace: circuit lacks generated CUDA coverage circuit=123 rows=147121
2026-09-16T21:40:39.248148Z DEBUG aiur::gpu_trace: CPU trace: circuit lacks generated CUDA coverage circuit=40 rows=113054
2026-09-16T21:40:39.253751Z DEBUG aiur::gpu_trace: CPU trace: circuit lacks generated CUDA coverage circuit=66 rows=339
2026-09-16T21:40:39.254498Z DEBUG aiur::gpu_trace: CPU trace: circuit lacks generated CUDA coverage circuit=58 rows=1862
2026-09-16T21:40:39.255002Z DEBUG aiur::gpu_trace: CPU trace: circuit lacks generated CUDA coverage circuit=67 rows=2996
2026-09-16T21:40:39.260122Z DEBUG aiur::gpu_trace: CPU trace: circuit lacks generated CUDA coverage circuit=59 rows=84180
2026-09-16T21:40:39.264650Z DEBUG aiur::gpu_trace: CPU trace: circuit lacks generated CUDA coverage circuit=125 rows=362935
2026-09-16T21:40:39.286705Z DEBUG aiur::gpu_trace: CPU trace: circuit lacks generated CUDA coverage circuit=72 rows=14482
2026-09-16T21:40:39.299805Z DEBUG aiur::gpu_trace: CPU trace: circuit lacks generated CUDA coverage circuit=73 rows=23494
2026-09-16T21:40:39.300543Z DEBUG aiur::gpu_trace: CPU trace: circuit lacks generated CUDA coverage circuit=182 rows=322703
2026-09-16T21:40:39.310681Z DEBUG aiur::gpu_trace: CPU trace: circuit lacks generated CUDA coverage circuit=10 rows=29752
2026-09-16T21:40:39.311853Z DEBUG aiur::gpu_trace: CPU trace: circuit lacks generated CUDA coverage circuit=133 rows=193798
2026-09-16T21:40:39.319596Z DEBUG aiur::gpu_trace: CPU trace: circuit lacks generated CUDA coverage circuit=41 rows=483204
2026-09-16T21:40:39.325735Z DEBUG aiur::gpu_trace: CPU trace: circuit lacks generated CUDA coverage circuit=18 rows=13256
2026-09-16T21:40:39.333075Z DEBUG aiur/codegen_seeds{circuit=124 rows=40552}: aiur::trace_codegen::cuda: prepared generated CUDA trace circuit=124 rows=40552 width=98 seed_bytes=9262464 seed_spans=2
2026-09-16T21:40:39.337665Z DEBUG aiur::gpu_trace: CPU trace: circuit lacks generated CUDA coverage circuit=35 rows=49000
2026-09-16T21:40:39.338728Z DEBUG aiur::gpu_trace: CPU trace: circuit lacks generated CUDA coverage circuit=17 rows=13259
2026-09-16T21:40:39.343069Z DEBUG aiur::gpu_trace: CPU trace: circuit lacks generated CUDA coverage circuit=19 rows=43062
2026-09-16T21:40:39.354630Z DEBUG aiur/codegen_seeds{circuit=140 rows=407209}: aiur::trace_codegen::cuda: prepared generated CUDA trace circuit=140 rows=407209 width=25 seed_bytes=14255856 seed_spans=7
2026-09-16T21:40:39.354663Z DEBUG aiur::gpu_trace: CPU trace: circuit lacks generated CUDA coverage circuit=141 rows=243148
2026-09-16T21:40:39.378250Z DEBUG aiur::gpu_trace: CPU trace: circuit lacks generated CUDA coverage circuit=184 rows=146301
2026-09-16T21:40:39.378386Z DEBUG aiur::gpu_trace: CPU trace: circuit lacks generated CUDA coverage circuit=130 rows=182278
2026-09-16T21:40:39.393676Z DEBUG aiur::gpu_trace: CPU trace: circuit lacks generated CUDA coverage circuit=43 rows=54587
2026-09-16T21:40:39.399197Z DEBUG aiur::gpu_trace: CPU trace: circuit lacks generated CUDA coverage circuit=159 rows=24094
2026-09-16T21:40:39.409591Z DEBUG aiur::gpu_trace: CPU trace: circuit lacks generated CUDA coverage circuit=23 rows=50260
2026-09-16T21:40:39.411409Z DEBUG aiur::gpu_trace: CPU trace: circuit lacks generated CUDA coverage circuit=11 rows=105737
2026-09-16T21:40:39.411683Z DEBUG aiur::gpu_trace: CPU trace: circuit lacks generated CUDA coverage circuit=131 rows=333194
2026-09-16T21:40:39.415997Z DEBUG aiur::gpu_trace: CPU trace: circuit lacks generated CUDA coverage circuit=163 rows=136129
2026-09-16T21:40:39.446181Z DEBUG aiur::gpu_trace: CPU trace: circuit lacks generated CUDA coverage circuit=132 rows=956867
2026-09-16T21:40:39.454015Z DEBUG aiur::gpu_trace: CPU trace: circuit lacks generated CUDA coverage circuit=160 rows=26663
2026-09-16T21:40:39.461524Z DEBUG aiur::gpu_trace: CPU trace: circuit lacks generated CUDA coverage circuit=158 rows=11082
2026-09-16T21:40:39.464942Z DEBUG aiur::gpu_trace: CPU trace: circuit lacks generated CUDA coverage circuit=28 rows=2524
2026-09-16T21:40:39.468664Z DEBUG aiur::gpu_trace: CPU trace: circuit lacks generated CUDA coverage circuit=161 rows=141476
2026-09-16T21:40:39.468936Z DEBUG aiur::gpu_trace: CPU trace: circuit lacks generated CUDA coverage circuit=30 rows=12783
2026-09-16T21:40:39.472247Z DEBUG aiur::gpu_trace: CPU trace: circuit lacks generated CUDA coverage circuit=47 rows=215550
2026-09-16T21:40:39.474132Z DEBUG aiur::gpu_trace: CPU trace: circuit lacks generated CUDA coverage circuit=104 rows=166358
2026-09-16T21:40:39.498728Z DEBUG aiur::gpu_trace: CPU trace: circuit lacks generated CUDA coverage circuit=49 rows=91574
2026-09-16T21:40:39.533436Z DEBUG aiur::gpu_trace: CPU trace: circuit lacks generated CUDA coverage circuit=89 rows=91635
2026-09-16T21:40:39.541339Z DEBUG aiur::gpu_trace: CPU trace: circuit lacks generated CUDA coverage circuit=48 rows=16909
2026-09-16T21:40:39.548730Z DEBUG aiur::gpu_trace: CPU trace: circuit lacks generated CUDA coverage circuit=164 rows=704045
2026-09-16T21:40:39.561016Z DEBUG aiur::gpu_trace: CPU trace: circuit lacks generated CUDA coverage circuit=82 rows=98184
2026-09-16T21:40:39.561125Z DEBUG aiur::gpu_trace: CPU trace: circuit lacks generated CUDA coverage circuit=146 rows=69945
2026-09-16T21:40:39.572395Z DEBUG aiur::gpu_trace: CPU trace: circuit lacks generated CUDA coverage circuit=136 rows=18256
2026-09-16T21:40:39.572694Z DEBUG aiur::gpu_trace: CPU trace: circuit lacks generated CUDA coverage circuit=86 rows=9322
2026-09-16T21:40:39.575542Z DEBUG aiur::gpu_trace: CPU trace: circuit lacks generated CUDA coverage circuit=95 rows=21394
2026-09-16T21:40:39.577641Z DEBUG aiur::gpu_trace: CPU trace: circuit lacks generated CUDA coverage circuit=137 rows=247247
2026-09-16T21:40:39.579784Z DEBUG aiur::gpu_trace: CPU trace: circuit lacks generated CUDA coverage circuit=149 rows=187224
2026-09-16T21:40:39.587281Z DEBUG aiur::gpu_trace: CPU trace: circuit lacks generated CUDA coverage circuit=151 rows=782908
2026-09-16T21:40:39.601476Z DEBUG aiur::gpu_trace: CPU trace: circuit lacks generated CUDA coverage circuit=143 rows=188385
2026-09-16T21:40:39.603536Z DEBUG aiur::gpu_trace: CPU trace: circuit lacks generated CUDA coverage circuit=108 rows=981571
2026-09-16T21:40:39.604270Z DEBUG aiur::gpu_trace: CPU trace: circuit lacks generated CUDA coverage circuit=138 rows=718413
2026-09-16T21:40:39.614821Z DEBUG aiur::gpu_trace: CPU trace: circuit lacks generated CUDA coverage circuit=96 rows=63896
2026-09-16T21:40:39.629723Z DEBUG aiur::gpu_trace: CPU trace: circuit lacks generated CUDA coverage circuit=105 rows=359561
2026-09-16T21:40:39.631718Z DEBUG aiur::gpu_trace: CPU trace: circuit lacks generated CUDA coverage circuit=144 rows=188490
2026-09-16T21:40:39.637492Z DEBUG aiur::gpu_trace: CPU trace: circuit lacks generated CUDA coverage circuit=83 rows=26521
2026-09-16T21:40:39.638074Z DEBUG aiur::gpu_trace: CPU trace: circuit lacks generated CUDA coverage circuit=142 rows=291805
2026-09-16T21:40:39.687612Z DEBUG aiur::gpu_trace: CPU trace: circuit lacks generated CUDA coverage circuit=92 rows=74955
2026-09-16T21:40:39.688998Z DEBUG aiur::gpu_trace: CPU trace: circuit lacks generated CUDA coverage circuit=97 rows=185222
2026-09-16T21:40:39.693054Z DEBUG aiur::gpu_trace: CPU trace: circuit lacks generated CUDA coverage circuit=134 rows=209735
2026-09-16T21:40:39.749438Z DEBUG aiur::gpu_trace: CPU trace: circuit lacks generated CUDA coverage circuit=94 rows=18884
2026-09-16T21:40:39.750506Z DEBUG aiur::gpu_trace: CPU trace: circuit lacks generated CUDA coverage circuit=147 rows=222828
2026-09-16T21:40:39.753630Z DEBUG aiur::gpu_trace: CPU trace: circuit lacks generated CUDA coverage circuit=135 rows=3063
2026-09-16T21:40:39.771748Z DEBUG aiur::gpu_trace: CPU trace: circuit lacks generated CUDA coverage circuit=139 rows=226589
2026-09-16T21:40:39.780194Z DEBUG aiur::gpu_trace: CPU trace: circuit lacks generated CUDA coverage circuit=148 rows=202435
2026-09-16T21:40:39.789177Z DEBUG aiur::gpu_trace: CPU trace: circuit lacks generated CUDA coverage circuit=145 rows=251077
2026-09-16T21:40:39.922795Z DEBUG aiur::gpu_trace: CPU trace: circuit lacks generated CUDA coverage circuit=98 rows=187513
2026-09-16T21:40:39.927222Z DEBUG aiur::gpu_trace: CPU trace: circuit lacks generated CUDA coverage circuit=100 rows=367368
2026-09-16T21:40:39.932871Z DEBUG aiur::gpu_trace: CPU trace: circuit lacks generated CUDA coverage circuit=99 rows=371390
2026-09-16T21:40:41.515729Z DEBUG aiur::gpu_trace: CPU trace: circuit lacks generated CUDA coverage circuit=117 rows=10717034
2026-09-16T21:40:41.516337Z DEBUG aiur::gpu_trace: CPU trace: circuit lacks generated CUDA coverage circuit=22 rows=40
2026-09-16T21:40:41.517364Z DEBUG aiur::gpu_trace: CPU trace: circuit lacks generated CUDA coverage circuit=90 rows=71405
2026-09-16T21:40:41.517383Z DEBUG aiur::gpu_trace: CPU trace: circuit lacks generated CUDA coverage circuit=79 rows=2
2026-09-16T21:40:41.518406Z DEBUG aiur::gpu_trace: CPU trace: circuit lacks generated CUDA coverage circuit=176 rows=1
2026-09-16T21:40:41.664964Z DEBUG aiur/codegen_seeds{circuit=16 rows=1048576}: aiur::trace_codegen::cuda: prepared generated CUDA trace circuit=16 rows=1048576 width=533 seed_bytes=184549376 seed_spans=16
2026-09-16T21:40:42.818692Z DEBUG aiur::gpu_trace: CPU trace: circuit lacks generated CUDA coverage circuit=153 rows=987
2026-09-16T21:40:42.819005Z DEBUG aiur::gpu_trace: CPU trace: circuit lacks generated CUDA coverage circuit=26 rows=5
2026-09-16T21:40:42.819699Z DEBUG aiur::gpu_trace: CPU trace: circuit lacks generated CUDA coverage circuit=53 rows=13607
2026-09-16T21:40:42.819758Z DEBUG aiur::gpu_trace: CPU trace: circuit lacks generated CUDA coverage circuit=129 rows=305895
2026-09-16T21:40:42.820482Z DEBUG aiur::gpu_trace: CPU trace: circuit lacks generated CUDA coverage circuit=50 rows=956
2026-09-16T21:40:42.821188Z DEBUG aiur::gpu_trace: CPU trace: circuit lacks generated CUDA coverage circuit=91 rows=4288836
2026-09-16T21:40:42.907263Z DEBUG aiur/codegen_seeds{circuit=16 rows=1048576}: aiur::trace_codegen::cuda: prepared generated CUDA trace circuit=16 rows=1048576 width=533 seed_bytes=184549376 seed_spans=16
[trace-shards] 10 shards, 1500000000 committed cells: record 22378934326 B in shared pool, host workspace 17347067431 B of 26088568116 B reserved per prover; regenerating round 2
[lanes] executor 1: claim 2 executed in 129.0s, record 22378934326 B (20.8 GiB) at +239s
2026-09-16T21:40:45.525962Z DEBUG aiur::gpu_trace: CPU trace: circuit lacks generated CUDA coverage circuit=12 rows=16777216
2026-09-16T21:40:45.527888Z DEBUG aiur::gpu_trace: CPU trace: circuit lacks generated CUDA coverage circuit=75 rows=5
2026-09-16T21:40:45.528271Z DEBUG aiur::gpu_trace: CPU trace: circuit lacks generated CUDA coverage circuit=34 rows=806750
2026-09-16T21:40:45.528389Z DEBUG aiur::gpu_trace: CPU trace: circuit lacks generated CUDA coverage circuit=60 rows=51
2026-09-16T21:40:45.598299Z DEBUG aiur/codegen_seeds{circuit=16 rows=774008}: aiur::trace_codegen::cuda: prepared generated CUDA trace circuit=16 rows=774008 width=533 seed_bytes=136225408 seed_spans=12
2026-09-16T21:40:48.477846Z DEBUG aiur::gpu_trace: CPU trace: circuit lacks generated CUDA coverage circuit=52 rows=136816
2026-09-16T21:40:48.478913Z DEBUG aiur::gpu_trace: CPU trace: circuit lacks generated CUDA coverage circuit=112 rows=6880798
2026-09-16T21:40:48.479006Z DEBUG aiur/codegen_seeds{circuit=56 rows=42}: aiur::trace_codegen::cuda: prepared generated CUDA trace circuit=56 rows=42 width=49 seed_bytes=3360 seed_spans=1
2026-09-16T21:40:48.479111Z DEBUG aiur::gpu_trace: CPU trace: circuit lacks generated CUDA coverage circuit=27 rows=2112
2026-09-16T21:40:48.479490Z DEBUG aiur::gpu_trace: CPU trace: circuit lacks generated CUDA coverage circuit=110 rows=3009599
2026-09-16T21:40:48.479668Z DEBUG aiur::gpu_trace: CPU trace: circuit lacks generated CUDA coverage circuit=170 rows=10342533
2026-09-16T21:40:48.479917Z DEBUG aiur::gpu_trace: CPU trace: circuit lacks generated CUDA coverage circuit=42 rows=5709906
2026-09-16T21:40:48.480772Z DEBUG aiur::gpu_trace: CPU trace: circuit lacks generated CUDA coverage circuit=84 rows=42
2026-09-16T21:40:51.246329Z DEBUG aiur::gpu_trace: CPU trace: circuit lacks generated CUDA coverage circuit=3 rows=8
2026-09-16T21:40:51.246440Z DEBUG aiur/codegen_seeds{circuit=63 rows=27}: aiur::trace_codegen::cuda: prepared generated CUDA trace circuit=63 rows=27 width=68 seed_bytes=5616 seed_spans=1
2026-09-16T21:40:51.246886Z DEBUG aiur::gpu_trace: CPU trace: circuit lacks generated CUDA coverage circuit=107 rows=7702343
2026-09-16T21:40:51.247217Z DEBUG aiur::gpu_trace: CPU trace: circuit lacks generated CUDA coverage circuit=77 rows=3
2026-09-16T21:40:51.247293Z DEBUG aiur::gpu_trace: CPU trace: circuit lacks generated CUDA coverage circuit=33 rows=6366783
2026-09-16T21:40:51.247515Z DEBUG aiur::gpu_trace: CPU trace: circuit lacks generated CUDA coverage circuit=36 rows=5723878
2026-09-16T21:40:51.247656Z DEBUG aiur::gpu_trace: CPU trace: circuit lacks generated CUDA coverage circuit=62 rows=45
2026-09-16T21:40:51.248266Z DEBUG aiur::gpu_trace: CPU trace: circuit lacks generated CUDA coverage circuit=101 rows=6149238
2026-09-16T21:40:51.249026Z DEBUG aiur::gpu_trace: CPU trace: circuit lacks generated CUDA coverage circuit=87 rows=24
2026-09-16T21:40:51.249154Z DEBUG aiur::gpu_trace: CPU trace: circuit lacks generated CUDA coverage circuit=121 rows=285799
2026-09-16T21:40:51.346591Z DEBUG aiur/codegen_seeds{circuit=102 rows=2155801}: aiur::trace_codegen::cuda: prepared generated CUDA trace circuit=102 rows=2155801 width=43 seed_bytes=86232040 seed_spans=33
2026-09-16T21:40:55.561038Z DEBUG aiur::gpu_trace: CPU trace: circuit lacks generated CUDA coverage circuit=57 rows=42
2026-09-16T21:40:55.561038Z DEBUG aiur::gpu_trace: CPU trace: circuit lacks generated CUDA coverage circuit=69 rows=15
2026-09-16T21:40:55.561111Z DEBUG aiur::gpu_trace: CPU trace: circuit lacks generated CUDA coverage circuit=111 rows=7179957
2026-09-16T21:40:55.561456Z DEBUG aiur::gpu_trace: CPU trace: circuit lacks generated CUDA coverage circuit=64 rows=12
2026-09-16T21:40:55.561607Z DEBUG aiur::gpu_trace: CPU trace: circuit lacks generated CUDA coverage circuit=13 rows=306826
2026-09-16T21:40:55.561621Z DEBUG aiur::gpu_trace: CPU trace: circuit lacks generated CUDA coverage circuit=38 rows=3812578
2026-09-16T21:40:55.561741Z DEBUG aiur::gpu_trace: CPU trace: circuit lacks generated CUDA coverage circuit=116 rows=846200
2026-09-16T21:40:55.562124Z DEBUG aiur::gpu_trace: CPU trace: circuit lacks generated CUDA coverage circuit=21 rows=5
2026-09-16T21:40:55.562183Z DEBUG aiur::gpu_trace: CPU trace: circuit lacks generated CUDA coverage circuit=68 rows=16
2026-09-16T21:40:55.562268Z DEBUG aiur::gpu_trace: CPU trace: circuit lacks generated CUDA coverage circuit=70 rows=16
2026-09-16T21:40:55.562650Z DEBUG aiur::gpu_trace: CPU trace: circuit lacks generated CUDA coverage circuit=106 rows=7892517
2026-09-16T21:40:55.562939Z DEBUG aiur::gpu_trace: CPU trace: circuit lacks generated CUDA coverage circuit=177 rows=4936168
2026-09-16T21:40:55.563010Z DEBUG aiur::gpu_trace: CPU trace: circuit lacks generated CUDA coverage circuit=71 rows=16
2026-09-16T21:40:55.563150Z DEBUG aiur::gpu_trace: CPU trace: circuit lacks generated CUDA coverage circuit=119 rows=8276495
2026-09-16T21:40:55.563430Z DEBUG aiur::gpu_trace: CPU trace: circuit lacks generated CUDA coverage circuit=74 rows=775
2026-09-16T21:40:55.564546Z DEBUG aiur::gpu_trace: CPU trace: circuit lacks generated CUDA coverage circuit=93 rows=13648
2026-09-16T21:40:58.689846Z DEBUG aiur::gpu_trace: CPU trace: circuit lacks generated CUDA coverage circuit=12 rows=3707799
2026-09-16T21:40:58.690460Z DEBUG aiur::gpu_trace: CPU trace: circuit lacks generated CUDA coverage circuit=109 rows=3450567
2026-09-16T21:40:58.690822Z DEBUG aiur::gpu_trace: CPU trace: circuit lacks generated CUDA coverage circuit=167 rows=1827728
2026-09-16T21:40:58.690890Z DEBUG aiur::gpu_trace: CPU trace: circuit lacks generated CUDA coverage circuit=5 rows=679
2026-09-16T21:40:58.691140Z DEBUG aiur::gpu_trace: CPU trace: circuit lacks generated CUDA coverage circuit=168 rows=1508723
2026-09-16T21:40:58.691195Z DEBUG aiur::gpu_trace: CPU trace: circuit lacks generated CUDA coverage circuit=183 rows=5848581
2026-09-16T21:40:58.691379Z DEBUG aiur::gpu_trace: CPU trace: circuit lacks generated CUDA coverage circuit=54 rows=2684902
2026-09-16T21:40:58.691420Z DEBUG aiur::gpu_trace: CPU trace: circuit lacks generated CUDA coverage circuit=118 rows=2674877
2026-09-16T21:40:58.692098Z DEBUG aiur::gpu_trace: CPU trace: circuit lacks generated CUDA coverage circuit=162 rows=1722394
2026-09-16T21:40:58.692203Z DEBUG aiur::gpu_trace: CPU trace: circuit lacks generated CUDA coverage circuit=37 rows=759836
2026-09-16T21:40:58.693388Z DEBUG aiur::gpu_trace: CPU trace: circuit lacks generated CUDA coverage circuit=85 rows=478
2026-09-16T21:40:58.693400Z DEBUG aiur::gpu_trace: CPU trace: circuit lacks generated CUDA coverage circuit=61 rows=5486
2026-09-16T21:40:58.870522Z DEBUG aiur/codegen_seeds{circuit=15 rows=305220}: aiur::trace_codegen::cuda: prepared generated CUDA trace circuit=15 rows=305220 width=177 seed_bytes=124529760 seed_spans=8
2026-09-16T21:41:02.227786Z DEBUG aiur::gpu_trace: CPU trace: circuit lacks generated CUDA coverage circuit=179 rows=2249785
2026-09-16T21:41:02.228352Z DEBUG aiur::gpu_trace: CPU trace: circuit lacks generated CUDA coverage circuit=88 rows=2066135
2026-09-16T21:41:02.228363Z DEBUG aiur::gpu_trace: CPU trace: circuit lacks generated CUDA coverage circuit=166 rows=1520898
2026-09-16T21:41:02.228720Z DEBUG aiur::gpu_trace: CPU trace: circuit lacks generated CUDA coverage circuit=128 rows=230572
2026-09-16T21:41:02.228852Z DEBUG aiur::gpu_trace: CPU trace: circuit lacks generated CUDA coverage circuit=156 rows=573574
2026-09-16T21:41:02.229464Z DEBUG aiur::gpu_trace: CPU trace: circuit lacks generated CUDA coverage circuit=178 rows=3069412
2026-09-16T21:41:02.229506Z DEBUG aiur::gpu_trace: CPU trace: circuit lacks generated CUDA coverage circuit=120 rows=1657250
2026-09-16T21:41:02.229899Z DEBUG aiur::gpu_trace: CPU trace: circuit lacks generated CUDA coverage circuit=169 rows=1249211
2026-09-16T21:41:02.229903Z DEBUG aiur::gpu_trace: CPU trace: circuit lacks generated CUDA coverage circuit=115 rows=1314496
2026-09-16T21:41:02.230023Z DEBUG aiur::gpu_trace: CPU trace: circuit lacks generated CUDA coverage circuit=44 rows=228794
2026-09-16T21:41:02.230062Z DEBUG aiur::gpu_trace: CPU trace: circuit lacks generated CUDA coverage circuit=113 rows=1955430
2026-09-16T21:41:02.230457Z DEBUG aiur::gpu_trace: CPU trace: circuit lacks generated CUDA coverage circuit=20 rows=473770
2026-09-16T21:41:02.230493Z DEBUG aiur::gpu_trace: CPU trace: circuit lacks generated CUDA coverage circuit=150 rows=1076571
2026-09-16T21:41:02.230716Z DEBUG aiur::gpu_trace: CPU trace: circuit lacks generated CUDA coverage circuit=152 rows=558410
2026-09-16T21:41:02.230772Z DEBUG aiur::gpu_trace: CPU trace: circuit lacks generated CUDA coverage circuit=126 rows=279647
2026-09-16T21:41:02.230796Z DEBUG aiur::gpu_trace: CPU trace: circuit lacks generated CUDA coverage circuit=122 rows=1060856
2026-09-16T21:41:02.230981Z DEBUG aiur::gpu_trace: CPU trace: circuit lacks generated CUDA coverage circuit=45 rows=1379852
2026-09-16T21:41:02.231066Z DEBUG aiur::gpu_trace: CPU trace: circuit lacks generated CUDA coverage circuit=180 rows=2669537
2026-09-16T21:41:02.231289Z DEBUG aiur::gpu_trace: CPU trace: circuit lacks generated CUDA coverage circuit=24 rows=515620
2026-09-16T21:41:06.031027Z DEBUG aiur::gpu_trace: CPU trace: circuit lacks generated CUDA coverage circuit=25 rows=41274
2026-09-16T21:41:06.031027Z DEBUG aiur::gpu_trace: CPU trace: circuit lacks generated CUDA coverage circuit=51 rows=16537
2026-09-16T21:41:06.031027Z DEBUG aiur::gpu_trace: CPU trace: circuit lacks generated CUDA coverage circuit=0 rows=114125
2026-09-16T21:41:06.031051Z DEBUG aiur::gpu_trace: CPU trace: circuit lacks generated CUDA coverage circuit=108 rows=981571
2026-09-16T21:41:06.031028Z DEBUG aiur::gpu_trace: CPU trace: circuit lacks generated CUDA coverage circuit=114 rows=580548
2026-09-16T21:41:06.031027Z DEBUG aiur::gpu_trace: CPU trace: circuit lacks generated CUDA coverage circuit=1 rows=19037
2026-09-16T21:41:06.031030Z DEBUG aiur::gpu_trace: CPU trace: circuit lacks generated CUDA coverage circuit=127 rows=324508
2026-09-16T21:41:06.031053Z DEBUG aiur::gpu_trace: CPU trace: circuit lacks generated CUDA coverage circuit=105 rows=359561
2026-09-16T21:41:06.031056Z DEBUG aiur::gpu_trace: CPU trace: circuit lacks generated CUDA coverage circuit=103 rows=345717
2026-09-16T21:41:06.031258Z DEBUG aiur::gpu_trace: CPU trace: circuit lacks generated CUDA coverage circuit=154 rows=21826
2026-09-16T21:41:06.031307Z DEBUG aiur::gpu_trace: CPU trace: circuit lacks generated CUDA coverage circuit=76 rows=38610
2026-09-16T21:41:06.031310Z DEBUG aiur::gpu_trace: CPU trace: circuit lacks generated CUDA coverage circuit=39 rows=189266
2026-09-16T21:41:06.031314Z DEBUG aiur::gpu_trace: CPU trace: circuit lacks generated CUDA coverage circuit=4 rows=22108
2026-09-16T21:41:06.031389Z DEBUG aiur::gpu_trace: CPU trace: circuit lacks generated CUDA coverage circuit=14 rows=820034
2026-09-16T21:41:06.031394Z DEBUG aiur::gpu_trace: CPU trace: circuit lacks generated CUDA coverage circuit=181 rows=285687
2026-09-16T21:41:06.042153Z DEBUG aiur::gpu_trace: CPU trace: circuit lacks generated CUDA coverage circuit=155 rows=30887
2026-09-16T21:41:06.047041Z DEBUG aiur::gpu_trace: CPU trace: circuit lacks generated CUDA coverage circuit=89 rows=91635
2026-09-16T21:41:06.056515Z DEBUG aiur::gpu_trace: CPU trace: circuit lacks generated CUDA coverage circuit=157 rows=180752
2026-09-16T21:41:06.062247Z DEBUG aiur/codegen_seeds{circuit=6 rows=17291}: aiur::trace_codegen::cuda: prepared generated CUDA trace circuit=6 rows=17291 width=63 seed_bytes=3062304 seed_spans=4
2026-09-16T21:41:06.062291Z DEBUG aiur::gpu_trace: CPU trace: circuit lacks generated CUDA coverage circuit=7 rows=44180
2026-09-16T21:41:06.079296Z DEBUG aiur::gpu_trace: CPU trace: circuit lacks generated CUDA coverage circuit=78 rows=4827
2026-09-16T21:41:06.086944Z DEBUG aiur::gpu_trace: CPU trace: circuit lacks generated CUDA coverage circuit=95 rows=21394
2026-09-16T21:41:06.089637Z DEBUG aiur::gpu_trace: CPU trace: circuit lacks generated CUDA coverage circuit=80 rows=36365
2026-09-16T21:41:06.090512Z DEBUG aiur::gpu_trace: CPU trace: circuit lacks generated CUDA coverage circuit=8 rows=27552
2026-09-16T21:41:06.115834Z DEBUG aiur::gpu_trace: CPU trace: circuit lacks generated CUDA coverage circuit=81 rows=75199
2026-09-16T21:41:06.118065Z DEBUG aiur::gpu_trace: CPU trace: circuit lacks generated CUDA coverage circuit=40 rows=113054
2026-09-16T21:41:06.122132Z DEBUG aiur::gpu_trace: CPU trace: circuit lacks generated CUDA coverage circuit=18 rows=13256
2026-09-16T21:41:06.127519Z DEBUG aiur::gpu_trace: CPU trace: circuit lacks generated CUDA coverage circuit=55 rows=3987
2026-09-16T21:41:06.138149Z DEBUG aiur::gpu_trace: CPU trace: circuit lacks generated CUDA coverage circuit=58 rows=1862
2026-09-16T21:41:06.138744Z DEBUG aiur::gpu_trace: CPU trace: circuit lacks generated CUDA coverage circuit=96 rows=63896
2026-09-16T21:41:06.142073Z DEBUG aiur::gpu_trace: CPU trace: circuit lacks generated CUDA coverage circuit=19 rows=43062
2026-09-16T21:41:06.143353Z DEBUG aiur::gpu_trace: CPU trace: circuit lacks generated CUDA coverage circuit=2 rows=164005
2026-09-16T21:41:06.143812Z DEBUG aiur::gpu_trace: CPU trace: circuit lacks generated CUDA coverage circuit=59 rows=84180
2026-09-16T21:41:06.176877Z DEBUG aiur::gpu_trace: CPU trace: circuit lacks generated CUDA coverage circuit=82 rows=98184
2026-09-16T21:41:06.177738Z DEBUG aiur::gpu_trace: CPU trace: circuit lacks generated CUDA coverage circuit=46 rows=125926
2026-09-16T21:41:06.179511Z DEBUG aiur::gpu_trace: CPU trace: circuit lacks generated CUDA coverage circuit=41 rows=483204
2026-09-16T21:41:06.190870Z DEBUG aiur::gpu_trace: CPU trace: circuit lacks generated CUDA coverage circuit=97 rows=185222
2026-09-16T21:41:06.195396Z DEBUG aiur::gpu_trace: CPU trace: circuit lacks generated CUDA coverage circuit=9 rows=32455
2026-09-16T21:41:06.207153Z DEBUG aiur::gpu_trace: CPU trace: circuit lacks generated CUDA coverage circuit=182 rows=322703
2026-09-16T21:41:06.217341Z DEBUG aiur::gpu_trace: CPU trace: circuit lacks generated CUDA coverage circuit=86 rows=9322
2026-09-16T21:41:06.224515Z DEBUG aiur::gpu_trace: CPU trace: circuit lacks generated CUDA coverage circuit=43 rows=54587
2026-09-16T21:41:06.227816Z DEBUG aiur::gpu_trace: CPU trace: circuit lacks generated CUDA coverage circuit=23 rows=50260
2026-09-16T21:41:06.239816Z DEBUG aiur::gpu_trace: CPU trace: circuit lacks generated CUDA coverage circuit=65 rows=59383
2026-09-16T21:41:06.242878Z DEBUG aiur::gpu_trace: CPU trace: circuit lacks generated CUDA coverage circuit=92 rows=74955
2026-09-16T21:41:06.245372Z DEBUG aiur::gpu_trace: CPU trace: circuit lacks generated CUDA coverage circuit=10 rows=29752
2026-09-16T21:41:06.262043Z DEBUG aiur::gpu_trace: CPU trace: circuit lacks generated CUDA coverage circuit=83 rows=26521
2026-09-16T21:41:06.265009Z DEBUG aiur::gpu_trace: CPU trace: circuit lacks generated CUDA coverage circuit=94 rows=18884
2026-09-16T21:41:06.268392Z DEBUG aiur::gpu_trace: CPU trace: circuit lacks generated CUDA coverage circuit=104 rows=166358
2026-09-16T21:41:06.298438Z DEBUG aiur::gpu_trace: CPU trace: circuit lacks generated CUDA coverage circuit=133 rows=193798
2026-09-16T21:41:06.306728Z DEBUG aiur::gpu_trace: CPU trace: circuit lacks generated CUDA coverage circuit=72 rows=14482
2026-09-16T21:41:06.309522Z DEBUG aiur::gpu_trace: CPU trace: circuit lacks generated CUDA coverage circuit=17 rows=13259
2026-09-16T21:41:06.317641Z DEBUG aiur::gpu_trace: CPU trace: circuit lacks generated CUDA coverage circuit=73 rows=23494
2026-09-16T21:41:06.321570Z DEBUG aiur::gpu_trace: CPU trace: circuit lacks generated CUDA coverage circuit=123 rows=147121
2026-09-16T21:41:06.334782Z DEBUG aiur::gpu_trace: CPU trace: circuit lacks generated CUDA coverage circuit=66 rows=339
2026-09-16T21:41:06.335265Z DEBUG aiur::gpu_trace: CPU trace: circuit lacks generated CUDA coverage circuit=67 rows=2996
2026-09-16T21:41:06.339407Z DEBUG aiur::gpu_trace: CPU trace: circuit lacks generated CUDA coverage circuit=136 rows=18256
2026-09-16T21:41:06.345044Z DEBUG aiur::gpu_trace: CPU trace: circuit lacks generated CUDA coverage circuit=137 rows=247247
2026-09-16T21:41:06.353175Z DEBUG aiur::gpu_trace: CPU trace: circuit lacks generated CUDA coverage circuit=130 rows=182278
2026-09-16T21:41:06.354031Z DEBUG aiur::gpu_trace: CPU trace: circuit lacks generated CUDA coverage circuit=131 rows=333194
2026-09-16T21:41:06.354339Z DEBUG aiur::gpu_trace: CPU trace: circuit lacks generated CUDA coverage circuit=125 rows=362935
2026-09-16T21:41:06.365020Z DEBUG aiur::gpu_trace: CPU trace: circuit lacks generated CUDA coverage circuit=11 rows=105737
2026-09-16T21:41:06.368202Z DEBUG aiur::gpu_trace: CPU trace: circuit lacks generated CUDA coverage circuit=158 rows=11082
2026-09-16T21:41:06.371664Z DEBUG aiur::gpu_trace: CPU trace: circuit lacks generated CUDA coverage circuit=159 rows=24094
2026-09-16T21:41:06.374285Z DEBUG aiur::gpu_trace: CPU trace: circuit lacks generated CUDA coverage circuit=98 rows=187513
2026-09-16T21:41:06.382372Z DEBUG aiur::gpu_trace: CPU trace: circuit lacks generated CUDA coverage circuit=163 rows=136129
2026-09-16T21:41:06.385110Z DEBUG aiur::gpu_trace: CPU trace: circuit lacks generated CUDA coverage circuit=160 rows=26663
2026-09-16T21:41:06.391329Z DEBUG aiur/codegen_seeds{circuit=140 rows=407209}: aiur::trace_codegen::cuda: prepared generated CUDA trace circuit=140 rows=407209 width=25 seed_bytes=14255856 seed_spans=7
2026-09-16T21:41:06.391370Z DEBUG aiur::gpu_trace: CPU trace: circuit lacks generated CUDA coverage circuit=141 rows=243148
2026-09-16T21:41:06.393299Z DEBUG aiur::gpu_trace: CPU trace: circuit lacks generated CUDA coverage circuit=138 rows=718413
2026-09-16T21:41:06.401492Z DEBUG aiur::gpu_trace: CPU trace: circuit lacks generated CUDA coverage circuit=161 rows=141476
2026-09-16T21:41:06.402903Z DEBUG aiur::gpu_trace: CPU trace: circuit lacks generated CUDA coverage circuit=146 rows=69945
2026-09-16T21:41:06.411319Z DEBUG aiur::gpu_trace: CPU trace: circuit lacks generated CUDA coverage circuit=184 rows=146301
2026-09-16T21:41:06.421683Z DEBUG aiur::gpu_trace: CPU trace: circuit lacks generated CUDA coverage circuit=139 rows=226589
2026-09-16T21:41:06.447958Z DEBUG aiur::gpu_trace: CPU trace: circuit lacks generated CUDA coverage circuit=149 rows=187224
2026-09-16T21:41:06.448446Z DEBUG aiur::gpu_trace: CPU trace: circuit lacks generated CUDA coverage circuit=143 rows=188385
2026-09-16T21:41:06.456114Z DEBUG aiur::gpu_trace: CPU trace: circuit lacks generated CUDA coverage circuit=31 rows=3207
2026-09-16T21:41:06.462492Z DEBUG aiur::gpu_trace: CPU trace: circuit lacks generated CUDA coverage circuit=32 rows=171950
2026-09-16T21:41:06.474462Z DEBUG aiur/codegen_seeds{circuit=124 rows=40552}: aiur::trace_codegen::cuda: prepared generated CUDA trace circuit=124 rows=40552 width=98 seed_bytes=9262464 seed_spans=2
2026-09-16T21:41:06.497922Z DEBUG aiur::gpu_trace: CPU trace: circuit lacks generated CUDA coverage circuit=147 rows=222828
2026-09-16T21:41:06.503935Z DEBUG aiur::gpu_trace: CPU trace: circuit lacks generated CUDA coverage circuit=47 rows=215550
2026-09-16T21:41:06.518318Z DEBUG aiur::gpu_trace: CPU trace: circuit lacks generated CUDA coverage circuit=35 rows=49000
2026-09-16T21:41:06.540539Z DEBUG aiur::gpu_trace: CPU trace: circuit lacks generated CUDA coverage circuit=148 rows=202435
2026-09-16T21:41:06.541946Z DEBUG aiur::gpu_trace: CPU trace: circuit lacks generated CUDA coverage circuit=132 rows=956867
2026-09-16T21:41:06.551909Z DEBUG aiur::gpu_trace: CPU trace: circuit lacks generated CUDA coverage circuit=144 rows=188490
2026-09-16T21:41:06.605443Z DEBUG aiur::gpu_trace: CPU trace: circuit lacks generated CUDA coverage circuit=145 rows=251077
2026-09-16T21:41:06.613236Z DEBUG aiur::gpu_trace: CPU trace: circuit lacks generated CUDA coverage circuit=151 rows=782908
2026-09-16T21:41:06.630103Z DEBUG aiur::gpu_trace: CPU trace: circuit lacks generated CUDA coverage circuit=100 rows=367368
2026-09-16T21:41:06.650749Z DEBUG aiur::gpu_trace: CPU trace: circuit lacks generated CUDA coverage circuit=99 rows=371390
2026-09-16T21:41:06.666270Z DEBUG aiur::gpu_trace: CPU trace: circuit lacks generated CUDA coverage circuit=28 rows=2524
2026-09-16T21:41:06.666783Z DEBUG aiur::gpu_trace: CPU trace: circuit lacks generated CUDA coverage circuit=142 rows=291805
2026-09-16T21:41:06.670359Z DEBUG aiur::gpu_trace: CPU trace: circuit lacks generated CUDA coverage circuit=30 rows=12783
2026-09-16T21:41:06.679609Z DEBUG aiur::gpu_trace: CPU trace: circuit lacks generated CUDA coverage circuit=134 rows=209735
2026-09-16T21:41:06.683639Z DEBUG aiur::gpu_trace: CPU trace: circuit lacks generated CUDA coverage circuit=164 rows=704045
2026-09-16T21:41:06.723046Z DEBUG aiur::gpu_trace: CPU trace: circuit lacks generated CUDA coverage circuit=49 rows=91574
2026-09-16T21:41:06.799705Z DEBUG aiur::gpu_trace: CPU trace: circuit lacks generated CUDA coverage circuit=135 rows=3063
2026-09-16T21:41:06.842780Z DEBUG aiur::gpu_trace: CPU trace: circuit lacks generated CUDA coverage circuit=48 rows=16909
[trace-shards] 9 shards, 1500000000 committed cells: record 16263532668 B in shared pool, host workspace 16607614388 B of 26088568116 B reserved per prover; regenerating round 2
[lanes] executor 0: join 2 executed in 40.2s, record 16263532668 B (15.1 GiB) at +262s
[lanes] worker 0: claim 3 proven at +266s (1 left)
[lanes] worker 0: claim 2 proving started at +266s
2026-09-16T21:41:11.904376Z DEBUG aiur/codegen_seeds{circuit=56 rows=99}: aiur::trace_codegen::cuda: prepared generated CUDA trace circuit=56 rows=99 width=49 seed_bytes=7920 seed_spans=1
2026-09-16T21:41:11.904619Z DEBUG aiur::gpu_trace: CPU trace: circuit lacks generated CUDA coverage circuit=90 rows=88211
2026-09-16T21:41:11.904648Z DEBUG aiur::gpu_trace: CPU trace: circuit lacks generated CUDA coverage circuit=79 rows=2
2026-09-16T21:41:11.905453Z DEBUG aiur::gpu_trace: CPU trace: circuit lacks generated CUDA coverage circuit=117 rows=15066656
2026-09-16T21:41:11.905675Z DEBUG aiur::gpu_trace: CPU trace: circuit lacks generated CUDA coverage circuit=176 rows=1
2026-09-16T21:41:12.005044Z DEBUG aiur/codegen_seeds{circuit=16 rows=1048576}: aiur::trace_codegen::cuda: prepared generated CUDA trace circuit=16 rows=1048576 width=533 seed_bytes=184549376 seed_spans=16
2026-09-16T21:41:13.359342Z DEBUG aiur::gpu_trace: CPU trace: circuit lacks generated CUDA coverage circuit=3 rows=9
2026-09-16T21:41:13.359379Z DEBUG aiur::gpu_trace: CPU trace: circuit lacks generated CUDA coverage circuit=153 rows=1191
2026-09-16T21:41:13.359942Z DEBUG aiur::gpu_trace: CPU trace: circuit lacks generated CUDA coverage circuit=91 rows=4931554
2026-09-16T21:41:13.360037Z DEBUG aiur/codegen_seeds{circuit=63 rows=106}: aiur::trace_codegen::cuda: prepared generated CUDA trace circuit=63 rows=106 width=68 seed_bytes=22048 seed_spans=1
2026-09-16T21:41:13.361479Z DEBUG aiur::gpu_trace: CPU trace: circuit lacks generated CUDA coverage circuit=156 rows=375191
2026-09-16T21:41:13.361488Z DEBUG aiur::gpu_trace: CPU trace: circuit lacks generated CUDA coverage circuit=22 rows=29
2026-09-16T21:41:13.361751Z DEBUG aiur::gpu_trace: CPU trace: circuit lacks generated CUDA coverage circuit=58 rows=2177
2026-09-16T21:41:13.446524Z DEBUG aiur/codegen_seeds{circuit=16 rows=1048576}: aiur::trace_codegen::cuda: prepared generated CUDA trace circuit=16 rows=1048576 width=533 seed_bytes=184549376 seed_spans=16
2026-09-16T21:41:14.374801Z DEBUG aiur::gpu_trace: CPU trace: circuit lacks generated CUDA coverage circuit=12 rows=16777216
2026-09-16T21:41:14.374809Z DEBUG aiur::gpu_trace: CPU trace: circuit lacks generated CUDA coverage circuit=34 rows=907035
2026-09-16T21:41:14.375301Z DEBUG aiur::gpu_trace: CPU trace: circuit lacks generated CUDA coverage circuit=26 rows=6
2026-09-16T21:41:14.376025Z DEBUG aiur::gpu_trace: CPU trace: circuit lacks generated CUDA coverage circuit=84 rows=5
2026-09-16T21:41:14.377322Z DEBUG aiur::gpu_trace: CPU trace: circuit lacks generated CUDA coverage circuit=60 rows=65
2026-09-16T21:41:14.463847Z DEBUG aiur/codegen_seeds{circuit=16 rows=1048576}: aiur::trace_codegen::cuda: prepared generated CUDA trace circuit=16 rows=1048576 width=533 seed_bytes=184549376 seed_spans=16
2026-09-16T21:41:16.033999Z DEBUG aiur::gpu_trace: CPU trace: circuit lacks generated CUDA coverage circuit=57 rows=98
2026-09-16T21:41:16.034351Z DEBUG aiur::gpu_trace: CPU trace: circuit lacks generated CUDA coverage circuit=38 rows=4479712
2026-09-16T21:41:16.034898Z DEBUG aiur::gpu_trace: CPU trace: circuit lacks generated CUDA coverage circuit=64 rows=38
2026-09-16T21:41:16.035130Z DEBUG aiur::gpu_trace: CPU trace: circuit lacks generated CUDA coverage circuit=89 rows=127640
2026-09-16T21:41:16.035959Z DEBUG aiur::gpu_trace: CPU trace: circuit lacks generated CUDA coverage circuit=42 rows=6583335
2026-09-16T21:41:16.036454Z DEBUG aiur::gpu_trace: CPU trace: circuit lacks generated CUDA coverage circuit=68 rows=16
2026-09-16T21:41:16.036745Z DEBUG aiur::gpu_trace: CPU trace: circuit lacks generated CUDA coverage circuit=119 rows=11635949
2026-09-16T21:41:17.623239Z DEBUG aiur::gpu_trace: CPU trace: circuit lacks generated CUDA coverage circuit=77 rows=2
2026-09-16T21:41:17.623456Z DEBUG aiur::gpu_trace: CPU trace: circuit lacks generated CUDA coverage circuit=69 rows=15
2026-09-16T21:41:17.623857Z DEBUG aiur::gpu_trace: CPU trace: circuit lacks generated CUDA coverage circuit=70 rows=16
2026-09-16T21:41:17.623980Z DEBUG aiur::gpu_trace: CPU trace: circuit lacks generated CUDA coverage circuit=97 rows=232051
2026-09-16T21:41:17.624150Z DEBUG aiur::gpu_trace: CPU trace: circuit lacks generated CUDA coverage circuit=71 rows=16
2026-09-16T21:41:17.624257Z DEBUG aiur::gpu_trace: CPU trace: circuit lacks generated CUDA coverage circuit=170 rows=11286266
2026-09-16T21:41:17.624552Z DEBUG aiur::gpu_trace: CPU trace: circuit lacks generated CUDA coverage circuit=75 rows=4
2026-09-16T21:41:17.624747Z DEBUG aiur::gpu_trace: CPU trace: circuit lacks generated CUDA coverage circuit=112 rows=6260162
2026-09-16T21:41:17.624753Z DEBUG aiur::gpu_trace: CPU trace: circuit lacks generated CUDA coverage circuit=107 rows=7689358
2026-09-16T21:41:17.624769Z DEBUG aiur::gpu_trace: CPU trace: circuit lacks generated CUDA coverage circuit=36 rows=6598250
2026-09-16T21:41:17.626178Z DEBUG aiur::gpu_trace: CPU trace: circuit lacks generated CUDA coverage circuit=152 rows=650998
2026-09-16T21:41:19.382720Z DEBUG aiur::gpu_trace: CPU trace: circuit lacks generated CUDA coverage circuit=12 rows=6325048
2026-09-16T21:41:19.383597Z DEBUG aiur::gpu_trace: CPU trace: circuit lacks generated CUDA coverage circuit=40 rows=120138
2026-09-16T21:41:19.385340Z DEBUG aiur::gpu_trace: CPU trace: circuit lacks generated CUDA coverage circuit=162 rows=2106830
2026-09-16T21:41:19.385827Z DEBUG aiur::gpu_trace: CPU trace: circuit lacks generated CUDA coverage circuit=101 rows=6980607
2026-09-16T21:41:19.452576Z DEBUG aiur/codegen_seeds{circuit=102 rows=1879966}: aiur::trace_codegen::cuda: prepared generated CUDA trace circuit=102 rows=1879966 width=43 seed_bytes=75198640 seed_spans=29
2026-09-16T21:41:20.588552Z DEBUG aiur::gpu_trace: CPU trace: circuit lacks generated CUDA coverage circuit=111 rows=6505080
2026-09-16T21:41:20.589037Z DEBUG aiur::gpu_trace: CPU trace: circuit lacks generated CUDA coverage circuit=118 rows=3703715
2026-09-16T21:41:20.589211Z DEBUG aiur::gpu_trace: CPU trace: circuit lacks generated CUDA coverage circuit=13 rows=339773
2026-09-16T21:41:20.589456Z DEBUG aiur::gpu_trace: CPU trace: circuit lacks generated CUDA coverage circuit=33 rows=7366504
2026-09-16T21:41:20.590599Z DEBUG aiur::gpu_trace: CPU trace: circuit lacks generated CUDA coverage circuit=183 rows=7486634
2026-09-16T21:41:20.590616Z DEBUG aiur::gpu_trace: CPU trace: circuit lacks generated CUDA coverage circuit=106 rows=7882444
2026-09-16T21:41:20.590705Z DEBUG aiur::gpu_trace: CPU trace: circuit lacks generated CUDA coverage circuit=61 rows=6422
2026-09-16T21:41:20.591191Z DEBUG aiur::gpu_trace: CPU trace: circuit lacks generated CUDA coverage circuit=62 rows=184
2026-09-16T21:41:20.591480Z DEBUG aiur::gpu_trace: CPU trace: circuit lacks generated CUDA coverage circuit=177 rows=6798544
2026-09-16T21:41:20.591762Z DEBUG aiur::gpu_trace: CPU trace: circuit lacks generated CUDA coverage circuit=85 rows=585
2026-09-16T21:41:22.064198Z DEBUG aiur::gpu_trace: CPU trace: circuit lacks generated CUDA coverage circuit=108 rows=905603
2026-09-16T21:41:22.064204Z DEBUG aiur::gpu_trace: CPU trace: circuit lacks generated CUDA coverage circuit=120 rows=2586271
2026-09-16T21:41:22.064765Z DEBUG aiur::gpu_trace: CPU trace: circuit lacks generated CUDA coverage circuit=54 rows=3652594
2026-09-16T21:41:22.065130Z DEBUG aiur::gpu_trace: CPU trace: circuit lacks generated CUDA coverage circuit=20 rows=528891
2026-09-16T21:41:22.065748Z DEBUG aiur::gpu_trace: CPU trace: circuit lacks generated CUDA coverage circuit=67 rows=3047
2026-09-16T21:41:22.066368Z DEBUG aiur::gpu_trace: CPU trace: circuit lacks generated CUDA coverage circuit=83 rows=28481
2026-09-16T21:41:22.067063Z DEBUG aiur::gpu_trace: CPU trace: circuit lacks generated CUDA coverage circuit=167 rows=1992255
2026-09-16T21:41:22.067283Z DEBUG aiur::gpu_trace: CPU trace: circuit lacks generated CUDA coverage circuit=24 rows=560736
2026-09-16T21:41:22.067397Z DEBUG aiur::gpu_trace: CPU trace: circuit lacks generated CUDA coverage circuit=168 rows=1611823
2026-09-16T21:41:22.067479Z DEBUG aiur::gpu_trace: CPU trace: circuit lacks generated CUDA coverage circuit=109 rows=3151977
2026-09-16T21:41:22.067486Z DEBUG aiur::gpu_trace: CPU trace: circuit lacks generated CUDA coverage circuit=110 rows=2638124
2026-09-16T21:41:22.211667Z DEBUG aiur/codegen_seeds{circuit=16 rows=79824}: aiur::trace_codegen::cuda: prepared generated CUDA trace circuit=16 rows=79824 width=533 seed_bytes=14049024 seed_spans=2
2026-09-16T21:41:22.301446Z DEBUG aiur/codegen_seeds{circuit=15 rows=345283}: aiur::trace_codegen::cuda: prepared generated CUDA trace circuit=15 rows=345283 width=177 seed_bytes=140875464 seed_spans=9
2026-09-16T21:41:23.054569Z DEBUG aiur::gpu_trace: CPU trace: circuit lacks generated CUDA coverage circuit=179 rows=3061159
2026-09-16T21:41:23.054570Z DEBUG aiur::gpu_trace: CPU trace: circuit lacks generated CUDA coverage circuit=166 rows=1683279
2026-09-16T21:41:23.055153Z DEBUG aiur::gpu_trace: CPU trace: circuit lacks generated CUDA coverage circuit=113 rows=1850721
2026-09-16T21:41:23.055218Z DEBUG aiur::gpu_trace: CPU trace: circuit lacks generated CUDA coverage circuit=44 rows=249606
2026-09-16T21:41:23.055289Z DEBUG aiur::gpu_trace: CPU trace: circuit lacks generated CUDA coverage circuit=134 rows=295238
2026-09-16T21:41:23.055336Z DEBUG aiur::gpu_trace: CPU trace: circuit lacks generated CUDA coverage circuit=105 rows=479743
2026-09-16T21:41:23.055381Z DEBUG aiur::gpu_trace: CPU trace: circuit lacks generated CUDA coverage circuit=115 rows=1509591
2026-09-16T21:41:23.055617Z DEBUG aiur::gpu_trace: CPU trace: circuit lacks generated CUDA coverage circuit=138 rows=844040
2026-09-16T21:41:23.055719Z DEBUG aiur::gpu_trace: CPU trace: circuit lacks generated CUDA coverage circuit=132 rows=1364805
2026-09-16T21:41:23.055875Z DEBUG aiur::gpu_trace: CPU trace: circuit lacks generated CUDA coverage circuit=137 rows=304108
2026-09-16T21:41:23.056050Z DEBUG aiur::gpu_trace: CPU trace: circuit lacks generated CUDA coverage circuit=88 rows=3001118
2026-09-16T21:41:23.056172Z DEBUG aiur::gpu_trace: CPU trace: circuit lacks generated CUDA coverage circuit=19 rows=53132
2026-09-16T21:41:23.056358Z DEBUG aiur::gpu_trace: CPU trace: circuit lacks generated CUDA coverage circuit=180 rows=3602210
2026-09-16T21:41:23.056430Z DEBUG aiur::gpu_trace: CPU trace: circuit lacks generated CUDA coverage circuit=178 rows=4158809
2026-09-16T21:41:23.056647Z DEBUG aiur::gpu_trace: CPU trace: circuit lacks generated CUDA coverage circuit=135 rows=4327
2026-09-16T21:41:23.056655Z DEBUG aiur::gpu_trace: CPU trace: circuit lacks generated CUDA coverage circuit=184 rows=158891
2026-09-16T21:41:23.056661Z DEBUG aiur::gpu_trace: CPU trace: circuit lacks generated CUDA coverage circuit=37 rows=858034
2026-09-16T21:41:23.056938Z DEBUG aiur::gpu_trace: CPU trace: circuit lacks generated CUDA coverage circuit=122 rows=1676534
2026-09-16T21:41:23.057245Z DEBUG aiur::gpu_trace: CPU trace: circuit lacks generated CUDA coverage circuit=125 rows=538318
2026-09-16T21:41:23.057274Z DEBUG aiur::gpu_trace: CPU trace: circuit lacks generated CUDA coverage circuit=45 rows=1579511
2026-09-16T21:41:23.057418Z DEBUG aiur::gpu_trace: CPU trace: circuit lacks generated CUDA coverage circuit=151 rows=909410
2026-09-16T21:41:23.057449Z DEBUG aiur::gpu_trace: CPU trace: circuit lacks generated CUDA coverage circuit=150 rows=1255693
2026-09-16T21:41:23.057583Z DEBUG aiur::gpu_trace: CPU trace: circuit lacks generated CUDA coverage circuit=147 rows=285969
2026-09-16T21:41:23.057632Z DEBUG aiur::gpu_trace: CPU trace: circuit lacks generated CUDA coverage circuit=169 rows=1404773
2026-09-16T21:41:23.057659Z DEBUG aiur::gpu_trace: CPU trace: circuit lacks generated CUDA coverage circuit=126 rows=437729
2026-09-16T21:41:23.061936Z DEBUG aiur::gpu_trace: CPU trace: circuit lacks generated CUDA coverage circuit=116 rows=961712
2026-09-16T21:41:24.218339Z DEBUG aiur/codegen_seeds{circuit=140 rows=540493}: aiur::trace_codegen::cuda: prepared generated CUDA trace circuit=140 rows=540493 width=25 seed_bytes=19479240 seed_spans=10
2026-09-16T21:41:24.646772Z DEBUG aiur::gpu_trace: CPU trace: circuit lacks generated CUDA coverage circuit=0 rows=162420
2026-09-16T21:41:24.646775Z DEBUG aiur::gpu_trace: CPU trace: circuit lacks generated CUDA coverage circuit=1 rows=18432
2026-09-16T21:41:24.646809Z DEBUG aiur::gpu_trace: CPU trace: circuit lacks generated CUDA coverage circuit=7 rows=37830
2026-09-16T21:41:24.646811Z DEBUG aiur::gpu_trace: CPU trace: circuit lacks generated CUDA coverage circuit=8 rows=26243
2026-09-16T21:41:24.646814Z DEBUG aiur::gpu_trace: CPU trace: circuit lacks generated CUDA coverage circuit=9 rows=33736
2026-09-16T21:41:24.646815Z DEBUG aiur::gpu_trace: CPU trace: circuit lacks generated CUDA coverage circuit=72 rows=11125
2026-09-16T21:41:24.646818Z DEBUG aiur::gpu_trace: CPU trace: circuit lacks generated CUDA coverage circuit=23 rows=54100
2026-09-16T21:41:24.646819Z DEBUG aiur::gpu_trace: CPU trace: circuit lacks generated CUDA coverage circuit=66 rows=629
2026-09-16T21:41:24.646817Z DEBUG aiur::gpu_trace: CPU trace: circuit lacks generated CUDA coverage circuit=82 rows=122500
2026-09-16T21:41:24.646820Z DEBUG aiur::gpu_trace: CPU trace: circuit lacks generated CUDA coverage circuit=25 rows=44061
2026-09-16T21:41:24.646817Z DEBUG aiur::gpu_trace: CPU trace: circuit lacks generated CUDA coverage circuit=127 rows=434509
2026-09-16T21:41:24.646819Z DEBUG aiur::gpu_trace: CPU trace: circuit lacks generated CUDA coverage circuit=2 rows=153453
2026-09-16T21:41:24.646820Z DEBUG aiur::gpu_trace: CPU trace: circuit lacks generated CUDA coverage circuit=76 rows=47808
2026-09-16T21:41:24.646821Z DEBUG aiur::gpu_trace: CPU trace: circuit lacks generated CUDA coverage circuit=18 rows=14298
2026-09-16T21:41:24.646819Z DEBUG aiur::gpu_trace: CPU trace: circuit lacks generated CUDA coverage circuit=51 rows=17021
2026-09-16T21:41:24.646817Z DEBUG aiur::gpu_trace: CPU trace: circuit lacks generated CUDA coverage circuit=4 rows=18957
2026-09-16T21:41:24.646935Z DEBUG aiur::gpu_trace: CPU trace: circuit lacks generated CUDA coverage circuit=17 rows=14235
2026-09-16T21:41:24.647239Z DEBUG aiur::gpu_trace: CPU trace: circuit lacks generated CUDA coverage circuit=65 rows=91747
2026-09-16T21:41:24.647244Z DEBUG aiur::gpu_trace: CPU trace: circuit lacks generated CUDA coverage circuit=114 rows=597833
2026-09-16T21:41:24.647308Z DEBUG aiur::gpu_trace: CPU trace: circuit lacks generated CUDA coverage circuit=55 rows=4178
2026-09-16T21:41:24.647467Z DEBUG aiur::gpu_trace: CPU trace: circuit lacks generated CUDA coverage circuit=154 rows=28644
2026-09-16T21:41:24.647554Z DEBUG aiur::gpu_trace: CPU trace: circuit lacks generated CUDA coverage circuit=103 rows=327531
2026-09-16T21:41:24.647604Z DEBUG aiur::gpu_trace: CPU trace: circuit lacks generated CUDA coverage circuit=121 rows=460545
2026-09-16T21:41:24.647705Z DEBUG aiur::gpu_trace: CPU trace: circuit lacks generated CUDA coverage circuit=92 rows=101041
2026-09-16T21:41:24.647744Z DEBUG aiur::gpu_trace: CPU trace: circuit lacks generated CUDA coverage circuit=59 rows=99846
2026-09-16T21:41:24.647750Z DEBUG aiur::gpu_trace: CPU trace: circuit lacks generated CUDA coverage circuit=14 rows=793076
2026-09-16T21:41:24.647784Z DEBUG aiur::gpu_trace: CPU trace: circuit lacks generated CUDA coverage circuit=181 rows=322610
2026-09-16T21:41:24.647820Z DEBUG aiur::gpu_trace: CPU trace: circuit lacks generated CUDA coverage circuit=5 rows=270
2026-09-16T21:41:24.647894Z DEBUG aiur::gpu_trace: CPU trace: circuit lacks generated CUDA coverage circuit=39 rows=191507
2026-09-16T21:41:24.650642Z DEBUG aiur::gpu_trace: CPU trace: circuit lacks generated CUDA coverage circuit=95 rows=30509
2026-09-16T21:41:24.650761Z DEBUG aiur::gpu_trace: CPU trace: circuit lacks generated CUDA coverage circuit=182 rows=482112
2026-09-16T21:41:24.661851Z DEBUG aiur::gpu_trace: CPU trace: circuit lacks generated CUDA coverage circuit=31 rows=2621
2026-09-16T21:41:24.663229Z DEBUG aiur::gpu_trace: CPU trace: circuit lacks generated CUDA coverage circuit=73 rows=24412
2026-09-16T21:41:24.663968Z DEBUG aiur::gpu_trace: CPU trace: circuit lacks generated CUDA coverage circuit=80 rows=42321
2026-09-16T21:41:24.665993Z DEBUG aiur::gpu_trace: CPU trace: circuit lacks generated CUDA coverage circuit=32 rows=218051
2026-09-16T21:41:24.670304Z DEBUG aiur::gpu_trace: CPU trace: circuit lacks generated CUDA coverage circuit=155 rows=34309
2026-09-16T21:41:24.670654Z DEBUG aiur::gpu_trace: CPU trace: circuit lacks generated CUDA coverage circuit=81 rows=109094
2026-09-16T21:41:24.671606Z DEBUG aiur::gpu_trace: CPU trace: circuit lacks generated CUDA coverage circuit=28 rows=1817
2026-09-16T21:41:24.678344Z DEBUG aiur::gpu_trace: CPU trace: circuit lacks generated CUDA coverage circuit=30 rows=13216
2026-09-16T21:41:24.678644Z DEBUG aiur/codegen_seeds{circuit=6 rows=17820}: aiur::trace_codegen::cuda: prepared generated CUDA trace circuit=6 rows=17820 width=63 seed_bytes=3289032 seed_spans=4
2026-09-16T21:41:24.678726Z DEBUG aiur::gpu_trace: CPU trace: circuit lacks generated CUDA coverage circuit=123 rows=221681
2026-09-16T21:41:24.692394Z DEBUG aiur::gpu_trace: CPU trace: circuit lacks generated CUDA coverage circuit=52 rows=170568
2026-09-16T21:41:24.704219Z DEBUG aiur::gpu_trace: CPU trace: circuit lacks generated CUDA coverage circuit=157 rows=219356
2026-09-16T21:41:24.720436Z DEBUG aiur::gpu_trace: CPU trace: circuit lacks generated CUDA coverage circuit=74 rows=737
2026-09-16T21:41:24.721844Z DEBUG aiur::gpu_trace: CPU trace: circuit lacks generated CUDA coverage circuit=35 rows=66945
2026-09-16T21:41:24.722133Z DEBUG aiur::gpu_trace: CPU trace: circuit lacks generated CUDA coverage circuit=46 rows=180256
2026-09-16T21:41:24.734376Z DEBUG aiur::gpu_trace: CPU trace: circuit lacks generated CUDA coverage circuit=78 rows=6731
2026-09-16T21:41:24.741418Z DEBUG aiur::gpu_trace: CPU trace: circuit lacks generated CUDA coverage circuit=96 rows=82447
2026-09-16T21:41:24.744236Z DEBUG aiur::gpu_trace: CPU trace: circuit lacks generated CUDA coverage circuit=10 rows=33570
2026-09-16T21:41:24.747205Z DEBUG aiur::gpu_trace: CPU trace: circuit lacks generated CUDA coverage circuit=47 rows=235340
2026-09-16T21:41:24.750741Z DEBUG aiur::gpu_trace: CPU trace: circuit lacks generated CUDA coverage circuit=93 rows=19709
2026-09-16T21:41:24.756796Z DEBUG aiur::gpu_trace: CPU trace: circuit lacks generated CUDA coverage circuit=86 rows=10372
2026-09-16T21:41:24.758950Z DEBUG aiur::gpu_trace: CPU trace: circuit lacks generated CUDA coverage circuit=41 rows=492517
2026-09-16T21:41:24.766131Z DEBUG aiur::gpu_trace: CPU trace: circuit lacks generated CUDA coverage circuit=159 rows=23171
2026-09-16T21:41:24.768667Z DEBUG aiur::gpu_trace: CPU trace: circuit lacks generated CUDA coverage circuit=98 rows=233884
2026-09-16T21:41:24.771904Z DEBUG aiur/codegen_seeds{circuit=124 rows=64132}: aiur::trace_codegen::cuda: prepared generated CUDA trace circuit=124 rows=64132 width=98 seed_bytes=14951040 seed_spans=2
2026-09-16T21:41:24.790260Z DEBUG aiur::gpu_trace: CPU trace: circuit lacks generated CUDA coverage circuit=94 rows=20688
2026-09-16T21:41:24.807271Z DEBUG aiur::gpu_trace: CPU trace: circuit lacks generated CUDA coverage circuit=11 rows=112011
2026-09-16T21:41:24.822195Z DEBUG aiur::gpu_trace: CPU trace: circuit lacks generated CUDA coverage circuit=160 rows=28285
2026-09-16T21:41:24.840637Z DEBUG aiur::gpu_trace: CPU trace: circuit lacks generated CUDA coverage circuit=161 rows=176127
2026-09-16T21:41:24.890778Z DEBUG aiur::gpu_trace: CPU trace: circuit lacks generated CUDA coverage circuit=100 rows=323504
2026-09-16T21:41:24.908433Z DEBUG aiur::gpu_trace: CPU trace: circuit lacks generated CUDA coverage circuit=53 rows=14613
2026-09-16T21:41:24.913171Z DEBUG aiur::gpu_trace: CPU trace: circuit lacks generated CUDA coverage circuit=49 rows=117560
2026-09-16T21:41:24.914063Z DEBUG aiur::gpu_trace: CPU trace: circuit lacks generated CUDA coverage circuit=163 rows=149601
2026-09-16T21:41:24.923062Z DEBUG aiur::gpu_trace: CPU trace: circuit lacks generated CUDA coverage circuit=164 rows=836789
2026-09-16T21:41:24.932291Z DEBUG aiur::gpu_trace: CPU trace: circuit lacks generated CUDA coverage circuit=48 rows=18047
2026-09-16T21:41:24.939070Z DEBUG aiur::gpu_trace: CPU trace: circuit lacks generated CUDA coverage circuit=158 rows=12623
2026-09-16T21:41:24.957290Z DEBUG aiur::gpu_trace: CPU trace: circuit lacks generated CUDA coverage circuit=99 rows=328143
2026-09-16T21:41:24.964077Z DEBUG aiur::gpu_trace: CPU trace: circuit lacks generated CUDA coverage circuit=50 rows=1207
2026-09-16T21:41:24.975831Z DEBUG aiur::gpu_trace: CPU trace: circuit lacks generated CUDA coverage circuit=104 rows=211082
2026-09-16T21:41:25.000239Z DEBUG aiur::gpu_trace: CPU trace: circuit lacks generated CUDA coverage circuit=43 rows=74208
2026-09-16T21:41:25.001282Z DEBUG aiur::gpu_trace: CPU trace: circuit lacks generated CUDA coverage circuit=141 rows=302459
2026-09-16T21:41:25.027299Z DEBUG aiur::gpu_trace: CPU trace: circuit lacks generated CUDA coverage circuit=133 rows=284408
2026-09-16T21:41:25.037550Z DEBUG aiur::gpu_trace: CPU trace: circuit lacks generated CUDA coverage circuit=27 rows=1549
2026-09-16T21:41:25.061464Z DEBUG aiur::gpu_trace: CPU trace: circuit lacks generated CUDA coverage circuit=136 rows=19762
2026-09-16T21:41:25.065461Z DEBUG aiur::gpu_trace: CPU trace: circuit lacks generated CUDA coverage circuit=139 rows=269295
2026-09-16T21:41:25.067503Z DEBUG aiur::gpu_trace: CPU trace: circuit lacks generated CUDA coverage circuit=146 rows=98985
2026-09-16T21:41:25.096459Z DEBUG aiur::gpu_trace: CPU trace: circuit lacks generated CUDA coverage circuit=143 rows=269496
2026-09-16T21:41:25.114667Z DEBUG aiur::gpu_trace: CPU trace: circuit lacks generated CUDA coverage circuit=149 rows=267179
2026-09-16T21:41:25.116009Z DEBUG aiur::gpu_trace: CPU trace: circuit lacks generated CUDA coverage circuit=144 rows=269603
2026-09-16T21:41:25.117022Z DEBUG aiur::gpu_trace: CPU trace: circuit lacks generated CUDA coverage circuit=148 rows=292072
2026-09-16T21:41:25.120796Z DEBUG aiur::gpu_trace: CPU trace: circuit lacks generated CUDA coverage circuit=130 rows=255769
2026-09-16T21:41:25.122657Z DEBUG aiur::gpu_trace: CPU trace: circuit lacks generated CUDA coverage circuit=145 rows=305191
2026-09-16T21:41:25.126409Z DEBUG aiur::gpu_trace: CPU trace: circuit lacks generated CUDA coverage circuit=142 rows=364189
2026-09-16T21:41:25.132694Z DEBUG aiur::gpu_trace: CPU trace: circuit lacks generated CUDA coverage circuit=131 rows=464979
2026-09-16T21:41:25.146176Z DEBUG aiur::gpu_trace: CPU trace: circuit lacks generated CUDA coverage circuit=128 rows=280069
2026-09-16T21:41:25.204658Z DEBUG aiur::gpu_trace: CPU trace: circuit lacks generated CUDA coverage circuit=129 rows=397753
2026-09-16T21:41:26.954701Z DEBUG aiur/codegen_seeds{circuit=56 rows=99}: aiur::trace_codegen::cuda: prepared generated CUDA trace circuit=56 rows=99 width=49 seed_bytes=7920 seed_spans=1
2026-09-16T21:41:26.955083Z DEBUG aiur::gpu_trace: CPU trace: circuit lacks generated CUDA coverage circuit=90 rows=88211
2026-09-16T21:41:26.956003Z DEBUG aiur::gpu_trace: CPU trace: circuit lacks generated CUDA coverage circuit=79 rows=2
2026-09-16T21:41:26.956114Z DEBUG aiur::gpu_trace: CPU trace: circuit lacks generated CUDA coverage circuit=117 rows=15066656
2026-09-16T21:41:26.957201Z DEBUG aiur::gpu_trace: CPU trace: circuit lacks generated CUDA coverage circuit=176 rows=1
2026-09-16T21:41:27.034336Z DEBUG aiur/codegen_seeds{circuit=16 rows=1048576}: aiur::trace_codegen::cuda: prepared generated CUDA trace circuit=16 rows=1048576 width=533 seed_bytes=184549376 seed_spans=16
2026-09-16T21:41:28.389711Z DEBUG aiur::gpu_trace: CPU trace: circuit lacks generated CUDA coverage circuit=3 rows=9
2026-09-16T21:41:28.389715Z DEBUG aiur::gpu_trace: CPU trace: circuit lacks generated CUDA coverage circuit=156 rows=375191
2026-09-16T21:41:28.389714Z DEBUG aiur::gpu_trace: CPU trace: circuit lacks generated CUDA coverage circuit=153 rows=1191
2026-09-16T21:41:28.390294Z DEBUG aiur::gpu_trace: CPU trace: circuit lacks generated CUDA coverage circuit=58 rows=2177
2026-09-16T21:41:28.390327Z DEBUG aiur/codegen_seeds{circuit=63 rows=106}: aiur::trace_codegen::cuda: prepared generated CUDA trace circuit=63 rows=106 width=68 seed_bytes=22048 seed_spans=1
2026-09-16T21:41:28.391189Z DEBUG aiur::gpu_trace: CPU trace: circuit lacks generated CUDA coverage circuit=91 rows=4931554
2026-09-16T21:41:28.392150Z DEBUG aiur::gpu_trace: CPU trace: circuit lacks generated CUDA coverage circuit=22 rows=29
2026-09-16T21:41:28.461672Z DEBUG aiur/codegen_seeds{circuit=16 rows=1048576}: aiur::trace_codegen::cuda: prepared generated CUDA trace circuit=16 rows=1048576 width=533 seed_bytes=184549376 seed_spans=16
2026-09-16T21:41:31.062661Z DEBUG aiur::gpu_trace: CPU trace: circuit lacks generated CUDA coverage circuit=26 rows=6
2026-09-16T21:41:31.062667Z DEBUG aiur::gpu_trace: CPU trace: circuit lacks generated CUDA coverage circuit=12 rows=16777216
2026-09-16T21:41:31.063187Z DEBUG aiur::gpu_trace: CPU trace: circuit lacks generated CUDA coverage circuit=34 rows=907035
2026-09-16T21:41:31.063898Z DEBUG aiur::gpu_trace: CPU trace: circuit lacks generated CUDA coverage circuit=60 rows=65
2026-09-16T21:41:31.065496Z DEBUG aiur::gpu_trace: CPU trace: circuit lacks generated CUDA coverage circuit=84 rows=5
2026-09-16T21:41:31.149967Z DEBUG aiur/codegen_seeds{circuit=16 rows=1048576}: aiur::trace_codegen::cuda: prepared generated CUDA trace circuit=16 rows=1048576 width=533 seed_bytes=184549376 seed_spans=16
2026-09-16T21:41:34.007801Z DEBUG aiur::gpu_trace: CPU trace: circuit lacks generated CUDA coverage circuit=38 rows=4479712
2026-09-16T21:41:34.008930Z DEBUG aiur::gpu_trace: CPU trace: circuit lacks generated CUDA coverage circuit=57 rows=98
2026-09-16T21:41:34.008976Z DEBUG aiur::gpu_trace: CPU trace: circuit lacks generated CUDA coverage circuit=89 rows=127640
2026-09-16T21:41:34.009197Z DEBUG aiur::gpu_trace: CPU trace: circuit lacks generated CUDA coverage circuit=119 rows=11635949
2026-09-16T21:41:34.009388Z DEBUG aiur::gpu_trace: CPU trace: circuit lacks generated CUDA coverage circuit=64 rows=38
2026-09-16T21:41:34.009953Z DEBUG aiur::gpu_trace: CPU trace: circuit lacks generated CUDA coverage circuit=68 rows=16
2026-09-16T21:41:34.010775Z DEBUG aiur::gpu_trace: CPU trace: circuit lacks generated CUDA coverage circuit=42 rows=6583335
2026-09-16T21:41:36.773020Z DEBUG aiur::gpu_trace: CPU trace: circuit lacks generated CUDA coverage circuit=112 rows=6260162
2026-09-16T21:41:36.773694Z DEBUG aiur::gpu_trace: CPU trace: circuit lacks generated CUDA coverage circuit=77 rows=2
2026-09-16T21:41:36.773978Z DEBUG aiur::gpu_trace: CPU trace: circuit lacks generated CUDA coverage circuit=107 rows=7689358
2026-09-16T21:41:36.774372Z DEBUG aiur::gpu_trace: CPU trace: circuit lacks generated CUDA coverage circuit=97 rows=232051
2026-09-16T21:41:36.774529Z DEBUG aiur::gpu_trace: CPU trace: circuit lacks generated CUDA coverage circuit=69 rows=15
2026-09-16T21:41:36.774683Z DEBUG aiur::gpu_trace: CPU trace: circuit lacks generated CUDA coverage circuit=36 rows=6598250
2026-09-16T21:41:36.774991Z DEBUG aiur::gpu_trace: CPU trace: circuit lacks generated CUDA coverage circuit=70 rows=16
2026-09-16T21:41:36.775485Z DEBUG aiur::gpu_trace: CPU trace: circuit lacks generated CUDA coverage circuit=71 rows=16
2026-09-16T21:41:36.775650Z DEBUG aiur::gpu_trace: CPU trace: circuit lacks generated CUDA coverage circuit=152 rows=650998
2026-09-16T21:41:36.775827Z DEBUG aiur::gpu_trace: CPU trace: circuit lacks generated CUDA coverage circuit=170 rows=11286266
2026-09-16T21:41:36.775934Z DEBUG aiur::gpu_trace: CPU trace: circuit lacks generated CUDA coverage circuit=75 rows=4
2026-09-16T21:41:40.683923Z DEBUG aiur::gpu_trace: CPU trace: circuit lacks generated CUDA coverage circuit=12 rows=6325048
2026-09-16T21:41:40.684659Z DEBUG aiur::gpu_trace: CPU trace: circuit lacks generated CUDA coverage circuit=40 rows=120138
2026-09-16T21:41:40.685976Z DEBUG aiur::gpu_trace: CPU trace: circuit lacks generated CUDA coverage circuit=162 rows=2106830
2026-09-16T21:41:40.687608Z DEBUG aiur::gpu_trace: CPU trace: circuit lacks generated CUDA coverage circuit=101 rows=6980607
2026-09-16T21:41:40.756049Z DEBUG aiur/codegen_seeds{circuit=102 rows=1879966}: aiur::trace_codegen::cuda: prepared generated CUDA trace circuit=102 rows=1879966 width=43 seed_bytes=75198640 seed_spans=29
2026-09-16T21:41:43.826907Z DEBUG aiur::gpu_trace: CPU trace: circuit lacks generated CUDA coverage circuit=85 rows=585
2026-09-16T21:41:43.827308Z DEBUG aiur::gpu_trace: CPU trace: circuit lacks generated CUDA coverage circuit=13 rows=339773
2026-09-16T21:41:43.827383Z DEBUG aiur::gpu_trace: CPU trace: circuit lacks generated CUDA coverage circuit=33 rows=7366504
2026-09-16T21:41:43.827872Z DEBUG aiur::gpu_trace: CPU trace: circuit lacks generated CUDA coverage circuit=61 rows=6422
2026-09-16T21:41:43.828436Z DEBUG aiur::gpu_trace: CPU trace: circuit lacks generated CUDA coverage circuit=62 rows=184
2026-09-16T21:41:43.829224Z DEBUG aiur::gpu_trace: CPU trace: circuit lacks generated CUDA coverage circuit=177 rows=6798544
2026-09-16T21:41:43.829396Z DEBUG aiur::gpu_trace: CPU trace: circuit lacks generated CUDA coverage circuit=118 rows=3703715
2026-09-16T21:41:43.829501Z DEBUG aiur::gpu_trace: CPU trace: circuit lacks generated CUDA coverage circuit=106 rows=7882444
2026-09-16T21:41:43.829709Z DEBUG aiur::gpu_trace: CPU trace: circuit lacks generated CUDA coverage circuit=111 rows=6505080
2026-09-16T21:41:43.829750Z DEBUG aiur::gpu_trace: CPU trace: circuit lacks generated CUDA coverage circuit=183 rows=7486634
2026-09-16T21:41:47.594264Z DEBUG aiur::gpu_trace: CPU trace: circuit lacks generated CUDA coverage circuit=108 rows=905603
2026-09-16T21:41:47.594980Z DEBUG aiur::gpu_trace: CPU trace: circuit lacks generated CUDA coverage circuit=54 rows=3652594
2026-09-16T21:41:47.595819Z DEBUG aiur::gpu_trace: CPU trace: circuit lacks generated CUDA coverage circuit=67 rows=3047
2026-09-16T21:41:47.595900Z DEBUG aiur::gpu_trace: CPU trace: circuit lacks generated CUDA coverage circuit=120 rows=2586271
2026-09-16T21:41:47.596264Z DEBUG aiur::gpu_trace: CPU trace: circuit lacks generated CUDA coverage circuit=20 rows=528891
2026-09-16T21:41:47.596727Z DEBUG aiur::gpu_trace: CPU trace: circuit lacks generated CUDA coverage circuit=83 rows=28481
2026-09-16T21:41:47.596797Z DEBUG aiur::gpu_trace: CPU trace: circuit lacks generated CUDA coverage circuit=24 rows=560736
2026-09-16T21:41:47.596912Z DEBUG aiur::gpu_trace: CPU trace: circuit lacks generated CUDA coverage circuit=167 rows=1992255
2026-09-16T21:41:47.597842Z DEBUG aiur::gpu_trace: CPU trace: circuit lacks generated CUDA coverage circuit=168 rows=1611823
2026-09-16T21:41:47.598933Z DEBUG aiur::gpu_trace: CPU trace: circuit lacks generated CUDA coverage circuit=109 rows=3151977
2026-09-16T21:41:47.599297Z DEBUG aiur::gpu_trace: CPU trace: circuit lacks generated CUDA coverage circuit=110 rows=2638124
2026-09-16T21:41:47.726439Z DEBUG aiur/codegen_seeds{circuit=16 rows=79824}: aiur::trace_codegen::cuda: prepared generated CUDA trace circuit=16 rows=79824 width=533 seed_bytes=14049024 seed_spans=2
2026-09-16T21:41:47.793791Z DEBUG aiur/codegen_seeds{circuit=15 rows=345283}: aiur::trace_codegen::cuda: prepared generated CUDA trace circuit=15 rows=345283 width=177 seed_bytes=140875464 seed_spans=9
2026-09-16T21:41:50.625149Z DEBUG aiur::gpu_trace: CPU trace: circuit lacks generated CUDA coverage circuit=19 rows=53132
2026-09-16T21:41:50.625157Z DEBUG aiur::gpu_trace: CPU trace: circuit lacks generated CUDA coverage circuit=166 rows=1683279
2026-09-16T21:41:50.625155Z DEBUG aiur::gpu_trace: CPU trace: circuit lacks generated CUDA coverage circuit=179 rows=3061159
2026-09-16T21:41:50.625157Z DEBUG aiur::gpu_trace: CPU trace: circuit lacks generated CUDA coverage circuit=44 rows=249606
2026-09-16T21:41:50.626114Z DEBUG aiur::gpu_trace: CPU trace: circuit lacks generated CUDA coverage circuit=45 rows=1579511
2026-09-16T21:41:50.626318Z DEBUG aiur::gpu_trace: CPU trace: circuit lacks generated CUDA coverage circuit=115 rows=1509591
2026-09-16T21:41:50.626526Z DEBUG aiur::gpu_trace: CPU trace: circuit lacks generated CUDA coverage circuit=169 rows=1404773
2026-09-16T21:41:50.626531Z DEBUG aiur::gpu_trace: CPU trace: circuit lacks generated CUDA coverage circuit=105 rows=479743
2026-09-16T21:41:50.627013Z DEBUG aiur::gpu_trace: CPU trace: circuit lacks generated CUDA coverage circuit=113 rows=1850721
2026-09-16T21:41:50.627050Z DEBUG aiur::gpu_trace: CPU trace: circuit lacks generated CUDA coverage circuit=122 rows=1676534
2026-09-16T21:41:50.627279Z DEBUG aiur::gpu_trace: CPU trace: circuit lacks generated CUDA coverage circuit=37 rows=858034
2026-09-16T21:41:50.627632Z DEBUG aiur::gpu_trace: CPU trace: circuit lacks generated CUDA coverage circuit=147 rows=285969
2026-09-16T21:41:50.627737Z DEBUG aiur::gpu_trace: CPU trace: circuit lacks generated CUDA coverage circuit=125 rows=538318
2026-09-16T21:41:50.627765Z DEBUG aiur::gpu_trace: CPU trace: circuit lacks generated CUDA coverage circuit=132 rows=1364805
2026-09-16T21:41:50.627817Z DEBUG aiur::gpu_trace: CPU trace: circuit lacks generated CUDA coverage circuit=137 rows=304108
2026-09-16T21:41:50.627852Z DEBUG aiur::gpu_trace: CPU trace: circuit lacks generated CUDA coverage circuit=126 rows=437729
2026-09-16T21:41:50.627904Z DEBUG aiur::gpu_trace: CPU trace: circuit lacks generated CUDA coverage circuit=150 rows=1255693
2026-09-16T21:41:50.627922Z DEBUG aiur::gpu_trace: CPU trace: circuit lacks generated CUDA coverage circuit=138 rows=844040
2026-09-16T21:41:50.627949Z DEBUG aiur::gpu_trace: CPU trace: circuit lacks generated CUDA coverage circuit=151 rows=909410
2026-09-16T21:41:50.627958Z DEBUG aiur::gpu_trace: CPU trace: circuit lacks generated CUDA coverage circuit=134 rows=295238
2026-09-16T21:41:50.628199Z DEBUG aiur::gpu_trace: CPU trace: circuit lacks generated CUDA coverage circuit=135 rows=4327
2026-09-16T21:41:50.628240Z DEBUG aiur::gpu_trace: CPU trace: circuit lacks generated CUDA coverage circuit=178 rows=4158809
2026-09-16T21:41:50.628352Z DEBUG aiur::gpu_trace: CPU trace: circuit lacks generated CUDA coverage circuit=88 rows=3001118
2026-09-16T21:41:50.628430Z DEBUG aiur::gpu_trace: CPU trace: circuit lacks generated CUDA coverage circuit=116 rows=961712
2026-09-16T21:41:50.628648Z DEBUG aiur::gpu_trace: CPU trace: circuit lacks generated CUDA coverage circuit=184 rows=158891
2026-09-16T21:41:50.628648Z DEBUG aiur::gpu_trace: CPU trace: circuit lacks generated CUDA coverage circuit=180 rows=3602210
2026-09-16T21:41:51.797210Z DEBUG aiur/codegen_seeds{circuit=140 rows=540493}: aiur::trace_codegen::cuda: prepared generated CUDA trace circuit=140 rows=540493 width=25 seed_bytes=19479240 seed_spans=10
2026-09-16T21:41:54.543049Z DEBUG aiur::gpu_trace: CPU trace: circuit lacks generated CUDA coverage circuit=1 rows=18432
2026-09-16T21:41:54.543055Z DEBUG aiur::gpu_trace: CPU trace: circuit lacks generated CUDA coverage circuit=52 rows=170568
2026-09-16T21:41:54.543073Z DEBUG aiur::gpu_trace: CPU trace: circuit lacks generated CUDA coverage circuit=51 rows=17021
2026-09-16T21:41:54.543073Z DEBUG aiur::gpu_trace: CPU trace: circuit lacks generated CUDA coverage circuit=18 rows=14298
2026-09-16T21:41:54.543098Z DEBUG aiur::gpu_trace: CPU trace: circuit lacks generated CUDA coverage circuit=31 rows=2621
2026-09-16T21:41:54.543074Z DEBUG aiur::gpu_trace: CPU trace: circuit lacks generated CUDA coverage circuit=4 rows=18957
2026-09-16T21:41:54.543108Z DEBUG aiur::gpu_trace: CPU trace: circuit lacks generated CUDA coverage circuit=114 rows=597833
2026-09-16T21:41:54.543076Z DEBUG aiur::gpu_trace: CPU trace: circuit lacks generated CUDA coverage circuit=5 rows=270
2026-09-16T21:41:54.543057Z DEBUG aiur::gpu_trace: CPU trace: circuit lacks generated CUDA coverage circuit=2 rows=153453
2026-09-16T21:41:54.543074Z DEBUG aiur::gpu_trace: CPU trace: circuit lacks generated CUDA coverage circuit=127 rows=434509
2026-09-16T21:41:54.543076Z DEBUG aiur::gpu_trace: CPU trace: circuit lacks generated CUDA coverage circuit=41 rows=492517
2026-09-16T21:41:54.543073Z DEBUG aiur::gpu_trace: CPU trace: circuit lacks generated CUDA coverage circuit=28 rows=1817
2026-09-16T21:41:54.543072Z DEBUG aiur::gpu_trace: CPU trace: circuit lacks generated CUDA coverage circuit=25 rows=44061
2026-09-16T21:41:54.543076Z DEBUG aiur::gpu_trace: CPU trace: circuit lacks generated CUDA coverage circuit=55 rows=4178
2026-09-16T21:41:54.543074Z DEBUG aiur::gpu_trace: CPU trace: circuit lacks generated CUDA coverage circuit=76 rows=47808
2026-09-16T21:41:54.543077Z DEBUG aiur::gpu_trace: CPU trace: circuit lacks generated CUDA coverage circuit=53 rows=14613
2026-09-16T21:41:54.543080Z DEBUG aiur::gpu_trace: CPU trace: circuit lacks generated CUDA coverage circuit=0 rows=162420
2026-09-16T21:41:54.543475Z DEBUG aiur::gpu_trace: CPU trace: circuit lacks generated CUDA coverage circuit=154 rows=28644
2026-09-16T21:41:54.543633Z DEBUG aiur::gpu_trace: CPU trace: circuit lacks generated CUDA coverage circuit=103 rows=327531
2026-09-16T21:41:54.543676Z DEBUG aiur::gpu_trace: CPU trace: circuit lacks generated CUDA coverage circuit=39 rows=191507
2026-09-16T21:41:54.543693Z DEBUG aiur::gpu_trace: CPU trace: circuit lacks generated CUDA coverage circuit=46 rows=180256
2026-09-16T21:41:54.543710Z DEBUG aiur::gpu_trace: CPU trace: circuit lacks generated CUDA coverage circuit=17 rows=14235
2026-09-16T21:41:54.543712Z DEBUG aiur::gpu_trace: CPU trace: circuit lacks generated CUDA coverage circuit=43 rows=74208
2026-09-16T21:41:54.543854Z DEBUG aiur::gpu_trace: CPU trace: circuit lacks generated CUDA coverage circuit=121 rows=460545
2026-09-16T21:41:54.543899Z DEBUG aiur::gpu_trace: CPU trace: circuit lacks generated CUDA coverage circuit=14 rows=793076
2026-09-16T21:41:54.543921Z DEBUG aiur::gpu_trace: CPU trace: circuit lacks generated CUDA coverage circuit=65 rows=91747
2026-09-16T21:41:54.543964Z DEBUG aiur::gpu_trace: CPU trace: circuit lacks generated CUDA coverage circuit=59 rows=99846
2026-09-16T21:41:54.544161Z DEBUG aiur::gpu_trace: CPU trace: circuit lacks generated CUDA coverage circuit=141 rows=302459
2026-09-16T21:41:54.544181Z DEBUG aiur::gpu_trace: CPU trace: circuit lacks generated CUDA coverage circuit=92 rows=101041
2026-09-16T21:41:54.544241Z DEBUG aiur::gpu_trace: CPU trace: circuit lacks generated CUDA coverage circuit=23 rows=54100
2026-09-16T21:41:54.544363Z DEBUG aiur::gpu_trace: CPU trace: circuit lacks generated CUDA coverage circuit=133 rows=284408
2026-09-16T21:41:54.544408Z DEBUG aiur::gpu_trace: CPU trace: circuit lacks generated CUDA coverage circuit=136 rows=19762
2026-09-16T21:41:54.547795Z DEBUG aiur::gpu_trace: CPU trace: circuit lacks generated CUDA coverage circuit=32 rows=218051
2026-09-16T21:41:54.549420Z DEBUG aiur::gpu_trace: CPU trace: circuit lacks generated CUDA coverage circuit=30 rows=13216
2026-09-16T21:41:54.554922Z DEBUG aiur::gpu_trace: CPU trace: circuit lacks generated CUDA coverage circuit=139 rows=269295
2026-09-16T21:41:54.562392Z DEBUG aiur::gpu_trace: CPU trace: circuit lacks generated CUDA coverage circuit=104 rows=211082
2026-09-16T21:41:54.570900Z DEBUG aiur::gpu_trace: CPU trace: circuit lacks generated CUDA coverage circuit=155 rows=34309
2026-09-16T21:41:54.579625Z DEBUG aiur/codegen_seeds{circuit=6 rows=17820}: aiur::trace_codegen::cuda: prepared generated CUDA trace circuit=6 rows=17820 width=63 seed_bytes=3289032 seed_spans=4
2026-09-16T21:41:54.579708Z DEBUG aiur::gpu_trace: CPU trace: circuit lacks generated CUDA coverage circuit=7 rows=37830
2026-09-16T21:41:54.586661Z DEBUG aiur::gpu_trace: CPU trace: circuit lacks generated CUDA coverage circuit=146 rows=98985
2026-09-16T21:41:54.591059Z DEBUG aiur::gpu_trace: CPU trace: circuit lacks generated CUDA coverage circuit=72 rows=11125
2026-09-16T21:41:54.597015Z DEBUG aiur::gpu_trace: CPU trace: circuit lacks generated CUDA coverage circuit=74 rows=737
2026-09-16T21:41:54.599569Z DEBUG aiur::gpu_trace: CPU trace: circuit lacks generated CUDA coverage circuit=149 rows=267179
2026-09-16T21:41:54.603483Z DEBUG aiur::gpu_trace: CPU trace: circuit lacks generated CUDA coverage circuit=73 rows=24412
2026-09-16T21:41:54.609559Z DEBUG aiur::gpu_trace: CPU trace: circuit lacks generated CUDA coverage circuit=8 rows=26243
2026-09-16T21:41:54.609773Z DEBUG aiur::gpu_trace: CPU trace: circuit lacks generated CUDA coverage circuit=157 rows=219356
2026-09-16T21:41:54.611346Z DEBUG aiur::gpu_trace: CPU trace: circuit lacks generated CUDA coverage circuit=9 rows=33736
2026-09-16T21:41:54.637101Z DEBUG aiur::gpu_trace: CPU trace: circuit lacks generated CUDA coverage circuit=123 rows=221681
2026-09-16T21:41:54.637969Z DEBUG aiur::gpu_trace: CPU trace: circuit lacks generated CUDA coverage circuit=78 rows=6731
2026-09-16T21:41:54.638677Z DEBUG aiur::gpu_trace: CPU trace: circuit lacks generated CUDA coverage circuit=148 rows=292072
2026-09-16T21:41:54.656112Z DEBUG aiur::gpu_trace: CPU trace: circuit lacks generated CUDA coverage circuit=82 rows=122500
2026-09-16T21:41:54.658490Z DEBUG aiur::gpu_trace: CPU trace: circuit lacks generated CUDA coverage circuit=80 rows=42321
2026-09-16T21:41:54.674560Z DEBUG aiur::gpu_trace: CPU trace: circuit lacks generated CUDA coverage circuit=93 rows=19709
2026-09-16T21:41:54.676385Z DEBUG aiur::gpu_trace: CPU trace: circuit lacks generated CUDA coverage circuit=47 rows=235340
2026-09-16T21:41:54.678235Z DEBUG aiur::gpu_trace: CPU trace: circuit lacks generated CUDA coverage circuit=181 rows=322610
2026-09-16T21:41:54.700895Z DEBUG aiur::gpu_trace: CPU trace: circuit lacks generated CUDA coverage circuit=81 rows=109094
2026-09-16T21:41:54.720900Z DEBUG aiur::gpu_trace: CPU trace: circuit lacks generated CUDA coverage circuit=94 rows=20688
2026-09-16T21:41:54.742822Z DEBUG aiur::gpu_trace: CPU trace: circuit lacks generated CUDA coverage circuit=66 rows=629
2026-09-16T21:41:54.751297Z DEBUG aiur::gpu_trace: CPU trace: circuit lacks generated CUDA coverage circuit=159 rows=23171
2026-09-16T21:41:54.754019Z DEBUG aiur::gpu_trace: CPU trace: circuit lacks generated CUDA coverage circuit=95 rows=30509
2026-09-16T21:41:54.758344Z DEBUG aiur::gpu_trace: CPU trace: circuit lacks generated CUDA coverage circuit=86 rows=10372
2026-09-16T21:41:54.785282Z DEBUG aiur::gpu_trace: CPU trace: circuit lacks generated CUDA coverage circuit=49 rows=117560
2026-09-16T21:41:54.803181Z DEBUG aiur::gpu_trace: CPU trace: circuit lacks generated CUDA coverage circuit=96 rows=82447
2026-09-16T21:41:54.815923Z DEBUG aiur::gpu_trace: CPU trace: circuit lacks generated CUDA coverage circuit=182 rows=482112
2026-09-16T21:41:54.816574Z DEBUG aiur::gpu_trace: CPU trace: circuit lacks generated CUDA coverage circuit=35 rows=66945
2026-09-16T21:41:54.818705Z DEBUG aiur::gpu_trace: CPU trace: circuit lacks generated CUDA coverage circuit=160 rows=28285
2026-09-16T21:41:54.837489Z DEBUG aiur::gpu_trace: CPU trace: circuit lacks generated CUDA coverage circuit=161 rows=176127
2026-09-16T21:41:54.855293Z DEBUG aiur::gpu_trace: CPU trace: circuit lacks generated CUDA coverage circuit=50 rows=1207
2026-09-16T21:41:54.858871Z DEBUG aiur::gpu_trace: CPU trace: circuit lacks generated CUDA coverage circuit=98 rows=233884
2026-09-16T21:41:54.859290Z DEBUG aiur::gpu_trace: CPU trace: circuit lacks generated CUDA coverage circuit=163 rows=149601
2026-09-16T21:41:54.870769Z DEBUG aiur::gpu_trace: CPU trace: circuit lacks generated CUDA coverage circuit=158 rows=12623
2026-09-16T21:41:54.878142Z DEBUG aiur::gpu_trace: CPU trace: circuit lacks generated CUDA coverage circuit=164 rows=836789
2026-09-16T21:41:54.896016Z DEBUG aiur::gpu_trace: CPU trace: circuit lacks generated CUDA coverage circuit=10 rows=33570
2026-09-16T21:41:54.961750Z DEBUG aiur/codegen_seeds{circuit=124 rows=64132}: aiur::trace_codegen::cuda: prepared generated CUDA trace circuit=124 rows=64132 width=98 seed_bytes=14951040 seed_spans=2
2026-09-16T21:41:54.961779Z DEBUG aiur::gpu_trace: CPU trace: circuit lacks generated CUDA coverage circuit=48 rows=18047
2026-09-16T21:41:54.987818Z DEBUG aiur::gpu_trace: CPU trace: circuit lacks generated CUDA coverage circuit=11 rows=112011
2026-09-16T21:41:54.989350Z DEBUG aiur::gpu_trace: CPU trace: circuit lacks generated CUDA coverage circuit=27 rows=1549
2026-09-16T21:41:55.015177Z DEBUG aiur::gpu_trace: CPU trace: circuit lacks generated CUDA coverage circuit=130 rows=255769
2026-09-16T21:41:55.033503Z DEBUG aiur::gpu_trace: CPU trace: circuit lacks generated CUDA coverage circuit=128 rows=280069
2026-09-16T21:41:55.047763Z DEBUG aiur::gpu_trace: CPU trace: circuit lacks generated CUDA coverage circuit=131 rows=464979
2026-09-16T21:41:55.059777Z DEBUG aiur::gpu_trace: CPU trace: circuit lacks generated CUDA coverage circuit=129 rows=397753
2026-09-16T21:41:55.067080Z DEBUG aiur::gpu_trace: CPU trace: circuit lacks generated CUDA coverage circuit=100 rows=323504
2026-09-16T21:41:55.114986Z DEBUG aiur::gpu_trace: CPU trace: circuit lacks generated CUDA coverage circuit=99 rows=328143
2026-09-16T21:41:55.158373Z DEBUG aiur::gpu_trace: CPU trace: circuit lacks generated CUDA coverage circuit=143 rows=269496
2026-09-16T21:41:55.187966Z DEBUG aiur::gpu_trace: CPU trace: circuit lacks generated CUDA coverage circuit=144 rows=269603
2026-09-16T21:41:55.197614Z DEBUG aiur::gpu_trace: CPU trace: circuit lacks generated CUDA coverage circuit=142 rows=364189
2026-09-16T21:41:55.215881Z DEBUG aiur::gpu_trace: CPU trace: circuit lacks generated CUDA coverage circuit=145 rows=305191
[lanes] worker 0: claim 2 proven at +314s (0 left)
[lanes] join 5 dispatched at +314s
[lanes] worker 0: join 2 proving started at +314s
[lanes] executor 0: join 5 execution started at +314s
[aggregate] structural-joining slots 3, 4 into 5
2026-09-16T21:41:59.992051Z DEBUG aiur::gpu_trace: CPU trace: circuit lacks generated CUDA coverage circuit=9 rows=3302498
2026-09-16T21:41:59.992080Z DEBUG aiur::gpu_trace: CPU trace: circuit lacks generated CUDA coverage circuit=32 rows=6053003
2026-09-16T21:41:59.993030Z DEBUG aiur::gpu_trace: CPU trace: circuit lacks generated CUDA coverage circuit=61 rows=22
2026-09-16T21:41:59.993426Z DEBUG aiur::gpu_trace: CPU trace: circuit lacks generated CUDA coverage circuit=42 rows=24
2026-09-16T21:42:00.078336Z DEBUG aiur/codegen_seeds{circuit=20 rows=1048576}: aiur::trace_codegen::cuda: prepared generated CUDA trace circuit=20 rows=1048576 width=533 seed_bytes=184549376 seed_spans=16
2026-09-16T21:42:00.991608Z DEBUG aiur::gpu_trace: CPU trace: circuit lacks generated CUDA coverage circuit=5 rows=640503
2026-09-16T21:42:00.991616Z DEBUG aiur::gpu_trace: CPU trace: circuit lacks generated CUDA coverage circuit=2 rows=106
2026-09-16T21:42:00.991615Z DEBUG aiur::gpu_trace: CPU trace: circuit lacks generated CUDA coverage circuit=56 rows=1
2026-09-16T21:42:00.991612Z DEBUG aiur::gpu_trace: CPU trace: circuit lacks generated CUDA coverage circuit=63 rows=23
2026-09-16T21:42:00.991609Z DEBUG aiur::gpu_trace: CPU trace: circuit lacks generated CUDA coverage circuit=62 rows=24
2026-09-16T21:42:00.991629Z DEBUG aiur::gpu_trace: CPU trace: circuit lacks generated CUDA coverage circuit=10 rows=778622
2026-09-16T21:42:00.991612Z DEBUG aiur::gpu_trace: CPU trace: circuit lacks generated CUDA coverage circuit=50 rows=23
2026-09-16T21:42:00.991654Z DEBUG aiur::gpu_trace: CPU trace: circuit lacks generated CUDA coverage circuit=43 rows=2
2026-09-16T21:42:00.992056Z DEBUG aiur::gpu_trace: CPU trace: circuit lacks generated CUDA coverage circuit=51 rows=440
2026-09-16T21:42:00.992117Z DEBUG aiur::gpu_trace: CPU trace: circuit lacks generated CUDA coverage circuit=38 rows=110
2026-09-16T21:42:00.992142Z DEBUG aiur::gpu_trace: CPU trace: circuit lacks generated CUDA coverage circuit=64 rows=2
2026-09-16T21:42:00.992256Z DEBUG aiur::gpu_trace: CPU trace: circuit lacks generated CUDA coverage circuit=57 rows=45
2026-09-16T21:42:00.992291Z DEBUG aiur::gpu_trace: CPU trace: circuit lacks generated CUDA coverage circuit=58 rows=127
2026-09-16T21:42:00.992296Z DEBUG aiur::gpu_trace: CPU trace: circuit lacks generated CUDA coverage circuit=60 rows=32
2026-09-16T21:42:00.992398Z DEBUG aiur/codegen_seeds{circuit=59 rows=74}: aiur::trace_codegen::cuda: prepared generated CUDA trace circuit=59 rows=74 width=26 seed_bytes=6512 seed_spans=1
2026-09-16T21:42:00.992451Z DEBUG aiur::gpu_trace: CPU trace: circuit lacks generated CUDA coverage circuit=46 rows=22
2026-09-16T21:42:00.992501Z DEBUG aiur::gpu_trace: CPU trace: circuit lacks generated CUDA coverage circuit=52 rows=62
2026-09-16T21:42:00.992574Z DEBUG aiur::gpu_trace: CPU trace: circuit lacks generated CUDA coverage circuit=40 rows=24
2026-09-16T21:42:00.992600Z DEBUG aiur::gpu_trace: CPU trace: circuit lacks generated CUDA coverage circuit=85 rows=23
2026-09-16T21:42:00.992629Z DEBUG aiur::gpu_trace: CPU trace: circuit lacks generated CUDA coverage circuit=14 rows=22
2026-09-16T21:42:00.992650Z DEBUG aiur::gpu_trace: CPU trace: circuit lacks generated CUDA coverage circuit=44 rows=61
2026-09-16T21:42:00.992669Z DEBUG aiur::gpu_trace: CPU trace: circuit lacks generated CUDA coverage circuit=48 rows=21
2026-09-16T21:42:00.992702Z DEBUG aiur::gpu_trace: CPU trace: circuit lacks generated CUDA coverage circuit=41 rows=22
2026-09-16T21:42:00.992706Z DEBUG aiur::gpu_trace: CPU trace: circuit lacks generated CUDA coverage circuit=45 rows=2
2026-09-16T21:42:00.992704Z DEBUG aiur::gpu_trace: CPU trace: circuit lacks generated CUDA coverage circuit=53 rows=24
2026-09-16T21:42:00.992746Z DEBUG aiur::gpu_trace: CPU trace: circuit lacks generated CUDA coverage circuit=54 rows=384
2026-09-16T21:42:00.992783Z DEBUG aiur::gpu_trace: CPU trace: circuit lacks generated CUDA coverage circuit=83 rows=1
2026-09-16T21:42:00.992799Z DEBUG aiur/codegen_seeds{circuit=49 rows=3}: aiur::trace_codegen::cuda: prepared generated CUDA trace circuit=49 rows=3 width=13 seed_bytes=120 seed_spans=1
2026-09-16T21:42:00.992805Z DEBUG aiur::gpu_trace: CPU trace: circuit lacks generated CUDA coverage circuit=39 rows=22
2026-09-16T21:42:00.992814Z DEBUG aiur::gpu_trace: CPU trace: circuit lacks generated CUDA coverage circuit=15 rows=24
2026-09-16T21:42:00.992844Z DEBUG aiur::gpu_trace: CPU trace: circuit lacks generated CUDA coverage circuit=16 rows=62
2026-09-16T21:42:00.992858Z DEBUG aiur::gpu_trace: CPU trace: circuit lacks generated CUDA coverage circuit=17 rows=24
2026-09-16T21:42:00.992916Z DEBUG aiur::gpu_trace: CPU trace: circuit lacks generated CUDA coverage circuit=55 rows=3978
2026-09-16T21:42:00.992932Z DEBUG aiur::gpu_trace: CPU trace: circuit lacks generated CUDA coverage circuit=47 rows=4361
2026-09-16T21:42:00.993010Z DEBUG aiur::gpu_trace: CPU trace: circuit lacks generated CUDA coverage circuit=24 rows=2285
2026-09-16T21:42:01.075465Z DEBUG aiur/codegen_seeds{circuit=20 rows=1048576}: aiur::trace_codegen::cuda: prepared generated CUDA trace circuit=20 rows=1048576 width=533 seed_bytes=184549376 seed_spans=16
2026-09-16T21:42:02.182958Z DEBUG aiur::gpu_trace: CPU trace: circuit lacks generated CUDA coverage circuit=18 rows=3513116
2026-09-16T21:42:02.182958Z DEBUG aiur::gpu_trace: CPU trace: circuit lacks generated CUDA coverage circuit=31 rows=1362018
2026-09-16T21:42:02.183288Z DEBUG aiur::gpu_trace: CPU trace: circuit lacks generated CUDA coverage circuit=29 rows=3300084
2026-09-16T21:42:02.183690Z DEBUG aiur::gpu_trace: CPU trace: circuit lacks generated CUDA coverage circuit=22 rows=142964
2026-09-16T21:42:02.353019Z DEBUG aiur/codegen_seeds{circuit=20 rows=1048576}: aiur::trace_codegen::cuda: prepared generated CUDA trace circuit=20 rows=1048576 width=533 seed_bytes=184549376 seed_spans=16
2026-09-16T21:42:02.376943Z DEBUG aiur/codegen_seeds{circuit=30 rows=434371}: aiur::trace_codegen::cuda: prepared generated CUDA trace circuit=30 rows=434371 width=234 seed_bytes=264097568 seed_spans=16
2026-09-16T21:42:03.352066Z DEBUG aiur::gpu_trace: CPU trace: circuit lacks generated CUDA coverage circuit=12 rows=669493
2026-09-16T21:42:03.352131Z DEBUG aiur::gpu_trace: CPU trace: circuit lacks generated CUDA coverage circuit=19 rows=212242
2026-09-16T21:42:03.352552Z DEBUG aiur::gpu_trace: CPU trace: circuit lacks generated CUDA coverage circuit=27 rows=1203960
2026-09-16T21:42:03.353002Z DEBUG aiur::gpu_trace: CPU trace: circuit lacks generated CUDA coverage circuit=84 rows=776911
2026-09-16T21:42:03.353062Z DEBUG aiur::gpu_trace: CPU trace: circuit lacks generated CUDA coverage circuit=86 rows=2962421
2026-09-16T21:42:03.433022Z DEBUG aiur/codegen_seeds{circuit=20 rows=1048576}: aiur::trace_codegen::cuda: prepared generated CUDA trace circuit=20 rows=1048576 width=533 seed_bytes=184549376 seed_spans=16
2026-09-16T21:42:04.358287Z DEBUG aiur::gpu_trace: CPU trace: circuit lacks generated CUDA coverage circuit=0 rows=986096
2026-09-16T21:42:04.358334Z DEBUG aiur::gpu_trace: CPU trace: circuit lacks generated CUDA coverage circuit=65 rows=86206
2026-09-16T21:42:04.358331Z DEBUG aiur::gpu_trace: CPU trace: circuit lacks generated CUDA coverage circuit=37 rows=277795
2026-09-16T21:42:04.358340Z DEBUG aiur::gpu_trace: CPU trace: circuit lacks generated CUDA coverage circuit=4 rows=175092
2026-09-16T21:42:04.359377Z DEBUG aiur::gpu_trace: CPU trace: circuit lacks generated CUDA coverage circuit=33 rows=1053661
2026-09-16T21:42:04.359580Z DEBUG aiur::gpu_trace: CPU trace: circuit lacks generated CUDA coverage circuit=35 rows=344198
2026-09-16T21:42:04.359724Z DEBUG aiur::gpu_trace: CPU trace: circuit lacks generated CUDA coverage circuit=28 rows=922226
2026-09-16T21:42:04.462759Z DEBUG aiur/codegen_seeds{circuit=20 rows=1048576}: aiur::trace_codegen::cuda: prepared generated CUDA trace circuit=20 rows=1048576 width=533 seed_bytes=184549376 seed_spans=16
2026-09-16T21:42:05.364138Z DEBUG aiur::gpu_trace: CPU trace: circuit lacks generated CUDA coverage circuit=3 rows=35661
2026-09-16T21:42:05.364145Z DEBUG aiur::gpu_trace: CPU trace: circuit lacks generated CUDA coverage circuit=25 rows=142964
2026-09-16T21:42:05.364155Z DEBUG aiur::gpu_trace: CPU trace: circuit lacks generated CUDA coverage circuit=8 rows=440667
2026-09-16T21:42:05.364158Z DEBUG aiur::gpu_trace: CPU trace: circuit lacks generated CUDA coverage circuit=6 rows=335105
2026-09-16T21:42:05.364155Z DEBUG aiur::gpu_trace: CPU trace: circuit lacks generated CUDA coverage circuit=26 rows=533851
2026-09-16T21:42:05.364156Z DEBUG aiur::gpu_trace: CPU trace: circuit lacks generated CUDA coverage circuit=7 rows=212619
2026-09-16T21:42:05.364157Z DEBUG aiur::gpu_trace: CPU trace: circuit lacks generated CUDA coverage circuit=1 rows=20047
2026-09-16T21:42:05.364160Z DEBUG aiur::gpu_trace: CPU trace: circuit lacks generated CUDA coverage circuit=34 rows=228800
2026-09-16T21:42:05.364548Z DEBUG aiur::gpu_trace: CPU trace: circuit lacks generated CUDA coverage circuit=13 rows=178559
2026-09-16T21:42:05.364606Z DEBUG aiur::gpu_trace: CPU trace: circuit lacks generated CUDA coverage circuit=11 rows=214524
2026-09-16T21:42:05.364733Z DEBUG aiur::gpu_trace: CPU trace: circuit lacks generated CUDA coverage circuit=36 rows=141477
2026-09-16T21:42:05.365104Z DEBUG aiur::gpu_trace: CPU trace: circuit lacks generated CUDA coverage circuit=87 rows=132649
2026-09-16T21:42:05.365302Z DEBUG aiur::gpu_trace: CPU trace: circuit lacks generated CUDA coverage circuit=21 rows=800829
2026-09-16T21:42:05.365391Z DEBUG aiur::gpu_trace: CPU trace: circuit lacks generated CUDA coverage circuit=66 rows=27120
2026-09-16T21:42:05.365436Z DEBUG aiur::gpu_trace: CPU trace: circuit lacks generated CUDA coverage circuit=23 rows=306504
2026-09-16T21:42:05.597873Z DEBUG aiur/codegen_seeds{circuit=20 rows=1048576}: aiur::trace_codegen::cuda: prepared generated CUDA trace circuit=20 rows=1048576 width=533 seed_bytes=184549376 seed_spans=16
2026-09-16T21:42:06.540462Z DEBUG aiur/codegen_seeds{circuit=20 rows=1048576}: aiur::trace_codegen::cuda: prepared generated CUDA trace circuit=20 rows=1048576 width=533 seed_bytes=184549376 seed_spans=16
2026-09-16T21:42:07.153827Z DEBUG aiur/codegen_seeds{circuit=20 rows=1048576}: aiur::trace_codegen::cuda: prepared generated CUDA trace circuit=20 rows=1048576 width=533 seed_bytes=184549376 seed_spans=16
2026-09-16T21:42:07.545711Z DEBUG aiur/codegen_seeds{circuit=20 rows=347416}: aiur::trace_codegen::cuda: prepared generated CUDA trace circuit=20 rows=347416 width=533 seed_bytes=61145216 seed_spans=6
2026-09-16T21:42:08.158661Z DEBUG aiur::gpu_trace: CPU trace: circuit lacks generated CUDA coverage circuit=9 rows=3302498
2026-09-16T21:42:08.158662Z DEBUG aiur::gpu_trace: CPU trace: circuit lacks generated CUDA coverage circuit=32 rows=6053003
2026-09-16T21:42:08.159434Z DEBUG aiur::gpu_trace: CPU trace: circuit lacks generated CUDA coverage circuit=61 rows=22
2026-09-16T21:42:08.159928Z DEBUG aiur::gpu_trace: CPU trace: circuit lacks generated CUDA coverage circuit=42 rows=24
2026-09-16T21:42:08.238792Z DEBUG aiur/codegen_seeds{circuit=20 rows=1048576}: aiur::trace_codegen::cuda: prepared generated CUDA trace circuit=20 rows=1048576 width=533 seed_bytes=184549376 seed_spans=16
2026-09-16T21:42:09.165272Z DEBUG aiur::gpu_trace: CPU trace: circuit lacks generated CUDA coverage circuit=5 rows=640503
2026-09-16T21:42:09.165277Z DEBUG aiur::gpu_trace: CPU trace: circuit lacks generated CUDA coverage circuit=53 rows=24
2026-09-16T21:42:09.165272Z DEBUG aiur::gpu_trace: CPU trace: circuit lacks generated CUDA coverage circuit=50 rows=23
2026-09-16T21:42:09.165271Z DEBUG aiur::gpu_trace: CPU trace: circuit lacks generated CUDA coverage circuit=15 rows=24
2026-09-16T21:42:09.165297Z DEBUG aiur::gpu_trace: CPU trace: circuit lacks generated CUDA coverage circuit=2 rows=106
2026-09-16T21:42:09.165273Z DEBUG aiur::gpu_trace: CPU trace: circuit lacks generated CUDA coverage circuit=62 rows=24
2026-09-16T21:42:09.165273Z DEBUG aiur::gpu_trace: CPU trace: circuit lacks generated CUDA coverage circuit=56 rows=1
2026-09-16T21:42:09.165308Z DEBUG aiur::gpu_trace: CPU trace: circuit lacks generated CUDA coverage circuit=57 rows=45
2026-09-16T21:42:09.165399Z DEBUG aiur/codegen_seeds{circuit=59 rows=74}: aiur::trace_codegen::cuda: prepared generated CUDA trace circuit=59 rows=74 width=26 seed_bytes=6512 seed_spans=1
2026-09-16T21:42:09.165449Z DEBUG aiur::gpu_trace: CPU trace: circuit lacks generated CUDA coverage circuit=60 rows=32
2026-09-16T21:42:09.165581Z DEBUG aiur::gpu_trace: CPU trace: circuit lacks generated CUDA coverage circuit=58 rows=127
2026-09-16T21:42:09.165626Z DEBUG aiur::gpu_trace: CPU trace: circuit lacks generated CUDA coverage circuit=16 rows=62
2026-09-16T21:42:09.165701Z DEBUG aiur::gpu_trace: CPU trace: circuit lacks generated CUDA coverage circuit=17 rows=24
2026-09-16T21:42:09.165714Z DEBUG aiur::gpu_trace: CPU trace: circuit lacks generated CUDA coverage circuit=14 rows=22
2026-09-16T21:42:09.165765Z DEBUG aiur::gpu_trace: CPU trace: circuit lacks generated CUDA coverage circuit=10 rows=778622
2026-09-16T21:42:09.165829Z DEBUG aiur::gpu_trace: CPU trace: circuit lacks generated CUDA coverage circuit=24 rows=2285
2026-09-16T21:42:09.165881Z DEBUG aiur::gpu_trace: CPU trace: circuit lacks generated CUDA coverage circuit=51 rows=440
2026-09-16T21:42:09.165902Z DEBUG aiur::gpu_trace: CPU trace: circuit lacks generated CUDA coverage circuit=54 rows=384
2026-09-16T21:42:09.165959Z DEBUG aiur::gpu_trace: CPU trace: circuit lacks generated CUDA coverage circuit=52 rows=62
2026-09-16T21:42:09.166024Z DEBUG aiur::gpu_trace: CPU trace: circuit lacks generated CUDA coverage circuit=63 rows=23
2026-09-16T21:42:09.166046Z DEBUG aiur::gpu_trace: CPU trace: circuit lacks generated CUDA coverage circuit=83 rows=1
2026-09-16T21:42:09.166168Z DEBUG aiur::gpu_trace: CPU trace: circuit lacks generated CUDA coverage circuit=55 rows=3978
2026-09-16T21:42:09.166183Z DEBUG aiur::gpu_trace: CPU trace: circuit lacks generated CUDA coverage circuit=38 rows=110
2026-09-16T21:42:09.166315Z DEBUG aiur::gpu_trace: CPU trace: circuit lacks generated CUDA coverage circuit=64 rows=2
2026-09-16T21:42:09.166399Z DEBUG aiur::gpu_trace: CPU trace: circuit lacks generated CUDA coverage circuit=85 rows=23
2026-09-16T21:42:09.166622Z DEBUG aiur::gpu_trace: CPU trace: circuit lacks generated CUDA coverage circuit=43 rows=2
2026-09-16T21:42:09.166625Z DEBUG aiur::gpu_trace: CPU trace: circuit lacks generated CUDA coverage circuit=40 rows=24
2026-09-16T21:42:09.166633Z DEBUG aiur::gpu_trace: CPU trace: circuit lacks generated CUDA coverage circuit=41 rows=22
2026-09-16T21:42:09.166634Z DEBUG aiur::gpu_trace: CPU trace: circuit lacks generated CUDA coverage circuit=46 rows=22
2026-09-16T21:42:09.166645Z DEBUG aiur::gpu_trace: CPU trace: circuit lacks generated CUDA coverage circuit=48 rows=21
2026-09-16T21:42:09.166688Z DEBUG aiur::gpu_trace: CPU trace: circuit lacks generated CUDA coverage circuit=47 rows=4361
2026-09-16T21:42:09.166724Z DEBUG aiur/codegen_seeds{circuit=49 rows=3}: aiur::trace_codegen::cuda: prepared generated CUDA trace circuit=49 rows=3 width=13 seed_bytes=120 seed_spans=1
2026-09-16T21:42:09.166740Z DEBUG aiur::gpu_trace: CPU trace: circuit lacks generated CUDA coverage circuit=39 rows=22
2026-09-16T21:42:09.166744Z DEBUG aiur::gpu_trace: CPU trace: circuit lacks generated CUDA coverage circuit=44 rows=61
2026-09-16T21:42:09.166797Z DEBUG aiur::gpu_trace: CPU trace: circuit lacks generated CUDA coverage circuit=45 rows=2
2026-09-16T21:42:09.254677Z DEBUG aiur/codegen_seeds{circuit=20 rows=1048576}: aiur::trace_codegen::cuda: prepared generated CUDA trace circuit=20 rows=1048576 width=533 seed_bytes=184549376 seed_spans=16
2026-09-16T21:42:11.749267Z DEBUG aiur::gpu_trace: CPU trace: circuit lacks generated CUDA coverage circuit=31 rows=1362018
2026-09-16T21:42:11.749267Z DEBUG aiur::gpu_trace: CPU trace: circuit lacks generated CUDA coverage circuit=29 rows=3300084
2026-09-16T21:42:11.749267Z DEBUG aiur::gpu_trace: CPU trace: circuit lacks generated CUDA coverage circuit=18 rows=3513116
2026-09-16T21:42:11.750517Z DEBUG aiur::gpu_trace: CPU trace: circuit lacks generated CUDA coverage circuit=22 rows=142964
2026-09-16T21:42:11.941475Z DEBUG aiur/codegen_seeds{circuit=30 rows=434371}: aiur::trace_codegen::cuda: prepared generated CUDA trace circuit=30 rows=434371 width=234 seed_bytes=264097568 seed_spans=16
2026-09-16T21:42:11.947657Z DEBUG aiur/codegen_seeds{circuit=20 rows=1048576}: aiur::trace_codegen::cuda: prepared generated CUDA trace circuit=20 rows=1048576 width=533 seed_bytes=184549376 seed_spans=16
2026-09-16T21:42:14.818496Z DEBUG aiur::gpu_trace: CPU trace: circuit lacks generated CUDA coverage circuit=12 rows=669493
2026-09-16T21:42:14.819463Z DEBUG aiur::gpu_trace: CPU trace: circuit lacks generated CUDA coverage circuit=27 rows=1203960
2026-09-16T21:42:14.819569Z DEBUG aiur::gpu_trace: CPU trace: circuit lacks generated CUDA coverage circuit=19 rows=212242
2026-09-16T21:42:14.819637Z DEBUG aiur::gpu_trace: CPU trace: circuit lacks generated CUDA coverage circuit=84 rows=776911
2026-09-16T21:42:14.819679Z DEBUG aiur::gpu_trace: CPU trace: circuit lacks generated CUDA coverage circuit=86 rows=2962421
2026-09-16T21:42:14.921033Z DEBUG aiur/codegen_seeds{circuit=20 rows=1048576}: aiur::trace_codegen::cuda: prepared generated CUDA trace circuit=20 rows=1048576 width=533 seed_bytes=184549376 seed_spans=16
2026-09-16T21:42:17.215686Z DEBUG aiur::gpu_trace: CPU trace: circuit lacks generated CUDA coverage circuit=0 rows=986096
2026-09-16T21:42:17.215738Z DEBUG aiur::gpu_trace: CPU trace: circuit lacks generated CUDA coverage circuit=4 rows=175092
2026-09-16T21:42:17.216241Z DEBUG aiur::gpu_trace: CPU trace: circuit lacks generated CUDA coverage circuit=65 rows=86206
2026-09-16T21:42:17.216242Z DEBUG aiur::gpu_trace: CPU trace: circuit lacks generated CUDA coverage circuit=37 rows=277795
2026-09-16T21:42:17.216282Z DEBUG aiur::gpu_trace: CPU trace: circuit lacks generated CUDA coverage circuit=28 rows=922226
2026-09-16T21:42:17.217044Z DEBUG aiur::gpu_trace: CPU trace: circuit lacks generated CUDA coverage circuit=35 rows=344198
2026-09-16T21:42:17.217098Z DEBUG aiur::gpu_trace: CPU trace: circuit lacks generated CUDA coverage circuit=33 rows=1053661
2026-09-16T21:42:17.335417Z DEBUG aiur/codegen_seeds{circuit=20 rows=1048576}: aiur::trace_codegen::cuda: prepared generated CUDA trace circuit=20 rows=1048576 width=533 seed_bytes=184549376 seed_spans=16
2026-09-16T21:42:19.868968Z DEBUG aiur::gpu_trace: CPU trace: circuit lacks generated CUDA coverage circuit=1 rows=20047
2026-09-16T21:42:19.868966Z DEBUG aiur::gpu_trace: CPU trace: circuit lacks generated CUDA coverage circuit=3 rows=35661
2026-09-16T21:42:19.869005Z DEBUG aiur::gpu_trace: CPU trace: circuit lacks generated CUDA coverage circuit=25 rows=142964
2026-09-16T21:42:19.869008Z DEBUG aiur::gpu_trace: CPU trace: circuit lacks generated CUDA coverage circuit=6 rows=335105
2026-09-16T21:42:19.869010Z DEBUG aiur::gpu_trace: CPU trace: circuit lacks generated CUDA coverage circuit=23 rows=306504
2026-09-16T21:42:19.869009Z DEBUG aiur::gpu_trace: CPU trace: circuit lacks generated CUDA coverage circuit=21 rows=800829
2026-09-16T21:42:19.869010Z DEBUG aiur::gpu_trace: CPU trace: circuit lacks generated CUDA coverage circuit=13 rows=178559
2026-09-16T21:42:19.869005Z DEBUG aiur::gpu_trace: CPU trace: circuit lacks generated CUDA coverage circuit=34 rows=228800
2026-09-16T21:42:19.869539Z DEBUG aiur::gpu_trace: CPU trace: circuit lacks generated CUDA coverage circuit=66 rows=27120
2026-09-16T21:42:19.869925Z DEBUG aiur::gpu_trace: CPU trace: circuit lacks generated CUDA coverage circuit=26 rows=533851
2026-09-16T21:42:19.869933Z DEBUG aiur::gpu_trace: CPU trace: circuit lacks generated CUDA coverage circuit=7 rows=212619
2026-09-16T21:42:19.869994Z DEBUG aiur::gpu_trace: CPU trace: circuit lacks generated CUDA coverage circuit=36 rows=141477
2026-09-16T21:42:19.870163Z DEBUG aiur::gpu_trace: CPU trace: circuit lacks generated CUDA coverage circuit=11 rows=214524
2026-09-16T21:42:19.870232Z DEBUG aiur::gpu_trace: CPU trace: circuit lacks generated CUDA coverage circuit=8 rows=440667
2026-09-16T21:42:19.870565Z DEBUG aiur::gpu_trace: CPU trace: circuit lacks generated CUDA coverage circuit=87 rows=132649
2026-09-16T21:42:20.135059Z DEBUG aiur/codegen_seeds{circuit=20 rows=1048576}: aiur::trace_codegen::cuda: prepared generated CUDA trace circuit=20 rows=1048576 width=533 seed_bytes=184549376 seed_spans=16
2026-09-16T21:42:22.756369Z DEBUG aiur/codegen_seeds{circuit=20 rows=1048576}: aiur::trace_codegen::cuda: prepared generated CUDA trace circuit=20 rows=1048576 width=533 seed_bytes=184549376 seed_spans=16
2026-09-16T21:42:24.385433Z DEBUG aiur/codegen_seeds{circuit=20 rows=1048576}: aiur::trace_codegen::cuda: prepared generated CUDA trace circuit=20 rows=1048576 width=533 seed_bytes=184549376 seed_spans=16
2026-09-16T21:42:25.584143Z DEBUG aiur/codegen_seeds{circuit=20 rows=347416}: aiur::trace_codegen::cuda: prepared generated CUDA trace circuit=20 rows=347416 width=533 seed_bytes=61145216 seed_spans=6
[aggregate] slot 2: cached proof 8b859c8367afbd89fd5ed23bb625e2e6b23eebe1f18e8af9469e396299b611b5
[lanes] worker 0: join 2 published at +342s
[trace-shards] 8 shards, 1500000000 committed cells: record 14633395166 B in shared pool, host workspace 16607595674 B of 26088568116 B reserved per prover; regenerating round 2
[lanes] executor 0: join 5 executed in 32.8s, record 14633395166 B (13.6 GiB) at +347s
[lanes] worker 0: join 5 proving started at +347s
2026-09-16T21:42:32.799486Z DEBUG aiur::gpu_trace: CPU trace: circuit lacks generated CUDA coverage circuit=9 rows=3216024
2026-09-16T21:42:32.800012Z DEBUG aiur::gpu_trace: CPU trace: circuit lacks generated CUDA coverage circuit=32 rows=5818277
2026-09-16T21:42:32.884846Z DEBUG aiur/codegen_seeds{circuit=20 rows=1048576}: aiur::trace_codegen::cuda: prepared generated CUDA trace circuit=20 rows=1048576 width=533 seed_bytes=184549376 seed_spans=16
2026-09-16T21:42:33.766196Z DEBUG aiur::gpu_trace: CPU trace: circuit lacks generated CUDA coverage circuit=3 rows=32346
2026-09-16T21:42:33.766225Z DEBUG aiur::gpu_trace: CPU trace: circuit lacks generated CUDA coverage circuit=18 rows=2947138
2026-09-16T21:42:33.766230Z DEBUG aiur::gpu_trace: CPU trace: circuit lacks generated CUDA coverage circuit=43 rows=2
2026-09-16T21:42:33.766495Z DEBUG aiur::gpu_trace: CPU trace: circuit lacks generated CUDA coverage circuit=5 rows=547570
2026-09-16T21:42:33.766614Z DEBUG aiur::gpu_trace: CPU trace: circuit lacks generated CUDA coverage circuit=41 rows=19
2026-09-16T21:42:33.766844Z DEBUG aiur::gpu_trace: CPU trace: circuit lacks generated CUDA coverage circuit=29 rows=3159851
2026-09-16T21:42:33.767469Z DEBUG aiur::gpu_trace: CPU trace: circuit lacks generated CUDA coverage circuit=55 rows=3480
2026-09-16T21:42:33.859122Z DEBUG aiur/codegen_seeds{circuit=20 rows=1048576}: aiur::trace_codegen::cuda: prepared generated CUDA trace circuit=20 rows=1048576 width=533 seed_bytes=184549376 seed_spans=16
2026-09-16T21:42:34.866016Z DEBUG aiur::gpu_trace: CPU trace: circuit lacks generated CUDA coverage circuit=16 rows=62
2026-09-16T21:42:34.866029Z DEBUG aiur::gpu_trace: CPU trace: circuit lacks generated CUDA coverage circuit=50 rows=20
2026-09-16T21:42:34.866027Z DEBUG aiur::gpu_trace: CPU trace: circuit lacks generated CUDA coverage circuit=2 rows=94
2026-09-16T21:42:34.866028Z DEBUG aiur::gpu_trace: CPU trace: circuit lacks generated CUDA coverage circuit=46 rows=19
2026-09-16T21:42:34.866033Z DEBUG aiur::gpu_trace: CPU trace: circuit lacks generated CUDA coverage circuit=12 rows=577005
2026-09-16T21:42:34.866387Z DEBUG aiur::gpu_trace: CPU trace: circuit lacks generated CUDA coverage circuit=44 rows=61
2026-09-16T21:42:34.866423Z DEBUG aiur::gpu_trace: CPU trace: circuit lacks generated CUDA coverage circuit=47 rows=3865
2026-09-16T21:42:34.866511Z DEBUG aiur::gpu_trace: CPU trace: circuit lacks generated CUDA coverage circuit=35 rows=338230
2026-09-16T21:42:34.866515Z DEBUG aiur::gpu_trace: CPU trace: circuit lacks generated CUDA coverage circuit=38 rows=104
2026-09-16T21:42:34.866773Z DEBUG aiur::gpu_trace: CPU trace: circuit lacks generated CUDA coverage circuit=56 rows=2
2026-09-16T21:42:34.866819Z DEBUG aiur::gpu_trace: CPU trace: circuit lacks generated CUDA coverage circuit=57 rows=45
2026-09-16T21:42:34.866833Z DEBUG aiur::gpu_trace: CPU trace: circuit lacks generated CUDA coverage circuit=45 rows=2
2026-09-16T21:42:34.866835Z DEBUG aiur::gpu_trace: CPU trace: circuit lacks generated CUDA coverage circuit=51 rows=434
2026-09-16T21:42:34.866998Z DEBUG aiur::gpu_trace: CPU trace: circuit lacks generated CUDA coverage circuit=86 rows=2848003
2026-09-16T21:42:34.867032Z DEBUG aiur::gpu_trace: CPU trace: circuit lacks generated CUDA coverage circuit=53 rows=25
2026-09-16T21:42:34.867177Z DEBUG aiur::gpu_trace: CPU trace: circuit lacks generated CUDA coverage circuit=52 rows=62
2026-09-16T21:42:34.867291Z DEBUG aiur::gpu_trace: CPU trace: circuit lacks generated CUDA coverage circuit=14 rows=19
2026-09-16T21:42:34.867312Z DEBUG aiur::gpu_trace: CPU trace: circuit lacks generated CUDA coverage circuit=60 rows=32
2026-09-16T21:42:34.867348Z DEBUG aiur::gpu_trace: CPU trace: circuit lacks generated CUDA coverage circuit=24 rows=1976
2026-09-16T21:42:34.867348Z DEBUG aiur::gpu_trace: CPU trace: circuit lacks generated CUDA coverage circuit=61 rows=19
2026-09-16T21:42:34.867370Z DEBUG aiur::gpu_trace: CPU trace: circuit lacks generated CUDA coverage circuit=54 rows=386
2026-09-16T21:42:34.867394Z DEBUG aiur/codegen_seeds{circuit=59 rows=74}: aiur::trace_codegen::cuda: prepared generated CUDA trace circuit=59 rows=74 width=26 seed_bytes=6512 seed_spans=1
2026-09-16T21:42:35.043118Z DEBUG aiur/codegen_seeds{circuit=20 rows=1048576}: aiur::trace_codegen::cuda: prepared generated CUDA trace circuit=20 rows=1048576 width=533 seed_bytes=184549376 seed_spans=16
2026-09-16T21:42:35.064252Z DEBUG aiur/codegen_seeds{circuit=30 rows=413610}: aiur::trace_codegen::cuda: prepared generated CUDA trace circuit=30 rows=413610 width=234 seed_bytes=251474880 seed_spans=15
2026-09-16T21:42:35.880518Z DEBUG aiur::gpu_trace: CPU trace: circuit lacks generated CUDA coverage circuit=0 rows=851186
2026-09-16T21:42:35.880529Z DEBUG aiur::gpu_trace: CPU trace: circuit lacks generated CUDA coverage circuit=1 rows=16918
2026-09-16T21:42:35.880560Z DEBUG aiur::gpu_trace: CPU trace: circuit lacks generated CUDA coverage circuit=40 rows=21
2026-09-16T21:42:35.880568Z DEBUG aiur::gpu_trace: CPU trace: circuit lacks generated CUDA coverage circuit=19 rows=161660
2026-09-16T21:42:35.880572Z DEBUG aiur::gpu_trace: CPU trace: circuit lacks generated CUDA coverage circuit=10 rows=661386
2026-09-16T21:42:35.880569Z DEBUG aiur::gpu_trace: CPU trace: circuit lacks generated CUDA coverage circuit=15 rows=21
2026-09-16T21:42:35.880572Z DEBUG aiur::gpu_trace: CPU trace: circuit lacks generated CUDA coverage circuit=62 rows=21
2026-09-16T21:42:35.880996Z DEBUG aiur::gpu_trace: CPU trace: circuit lacks generated CUDA coverage circuit=39 rows=19
2026-09-16T21:42:35.881206Z DEBUG aiur::gpu_trace: CPU trace: circuit lacks generated CUDA coverage circuit=63 rows=20
2026-09-16T21:42:35.881403Z DEBUG aiur::gpu_trace: CPU trace: circuit lacks generated CUDA coverage circuit=83 rows=1
2026-09-16T21:42:35.881527Z DEBUG aiur::gpu_trace: CPU trace: circuit lacks generated CUDA coverage circuit=42 rows=21
2026-09-16T21:42:35.881600Z DEBUG aiur::gpu_trace: CPU trace: circuit lacks generated CUDA coverage circuit=27 rows=1309065
2026-09-16T21:42:35.881615Z DEBUG aiur::gpu_trace: CPU trace: circuit lacks generated CUDA coverage circuit=17 rows=21
2026-09-16T21:42:35.881675Z DEBUG aiur::gpu_trace: CPU trace: circuit lacks generated CUDA coverage circuit=85 rows=20
2026-09-16T21:42:35.881918Z DEBUG aiur::gpu_trace: CPU trace: circuit lacks generated CUDA coverage circuit=64 rows=2
2026-09-16T21:42:35.882003Z DEBUG aiur::gpu_trace: CPU trace: circuit lacks generated CUDA coverage circuit=58 rows=123
2026-09-16T21:42:35.882015Z DEBUG aiur::gpu_trace: CPU trace: circuit lacks generated CUDA coverage circuit=48 rows=21
2026-09-16T21:42:35.882209Z DEBUG aiur/codegen_seeds{circuit=49 rows=3}: aiur::trace_codegen::cuda: prepared generated CUDA trace circuit=49 rows=3 width=13 seed_bytes=120 seed_spans=1
2026-09-16T21:42:35.983889Z DEBUG aiur/codegen_seeds{circuit=20 rows=1048576}: aiur::trace_codegen::cuda: prepared generated CUDA trace circuit=20 rows=1048576 width=533 seed_bytes=184549376 seed_spans=16
2026-09-16T21:42:36.863233Z DEBUG aiur::gpu_trace: CPU trace: circuit lacks generated CUDA coverage circuit=25 rows=142964
2026-09-16T21:42:36.863251Z DEBUG aiur::gpu_trace: CPU trace: circuit lacks generated CUDA coverage circuit=4 rows=154466
2026-09-16T21:42:36.863254Z DEBUG aiur::gpu_trace: CPU trace: circuit lacks generated CUDA coverage circuit=26 rows=464886
2026-09-16T21:42:36.863254Z DEBUG aiur::gpu_trace: CPU trace: circuit lacks generated CUDA coverage circuit=21 rows=787211
2026-09-16T21:42:36.863251Z DEBUG aiur::gpu_trace: CPU trace: circuit lacks generated CUDA coverage circuit=7 rows=185113
2026-09-16T21:42:36.863255Z DEBUG aiur::gpu_trace: CPU trace: circuit lacks generated CUDA coverage circuit=65 rows=67742
2026-09-16T21:42:36.863253Z DEBUG aiur::gpu_trace: CPU trace: circuit lacks generated CUDA coverage circuit=31 rows=1179962
2026-09-16T21:42:36.863254Z DEBUG aiur::gpu_trace: CPU trace: circuit lacks generated CUDA coverage circuit=28 rows=831505
2026-09-16T21:42:36.863254Z DEBUG aiur::gpu_trace: CPU trace: circuit lacks generated CUDA coverage circuit=37 rows=279075
2026-09-16T21:42:36.863256Z DEBUG aiur::gpu_trace: CPU trace: circuit lacks generated CUDA coverage circuit=6 rows=325349
2026-09-16T21:42:36.863470Z DEBUG aiur::gpu_trace: CPU trace: circuit lacks generated CUDA coverage circuit=23 rows=306504
2026-09-16T21:42:36.863622Z DEBUG aiur::gpu_trace: CPU trace: circuit lacks generated CUDA coverage circuit=13 rows=174956
2026-09-16T21:42:36.863795Z DEBUG aiur::gpu_trace: CPU trace: circuit lacks generated CUDA coverage circuit=84 rows=712429
2026-09-16T21:42:36.863813Z DEBUG aiur::gpu_trace: CPU trace: circuit lacks generated CUDA coverage circuit=11 rows=197079
2026-09-16T21:42:36.863908Z DEBUG aiur::gpu_trace: CPU trace: circuit lacks generated CUDA coverage circuit=34 rows=224600
2026-09-16T21:42:36.864010Z DEBUG aiur::gpu_trace: CPU trace: circuit lacks generated CUDA coverage circuit=33 rows=1023572
2026-09-16T21:42:36.864053Z DEBUG aiur::gpu_trace: CPU trace: circuit lacks generated CUDA coverage circuit=8 rows=413049
2026-09-16T21:42:36.864324Z DEBUG aiur::gpu_trace: CPU trace: circuit lacks generated CUDA coverage circuit=87 rows=133953
2026-09-16T21:42:36.864440Z DEBUG aiur::gpu_trace: CPU trace: circuit lacks generated CUDA coverage circuit=66 rows=17044
2026-09-16T21:42:36.864478Z DEBUG aiur::gpu_trace: CPU trace: circuit lacks generated CUDA coverage circuit=36 rows=136291
2026-09-16T21:42:37.271667Z DEBUG aiur/codegen_seeds{circuit=20 rows=1048576}: aiur::trace_codegen::cuda: prepared generated CUDA trace circuit=20 rows=1048576 width=533 seed_bytes=184549376 seed_spans=16
2026-09-16T21:42:37.969144Z DEBUG aiur::gpu_trace: CPU trace: circuit lacks generated CUDA coverage circuit=22 rows=142964
2026-09-16T21:42:38.049755Z DEBUG aiur/codegen_seeds{circuit=20 rows=1048576}: aiur::trace_codegen::cuda: prepared generated CUDA trace circuit=20 rows=1048576 width=533 seed_bytes=184549376 seed_spans=16
2026-09-16T21:42:39.001170Z DEBUG aiur/codegen_seeds{circuit=20 rows=1048576}: aiur::trace_codegen::cuda: prepared generated CUDA trace circuit=20 rows=1048576 width=533 seed_bytes=184549376 seed_spans=16
2026-09-16T21:42:39.399904Z DEBUG aiur/codegen_seeds{circuit=20 rows=476568}: aiur::trace_codegen::cuda: prepared generated CUDA trace circuit=20 rows=476568 width=533 seed_bytes=83875968 seed_spans=8
2026-09-16T21:42:40.004827Z DEBUG aiur::gpu_trace: CPU trace: circuit lacks generated CUDA coverage circuit=9 rows=3216024
2026-09-16T21:42:40.005207Z DEBUG aiur::gpu_trace: CPU trace: circuit lacks generated CUDA coverage circuit=32 rows=5818277
2026-09-16T21:42:40.102747Z DEBUG aiur/codegen_seeds{circuit=20 rows=1048576}: aiur::trace_codegen::cuda: prepared generated CUDA trace circuit=20 rows=1048576 width=533 seed_bytes=184549376 seed_spans=16
2026-09-16T21:42:41.006697Z DEBUG aiur::gpu_trace: CPU trace: circuit lacks generated CUDA coverage circuit=3 rows=32346
2026-09-16T21:42:41.006697Z DEBUG aiur::gpu_trace: CPU trace: circuit lacks generated CUDA coverage circuit=18 rows=2947138
2026-09-16T21:42:41.006697Z DEBUG aiur::gpu_trace: CPU trace: circuit lacks generated CUDA coverage circuit=5 rows=547570
2026-09-16T21:42:41.007248Z DEBUG aiur::gpu_trace: CPU trace: circuit lacks generated CUDA coverage circuit=55 rows=3480
2026-09-16T21:42:41.007302Z DEBUG aiur::gpu_trace: CPU trace: circuit lacks generated CUDA coverage circuit=29 rows=3159851
2026-09-16T21:42:41.007626Z DEBUG aiur::gpu_trace: CPU trace: circuit lacks generated CUDA coverage circuit=43 rows=2
2026-09-16T21:42:41.007958Z DEBUG aiur::gpu_trace: CPU trace: circuit lacks generated CUDA coverage circuit=41 rows=19
2026-09-16T21:42:41.077628Z DEBUG aiur/codegen_seeds{circuit=20 rows=1048576}: aiur::trace_codegen::cuda: prepared generated CUDA trace circuit=20 rows=1048576 width=533 seed_bytes=184549376 seed_spans=16
2026-09-16T21:42:43.587008Z DEBUG aiur::gpu_trace: CPU trace: circuit lacks generated CUDA coverage circuit=16 rows=62
2026-09-16T21:42:43.587022Z DEBUG aiur::gpu_trace: CPU trace: circuit lacks generated CUDA coverage circuit=2 rows=94
2026-09-16T21:42:43.587028Z DEBUG aiur::gpu_trace: CPU trace: circuit lacks generated CUDA coverage circuit=50 rows=20
2026-09-16T21:42:43.587009Z DEBUG aiur::gpu_trace: CPU trace: circuit lacks generated CUDA coverage circuit=12 rows=577005
2026-09-16T21:42:43.587024Z DEBUG aiur::gpu_trace: CPU trace: circuit lacks generated CUDA coverage circuit=14 rows=19
2026-09-16T21:42:43.587440Z DEBUG aiur::gpu_trace: CPU trace: circuit lacks generated CUDA coverage circuit=56 rows=2
2026-09-16T21:42:43.587485Z DEBUG aiur/codegen_seeds{circuit=59 rows=74}: aiur::trace_codegen::cuda: prepared generated CUDA trace circuit=59 rows=74 width=26 seed_bytes=6512 seed_spans=1
2026-09-16T21:42:43.587503Z DEBUG aiur::gpu_trace: CPU trace: circuit lacks generated CUDA coverage circuit=60 rows=32
2026-09-16T21:42:43.587511Z DEBUG aiur::gpu_trace: CPU trace: circuit lacks generated CUDA coverage circuit=57 rows=45
2026-09-16T21:42:43.587595Z DEBUG aiur::gpu_trace: CPU trace: circuit lacks generated CUDA coverage circuit=61 rows=19
2026-09-16T21:42:43.587790Z DEBUG aiur::gpu_trace: CPU trace: circuit lacks generated CUDA coverage circuit=51 rows=434
2026-09-16T21:42:43.587844Z DEBUG aiur::gpu_trace: CPU trace: circuit lacks generated CUDA coverage circuit=35 rows=338230
2026-09-16T21:42:43.587999Z DEBUG aiur::gpu_trace: CPU trace: circuit lacks generated CUDA coverage circuit=38 rows=104
2026-09-16T21:42:43.588082Z DEBUG aiur::gpu_trace: CPU trace: circuit lacks generated CUDA coverage circuit=86 rows=2848003
2026-09-16T21:42:43.588219Z DEBUG aiur::gpu_trace: CPU trace: circuit lacks generated CUDA coverage circuit=53 rows=25
2026-09-16T21:42:43.588280Z DEBUG aiur::gpu_trace: CPU trace: circuit lacks generated CUDA coverage circuit=52 rows=62
2026-09-16T21:42:43.588296Z DEBUG aiur::gpu_trace: CPU trace: circuit lacks generated CUDA coverage circuit=24 rows=1976
2026-09-16T21:42:43.588372Z DEBUG aiur::gpu_trace: CPU trace: circuit lacks generated CUDA coverage circuit=54 rows=386
2026-09-16T21:42:43.588383Z DEBUG aiur::gpu_trace: CPU trace: circuit lacks generated CUDA coverage circuit=44 rows=61
2026-09-16T21:42:43.588383Z DEBUG aiur::gpu_trace: CPU trace: circuit lacks generated CUDA coverage circuit=46 rows=19
2026-09-16T21:42:43.588419Z DEBUG aiur::gpu_trace: CPU trace: circuit lacks generated CUDA coverage circuit=47 rows=3865
2026-09-16T21:42:43.588450Z DEBUG aiur::gpu_trace: CPU trace: circuit lacks generated CUDA coverage circuit=45 rows=2
2026-09-16T21:42:43.766428Z DEBUG aiur/codegen_seeds{circuit=20 rows=1048576}: aiur::trace_codegen::cuda: prepared generated CUDA trace circuit=20 rows=1048576 width=533 seed_bytes=184549376 seed_spans=16
2026-09-16T21:42:43.788369Z DEBUG aiur/codegen_seeds{circuit=30 rows=413610}: aiur::trace_codegen::cuda: prepared generated CUDA trace circuit=30 rows=413610 width=234 seed_bytes=251474880 seed_spans=15
2026-09-16T21:42:46.084462Z DEBUG aiur::gpu_trace: CPU trace: circuit lacks generated CUDA coverage circuit=0 rows=851186
2026-09-16T21:42:46.084505Z DEBUG aiur::gpu_trace: CPU trace: circuit lacks generated CUDA coverage circuit=40 rows=21
2026-09-16T21:42:46.084508Z DEBUG aiur::gpu_trace: CPU trace: circuit lacks generated CUDA coverage circuit=1 rows=16918
2026-09-16T21:42:46.084505Z DEBUG aiur::gpu_trace: CPU trace: circuit lacks generated CUDA coverage circuit=62 rows=21
2026-09-16T21:42:46.084504Z DEBUG aiur::gpu_trace: CPU trace: circuit lacks generated CUDA coverage circuit=27 rows=1309065
2026-09-16T21:42:46.084521Z DEBUG aiur::gpu_trace: CPU trace: circuit lacks generated CUDA coverage circuit=10 rows=661386
2026-09-16T21:42:46.084987Z DEBUG aiur::gpu_trace: CPU trace: circuit lacks generated CUDA coverage circuit=63 rows=20
2026-09-16T21:42:46.085053Z DEBUG aiur::gpu_trace: CPU trace: circuit lacks generated CUDA coverage circuit=83 rows=1
2026-09-16T21:42:46.085190Z DEBUG aiur::gpu_trace: CPU trace: circuit lacks generated CUDA coverage circuit=19 rows=161660
2026-09-16T21:42:46.085297Z DEBUG aiur::gpu_trace: CPU trace: circuit lacks generated CUDA coverage circuit=42 rows=21
2026-09-16T21:42:46.085380Z DEBUG aiur::gpu_trace: CPU trace: circuit lacks generated CUDA coverage circuit=39 rows=19
2026-09-16T21:42:46.085417Z DEBUG aiur::gpu_trace: CPU trace: circuit lacks generated CUDA coverage circuit=64 rows=2
2026-09-16T21:42:46.085516Z DEBUG aiur::gpu_trace: CPU trace: circuit lacks generated CUDA coverage circuit=15 rows=21
2026-09-16T21:42:46.085636Z DEBUG aiur::gpu_trace: CPU trace: circuit lacks generated CUDA coverage circuit=85 rows=20
2026-09-16T21:42:46.085687Z DEBUG aiur::gpu_trace: CPU trace: circuit lacks generated CUDA coverage circuit=17 rows=21
2026-09-16T21:42:46.085796Z DEBUG aiur::gpu_trace: CPU trace: circuit lacks generated CUDA coverage circuit=58 rows=123
2026-09-16T21:42:46.085857Z DEBUG aiur::gpu_trace: CPU trace: circuit lacks generated CUDA coverage circuit=48 rows=21
2026-09-16T21:42:46.085915Z DEBUG aiur/codegen_seeds{circuit=49 rows=3}: aiur::trace_codegen::cuda: prepared generated CUDA trace circuit=49 rows=3 width=13 seed_bytes=120 seed_spans=1
2026-09-16T21:42:46.183499Z DEBUG aiur/codegen_seeds{circuit=20 rows=1048576}: aiur::trace_codegen::cuda: prepared generated CUDA trace circuit=20 rows=1048576 width=533 seed_bytes=184549376 seed_spans=16
2026-09-16T21:42:48.884513Z DEBUG aiur::gpu_trace: CPU trace: circuit lacks generated CUDA coverage circuit=31 rows=1179962
2026-09-16T21:42:48.884514Z DEBUG aiur::gpu_trace: CPU trace: circuit lacks generated CUDA coverage circuit=25 rows=142964
2026-09-16T21:42:48.884533Z DEBUG aiur::gpu_trace: CPU trace: circuit lacks generated CUDA coverage circuit=4 rows=154466
2026-09-16T21:42:48.884534Z DEBUG aiur::gpu_trace: CPU trace: circuit lacks generated CUDA coverage circuit=6 rows=325349
2026-09-16T21:42:48.884545Z DEBUG aiur::gpu_trace: CPU trace: circuit lacks generated CUDA coverage circuit=34 rows=224600
2026-09-16T21:42:48.884547Z DEBUG aiur::gpu_trace: CPU trace: circuit lacks generated CUDA coverage circuit=8 rows=413049
2026-09-16T21:42:48.884545Z DEBUG aiur::gpu_trace: CPU trace: circuit lacks generated CUDA coverage circuit=21 rows=787211
2026-09-16T21:42:48.884546Z DEBUG aiur::gpu_trace: CPU trace: circuit lacks generated CUDA coverage circuit=7 rows=185113
2026-09-16T21:42:48.884548Z DEBUG aiur::gpu_trace: CPU trace: circuit lacks generated CUDA coverage circuit=37 rows=279075
2026-09-16T21:42:48.884546Z DEBUG aiur::gpu_trace: CPU trace: circuit lacks generated CUDA coverage circuit=28 rows=831505
2026-09-16T21:42:48.884538Z DEBUG aiur::gpu_trace: CPU trace: circuit lacks generated CUDA coverage circuit=13 rows=174956
2026-09-16T21:42:48.884550Z DEBUG aiur::gpu_trace: CPU trace: circuit lacks generated CUDA coverage circuit=26 rows=464886
2026-09-16T21:42:48.884803Z DEBUG aiur::gpu_trace: CPU trace: circuit lacks generated CUDA coverage circuit=33 rows=1023572
2026-09-16T21:42:48.884896Z DEBUG aiur::gpu_trace: CPU trace: circuit lacks generated CUDA coverage circuit=11 rows=197079
2026-09-16T21:42:48.886018Z DEBUG aiur::gpu_trace: CPU trace: circuit lacks generated CUDA coverage circuit=84 rows=712429
2026-09-16T21:42:48.886183Z DEBUG aiur::gpu_trace: CPU trace: circuit lacks generated CUDA coverage circuit=36 rows=136291
2026-09-16T21:42:48.886345Z DEBUG aiur::gpu_trace: CPU trace: circuit lacks generated CUDA coverage circuit=65 rows=67742
2026-09-16T21:42:48.886426Z DEBUG aiur::gpu_trace: CPU trace: circuit lacks generated CUDA coverage circuit=87 rows=133953
2026-09-16T21:42:48.886460Z DEBUG aiur::gpu_trace: CPU trace: circuit lacks generated CUDA coverage circuit=23 rows=306504
2026-09-16T21:42:48.886524Z DEBUG aiur::gpu_trace: CPU trace: circuit lacks generated CUDA coverage circuit=66 rows=17044
2026-09-16T21:42:49.293793Z DEBUG aiur/codegen_seeds{circuit=20 rows=1048576}: aiur::trace_codegen::cuda: prepared generated CUDA trace circuit=20 rows=1048576 width=533 seed_bytes=184549376 seed_spans=16
2026-09-16T21:42:51.661975Z DEBUG aiur::gpu_trace: CPU trace: circuit lacks generated CUDA coverage circuit=22 rows=142964
2026-09-16T21:42:51.737578Z DEBUG aiur/codegen_seeds{circuit=20 rows=1048576}: aiur::trace_codegen::cuda: prepared generated CUDA trace circuit=20 rows=1048576 width=533 seed_bytes=184549376 seed_spans=16
2026-09-16T21:42:54.148820Z DEBUG aiur/codegen_seeds{circuit=20 rows=1048576}: aiur::trace_codegen::cuda: prepared generated CUDA trace circuit=20 rows=1048576 width=533 seed_bytes=184549376 seed_spans=16
2026-09-16T21:42:55.364743Z DEBUG aiur/codegen_seeds{circuit=20 rows=476568}: aiur::trace_codegen::cuda: prepared generated CUDA trace circuit=20 rows=476568 width=533 seed_bytes=83875968 seed_spans=8
[aggregate] slot 5: cached proof 6aaff85641805f0b44a900f2b8a73c9f1376a4342e53d32c9321b0f4cc29b1ca
[lanes] worker 0: join 5 published at +371s
[lanes] root dispatched at +371s
[aggregate] structural-joining slots 2, 5 into 6
[lanes] executor 1: root execution started at +371s
[trace-shards] 7 shards, 1500000000 committed cells: record 12215552497 B in shared pool, host workspace 16607595674 B of 26088568116 B reserved per prover; regenerating round 2
[lanes] executor 1: root executed in 25.6s, record 12215552497 B (11.3 GiB) at +397s
[lanes] worker 0: root proving started at +397s
2026-09-16T21:43:22.918276Z DEBUG aiur::gpu_trace: CPU trace: circuit lacks generated CUDA coverage circuit=32 rows=5041511
2026-09-16T21:43:22.918829Z DEBUG aiur::gpu_trace: CPU trace: circuit lacks generated CUDA coverage circuit=9 rows=2799792
2026-09-16T21:43:22.988422Z DEBUG aiur/codegen_seeds{circuit=20 rows=1048576}: aiur::trace_codegen::cuda: prepared generated CUDA trace circuit=20 rows=1048576 width=533 seed_bytes=184549376 seed_spans=16
2026-09-16T21:43:23.873466Z DEBUG aiur::gpu_trace: CPU trace: circuit lacks generated CUDA coverage circuit=2 rows=94
2026-09-16T21:43:23.873493Z DEBUG aiur::gpu_trace: CPU trace: circuit lacks generated CUDA coverage circuit=55 rows=1107
2026-09-16T21:43:23.873493Z DEBUG aiur::gpu_trace: CPU trace: circuit lacks generated CUDA coverage circuit=54 rows=175
2026-09-16T21:43:23.873496Z DEBUG aiur::gpu_trace: CPU trace: circuit lacks generated CUDA coverage circuit=51 rows=215
2026-09-16T21:43:23.873853Z DEBUG aiur::gpu_trace: CPU trace: circuit lacks generated CUDA coverage circuit=38 rows=84
2026-09-16T21:43:23.874013Z DEBUG aiur::gpu_trace: CPU trace: circuit lacks generated CUDA coverage circuit=10 rows=574636
2026-09-16T21:43:23.874081Z DEBUG aiur::gpu_trace: CPU trace: circuit lacks generated CUDA coverage circuit=29 rows=2691011
2026-09-16T21:43:23.874378Z DEBUG aiur::gpu_trace: CPU trace: circuit lacks generated CUDA coverage circuit=39 rows=17
2026-09-16T21:43:23.874474Z DEBUG aiur::gpu_trace: CPU trace: circuit lacks generated CUDA coverage circuit=60 rows=24
2026-09-16T21:43:23.874623Z DEBUG aiur::gpu_trace: CPU trace: circuit lacks generated CUDA coverage circuit=61 rows=17
2026-09-16T21:43:23.874780Z DEBUG aiur::gpu_trace: CPU trace: circuit lacks generated CUDA coverage circuit=45 rows=2
2026-09-16T21:43:23.874860Z DEBUG aiur::gpu_trace: CPU trace: circuit lacks generated CUDA coverage circuit=47 rows=1281
2026-09-16T21:43:24.040967Z DEBUG aiur/codegen_seeds{circuit=20 rows=1048576}: aiur::trace_codegen::cuda: prepared generated CUDA trace circuit=20 rows=1048576 width=533 seed_bytes=184549376 seed_spans=16
2026-09-16T21:43:24.080118Z DEBUG aiur/codegen_seeds{circuit=30 rows=350633}: aiur::trace_codegen::cuda: prepared generated CUDA trace circuit=30 rows=350633 width=234 seed_bytes=213184864 seed_spans=13
2026-09-16T21:43:24.992927Z DEBUG aiur::gpu_trace: CPU trace: circuit lacks generated CUDA coverage circuit=56 rows=2
2026-09-16T21:43:24.992929Z DEBUG aiur::gpu_trace: CPU trace: circuit lacks generated CUDA coverage circuit=19 rows=230976
2026-09-16T21:43:24.992930Z DEBUG aiur::gpu_trace: CPU trace: circuit lacks generated CUDA coverage circuit=57 rows=32
2026-09-16T21:43:24.992936Z DEBUG aiur::gpu_trace: CPU trace: circuit lacks generated CUDA coverage circuit=53 rows=22
2026-09-16T21:43:24.992938Z DEBUG aiur::gpu_trace: CPU trace: circuit lacks generated CUDA coverage circuit=62 rows=19
2026-09-16T21:43:24.992929Z DEBUG aiur::gpu_trace: CPU trace: circuit lacks generated CUDA coverage circuit=18 rows=3223494
2026-09-16T21:43:24.992948Z DEBUG aiur::gpu_trace: CPU trace: circuit lacks generated CUDA coverage circuit=14 rows=17
2026-09-16T21:43:24.992930Z DEBUG aiur::gpu_trace: CPU trace: circuit lacks generated CUDA coverage circuit=15 rows=19
2026-09-16T21:43:24.992922Z DEBUG aiur::gpu_trace: CPU trace: circuit lacks generated CUDA coverage circuit=50 rows=18
2026-09-16T21:43:24.993082Z DEBUG aiur/codegen_seeds{circuit=59 rows=52}: aiur::trace_codegen::cuda: prepared generated CUDA trace circuit=59 rows=52 width=26 seed_bytes=4576 seed_spans=1
2026-09-16T21:43:24.993495Z DEBUG aiur::gpu_trace: CPU trace: circuit lacks generated CUDA coverage circuit=16 rows=46
2026-09-16T21:43:24.993515Z DEBUG aiur::gpu_trace: CPU trace: circuit lacks generated CUDA coverage circuit=5 rows=421801
2026-09-16T21:43:24.993553Z DEBUG aiur::gpu_trace: CPU trace: circuit lacks generated CUDA coverage circuit=63 rows=18
2026-09-16T21:43:24.993666Z DEBUG aiur::gpu_trace: CPU trace: circuit lacks generated CUDA coverage circuit=58 rows=93
2026-09-16T21:43:24.993756Z DEBUG aiur::gpu_trace: CPU trace: circuit lacks generated CUDA coverage circuit=43 rows=2
2026-09-16T21:43:24.993846Z DEBUG aiur::gpu_trace: CPU trace: circuit lacks generated CUDA coverage circuit=17 rows=19
2026-09-16T21:43:24.993978Z DEBUG aiur::gpu_trace: CPU trace: circuit lacks generated CUDA coverage circuit=52 rows=46
2026-09-16T21:43:24.993994Z DEBUG aiur::gpu_trace: CPU trace: circuit lacks generated CUDA coverage circuit=86 rows=2487822
2026-09-16T21:43:24.994007Z DEBUG aiur::gpu_trace: CPU trace: circuit lacks generated CUDA coverage circuit=83 rows=1
2026-09-16T21:43:24.994032Z DEBUG aiur::gpu_trace: CPU trace: circuit lacks generated CUDA coverage circuit=87 rows=39148
2026-09-16T21:43:24.994070Z DEBUG aiur::gpu_trace: CPU trace: circuit lacks generated CUDA coverage circuit=46 rows=17
2026-09-16T21:43:24.994126Z DEBUG aiur::gpu_trace: CPU trace: circuit lacks generated CUDA coverage circuit=44 rows=45
2026-09-16T21:43:24.994181Z DEBUG aiur::gpu_trace: CPU trace: circuit lacks generated CUDA coverage circuit=85 rows=18
2026-09-16T21:43:24.994190Z DEBUG aiur::gpu_trace: CPU trace: circuit lacks generated CUDA coverage circuit=64 rows=2
2026-09-16T21:43:24.994313Z DEBUG aiur::gpu_trace: CPU trace: circuit lacks generated CUDA coverage circuit=48 rows=37
2026-09-16T21:43:24.994324Z DEBUG aiur/codegen_seeds{circuit=49 rows=3}: aiur::trace_codegen::cuda: prepared generated CUDA trace circuit=49 rows=3 width=13 seed_bytes=120 seed_spans=1
2026-09-16T21:43:24.994336Z DEBUG aiur::gpu_trace: CPU trace: circuit lacks generated CUDA coverage circuit=40 rows=19
2026-09-16T21:43:24.994436Z DEBUG aiur::gpu_trace: CPU trace: circuit lacks generated CUDA coverage circuit=41 rows=17
2026-09-16T21:43:24.994443Z DEBUG aiur::gpu_trace: CPU trace: circuit lacks generated CUDA coverage circuit=42 rows=19
2026-09-16T21:43:25.083627Z DEBUG aiur/codegen_seeds{circuit=20 rows=1048576}: aiur::trace_codegen::cuda: prepared generated CUDA trace circuit=20 rows=1048576 width=533 seed_bytes=184549376 seed_spans=16
2026-09-16T21:43:25.965662Z DEBUG aiur::gpu_trace: CPU trace: circuit lacks generated CUDA coverage circuit=33 rows=598767
2026-09-16T21:43:25.965664Z DEBUG aiur::gpu_trace: CPU trace: circuit lacks generated CUDA coverage circuit=0 rows=691257
2026-09-16T21:43:25.965661Z DEBUG aiur::gpu_trace: CPU trace: circuit lacks generated CUDA coverage circuit=31 rows=889328
2026-09-16T21:43:25.965687Z DEBUG aiur::gpu_trace: CPU trace: circuit lacks generated CUDA coverage circuit=8 rows=252521
2026-09-16T21:43:25.965660Z DEBUG aiur::gpu_trace: CPU trace: circuit lacks generated CUDA coverage circuit=12 rows=426407
2026-09-16T21:43:25.965661Z DEBUG aiur::gpu_trace: CPU trace: circuit lacks generated CUDA coverage circuit=28 rows=563120
2026-09-16T21:43:25.966136Z DEBUG aiur::gpu_trace: CPU trace: circuit lacks generated CUDA coverage circuit=4 rows=145559
2026-09-16T21:43:25.966687Z DEBUG aiur::gpu_trace: CPU trace: circuit lacks generated CUDA coverage circuit=27 rows=508745
2026-09-16T21:43:26.112936Z DEBUG aiur/codegen_seeds{circuit=20 rows=1048576}: aiur::trace_codegen::cuda: prepared generated CUDA trace circuit=20 rows=1048576 width=533 seed_bytes=184549376 seed_spans=16
2026-09-16T21:43:26.978425Z DEBUG aiur::gpu_trace: CPU trace: circuit lacks generated CUDA coverage circuit=65 rows=71797
2026-09-16T21:43:26.978428Z DEBUG aiur::gpu_trace: CPU trace: circuit lacks generated CUDA coverage circuit=13 rows=91165
2026-09-16T21:43:26.978450Z DEBUG aiur::gpu_trace: CPU trace: circuit lacks generated CUDA coverage circuit=37 rows=116111
2026-09-16T21:43:26.978443Z DEBUG aiur::gpu_trace: CPU trace: circuit lacks generated CUDA coverage circuit=34 rows=114300
2026-09-16T21:43:26.978458Z DEBUG aiur::gpu_trace: CPU trace: circuit lacks generated CUDA coverage circuit=6 rows=153364
2026-09-16T21:43:26.978449Z DEBUG aiur::gpu_trace: CPU trace: circuit lacks generated CUDA coverage circuit=26 rows=330656
2026-09-16T21:43:26.978448Z DEBUG aiur::gpu_trace: CPU trace: circuit lacks generated CUDA coverage circuit=25 rows=40840
2026-09-16T21:43:26.978449Z DEBUG aiur::gpu_trace: CPU trace: circuit lacks generated CUDA coverage circuit=3 rows=17799
2026-09-16T21:43:26.978450Z DEBUG aiur::gpu_trace: CPU trace: circuit lacks generated CUDA coverage circuit=84 rows=496027
2026-09-16T21:43:26.978450Z DEBUG aiur::gpu_trace: CPU trace: circuit lacks generated CUDA coverage circuit=1 rows=12496
2026-09-16T21:43:26.978459Z DEBUG aiur::gpu_trace: CPU trace: circuit lacks generated CUDA coverage circuit=35 rows=184458
2026-09-16T21:43:26.978452Z DEBUG aiur::gpu_trace: CPU trace: circuit lacks generated CUDA coverage circuit=66 rows=40583
2026-09-16T21:43:26.978999Z DEBUG aiur::gpu_trace: CPU trace: circuit lacks generated CUDA coverage circuit=21 rows=280877
2026-09-16T21:43:26.979121Z DEBUG aiur::gpu_trace: CPU trace: circuit lacks generated CUDA coverage circuit=36 rows=118726
2026-09-16T21:43:26.979555Z DEBUG aiur::gpu_trace: CPU trace: circuit lacks generated CUDA coverage circuit=23 rows=92470
2026-09-16T21:43:26.979576Z DEBUG aiur::gpu_trace: CPU trace: circuit lacks generated CUDA coverage circuit=11 rows=172169
2026-09-16T21:43:26.979662Z DEBUG aiur::gpu_trace: CPU trace: circuit lacks generated CUDA coverage circuit=7 rows=150438
2026-09-16T21:43:26.979702Z DEBUG aiur::gpu_trace: CPU trace: circuit lacks generated CUDA coverage circuit=22 rows=40840
2026-09-16T21:43:26.979895Z DEBUG aiur::gpu_trace: CPU trace: circuit lacks generated CUDA coverage circuit=24 rows=1770
2026-09-16T21:43:27.147833Z DEBUG aiur/codegen_seeds{circuit=20 rows=1048576}: aiur::trace_codegen::cuda: prepared generated CUDA trace circuit=20 rows=1048576 width=533 seed_bytes=184549376 seed_spans=16
2026-09-16T21:43:28.100240Z DEBUG aiur/codegen_seeds{circuit=20 rows=1048576}: aiur::trace_codegen::cuda: prepared generated CUDA trace circuit=20 rows=1048576 width=533 seed_bytes=184549376 seed_spans=16
2026-09-16T21:43:28.639232Z DEBUG aiur/codegen_seeds{circuit=20 rows=117088}: aiur::trace_codegen::cuda: prepared generated CUDA trace circuit=20 rows=117088 width=533 seed_bytes=20607488 seed_spans=2
2026-09-16T21:43:29.119348Z DEBUG aiur::gpu_trace: CPU trace: circuit lacks generated CUDA coverage circuit=9 rows=2799792
2026-09-16T21:43:29.119622Z DEBUG aiur::gpu_trace: CPU trace: circuit lacks generated CUDA coverage circuit=32 rows=5041511
2026-09-16T21:43:29.193308Z DEBUG aiur/codegen_seeds{circuit=20 rows=1048576}: aiur::trace_codegen::cuda: prepared generated CUDA trace circuit=20 rows=1048576 width=533 seed_bytes=184549376 seed_spans=16
2026-09-16T21:43:30.040352Z DEBUG aiur::gpu_trace: CPU trace: circuit lacks generated CUDA coverage circuit=54 rows=175
2026-09-16T21:43:30.040355Z DEBUG aiur::gpu_trace: CPU trace: circuit lacks generated CUDA coverage circuit=51 rows=215
2026-09-16T21:43:30.040358Z DEBUG aiur::gpu_trace: CPU trace: circuit lacks generated CUDA coverage circuit=55 rows=1107
2026-09-16T21:43:30.040356Z DEBUG aiur::gpu_trace: CPU trace: circuit lacks generated CUDA coverage circuit=2 rows=94
2026-09-16T21:43:30.040967Z DEBUG aiur::gpu_trace: CPU trace: circuit lacks generated CUDA coverage circuit=29 rows=2691011
2026-09-16T21:43:30.041000Z DEBUG aiur::gpu_trace: CPU trace: circuit lacks generated CUDA coverage circuit=38 rows=84
2026-09-16T21:43:30.041110Z DEBUG aiur::gpu_trace: CPU trace: circuit lacks generated CUDA coverage circuit=39 rows=17
2026-09-16T21:43:30.041206Z DEBUG aiur::gpu_trace: CPU trace: circuit lacks generated CUDA coverage circuit=10 rows=574636
2026-09-16T21:43:30.041214Z DEBUG aiur::gpu_trace: CPU trace: circuit lacks generated CUDA coverage circuit=60 rows=24
2026-09-16T21:43:30.041268Z DEBUG aiur::gpu_trace: CPU trace: circuit lacks generated CUDA coverage circuit=45 rows=2
2026-09-16T21:43:30.041514Z DEBUG aiur::gpu_trace: CPU trace: circuit lacks generated CUDA coverage circuit=61 rows=17
2026-09-16T21:43:30.041717Z DEBUG aiur::gpu_trace: CPU trace: circuit lacks generated CUDA coverage circuit=47 rows=1281
2026-09-16T21:43:30.196202Z DEBUG aiur/codegen_seeds{circuit=20 rows=1048576}: aiur::trace_codegen::cuda: prepared generated CUDA trace circuit=20 rows=1048576 width=533 seed_bytes=184549376 seed_spans=16
2026-09-16T21:43:30.204713Z DEBUG aiur/codegen_seeds{circuit=30 rows=350633}: aiur::trace_codegen::cuda: prepared generated CUDA trace circuit=30 rows=350633 width=234 seed_bytes=213184864 seed_spans=13
2026-09-16T21:43:32.706829Z DEBUG aiur::gpu_trace: CPU trace: circuit lacks generated CUDA coverage circuit=15 rows=19
2026-09-16T21:43:32.706834Z DEBUG aiur::gpu_trace: CPU trace: circuit lacks generated CUDA coverage circuit=62 rows=19
2026-09-16T21:43:32.706842Z DEBUG aiur::gpu_trace: CPU trace: circuit lacks generated CUDA coverage circuit=53 rows=22
2026-09-16T21:43:32.706845Z DEBUG aiur::gpu_trace: CPU trace: circuit lacks generated CUDA coverage circuit=14 rows=17
2026-09-16T21:43:32.706851Z DEBUG aiur::gpu_trace: CPU trace: circuit lacks generated CUDA coverage circuit=56 rows=2
2026-09-16T21:43:32.706854Z DEBUG aiur::gpu_trace: CPU trace: circuit lacks generated CUDA coverage circuit=16 rows=46
2026-09-16T21:43:32.706866Z DEBUG aiur::gpu_trace: CPU trace: circuit lacks generated CUDA coverage circuit=64 rows=2
2026-09-16T21:43:32.706855Z DEBUG aiur::gpu_trace: CPU trace: circuit lacks generated CUDA coverage circuit=63 rows=18
2026-09-16T21:43:32.706856Z DEBUG aiur::gpu_trace: CPU trace: circuit lacks generated CUDA coverage circuit=50 rows=18
2026-09-16T21:43:32.706856Z DEBUG aiur::gpu_trace: CPU trace: circuit lacks generated CUDA coverage circuit=18 rows=3223494
2026-09-16T21:43:32.707110Z DEBUG aiur::gpu_trace: CPU trace: circuit lacks generated CUDA coverage circuit=52 rows=46
2026-09-16T21:43:32.707196Z DEBUG aiur::gpu_trace: CPU trace: circuit lacks generated CUDA coverage circuit=5 rows=421801
2026-09-16T21:43:32.707266Z DEBUG aiur::gpu_trace: CPU trace: circuit lacks generated CUDA coverage circuit=17 rows=19
2026-09-16T21:43:32.707297Z DEBUG aiur::gpu_trace: CPU trace: circuit lacks generated CUDA coverage circuit=43 rows=2
2026-09-16T21:43:32.707478Z DEBUG aiur::gpu_trace: CPU trace: circuit lacks generated CUDA coverage circuit=46 rows=17
2026-09-16T21:43:32.707491Z DEBUG aiur::gpu_trace: CPU trace: circuit lacks generated CUDA coverage circuit=44 rows=45
2026-09-16T21:43:32.707761Z DEBUG aiur::gpu_trace: CPU trace: circuit lacks generated CUDA coverage circuit=57 rows=32
2026-09-16T21:43:32.707772Z DEBUG aiur::gpu_trace: CPU trace: circuit lacks generated CUDA coverage circuit=48 rows=37
2026-09-16T21:43:32.707856Z DEBUG aiur::gpu_trace: CPU trace: circuit lacks generated CUDA coverage circuit=40 rows=19
2026-09-16T21:43:32.707905Z DEBUG aiur/codegen_seeds{circuit=49 rows=3}: aiur::trace_codegen::cuda: prepared generated CUDA trace circuit=49 rows=3 width=13 seed_bytes=120 seed_spans=1
2026-09-16T21:43:32.707945Z DEBUG aiur::gpu_trace: CPU trace: circuit lacks generated CUDA coverage circuit=58 rows=93
2026-09-16T21:43:32.707953Z DEBUG aiur::gpu_trace: CPU trace: circuit lacks generated CUDA coverage circuit=86 rows=2487822
2026-09-16T21:43:32.708006Z DEBUG aiur/codegen_seeds{circuit=59 rows=52}: aiur::trace_codegen::cuda: prepared generated CUDA trace circuit=59 rows=52 width=26 seed_bytes=4576 seed_spans=1
2026-09-16T21:43:32.708072Z DEBUG aiur::gpu_trace: CPU trace: circuit lacks generated CUDA coverage circuit=41 rows=17
2026-09-16T21:43:32.708093Z DEBUG aiur::gpu_trace: CPU trace: circuit lacks generated CUDA coverage circuit=85 rows=18
2026-09-16T21:43:32.708154Z DEBUG aiur::gpu_trace: CPU trace: circuit lacks generated CUDA coverage circuit=83 rows=1
2026-09-16T21:43:32.708202Z DEBUG aiur::gpu_trace: CPU trace: circuit lacks generated CUDA coverage circuit=19 rows=230976
2026-09-16T21:43:32.708209Z DEBUG aiur::gpu_trace: CPU trace: circuit lacks generated CUDA coverage circuit=87 rows=39148
2026-09-16T21:43:32.708229Z DEBUG aiur::gpu_trace: CPU trace: circuit lacks generated CUDA coverage circuit=42 rows=19
2026-09-16T21:43:32.801354Z DEBUG aiur/codegen_seeds{circuit=20 rows=1048576}: aiur::trace_codegen::cuda: prepared generated CUDA trace circuit=20 rows=1048576 width=533 seed_bytes=184549376 seed_spans=16
2026-09-16T21:43:35.262250Z DEBUG aiur::gpu_trace: CPU trace: circuit lacks generated CUDA coverage circuit=0 rows=691257
2026-09-16T21:43:35.262273Z DEBUG aiur::gpu_trace: CPU trace: circuit lacks generated CUDA coverage circuit=12 rows=426407
2026-09-16T21:43:35.262281Z DEBUG aiur::gpu_trace: CPU trace: circuit lacks generated CUDA coverage circuit=31 rows=889328
2026-09-16T21:43:35.262291Z DEBUG aiur::gpu_trace: CPU trace: circuit lacks generated CUDA coverage circuit=4 rows=145559
2026-09-16T21:43:35.262640Z DEBUG aiur::gpu_trace: CPU trace: circuit lacks generated CUDA coverage circuit=33 rows=598767
2026-09-16T21:43:35.263129Z DEBUG aiur::gpu_trace: CPU trace: circuit lacks generated CUDA coverage circuit=28 rows=563120
2026-09-16T21:43:35.263280Z DEBUG aiur::gpu_trace: CPU trace: circuit lacks generated CUDA coverage circuit=8 rows=252521
2026-09-16T21:43:35.263409Z DEBUG aiur::gpu_trace: CPU trace: circuit lacks generated CUDA coverage circuit=27 rows=508745
2026-09-16T21:43:35.377675Z DEBUG aiur/codegen_seeds{circuit=20 rows=1048576}: aiur::trace_codegen::cuda: prepared generated CUDA trace circuit=20 rows=1048576 width=533 seed_bytes=184549376 seed_spans=16
2026-09-16T21:43:37.824394Z DEBUG aiur::gpu_trace: CPU trace: circuit lacks generated CUDA coverage circuit=3 rows=17799
2026-09-16T21:43:37.824397Z DEBUG aiur::gpu_trace: CPU trace: circuit lacks generated CUDA coverage circuit=1 rows=12496
2026-09-16T21:43:37.824425Z DEBUG aiur::gpu_trace: CPU trace: circuit lacks generated CUDA coverage circuit=37 rows=116111
2026-09-16T21:43:37.824428Z DEBUG aiur::gpu_trace: CPU trace: circuit lacks generated CUDA coverage circuit=25 rows=40840
2026-09-16T21:43:37.824427Z DEBUG aiur::gpu_trace: CPU trace: circuit lacks generated CUDA coverage circuit=6 rows=153364
2026-09-16T21:43:37.824430Z DEBUG aiur::gpu_trace: CPU trace: circuit lacks generated CUDA coverage circuit=26 rows=330656
2026-09-16T21:43:37.824430Z DEBUG aiur::gpu_trace: CPU trace: circuit lacks generated CUDA coverage circuit=84 rows=496027
2026-09-16T21:43:37.824488Z DEBUG aiur::gpu_trace: CPU trace: circuit lacks generated CUDA coverage circuit=13 rows=91165
2026-09-16T21:43:37.824795Z DEBUG aiur::gpu_trace: CPU trace: circuit lacks generated CUDA coverage circuit=21 rows=280877
2026-09-16T21:43:37.825240Z DEBUG aiur::gpu_trace: CPU trace: circuit lacks generated CUDA coverage circuit=23 rows=92470
2026-09-16T21:43:37.825276Z DEBUG aiur::gpu_trace: CPU trace: circuit lacks generated CUDA coverage circuit=34 rows=114300
2026-09-16T21:43:37.825397Z DEBUG aiur::gpu_trace: CPU trace: circuit lacks generated CUDA coverage circuit=22 rows=40840
2026-09-16T21:43:37.825521Z DEBUG aiur::gpu_trace: CPU trace: circuit lacks generated CUDA coverage circuit=7 rows=150438
2026-09-16T21:43:37.825585Z DEBUG aiur::gpu_trace: CPU trace: circuit lacks generated CUDA coverage circuit=35 rows=184458
2026-09-16T21:43:37.825625Z DEBUG aiur::gpu_trace: CPU trace: circuit lacks generated CUDA coverage circuit=24 rows=1770
2026-09-16T21:43:37.825790Z DEBUG aiur::gpu_trace: CPU trace: circuit lacks generated CUDA coverage circuit=36 rows=118726
2026-09-16T21:43:37.825798Z DEBUG aiur::gpu_trace: CPU trace: circuit lacks generated CUDA coverage circuit=11 rows=172169
2026-09-16T21:43:37.825930Z DEBUG aiur::gpu_trace: CPU trace: circuit lacks generated CUDA coverage circuit=65 rows=71797
2026-09-16T21:43:37.825996Z DEBUG aiur::gpu_trace: CPU trace: circuit lacks generated CUDA coverage circuit=66 rows=40583
2026-09-16T21:43:38.006444Z DEBUG aiur/codegen_seeds{circuit=20 rows=1048576}: aiur::trace_codegen::cuda: prepared generated CUDA trace circuit=20 rows=1048576 width=533 seed_bytes=184549376 seed_spans=16
2026-09-16T21:43:40.650872Z DEBUG aiur/codegen_seeds{circuit=20 rows=1048576}: aiur::trace_codegen::cuda: prepared generated CUDA trace circuit=20 rows=1048576 width=533 seed_bytes=184549376 seed_spans=16
2026-09-16T21:43:42.183979Z DEBUG aiur/codegen_seeds{circuit=20 rows=117088}: aiur::trace_codegen::cuda: prepared generated CUDA trace circuit=20 rows=117088 width=533 seed_bytes=20607488 seed_spans=2
[aggregate] slot 6: cached proof e48bbe71fa7b89d93fb106cfad61bd2c7e9a11f0b518aade7898cc909c45a7cd
[trace-shards] 3 shards, 1500000000 committed cells: record 4690810921 B in shared pool, host workspace 16332312908 B of 26088568116 B reserved per prover; regenerating round 2
2026-09-16T21:43:53.107857Z DEBUG aiur::gpu_trace: CPU trace: circuit lacks generated CUDA coverage circuit=56 rows=1
2026-09-16T21:43:53.107870Z DEBUG aiur::gpu_trace: CPU trace: circuit lacks generated CUDA coverage circuit=3 rows=8513
2026-09-16T21:43:53.107873Z DEBUG aiur::gpu_trace: CPU trace: circuit lacks generated CUDA coverage circuit=65 rows=54
2026-09-16T21:43:53.107870Z DEBUG aiur::gpu_trace: CPU trace: circuit lacks generated CUDA coverage circuit=9 rows=1250460
2026-09-16T21:43:53.108444Z DEBUG aiur::gpu_trace: CPU trace: circuit lacks generated CUDA coverage circuit=32 rows=2222981
2026-09-16T21:43:53.108495Z DEBUG aiur::gpu_trace: CPU trace: circuit lacks generated CUDA coverage circuit=29 rows=1184771
2026-09-16T21:43:53.108554Z DEBUG aiur::gpu_trace: CPU trace: circuit lacks generated CUDA coverage circuit=26 rows=134773
2026-09-16T21:43:53.108588Z DEBUG aiur::gpu_trace: CPU trace: circuit lacks generated CUDA coverage circuit=5 rows=155680
2026-09-16T21:43:53.109066Z DEBUG aiur::gpu_trace: CPU trace: circuit lacks generated CUDA coverage circuit=44 rows=23
2026-09-16T21:43:53.109349Z DEBUG aiur::gpu_trace: CPU trace: circuit lacks generated CUDA coverage circuit=47 rows=666
2026-09-16T21:43:53.191783Z DEBUG aiur/codegen_seeds{circuit=30 rows=154984}: aiur::trace_codegen::cuda: prepared generated CUDA trace circuit=30 rows=154984 width=234 seed_bytes=94230272 seed_spans=6
2026-09-16T21:43:53.236296Z DEBUG aiur/codegen_seeds{circuit=20 rows=1048576}: aiur::trace_codegen::cuda: prepared generated CUDA trace circuit=20 rows=1048576 width=533 seed_bytes=184549376 seed_spans=16
2026-09-16T21:43:53.606270Z DEBUG aiur::gpu_trace: CPU trace: circuit lacks generated CUDA coverage circuit=0 rows=283283
2026-09-16T21:43:53.606280Z DEBUG aiur::gpu_trace: CPU trace: circuit lacks generated CUDA coverage circuit=1 rows=7
2026-09-16T21:43:53.606291Z DEBUG aiur::gpu_trace: CPU trace: circuit lacks generated CUDA coverage circuit=12 rows=170291
2026-09-16T21:43:53.606298Z DEBUG aiur::gpu_trace: CPU trace: circuit lacks generated CUDA coverage circuit=37 rows=54274
2026-09-16T21:43:53.606302Z DEBUG aiur::gpu_trace: CPU trace: circuit lacks generated CUDA coverage circuit=28 rows=236239
2026-09-16T21:43:53.606305Z DEBUG aiur::gpu_trace: CPU trace: circuit lacks generated CUDA coverage circuit=6 rows=90367
2026-09-16T21:43:53.606315Z DEBUG aiur::gpu_trace: CPU trace: circuit lacks generated CUDA coverage circuit=10 rows=141594
2026-09-16T21:43:53.606319Z DEBUG aiur::gpu_trace: CPU trace: circuit lacks generated CUDA coverage circuit=45 rows=1
2026-09-16T21:43:53.606321Z DEBUG aiur::gpu_trace: CPU trace: circuit lacks generated CUDA coverage circuit=38 rows=39
2026-09-16T21:43:53.606321Z DEBUG aiur::gpu_trace: CPU trace: circuit lacks generated CUDA coverage circuit=21 rows=227800
2026-09-16T21:43:53.606322Z DEBUG aiur::gpu_trace: CPU trace: circuit lacks generated CUDA coverage circuit=15 rows=8
2026-09-16T21:43:53.606321Z DEBUG aiur::gpu_trace: CPU trace: circuit lacks generated CUDA coverage circuit=11 rows=73861
2026-09-16T21:43:53.606320Z DEBUG aiur::gpu_trace: CPU trace: circuit lacks generated CUDA coverage circuit=7 rows=61674
2026-09-16T21:43:53.606321Z DEBUG aiur::gpu_trace: CPU trace: circuit lacks generated CUDA coverage circuit=46 rows=7
2026-09-16T21:43:53.606323Z DEBUG aiur::gpu_trace: CPU trace: circuit lacks generated CUDA coverage circuit=31 rows=365003
2026-09-16T21:43:53.606321Z DEBUG aiur::gpu_trace: CPU trace: circuit lacks generated CUDA coverage circuit=4 rows=49635
2026-09-16T21:43:53.606321Z DEBUG aiur::gpu_trace: CPU trace: circuit lacks generated CUDA coverage circuit=2 rows=46
2026-09-16T21:43:53.606320Z DEBUG aiur::gpu_trace: CPU trace: circuit lacks generated CUDA coverage circuit=43 rows=1
2026-09-16T21:43:53.606319Z DEBUG aiur::gpu_trace: CPU trace: circuit lacks generated CUDA coverage circuit=50 rows=8
2026-09-16T21:43:53.606320Z DEBUG aiur::gpu_trace: CPU trace: circuit lacks generated CUDA coverage circuit=25 rows=40840
2026-09-16T21:43:53.606321Z DEBUG aiur::gpu_trace: CPU trace: circuit lacks generated CUDA coverage circuit=13 rows=51554
2026-09-16T21:43:53.606322Z DEBUG aiur::gpu_trace: CPU trace: circuit lacks generated CUDA coverage circuit=19 rows=21432
2026-09-16T21:43:53.606321Z DEBUG aiur::gpu_trace: CPU trace: circuit lacks generated CUDA coverage circuit=62 rows=8
2026-09-16T21:43:53.606323Z DEBUG aiur::gpu_trace: CPU trace: circuit lacks generated CUDA coverage circuit=18 rows=644486
2026-09-16T21:43:53.606320Z DEBUG aiur::gpu_trace: CPU trace: circuit lacks generated CUDA coverage circuit=40 rows=8
2026-09-16T21:43:53.606479Z DEBUG aiur::gpu_trace: CPU trace: circuit lacks generated CUDA coverage circuit=16 rows=23
2026-09-16T21:43:53.606623Z DEBUG aiur::gpu_trace: CPU trace: circuit lacks generated CUDA coverage circuit=14 rows=7
2026-09-16T21:43:53.606773Z DEBUG aiur::gpu_trace: CPU trace: circuit lacks generated CUDA coverage circuit=17 rows=8
2026-09-16T21:43:53.606789Z DEBUG aiur::gpu_trace: CPU trace: circuit lacks generated CUDA coverage circuit=27 rows=242586
2026-09-16T21:43:53.606869Z DEBUG aiur::gpu_trace: CPU trace: circuit lacks generated CUDA coverage circuit=41 rows=7
2026-09-16T21:43:53.606884Z DEBUG aiur::gpu_trace: CPU trace: circuit lacks generated CUDA coverage circuit=63 rows=8
2026-09-16T21:43:53.606917Z DEBUG aiur::gpu_trace: CPU trace: circuit lacks generated CUDA coverage circuit=84 rows=214968
2026-09-16T21:43:53.606975Z DEBUG aiur::gpu_trace: CPU trace: circuit lacks generated CUDA coverage circuit=39 rows=7
2026-09-16T21:43:53.606985Z DEBUG aiur::gpu_trace: CPU trace: circuit lacks generated CUDA coverage circuit=51 rows=103
2026-09-16T21:43:53.607056Z DEBUG aiur::gpu_trace: CPU trace: circuit lacks generated CUDA coverage circuit=48 rows=19
2026-09-16T21:43:53.607164Z DEBUG aiur::gpu_trace: CPU trace: circuit lacks generated CUDA coverage circuit=34 rows=54300
2026-09-16T21:43:53.607184Z DEBUG aiur::gpu_trace: CPU trace: circuit lacks generated CUDA coverage circuit=42 rows=8
2026-09-16T21:43:53.607195Z DEBUG aiur::gpu_trace: CPU trace: circuit lacks generated CUDA coverage circuit=35 rows=86742
2026-09-16T21:43:53.607297Z DEBUG aiur::gpu_trace: CPU trace: circuit lacks generated CUDA coverage circuit=52 rows=23
2026-09-16T21:43:53.607331Z DEBUG aiur::gpu_trace: CPU trace: circuit lacks generated CUDA coverage circuit=83 rows=1
2026-09-16T21:43:53.607342Z DEBUG aiur::gpu_trace: CPU trace: circuit lacks generated CUDA coverage circuit=64 rows=1
2026-09-16T21:43:53.607364Z DEBUG aiur::gpu_trace: CPU trace: circuit lacks generated CUDA coverage circuit=23 rows=92470
2026-09-16T21:43:53.607409Z DEBUG aiur/codegen_seeds{circuit=49 rows=2}: aiur::trace_codegen::cuda: prepared generated CUDA trace circuit=49 rows=2 width=13 seed_bytes=80 seed_spans=1
2026-09-16T21:43:53.607573Z DEBUG aiur::gpu_trace: CPU trace: circuit lacks generated CUDA coverage circuit=8 rows=112124
2026-09-16T21:43:53.607611Z DEBUG aiur::gpu_trace: CPU trace: circuit lacks generated CUDA coverage circuit=22 rows=40840
2026-09-16T21:43:53.607620Z DEBUG aiur::gpu_trace: CPU trace: circuit lacks generated CUDA coverage circuit=24 rows=736
2026-09-16T21:43:53.607644Z DEBUG aiur::gpu_trace: CPU trace: circuit lacks generated CUDA coverage circuit=66 rows=3
2026-09-16T21:43:53.607668Z DEBUG aiur::gpu_trace: CPU trace: circuit lacks generated CUDA coverage circuit=33 rows=283295
2026-09-16T21:43:53.607863Z DEBUG aiur::gpu_trace: CPU trace: circuit lacks generated CUDA coverage circuit=57 rows=22
2026-09-16T21:43:53.607948Z DEBUG aiur::gpu_trace: CPU trace: circuit lacks generated CUDA coverage circuit=58 rows=57
2026-09-16T21:43:53.608062Z DEBUG aiur/codegen_seeds{circuit=59 rows=33}: aiur::trace_codegen::cuda: prepared generated CUDA trace circuit=59 rows=33 width=26 seed_bytes=2904 seed_spans=1
2026-09-16T21:43:53.608072Z DEBUG aiur::gpu_trace: CPU trace: circuit lacks generated CUDA coverage circuit=60 rows=12
2026-09-16T21:43:53.608072Z DEBUG aiur::gpu_trace: CPU trace: circuit lacks generated CUDA coverage circuit=53 rows=19
2026-09-16T21:43:53.608147Z DEBUG aiur::gpu_trace: CPU trace: circuit lacks generated CUDA coverage circuit=54 rows=90
2026-09-16T21:43:53.608237Z DEBUG aiur::gpu_trace: CPU trace: circuit lacks generated CUDA coverage circuit=55 rows=577
2026-09-16T21:43:53.608239Z DEBUG aiur::gpu_trace: CPU trace: circuit lacks generated CUDA coverage circuit=61 rows=7
2026-09-16T21:43:53.608649Z DEBUG aiur::gpu_trace: CPU trace: circuit lacks generated CUDA coverage circuit=86 rows=1098354
2026-09-16T21:43:53.609187Z DEBUG aiur::gpu_trace: CPU trace: circuit lacks generated CUDA coverage circuit=87 rows=39148
2026-09-16T21:43:53.611156Z DEBUG aiur::gpu_trace: CPU trace: circuit lacks generated CUDA coverage circuit=36 rows=52828
2026-09-16T21:43:53.611260Z DEBUG aiur::gpu_trace: CPU trace: circuit lacks generated CUDA coverage circuit=85 rows=8
2026-09-16T21:43:53.894238Z DEBUG aiur/codegen_seeds{circuit=20 rows=1048576}: aiur::trace_codegen::cuda: prepared generated CUDA trace circuit=20 rows=1048576 width=533 seed_bytes=184549376 seed_spans=16
2026-09-16T21:43:54.697101Z DEBUG aiur/codegen_seeds{circuit=20 rows=419208}: aiur::trace_codegen::cuda: prepared generated CUDA trace circuit=20 rows=419208 width=533 seed_bytes=73780608 seed_spans=7
2026-09-16T21:43:55.764826Z DEBUG aiur::gpu_trace: CPU trace: circuit lacks generated CUDA coverage circuit=26 rows=134773
2026-09-16T21:43:55.764825Z DEBUG aiur::gpu_trace: CPU trace: circuit lacks generated CUDA coverage circuit=29 rows=1184771
2026-09-16T21:43:55.764827Z DEBUG aiur::gpu_trace: CPU trace: circuit lacks generated CUDA coverage circuit=56 rows=1
2026-09-16T21:43:55.764825Z DEBUG aiur::gpu_trace: CPU trace: circuit lacks generated CUDA coverage circuit=3 rows=8513
2026-09-16T21:43:55.764825Z DEBUG aiur::gpu_trace: CPU trace: circuit lacks generated CUDA coverage circuit=32 rows=2222981
2026-09-16T21:43:55.765164Z DEBUG aiur::gpu_trace: CPU trace: circuit lacks generated CUDA coverage circuit=44 rows=23
2026-09-16T21:43:55.765422Z DEBUG aiur::gpu_trace: CPU trace: circuit lacks generated CUDA coverage circuit=9 rows=1250460
2026-09-16T21:43:55.765514Z DEBUG aiur::gpu_trace: CPU trace: circuit lacks generated CUDA coverage circuit=5 rows=155680
2026-09-16T21:43:55.765777Z DEBUG aiur::gpu_trace: CPU trace: circuit lacks generated CUDA coverage circuit=65 rows=54
2026-09-16T21:43:55.766046Z DEBUG aiur::gpu_trace: CPU trace: circuit lacks generated CUDA coverage circuit=47 rows=666
2026-09-16T21:43:55.843194Z DEBUG aiur/codegen_seeds{circuit=30 rows=154984}: aiur::trace_codegen::cuda: prepared generated CUDA trace circuit=30 rows=154984 width=234 seed_bytes=94230272 seed_spans=6
2026-09-16T21:43:55.889402Z DEBUG aiur/codegen_seeds{circuit=20 rows=1048576}: aiur::trace_codegen::cuda: prepared generated CUDA trace circuit=20 rows=1048576 width=533 seed_bytes=184549376 seed_spans=16
2026-09-16T21:43:56.249227Z DEBUG aiur::gpu_trace: CPU trace: circuit lacks generated CUDA coverage circuit=7 rows=61674
2026-09-16T21:43:56.249245Z DEBUG aiur::gpu_trace: CPU trace: circuit lacks generated CUDA coverage circuit=13 rows=51554
2026-09-16T21:43:56.249249Z DEBUG aiur::gpu_trace: CPU trace: circuit lacks generated CUDA coverage circuit=53 rows=19
2026-09-16T21:43:56.249252Z DEBUG aiur::gpu_trace: CPU trace: circuit lacks generated CUDA coverage circuit=14 rows=7
2026-09-16T21:43:56.249251Z DEBUG aiur::gpu_trace: CPU trace: circuit lacks generated CUDA coverage circuit=4 rows=49635
2026-09-16T21:43:56.249250Z DEBUG aiur::gpu_trace: CPU trace: circuit lacks generated CUDA coverage circuit=57 rows=22
2026-09-16T21:43:56.249251Z DEBUG aiur::gpu_trace: CPU trace: circuit lacks generated CUDA coverage circuit=25 rows=40840
2026-09-16T21:43:56.249253Z DEBUG aiur::gpu_trace: CPU trace: circuit lacks generated CUDA coverage circuit=37 rows=54274
2026-09-16T21:43:56.249251Z DEBUG aiur::gpu_trace: CPU trace: circuit lacks generated CUDA coverage circuit=62 rows=8
2026-09-16T21:43:56.249256Z DEBUG aiur::gpu_trace: CPU trace: circuit lacks generated CUDA coverage circuit=15 rows=8
2026-09-16T21:43:56.249249Z DEBUG aiur::gpu_trace: CPU trace: circuit lacks generated CUDA coverage circuit=8 rows=112124
2026-09-16T21:43:56.249254Z DEBUG aiur::gpu_trace: CPU trace: circuit lacks generated CUDA coverage circuit=6 rows=90367
2026-09-16T21:43:56.249251Z DEBUG aiur::gpu_trace: CPU trace: circuit lacks generated CUDA coverage circuit=12 rows=170291
2026-09-16T21:43:56.249250Z DEBUG aiur::gpu_trace: CPU trace: circuit lacks generated CUDA coverage circuit=18 rows=644486
2026-09-16T21:43:56.249251Z DEBUG aiur::gpu_trace: CPU trace: circuit lacks generated CUDA coverage circuit=84 rows=214968
2026-09-16T21:43:56.249249Z DEBUG aiur::gpu_trace: CPU trace: circuit lacks generated CUDA coverage circuit=50 rows=8
2026-09-16T21:43:56.249255Z DEBUG aiur::gpu_trace: CPU trace: circuit lacks generated CUDA coverage circuit=31 rows=365003
2026-09-16T21:43:56.249249Z DEBUG aiur::gpu_trace: CPU trace: circuit lacks generated CUDA coverage circuit=21 rows=227800
2026-09-16T21:43:56.249262Z DEBUG aiur::gpu_trace: CPU trace: circuit lacks generated CUDA coverage circuit=28 rows=236239
2026-09-16T21:43:56.249251Z DEBUG aiur::gpu_trace: CPU trace: circuit lacks generated CUDA coverage circuit=0 rows=283283
2026-09-16T21:43:56.249391Z DEBUG aiur/codegen_seeds{circuit=59 rows=33}: aiur::trace_codegen::cuda: prepared generated CUDA trace circuit=59 rows=33 width=26 seed_bytes=2904 seed_spans=1
2026-09-16T21:43:56.249407Z DEBUG aiur::gpu_trace: CPU trace: circuit lacks generated CUDA coverage circuit=60 rows=12
2026-09-16T21:43:56.249552Z DEBUG aiur::gpu_trace: CPU trace: circuit lacks generated CUDA coverage circuit=83 rows=1
2026-09-16T21:43:56.249595Z DEBUG aiur::gpu_trace: CPU trace: circuit lacks generated CUDA coverage circuit=16 rows=23
2026-09-16T21:43:56.249666Z DEBUG aiur::gpu_trace: CPU trace: circuit lacks generated CUDA coverage circuit=58 rows=57
2026-09-16T21:43:56.249674Z DEBUG aiur::gpu_trace: CPU trace: circuit lacks generated CUDA coverage circuit=27 rows=242586
2026-09-16T21:43:56.249702Z DEBUG aiur::gpu_trace: CPU trace: circuit lacks generated CUDA coverage circuit=54 rows=90
2026-09-16T21:43:56.249721Z DEBUG aiur::gpu_trace: CPU trace: circuit lacks generated CUDA coverage circuit=66 rows=3
2026-09-16T21:43:56.249729Z DEBUG aiur::gpu_trace: CPU trace: circuit lacks generated CUDA coverage circuit=10 rows=141594
2026-09-16T21:43:56.249763Z DEBUG aiur::gpu_trace: CPU trace: circuit lacks generated CUDA coverage circuit=61 rows=7
2026-09-16T21:43:56.249824Z DEBUG aiur::gpu_trace: CPU trace: circuit lacks generated CUDA coverage circuit=55 rows=577
2026-09-16T21:43:56.249849Z DEBUG aiur::gpu_trace: CPU trace: circuit lacks generated CUDA coverage circuit=11 rows=73861
2026-09-16T21:43:56.249929Z DEBUG aiur::gpu_trace: CPU trace: circuit lacks generated CUDA coverage circuit=63 rows=8
2026-09-16T21:43:56.249968Z DEBUG aiur::gpu_trace: CPU trace: circuit lacks generated CUDA coverage circuit=17 rows=8
2026-09-16T21:43:56.249994Z DEBUG aiur::gpu_trace: CPU trace: circuit lacks generated CUDA coverage circuit=34 rows=54300
2026-09-16T21:43:56.250014Z DEBUG aiur::gpu_trace: CPU trace: circuit lacks generated CUDA coverage circuit=64 rows=1
2026-09-16T21:43:56.250148Z DEBUG aiur::gpu_trace: CPU trace: circuit lacks generated CUDA coverage circuit=51 rows=103
2026-09-16T21:43:56.250228Z DEBUG aiur::gpu_trace: CPU trace: circuit lacks generated CUDA coverage circuit=35 rows=86742
2026-09-16T21:43:56.250270Z DEBUG aiur::gpu_trace: CPU trace: circuit lacks generated CUDA coverage circuit=1 rows=7
2026-09-16T21:43:56.250277Z DEBUG aiur::gpu_trace: CPU trace: circuit lacks generated CUDA coverage circuit=52 rows=23
2026-09-16T21:43:56.250299Z DEBUG aiur::gpu_trace: CPU trace: circuit lacks generated CUDA coverage circuit=2 rows=46
2026-09-16T21:43:56.250372Z DEBUG aiur::gpu_trace: CPU trace: circuit lacks generated CUDA coverage circuit=19 rows=21432
2026-09-16T21:43:56.250400Z DEBUG aiur::gpu_trace: CPU trace: circuit lacks generated CUDA coverage circuit=23 rows=92470
2026-09-16T21:43:56.250444Z DEBUG aiur::gpu_trace: CPU trace: circuit lacks generated CUDA coverage circuit=36 rows=52828
2026-09-16T21:43:56.250501Z DEBUG aiur::gpu_trace: CPU trace: circuit lacks generated CUDA coverage circuit=24 rows=736
2026-09-16T21:43:56.250525Z DEBUG aiur::gpu_trace: CPU trace: circuit lacks generated CUDA coverage circuit=33 rows=283295
2026-09-16T21:43:56.250569Z DEBUG aiur::gpu_trace: CPU trace: circuit lacks generated CUDA coverage circuit=86 rows=1098354
2026-09-16T21:43:56.250583Z DEBUG aiur::gpu_trace: CPU trace: circuit lacks generated CUDA coverage circuit=85 rows=8
2026-09-16T21:43:56.250594Z DEBUG aiur::gpu_trace: CPU trace: circuit lacks generated CUDA coverage circuit=43 rows=1
2026-09-16T21:43:56.250713Z DEBUG aiur::gpu_trace: CPU trace: circuit lacks generated CUDA coverage circuit=40 rows=8
2026-09-16T21:43:56.250803Z DEBUG aiur::gpu_trace: CPU trace: circuit lacks generated CUDA coverage circuit=41 rows=7
2026-09-16T21:43:56.250897Z DEBUG aiur::gpu_trace: CPU trace: circuit lacks generated CUDA coverage circuit=42 rows=8
2026-09-16T21:43:56.251193Z DEBUG aiur::gpu_trace: CPU trace: circuit lacks generated CUDA coverage circuit=45 rows=1
2026-09-16T21:43:56.251264Z DEBUG aiur::gpu_trace: CPU trace: circuit lacks generated CUDA coverage circuit=46 rows=7
2026-09-16T21:43:56.251378Z DEBUG aiur::gpu_trace: CPU trace: circuit lacks generated CUDA coverage circuit=48 rows=19
2026-09-16T21:43:56.251453Z DEBUG aiur/codegen_seeds{circuit=49 rows=2}: aiur::trace_codegen::cuda: prepared generated CUDA trace circuit=49 rows=2 width=13 seed_bytes=80 seed_spans=1
2026-09-16T21:43:56.251464Z DEBUG aiur::gpu_trace: CPU trace: circuit lacks generated CUDA coverage circuit=87 rows=39148
2026-09-16T21:43:56.252612Z DEBUG aiur::gpu_trace: CPU trace: circuit lacks generated CUDA coverage circuit=38 rows=39
2026-09-16T21:43:56.252773Z DEBUG aiur::gpu_trace: CPU trace: circuit lacks generated CUDA coverage circuit=39 rows=7
2026-09-16T21:43:56.324632Z DEBUG aiur::gpu_trace: CPU trace: circuit lacks generated CUDA coverage circuit=22 rows=40840
2026-09-16T21:43:56.519269Z DEBUG aiur/codegen_seeds{circuit=20 rows=1048576}: aiur::trace_codegen::cuda: prepared generated CUDA trace circuit=20 rows=1048576 width=533 seed_bytes=184549376 seed_spans=16
2026-09-16T21:43:58.807936Z DEBUG aiur/codegen_seeds{circuit=20 rows=419208}: aiur::trace_codegen::cuda: prepared generated CUDA trace circuit=20 rows=419208 width=533 seed_bytes=73780608 seed_spans=7
[aggregate] root wrap proven in 18.2s (query-record peak 65.4 GiB): 7 shard(s) verified into 3
[trace-shards] 2 shards, 1500000000 committed cells: record 2596471339 B in shared pool, host workspace 16024734011 B of 26088568116 B reserved per prover; regenerating round 2
2026-09-16T21:44:07.030688Z DEBUG aiur::gpu_trace: CPU trace: circuit lacks generated CUDA coverage circuit=0 rows=122767
2026-09-16T21:44:07.030703Z DEBUG aiur::gpu_trace: CPU trace: circuit lacks generated CUDA coverage circuit=4 rows=26056
2026-09-16T21:44:07.030708Z DEBUG aiur::gpu_trace: CPU trace: circuit lacks generated CUDA coverage circuit=25 rows=40840
2026-09-16T21:44:07.030717Z DEBUG aiur::gpu_trace: CPU trace: circuit lacks generated CUDA coverage circuit=5 rows=67940
2026-09-16T21:44:07.030722Z DEBUG aiur::gpu_trace: CPU trace: circuit lacks generated CUDA coverage circuit=12 rows=73897
2026-09-16T21:44:07.030727Z DEBUG aiur::gpu_trace: CPU trace: circuit lacks generated CUDA coverage circuit=65 rows=54
2026-09-16T21:44:07.030727Z DEBUG aiur::gpu_trace: CPU trace: circuit lacks generated CUDA coverage circuit=54 rows=88
2026-09-16T21:44:07.030723Z DEBUG aiur::gpu_trace: CPU trace: circuit lacks generated CUDA coverage circuit=51 rows=91
2026-09-16T21:44:07.030723Z DEBUG aiur::gpu_trace: CPU trace: circuit lacks generated CUDA coverage circuit=32 rows=1309424
2026-09-16T21:44:07.030722Z DEBUG aiur::gpu_trace: CPU trace: circuit lacks generated CUDA coverage circuit=50 rows=4
2026-09-16T21:44:07.030725Z DEBUG aiur::gpu_trace: CPU trace: circuit lacks generated CUDA coverage circuit=66 rows=3
2026-09-16T21:44:07.030723Z DEBUG aiur::gpu_trace: CPU trace: circuit lacks generated CUDA coverage circuit=6 rows=75487
2026-09-16T21:44:07.030729Z DEBUG aiur::gpu_trace: CPU trace: circuit lacks generated CUDA coverage circuit=19 rows=16310
2026-09-16T21:44:07.030724Z DEBUG aiur::gpu_trace: CPU trace: circuit lacks generated CUDA coverage circuit=1 rows=7
2026-09-16T21:44:07.030727Z DEBUG aiur::gpu_trace: CPU trace: circuit lacks generated CUDA coverage circuit=28 rows=135128
2026-09-16T21:44:07.030723Z DEBUG aiur::gpu_trace: CPU trace: circuit lacks generated CUDA coverage circuit=56 rows=1
2026-09-16T21:44:07.030723Z DEBUG aiur::gpu_trace: CPU trace: circuit lacks generated CUDA coverage circuit=43 rows=1
2026-09-16T21:44:07.030725Z DEBUG aiur::gpu_trace: CPU trace: circuit lacks generated CUDA coverage circuit=15 rows=4
2026-09-16T21:44:07.030724Z DEBUG aiur::gpu_trace: CPU trace: circuit lacks generated CUDA coverage circuit=62 rows=4
2026-09-16T21:44:07.030725Z DEBUG aiur::gpu_trace: CPU trace: circuit lacks generated CUDA coverage circuit=34 rows=46700
2026-09-16T21:44:07.030724Z DEBUG aiur::gpu_trace: CPU trace: circuit lacks generated CUDA coverage circuit=37 rows=44190
2026-09-16T21:44:07.030734Z DEBUG aiur::gpu_trace: CPU trace: circuit lacks generated CUDA coverage circuit=21 rows=227800
2026-09-16T21:44:07.030723Z DEBUG aiur::gpu_trace: CPU trace: circuit lacks generated CUDA coverage circuit=53 rows=19
2026-09-16T21:44:07.030723Z DEBUG aiur::gpu_trace: CPU trace: circuit lacks generated CUDA coverage circuit=18 rows=505054
2026-09-16T21:44:07.030721Z DEBUG aiur::gpu_trace: CPU trace: circuit lacks generated CUDA coverage circuit=31 rows=163747
2026-09-16T21:44:07.030724Z DEBUG aiur::gpu_trace: CPU trace: circuit lacks generated CUDA coverage circuit=40 rows=4
2026-09-16T21:44:07.030969Z DEBUG aiur::gpu_trace: CPU trace: circuit lacks generated CUDA coverage circuit=2 rows=30
2026-09-16T21:44:07.031078Z DEBUG aiur::gpu_trace: CPU trace: circuit lacks generated CUDA coverage circuit=27 rows=312644
2026-09-16T21:44:07.031150Z DEBUG aiur::gpu_trace: CPU trace: circuit lacks generated CUDA coverage circuit=14 rows=3
2026-09-16T21:44:07.031158Z DEBUG aiur::gpu_trace: CPU trace: circuit lacks generated CUDA coverage circuit=44 rows=23
2026-09-16T21:44:07.031189Z DEBUG aiur::gpu_trace: CPU trace: circuit lacks generated CUDA coverage circuit=16 rows=23
2026-09-16T21:44:07.031191Z DEBUG aiur::gpu_trace: CPU trace: circuit lacks generated CUDA coverage circuit=55 rows=297
2026-09-16T21:44:07.031197Z DEBUG aiur::gpu_trace: CPU trace: circuit lacks generated CUDA coverage circuit=38 rows=31
2026-09-16T21:44:07.031231Z DEBUG aiur::gpu_trace: CPU trace: circuit lacks generated CUDA coverage circuit=57 rows=22
2026-09-16T21:44:07.031265Z DEBUG aiur::gpu_trace: CPU trace: circuit lacks generated CUDA coverage circuit=33 rows=338351
2026-09-16T21:44:07.031267Z DEBUG aiur::gpu_trace: CPU trace: circuit lacks generated CUDA coverage circuit=63 rows=4
2026-09-16T21:44:07.031331Z DEBUG aiur::gpu_trace: CPU trace: circuit lacks generated CUDA coverage circuit=41 rows=3
2026-09-16T21:44:07.031370Z DEBUG aiur::gpu_trace: CPU trace: circuit lacks generated CUDA coverage circuit=64 rows=1
2026-09-16T21:44:07.031411Z DEBUG aiur::gpu_trace: CPU trace: circuit lacks generated CUDA coverage circuit=58 rows=57
2026-09-16T21:44:07.031438Z DEBUG aiur::gpu_trace: CPU trace: circuit lacks generated CUDA coverage circuit=23 rows=92470
2026-09-16T21:44:07.031445Z DEBUG aiur::gpu_trace: CPU trace: circuit lacks generated CUDA coverage circuit=39 rows=3
2026-09-16T21:44:07.031506Z DEBUG aiur::gpu_trace: CPU trace: circuit lacks generated CUDA coverage circuit=52 rows=23
2026-09-16T21:44:07.031545Z DEBUG aiur::gpu_trace: CPU trace: circuit lacks generated CUDA coverage circuit=45 rows=1
2026-09-16T21:44:07.031548Z DEBUG aiur::gpu_trace: CPU trace: circuit lacks generated CUDA coverage circuit=17 rows=4
2026-09-16T21:44:07.031557Z DEBUG aiur::gpu_trace: CPU trace: circuit lacks generated CUDA coverage circuit=24 rows=324
2026-09-16T21:44:07.031617Z DEBUG aiur::gpu_trace: CPU trace: circuit lacks generated CUDA coverage circuit=9 rows=851972
2026-09-16T21:44:07.031624Z DEBUG aiur::gpu_trace: CPU trace: circuit lacks generated CUDA coverage circuit=10 rows=68901
2026-09-16T21:44:07.031660Z DEBUG aiur::gpu_trace: CPU trace: circuit lacks generated CUDA coverage circuit=29 rows=694798
2026-09-16T21:44:07.031683Z DEBUG aiur::gpu_trace: CPU trace: circuit lacks generated CUDA coverage circuit=42 rows=4
2026-09-16T21:44:07.031763Z DEBUG aiur::gpu_trace: CPU trace: circuit lacks generated CUDA coverage circuit=11 rows=42475
2026-09-16T21:44:07.031774Z DEBUG aiur::gpu_trace: CPU trace: circuit lacks generated CUDA coverage circuit=46 rows=3
2026-09-16T21:44:07.031835Z DEBUG aiur::gpu_trace: CPU trace: circuit lacks generated CUDA coverage circuit=48 rows=19
2026-09-16T21:44:07.031875Z DEBUG aiur::gpu_trace: CPU trace: circuit lacks generated CUDA coverage circuit=8 rows=76644
2026-09-16T21:44:07.031912Z DEBUG aiur::gpu_trace: CPU trace: circuit lacks generated CUDA coverage circuit=47 rows=384
2026-09-16T21:44:07.031916Z DEBUG aiur::gpu_trace: CPU trace: circuit lacks generated CUDA coverage circuit=84 rows=128499
2026-09-16T21:44:07.031913Z DEBUG aiur/codegen_seeds{circuit=59 rows=33}: aiur::trace_codegen::cuda: prepared generated CUDA trace circuit=59 rows=33 width=26 seed_bytes=2904 seed_spans=1
2026-09-16T21:44:07.031935Z DEBUG aiur::gpu_trace: CPU trace: circuit lacks generated CUDA coverage circuit=60 rows=12
2026-09-16T21:44:07.031986Z DEBUG aiur::gpu_trace: CPU trace: circuit lacks generated CUDA coverage circuit=86 rows=644520
2026-09-16T21:44:07.031991Z DEBUG aiur::gpu_trace: CPU trace: circuit lacks generated CUDA coverage circuit=85 rows=4
2026-09-16T21:44:07.032046Z DEBUG aiur/codegen_seeds{circuit=49 rows=2}: aiur::trace_codegen::cuda: prepared generated CUDA trace circuit=49 rows=2 width=13 seed_bytes=80 seed_spans=1
2026-09-16T21:44:07.032061Z DEBUG aiur::gpu_trace: CPU trace: circuit lacks generated CUDA coverage circuit=22 rows=40840
2026-09-16T21:44:07.032071Z DEBUG aiur::gpu_trace: CPU trace: circuit lacks generated CUDA coverage circuit=83 rows=1
2026-09-16T21:44:07.032168Z DEBUG aiur::gpu_trace: CPU trace: circuit lacks generated CUDA coverage circuit=61 rows=3
2026-09-16T21:44:07.069101Z DEBUG aiur::gpu_trace: CPU trace: circuit lacks generated CUDA coverage circuit=35 rows=72110
2026-09-16T21:44:07.182231Z DEBUG aiur::gpu_trace: CPU trace: circuit lacks generated CUDA coverage circuit=36 rows=35044
2026-09-16T21:44:07.333057Z DEBUG aiur/codegen_seeds{circuit=30 rows=89191}: aiur::trace_codegen::cuda: prepared generated CUDA trace circuit=30 rows=89191 width=234 seed_bytes=54228128 seed_spans=4
2026-09-16T21:44:07.383840Z DEBUG aiur/codegen_seeds{circuit=20 rows=1048576}: aiur::trace_codegen::cuda: prepared generated CUDA trace circuit=20 rows=1048576 width=533 seed_bytes=184549376 seed_spans=16
2026-09-16T21:44:07.384713Z DEBUG aiur::gpu_trace: CPU trace: circuit lacks generated CUDA coverage circuit=3 rows=4977
2026-09-16T21:44:07.384759Z DEBUG aiur::gpu_trace: CPU trace: circuit lacks generated CUDA coverage circuit=7 rows=27238
2026-09-16T21:44:07.384766Z DEBUG aiur::gpu_trace: CPU trace: circuit lacks generated CUDA coverage circuit=26 rows=63056
2026-09-16T21:44:07.384774Z DEBUG aiur::gpu_trace: CPU trace: circuit lacks generated CUDA coverage circuit=13 rows=45550
2026-09-16T21:44:07.386073Z DEBUG aiur::gpu_trace: CPU trace: circuit lacks generated CUDA coverage circuit=87 rows=39148
2026-09-16T21:44:07.409780Z DEBUG aiur/codegen_seeds{circuit=20 rows=254728}: aiur::trace_codegen::cuda: prepared generated CUDA trace circuit=20 rows=254728 width=533 seed_bytes=44832128 seed_spans=4
2026-09-16T21:44:08.440295Z DEBUG aiur::gpu_trace: CPU trace: circuit lacks generated CUDA coverage circuit=0 rows=122767
2026-09-16T21:44:08.440313Z DEBUG aiur::gpu_trace: CPU trace: circuit lacks generated CUDA coverage circuit=31 rows=163747
2026-09-16T21:44:08.440317Z DEBUG aiur::gpu_trace: CPU trace: circuit lacks generated CUDA coverage circuit=12 rows=73897
2026-09-16T21:44:08.440317Z DEBUG aiur::gpu_trace: CPU trace: circuit lacks generated CUDA coverage circuit=6 rows=75487
2026-09-16T21:44:08.440326Z DEBUG aiur::gpu_trace: CPU trace: circuit lacks generated CUDA coverage circuit=9 rows=851972
2026-09-16T21:44:08.440316Z DEBUG aiur::gpu_trace: CPU trace: circuit lacks generated CUDA coverage circuit=1 rows=7
2026-09-16T21:44:08.440336Z DEBUG aiur::gpu_trace: CPU trace: circuit lacks generated CUDA coverage circuit=8 rows=76644
2026-09-16T21:44:08.440336Z DEBUG aiur::gpu_trace: CPU trace: circuit lacks generated CUDA coverage circuit=10 rows=68901
2026-09-16T21:44:08.440338Z DEBUG aiur::gpu_trace: CPU trace: circuit lacks generated CUDA coverage circuit=18 rows=505054
2026-09-16T21:44:08.440338Z DEBUG aiur::gpu_trace: CPU trace: circuit lacks generated CUDA coverage circuit=35 rows=72110
2026-09-16T21:44:08.440339Z DEBUG aiur::gpu_trace: CPU trace: circuit lacks generated CUDA coverage circuit=37 rows=44190
2026-09-16T21:44:08.440340Z DEBUG aiur::gpu_trace: CPU trace: circuit lacks generated CUDA coverage circuit=53 rows=19
2026-09-16T21:44:08.440341Z DEBUG aiur::gpu_trace: CPU trace: circuit lacks generated CUDA coverage circuit=33 rows=338351
2026-09-16T21:44:08.440339Z DEBUG aiur::gpu_trace: CPU trace: circuit lacks generated CUDA coverage circuit=65 rows=54
2026-09-16T21:44:08.440339Z DEBUG aiur::gpu_trace: CPU trace: circuit lacks generated CUDA coverage circuit=56 rows=1
2026-09-16T21:44:08.440340Z DEBUG aiur::gpu_trace: CPU trace: circuit lacks generated CUDA coverage circuit=43 rows=1
2026-09-16T21:44:08.440338Z DEBUG aiur::gpu_trace: CPU trace: circuit lacks generated CUDA coverage circuit=11 rows=42475
2026-09-16T21:44:08.440339Z DEBUG aiur::gpu_trace: CPU trace: circuit lacks generated CUDA coverage circuit=15 rows=4
2026-09-16T21:44:08.440338Z DEBUG aiur::gpu_trace: CPU trace: circuit lacks generated CUDA coverage circuit=25 rows=40840
2026-09-16T21:44:08.440339Z DEBUG aiur::gpu_trace: CPU trace: circuit lacks generated CUDA coverage circuit=14 rows=3
2026-09-16T21:44:08.440337Z DEBUG aiur::gpu_trace: CPU trace: circuit lacks generated CUDA coverage circuit=34 rows=46700
2026-09-16T21:44:08.440320Z DEBUG aiur::gpu_trace: CPU trace: circuit lacks generated CUDA coverage circuit=2 rows=30
2026-09-16T21:44:08.440339Z DEBUG aiur::gpu_trace: CPU trace: circuit lacks generated CUDA coverage circuit=62 rows=4
2026-09-16T21:44:08.440339Z DEBUG aiur::gpu_trace: CPU trace: circuit lacks generated CUDA coverage circuit=50 rows=4
2026-09-16T21:44:08.440339Z DEBUG aiur::gpu_trace: CPU trace: circuit lacks generated CUDA coverage circuit=32 rows=1309424
2026-09-16T21:44:08.440680Z DEBUG aiur::gpu_trace: CPU trace: circuit lacks generated CUDA coverage circuit=63 rows=4
2026-09-16T21:44:08.440695Z DEBUG aiur::gpu_trace: CPU trace: circuit lacks generated CUDA coverage circuit=4 rows=26056
2026-09-16T21:44:08.440784Z DEBUG aiur::gpu_trace: CPU trace: circuit lacks generated CUDA coverage circuit=40 rows=4
2026-09-16T21:44:08.440805Z DEBUG aiur::gpu_trace: CPU trace: circuit lacks generated CUDA coverage circuit=66 rows=3
2026-09-16T21:44:08.440865Z DEBUG aiur::gpu_trace: CPU trace: circuit lacks generated CUDA coverage circuit=54 rows=88
2026-09-16T21:44:08.440876Z DEBUG aiur::gpu_trace: CPU trace: circuit lacks generated CUDA coverage circuit=57 rows=22
2026-09-16T21:44:08.440884Z DEBUG aiur::gpu_trace: CPU trace: circuit lacks generated CUDA coverage circuit=41 rows=3
2026-09-16T21:44:08.440922Z DEBUG aiur::gpu_trace: CPU trace: circuit lacks generated CUDA coverage circuit=16 rows=23
2026-09-16T21:44:08.440920Z DEBUG aiur::gpu_trace: CPU trace: circuit lacks generated CUDA coverage circuit=5 rows=67940
2026-09-16T21:44:08.440932Z DEBUG aiur::gpu_trace: CPU trace: circuit lacks generated CUDA coverage circuit=42 rows=4
2026-09-16T21:44:08.440966Z DEBUG aiur::gpu_trace: CPU trace: circuit lacks generated CUDA coverage circuit=51 rows=91
2026-09-16T21:44:08.441016Z DEBUG aiur::gpu_trace: CPU trace: circuit lacks generated CUDA coverage circuit=44 rows=23
2026-09-16T21:44:08.441051Z DEBUG aiur::gpu_trace: CPU trace: circuit lacks generated CUDA coverage circuit=58 rows=57
2026-09-16T21:44:08.441169Z DEBUG aiur::gpu_trace: CPU trace: circuit lacks generated CUDA coverage circuit=64 rows=1
2026-09-16T21:44:08.441223Z DEBUG aiur::gpu_trace: CPU trace: circuit lacks generated CUDA coverage circuit=28 rows=135128
2026-09-16T21:44:08.441252Z DEBUG aiur::gpu_trace: CPU trace: circuit lacks generated CUDA coverage circuit=52 rows=23
2026-09-16T21:44:08.441336Z DEBUG aiur::gpu_trace: CPU trace: circuit lacks generated CUDA coverage circuit=36 rows=35044
2026-09-16T21:44:08.441334Z DEBUG aiur::gpu_trace: CPU trace: circuit lacks generated CUDA coverage circuit=55 rows=297
2026-09-16T21:44:08.441341Z DEBUG aiur::gpu_trace: CPU trace: circuit lacks generated CUDA coverage circuit=21 rows=227800
2026-09-16T21:44:08.441353Z DEBUG aiur::gpu_trace: CPU trace: circuit lacks generated CUDA coverage circuit=29 rows=694798
2026-09-16T21:44:08.441415Z DEBUG aiur::gpu_trace: CPU trace: circuit lacks generated CUDA coverage circuit=45 rows=1
2026-09-16T21:44:08.441451Z DEBUG aiur::gpu_trace: CPU trace: circuit lacks generated CUDA coverage circuit=17 rows=4
2026-09-16T21:44:08.441468Z DEBUG aiur/codegen_seeds{circuit=59 rows=33}: aiur::trace_codegen::cuda: prepared generated CUDA trace circuit=59 rows=33 width=26 seed_bytes=2904 seed_spans=1
2026-09-16T21:44:08.441498Z DEBUG aiur::gpu_trace: CPU trace: circuit lacks generated CUDA coverage circuit=60 rows=12
2026-09-16T21:44:08.441509Z DEBUG aiur::gpu_trace: CPU trace: circuit lacks generated CUDA coverage circuit=46 rows=3
2026-09-16T21:44:08.441529Z DEBUG aiur::gpu_trace: CPU trace: circuit lacks generated CUDA coverage circuit=61 rows=3
2026-09-16T21:44:08.441597Z DEBUG aiur::gpu_trace: CPU trace: circuit lacks generated CUDA coverage circuit=27 rows=312644
2026-09-16T21:44:08.441623Z DEBUG aiur::gpu_trace: CPU trace: circuit lacks generated CUDA coverage circuit=47 rows=384
2026-09-16T21:44:08.441654Z DEBUG aiur::gpu_trace: CPU trace: circuit lacks generated CUDA coverage circuit=83 rows=1
2026-09-16T21:44:08.441727Z DEBUG aiur::gpu_trace: CPU trace: circuit lacks generated CUDA coverage circuit=19 rows=16310
2026-09-16T21:44:08.441756Z DEBUG aiur::gpu_trace: CPU trace: circuit lacks generated CUDA coverage circuit=84 rows=128499
2026-09-16T21:44:08.441908Z DEBUG aiur::gpu_trace: CPU trace: circuit lacks generated CUDA coverage circuit=48 rows=19
2026-09-16T21:44:08.442031Z DEBUG aiur/codegen_seeds{circuit=49 rows=2}: aiur::trace_codegen::cuda: prepared generated CUDA trace circuit=49 rows=2 width=13 seed_bytes=80 seed_spans=1
2026-09-16T21:44:08.507288Z DEBUG aiur::gpu_trace: CPU trace: circuit lacks generated CUDA coverage circuit=22 rows=40840
2026-09-16T21:44:08.511254Z DEBUG aiur::gpu_trace: CPU trace: circuit lacks generated CUDA coverage circuit=38 rows=31
2026-09-16T21:44:08.511381Z DEBUG aiur::gpu_trace: CPU trace: circuit lacks generated CUDA coverage circuit=39 rows=3
2026-09-16T21:44:08.528577Z DEBUG aiur::gpu_trace: CPU trace: circuit lacks generated CUDA coverage circuit=23 rows=92470
2026-09-16T21:44:08.534194Z DEBUG aiur::gpu_trace: CPU trace: circuit lacks generated CUDA coverage circuit=85 rows=4
2026-09-16T21:44:08.534203Z DEBUG aiur::gpu_trace: CPU trace: circuit lacks generated CUDA coverage circuit=86 rows=644520
2026-09-16T21:44:08.559761Z DEBUG aiur::gpu_trace: CPU trace: circuit lacks generated CUDA coverage circuit=24 rows=324
2026-09-16T21:44:08.778723Z DEBUG aiur/codegen_seeds{circuit=30 rows=89191}: aiur::trace_codegen::cuda: prepared generated CUDA trace circuit=30 rows=89191 width=234 seed_bytes=54228128 seed_spans=4
2026-09-16T21:44:08.824389Z DEBUG aiur/codegen_seeds{circuit=20 rows=1048576}: aiur::trace_codegen::cuda: prepared generated CUDA trace circuit=20 rows=1048576 width=533 seed_bytes=184549376 seed_spans=16
2026-09-16T21:44:08.825150Z DEBUG aiur::gpu_trace: CPU trace: circuit lacks generated CUDA coverage circuit=7 rows=27238
2026-09-16T21:44:08.825166Z DEBUG aiur::gpu_trace: CPU trace: circuit lacks generated CUDA coverage circuit=3 rows=4977
2026-09-16T21:44:08.825167Z DEBUG aiur::gpu_trace: CPU trace: circuit lacks generated CUDA coverage circuit=13 rows=45550
2026-09-16T21:44:08.825609Z DEBUG aiur::gpu_trace: CPU trace: circuit lacks generated CUDA coverage circuit=26 rows=63056
2026-09-16T21:44:08.826438Z DEBUG aiur::gpu_trace: CPU trace: circuit lacks generated CUDA coverage circuit=87 rows=39148
2026-09-16T21:44:08.849159Z DEBUG aiur/codegen_seeds{circuit=20 rows=254728}: aiur::trace_codegen::cuda: prepared generated CUDA trace circuit=20 rows=254728 width=533 seed_bytes=44832128 seed_spans=4
[aggregate] root wrap proven in 9.8s (query-record peak 62.0 GiB): 3 shard(s) verified into 2
[trace-shards] 1 shards, 1500000000 committed cells: record 2027193520 B in shared pool, host workspace 15541336473 B of 26088568116 B reserved per prover; regenerating round 2
2026-09-16T21:44:15.751569Z DEBUG aiur::gpu_trace: CPU trace: circuit lacks generated CUDA coverage circuit=0 rows=78545
2026-09-16T21:44:15.751579Z DEBUG aiur::gpu_trace: CPU trace: circuit lacks generated CUDA coverage circuit=1 rows=7
2026-09-16T21:44:15.751586Z DEBUG aiur::gpu_trace: CPU trace: circuit lacks generated CUDA coverage circuit=2 rows=26
2026-09-16T21:44:15.751590Z DEBUG aiur::gpu_trace: CPU trace: circuit lacks generated CUDA coverage circuit=3 rows=3859
2026-09-16T21:44:15.751587Z DEBUG aiur::gpu_trace: CPU trace: circuit lacks generated CUDA coverage circuit=31 rows=103021
2026-09-16T21:44:15.751602Z DEBUG aiur::gpu_trace: CPU trace: circuit lacks generated CUDA coverage circuit=9 rows=752348
2026-09-16T21:44:15.751606Z DEBUG aiur::gpu_trace: CPU trace: circuit lacks generated CUDA coverage circuit=35 rows=68452
2026-09-16T21:44:15.751603Z DEBUG aiur::gpu_trace: CPU trace: circuit lacks generated CUDA coverage circuit=37 rows=41669
2026-09-16T21:44:15.751608Z DEBUG aiur::gpu_trace: CPU trace: circuit lacks generated CUDA coverage circuit=18 rows=470050
2026-09-16T21:44:15.751601Z DEBUG aiur::gpu_trace: CPU trace: circuit lacks generated CUDA coverage circuit=57 rows=22
2026-09-16T21:44:15.751601Z DEBUG aiur::gpu_trace: CPU trace: circuit lacks generated CUDA coverage circuit=26 rows=41324
2026-09-16T21:44:15.751603Z DEBUG aiur::gpu_trace: CPU trace: circuit lacks generated CUDA coverage circuit=53 rows=19
2026-09-16T21:44:15.751601Z DEBUG aiur::gpu_trace: CPU trace: circuit lacks generated CUDA coverage circuit=6 rows=71561
2026-09-16T21:44:15.751602Z DEBUG aiur::gpu_trace: CPU trace: circuit lacks generated CUDA coverage circuit=52 rows=23
2026-09-16T21:44:15.751602Z DEBUG aiur::gpu_trace: CPU trace: circuit lacks generated CUDA coverage circuit=12 rows=44886
2026-09-16T21:44:15.751602Z DEBUG aiur::gpu_trace: CPU trace: circuit lacks generated CUDA coverage circuit=34 rows=44800
2026-09-16T21:44:15.751603Z DEBUG aiur::gpu_trace: CPU trace: circuit lacks generated CUDA coverage circuit=51 rows=88
2026-09-16T21:44:15.751602Z DEBUG aiur::gpu_trace: CPU trace: circuit lacks generated CUDA coverage circuit=62 rows=3
2026-09-16T21:44:15.751603Z DEBUG aiur::gpu_trace: CPU trace: circuit lacks generated CUDA coverage circuit=28 rows=105369
2026-09-16T21:44:15.751603Z DEBUG aiur::gpu_trace: CPU trace: circuit lacks generated CUDA coverage circuit=36 rows=30567
2026-09-16T21:44:15.751606Z DEBUG aiur::gpu_trace: CPU trace: circuit lacks generated CUDA coverage circuit=7 rows=17866
2026-09-16T21:44:15.751603Z DEBUG aiur::gpu_trace: CPU trace: circuit lacks generated CUDA coverage circuit=33 rows=353988
2026-09-16T21:44:15.751602Z DEBUG aiur::gpu_trace: CPU trace: circuit lacks generated CUDA coverage circuit=25 rows=40840
2026-09-16T21:44:15.751609Z DEBUG aiur::gpu_trace: CPU trace: circuit lacks generated CUDA coverage circuit=4 rows=19986
2026-09-16T21:44:15.751607Z DEBUG aiur::gpu_trace: CPU trace: circuit lacks generated CUDA coverage circuit=65 rows=54
2026-09-16T21:44:15.751598Z DEBUG aiur::gpu_trace: CPU trace: circuit lacks generated CUDA coverage circuit=32 rows=1088765
2026-09-16T21:44:15.751600Z DEBUG aiur::gpu_trace: CPU trace: circuit lacks generated CUDA coverage circuit=50 rows=3
2026-09-16T21:44:15.751603Z DEBUG aiur::gpu_trace: CPU trace: circuit lacks generated CUDA coverage circuit=56 rows=1
2026-09-16T21:44:15.751694Z DEBUG aiur::gpu_trace: CPU trace: circuit lacks generated CUDA coverage circuit=15 rows=3
2026-09-16T21:44:15.751725Z DEBUG aiur/codegen_seeds{circuit=59 rows=33}: aiur::trace_codegen::cuda: prepared generated CUDA trace circuit=59 rows=33 width=26 seed_bytes=2904 seed_spans=1
2026-09-16T21:44:15.751743Z DEBUG aiur::gpu_trace: CPU trace: circuit lacks generated CUDA coverage circuit=60 rows=12
2026-09-16T21:44:15.752104Z DEBUG aiur::gpu_trace: CPU trace: circuit lacks generated CUDA coverage circuit=58 rows=57
2026-09-16T21:44:15.752114Z DEBUG aiur::gpu_trace: CPU trace: circuit lacks generated CUDA coverage circuit=61 rows=2
2026-09-16T21:44:15.752121Z DEBUG aiur::gpu_trace: CPU trace: circuit lacks generated CUDA coverage circuit=54 rows=87
2026-09-16T21:44:15.752134Z DEBUG aiur::gpu_trace: CPU trace: circuit lacks generated CUDA coverage circuit=5 rows=41236
2026-09-16T21:44:15.752176Z DEBUG aiur::gpu_trace: CPU trace: circuit lacks generated CUDA coverage circuit=21 rows=227800
2026-09-16T21:44:15.752188Z DEBUG aiur::gpu_trace: CPU trace: circuit lacks generated CUDA coverage circuit=16 rows=23
2026-09-16T21:44:15.752200Z DEBUG aiur::gpu_trace: CPU trace: circuit lacks generated CUDA coverage circuit=13 rows=44049
2026-09-16T21:44:15.752240Z DEBUG aiur::gpu_trace: CPU trace: circuit lacks generated CUDA coverage circuit=63 rows=3
2026-09-16T21:44:15.752293Z DEBUG aiur::gpu_trace: CPU trace: circuit lacks generated CUDA coverage circuit=55 rows=201
2026-09-16T21:44:15.752302Z DEBUG aiur::gpu_trace: CPU trace: circuit lacks generated CUDA coverage circuit=66 rows=3
2026-09-16T21:44:15.752374Z DEBUG aiur::gpu_trace: CPU trace: circuit lacks generated CUDA coverage circuit=8 rows=67122
2026-09-16T21:44:15.752413Z DEBUG aiur::gpu_trace: CPU trace: circuit lacks generated CUDA coverage circuit=17 rows=3
2026-09-16T21:44:15.752460Z DEBUG aiur::gpu_trace: CPU trace: circuit lacks generated CUDA coverage circuit=64 rows=1
2026-09-16T21:44:15.752498Z DEBUG aiur::gpu_trace: CPU trace: circuit lacks generated CUDA coverage circuit=19 rows=15015
2026-09-16T21:44:15.752530Z DEBUG aiur::gpu_trace: CPU trace: circuit lacks generated CUDA coverage circuit=27 rows=329635
2026-09-16T21:44:15.752530Z DEBUG aiur::gpu_trace: CPU trace: circuit lacks generated CUDA coverage circuit=29 rows=573228
2026-09-16T21:44:15.752599Z DEBUG aiur::gpu_trace: CPU trace: circuit lacks generated CUDA coverage circuit=14 rows=2
2026-09-16T21:44:15.752775Z DEBUG aiur::gpu_trace: CPU trace: circuit lacks generated CUDA coverage circuit=83 rows=1
2026-09-16T21:44:15.752847Z DEBUG aiur::gpu_trace: CPU trace: circuit lacks generated CUDA coverage circuit=84 rows=103959
2026-09-16T21:44:15.753236Z DEBUG aiur::gpu_trace: CPU trace: circuit lacks generated CUDA coverage circuit=86 rows=534835
2026-09-16T21:44:15.761706Z DEBUG aiur::gpu_trace: CPU trace: circuit lacks generated CUDA coverage circuit=23 rows=92470
2026-09-16T21:44:15.794155Z DEBUG aiur::gpu_trace: CPU trace: circuit lacks generated CUDA coverage circuit=43 rows=1
2026-09-16T21:44:15.794209Z DEBUG aiur::gpu_trace: CPU trace: circuit lacks generated CUDA coverage circuit=44 rows=23
2026-09-16T21:44:15.794341Z DEBUG aiur::gpu_trace: CPU trace: circuit lacks generated CUDA coverage circuit=45 rows=1
2026-09-16T21:44:15.794397Z DEBUG aiur::gpu_trace: CPU trace: circuit lacks generated CUDA coverage circuit=46 rows=2
2026-09-16T21:44:15.794447Z DEBUG aiur::gpu_trace: CPU trace: circuit lacks generated CUDA coverage circuit=47 rows=287
2026-09-16T21:44:15.795238Z DEBUG aiur::gpu_trace: CPU trace: circuit lacks generated CUDA coverage circuit=48 rows=19
2026-09-16T21:44:15.795340Z DEBUG aiur/codegen_seeds{circuit=49 rows=2}: aiur::trace_codegen::cuda: prepared generated CUDA trace circuit=49 rows=2 width=13 seed_bytes=80 seed_spans=1
2026-09-16T21:44:15.829430Z DEBUG aiur::gpu_trace: CPU trace: circuit lacks generated CUDA coverage circuit=22 rows=40840
2026-09-16T21:44:15.829828Z DEBUG aiur::gpu_trace: CPU trace: circuit lacks generated CUDA coverage circuit=85 rows=3
2026-09-16T21:44:15.840067Z DEBUG aiur::gpu_trace: CPU trace: circuit lacks generated CUDA coverage circuit=38 rows=29
2026-09-16T21:44:15.840182Z DEBUG aiur::gpu_trace: CPU trace: circuit lacks generated CUDA coverage circuit=39 rows=2
2026-09-16T21:44:15.840214Z DEBUG aiur::gpu_trace: CPU trace: circuit lacks generated CUDA coverage circuit=40 rows=3
2026-09-16T21:44:15.840246Z DEBUG aiur::gpu_trace: CPU trace: circuit lacks generated CUDA coverage circuit=41 rows=2
2026-09-16T21:44:15.840278Z DEBUG aiur::gpu_trace: CPU trace: circuit lacks generated CUDA coverage circuit=42 rows=3
2026-09-16T21:44:15.852908Z DEBUG aiur::gpu_trace: CPU trace: circuit lacks generated CUDA coverage circuit=87 rows=39148
2026-09-16T21:44:15.862541Z DEBUG aiur::gpu_trace: CPU trace: circuit lacks generated CUDA coverage circuit=24 rows=221
2026-09-16T21:44:15.874211Z DEBUG aiur::gpu_trace: CPU trace: circuit lacks generated CUDA coverage circuit=10 rows=46291
2026-09-16T21:44:15.879809Z DEBUG aiur/codegen_seeds{circuit=20 rows=969184}: aiur::gpu_trace: CPU trace: circuit lacks generated CUDA coverage circuit=11 rows=34300
2026-09-16T21:44:16.019780Z DEBUG aiur/codegen_seeds{circuit=30 rows=73058}: aiur::trace_codegen::cuda: prepared generated CUDA trace circuit=30 rows=73058 width=234 seed_bytes=44419264 seed_spans=3
2026-09-16T21:44:16.065534Z DEBUG aiur/codegen_seeds{circuit=20 rows=969184}: aiur::trace_codegen::cuda: prepared generated CUDA trace circuit=20 rows=969184 width=533 seed_bytes=170576384 seed_spans=15
2026-09-16T21:44:16.966990Z DEBUG aiur::gpu_trace: CPU trace: circuit lacks generated CUDA coverage circuit=0 rows=78545
2026-09-16T21:44:16.966997Z DEBUG aiur::gpu_trace: CPU trace: circuit lacks generated CUDA coverage circuit=9 rows=752348
2026-09-16T21:44:16.967003Z DEBUG aiur::gpu_trace: CPU trace: circuit lacks generated CUDA coverage circuit=6 rows=71561
2026-09-16T21:44:16.967005Z DEBUG aiur::gpu_trace: CPU trace: circuit lacks generated CUDA coverage circuit=62 rows=3
2026-09-16T21:44:16.967010Z DEBUG aiur::gpu_trace: CPU trace: circuit lacks generated CUDA coverage circuit=3 rows=3859
2026-09-16T21:44:16.967015Z DEBUG aiur::gpu_trace: CPU trace: circuit lacks generated CUDA coverage circuit=31 rows=103021
2026-09-16T21:44:16.967017Z DEBUG aiur::gpu_trace: CPU trace: circuit lacks generated CUDA coverage circuit=2 rows=26
2026-09-16T21:44:16.967016Z DEBUG aiur::gpu_trace: CPU trace: circuit lacks generated CUDA coverage circuit=4 rows=19986
2026-09-16T21:44:16.967017Z DEBUG aiur::gpu_trace: CPU trace: circuit lacks generated CUDA coverage circuit=56 rows=1
2026-09-16T21:44:16.967021Z DEBUG aiur::gpu_trace: CPU trace: circuit lacks generated CUDA coverage circuit=50 rows=3
2026-09-16T21:44:16.967021Z DEBUG aiur::gpu_trace: CPU trace: circuit lacks generated CUDA coverage circuit=53 rows=19
2026-09-16T21:44:16.967021Z DEBUG aiur::gpu_trace: CPU trace: circuit lacks generated CUDA coverage circuit=25 rows=40840
2026-09-16T21:44:16.967023Z DEBUG aiur::gpu_trace: CPU trace: circuit lacks generated CUDA coverage circuit=37 rows=41669
2026-09-16T21:44:16.967024Z DEBUG aiur::gpu_trace: CPU trace: circuit lacks generated CUDA coverage circuit=12 rows=44886
2026-09-16T21:44:16.967019Z DEBUG aiur::gpu_trace: CPU trace: circuit lacks generated CUDA coverage circuit=63 rows=3
2026-09-16T21:44:16.967020Z DEBUG aiur::gpu_trace: CPU trace: circuit lacks generated CUDA coverage circuit=34 rows=44800
2026-09-16T21:44:16.967022Z DEBUG aiur::gpu_trace: CPU trace: circuit lacks generated CUDA coverage circuit=28 rows=105369
2026-09-16T21:44:16.967025Z DEBUG aiur::gpu_trace: CPU trace: circuit lacks generated CUDA coverage circuit=57 rows=22
2026-09-16T21:44:16.967026Z DEBUG aiur::gpu_trace: CPU trace: circuit lacks generated CUDA coverage circuit=51 rows=88
2026-09-16T21:44:16.967020Z DEBUG aiur::gpu_trace: CPU trace: circuit lacks generated CUDA coverage circuit=7 rows=17866
2026-09-16T21:44:16.967027Z DEBUG aiur::gpu_trace: CPU trace: circuit lacks generated CUDA coverage circuit=10 rows=46291
2026-09-16T21:44:16.967026Z DEBUG aiur::gpu_trace: CPU trace: circuit lacks generated CUDA coverage circuit=15 rows=3
2026-09-16T21:44:16.967023Z DEBUG aiur::gpu_trace: CPU trace: circuit lacks generated CUDA coverage circuit=65 rows=54
2026-09-16T21:44:16.967018Z DEBUG aiur::gpu_trace: CPU trace: circuit lacks generated CUDA coverage circuit=1 rows=7
2026-09-16T21:44:16.967018Z DEBUG aiur::gpu_trace: CPU trace: circuit lacks generated CUDA coverage circuit=5 rows=41236
2026-09-16T21:44:16.967021Z DEBUG aiur::gpu_trace: CPU trace: circuit lacks generated CUDA coverage circuit=18 rows=470050
2026-09-16T21:44:16.967256Z DEBUG aiur::gpu_trace: CPU trace: circuit lacks generated CUDA coverage circuit=52 rows=23
2026-09-16T21:44:16.967258Z DEBUG aiur/codegen_seeds{circuit=59 rows=33}: aiur::trace_codegen::cuda: prepared generated CUDA trace circuit=59 rows=33 width=26 seed_bytes=2904 seed_spans=1
2026-09-16T21:44:16.967261Z DEBUG aiur::gpu_trace: CPU trace: circuit lacks generated CUDA coverage circuit=16 rows=23
2026-09-16T21:44:16.967271Z DEBUG aiur::gpu_trace: CPU trace: circuit lacks generated CUDA coverage circuit=60 rows=12
2026-09-16T21:44:16.967387Z DEBUG aiur::gpu_trace: CPU trace: circuit lacks generated CUDA coverage circuit=54 rows=87
2026-09-16T21:44:16.967474Z DEBUG aiur::gpu_trace: CPU trace: circuit lacks generated CUDA coverage circuit=58 rows=57
2026-09-16T21:44:16.967477Z DEBUG aiur::gpu_trace: CPU trace: circuit lacks generated CUDA coverage circuit=66 rows=3
2026-09-16T21:44:16.967561Z DEBUG aiur::gpu_trace: CPU trace: circuit lacks generated CUDA coverage circuit=64 rows=1
2026-09-16T21:44:16.967597Z DEBUG aiur::gpu_trace: CPU trace: circuit lacks generated CUDA coverage circuit=21 rows=227800
2026-09-16T21:44:16.967637Z DEBUG aiur::gpu_trace: CPU trace: circuit lacks generated CUDA coverage circuit=17 rows=3
2026-09-16T21:44:16.967645Z DEBUG aiur::gpu_trace: CPU trace: circuit lacks generated CUDA coverage circuit=26 rows=41324
2026-09-16T21:44:16.967668Z DEBUG aiur::gpu_trace: CPU trace: circuit lacks generated CUDA coverage circuit=13 rows=44049
2026-09-16T21:44:16.967670Z DEBUG aiur::gpu_trace: CPU trace: circuit lacks generated CUDA coverage circuit=61 rows=2
2026-09-16T21:44:16.967718Z DEBUG aiur::gpu_trace: CPU trace: circuit lacks generated CUDA coverage circuit=27 rows=329635
2026-09-16T21:44:16.967792Z DEBUG aiur::gpu_trace: CPU trace: circuit lacks generated CUDA coverage circuit=55 rows=201
2026-09-16T21:44:16.967804Z DEBUG aiur::gpu_trace: CPU trace: circuit lacks generated CUDA coverage circuit=11 rows=34300
2026-09-16T21:44:16.967829Z DEBUG aiur::gpu_trace: CPU trace: circuit lacks generated CUDA coverage circuit=8 rows=67122
2026-09-16T21:44:16.967937Z DEBUG aiur::gpu_trace: CPU trace: circuit lacks generated CUDA coverage circuit=43 rows=1
2026-09-16T21:44:16.967946Z DEBUG aiur::gpu_trace: CPU trace: circuit lacks generated CUDA coverage circuit=46 rows=2
2026-09-16T21:44:16.968078Z DEBUG aiur::gpu_trace: CPU trace: circuit lacks generated CUDA coverage circuit=19 rows=15015
2026-09-16T21:44:16.968142Z DEBUG aiur::gpu_trace: CPU trace: circuit lacks generated CUDA coverage circuit=44 rows=23
2026-09-16T21:44:16.968190Z DEBUG aiur::gpu_trace: CPU trace: circuit lacks generated CUDA coverage circuit=45 rows=1
2026-09-16T21:44:16.968224Z DEBUG aiur::gpu_trace: CPU trace: circuit lacks generated CUDA coverage circuit=47 rows=287
2026-09-16T21:44:16.968240Z DEBUG aiur::gpu_trace: CPU trace: circuit lacks generated CUDA coverage circuit=83 rows=1
2026-09-16T21:44:16.968307Z DEBUG aiur::gpu_trace: CPU trace: circuit lacks generated CUDA coverage circuit=48 rows=19
2026-09-16T21:44:16.968369Z DEBUG aiur::gpu_trace: CPU trace: circuit lacks generated CUDA coverage circuit=84 rows=103959
2026-09-16T21:44:16.968373Z DEBUG aiur::gpu_trace: CPU trace: circuit lacks generated CUDA coverage circuit=86 rows=534835
2026-09-16T21:44:16.968385Z DEBUG aiur::gpu_trace: CPU trace: circuit lacks generated CUDA coverage circuit=14 rows=2
2026-09-16T21:44:16.968482Z DEBUG aiur/codegen_seeds{circuit=49 rows=2}: aiur::trace_codegen::cuda: prepared generated CUDA trace circuit=49 rows=2 width=13 seed_bytes=80 seed_spans=1
2026-09-16T21:44:16.968484Z DEBUG aiur::gpu_trace: CPU trace: circuit lacks generated CUDA coverage circuit=32 rows=1088765
2026-09-16T21:44:16.968500Z DEBUG aiur::gpu_trace: CPU trace: circuit lacks generated CUDA coverage circuit=33 rows=353988
2026-09-16T21:44:16.968533Z DEBUG aiur::gpu_trace: CPU trace: circuit lacks generated CUDA coverage circuit=87 rows=39148
2026-09-16T21:44:16.996369Z DEBUG aiur::gpu_trace: CPU trace: circuit lacks generated CUDA coverage circuit=35 rows=68452
2026-09-16T21:44:17.022519Z DEBUG aiur::gpu_trace: CPU trace: circuit lacks generated CUDA coverage circuit=36 rows=30567
2026-09-16T21:44:17.033720Z DEBUG aiur::gpu_trace: CPU trace: circuit lacks generated CUDA coverage circuit=23 rows=92470
2026-09-16T21:44:17.034693Z DEBUG aiur::gpu_trace: CPU trace: circuit lacks generated CUDA coverage circuit=40 rows=3
2026-09-16T21:44:17.034798Z DEBUG aiur::gpu_trace: CPU trace: circuit lacks generated CUDA coverage circuit=41 rows=2
2026-09-16T21:44:17.034867Z DEBUG aiur::gpu_trace: CPU trace: circuit lacks generated CUDA coverage circuit=42 rows=3
2026-09-16T21:44:17.034916Z DEBUG aiur::gpu_trace: CPU trace: circuit lacks generated CUDA coverage circuit=24 rows=221
2026-09-16T21:44:17.035560Z DEBUG aiur::gpu_trace: CPU trace: circuit lacks generated CUDA coverage circuit=38 rows=29
2026-09-16T21:44:17.035691Z DEBUG aiur::gpu_trace: CPU trace: circuit lacks generated CUDA coverage circuit=39 rows=2
2026-09-16T21:44:17.039569Z DEBUG aiur::gpu_trace: CPU trace: circuit lacks generated CUDA coverage circuit=22 rows=40840
2026-09-16T21:44:17.039782Z DEBUG aiur::gpu_trace: CPU trace: circuit lacks generated CUDA coverage circuit=29 rows=573228
2026-09-16T21:44:17.043391Z DEBUG aiur::gpu_trace: CPU trace: circuit lacks generated CUDA coverage circuit=85 rows=3
2026-09-16T21:44:17.218438Z DEBUG aiur/codegen_seeds{circuit=30 rows=73058}: aiur::trace_codegen::cuda: prepared generated CUDA trace circuit=30 rows=73058 width=234 seed_bytes=44419264 seed_spans=3
2026-09-16T21:44:17.265358Z DEBUG aiur/codegen_seeds{circuit=20 rows=969184}: aiur::trace_codegen::cuda: prepared generated CUDA trace circuit=20 rows=969184 width=533 seed_bytes=170576384 seed_spans=15
[aggregate] root wrap proven in 7.9s (query-record peak 59.4 GiB): 2 shard(s) verified into 1
[lanes] worker 0: root proven at +454s
[lanes] calibration: claims 4 executed: record mean 20.5 GiB, p50 20.8 GiB, p90 21.8 GiB, max 21.8 GiB (unit 0); execution mean 115.2s, max 129.0s
[lanes] calibration: joins 3 executed: record mean 13.3 GiB, p50 13.6 GiB, p90 15.1 GiB, max 15.1 GiB (unit 2); execution mean 32.9s, max 40.2s
[lanes] calibration: 4 shards at a 38.9 GiB initial reservation (155.7 GiB shared record budget): largest claim record 56% of the initial reservation, largest join record 38%, 0 contention retry/retries; p90-scaled candidate 3 shard(s) at this initial reservation (claims measured this run only; a resumed run measures fewer)
[lanes] record pool: peak granted 120.9 GiB, 0 growth waits (0.0s summed across executions), 0 contention retries
[lanes] root cef56bca82bd3d5fb10c162e174c6f26550b3eaff51d92570d7bce7ba92d5f0e verified; composed verdict OK; end to end 454s
	Command being timed: "/tmp/claude-30033/-home-sam-repos-ix/9c1af3d4-3a5f-4585-a0ae-b691c8d73308/scratchpad/bench/ix-new prove --ixe /tmp/claude-30033/-home-sam-repos-ix/9c1af3d4-3a5f-4585-a0ae-b691c8d73308/scratchpad/bench/init.ixe --ixes /tmp/claude-30033/-home-sam-repos-ix/9c1af3d4-3a5f-4585-a0ae-b691c8d73308/scratchpad/bench/init-4.ixes --trace-shards --lanes 1 --exec-jobs 2 --max-ram 200"
	User time (seconds): 2943.66
	System time (seconds): 173.56
	Percent of CPU this job got: 682%
	Elapsed (wall clock) time (h:mm:ss or m:ss): 7:36.68
	Average shared text size (kbytes): 0
	Average unshared data size (kbytes): 0
	Average stack size (kbytes): 0
	Average total size (kbytes): 0
	Maximum resident set size (kbytes): 102171444
	Average resident set size (kbytes): 0
	Major (requiring I/O) page faults: 368
	Minor (reclaiming a frame) page faults: 3866790
	Voluntary context switches: 199748
	Involuntary context switches: 228478
	Swaps: 0
	File system inputs: 0
	File system outputs: 272656
	Socket messages sent: 0
	Socket messages received: 0
	Signals delivered: 0
	Page size (bytes): 4096
	Exit status: 0
