stage,attempt,kind,id,reused,proofAddress,subjects,frontier,traceShards,proofPayloadBytes,proofWrapperBytes,executionSeconds,provingAndStoreSeconds,recordBytes,gpuWorker,queueWaitSeconds,claim,executionAndProvingSeconds,inputTraceShards,projectedPeakGiB
S1,1,leaf,145,False,3d91e828de7f327baef1c2ac1d014828cefd0dca1e7cc801ffc1a61056ba853f,1,11,1,7673709,7673781,0.3,0.2024652359978063,1728609184,0,5.699999746866524e-06,fa7e01965ab1f19e5310e0017bc7d836b6fe7d6a788dd0bf19684fbf1e1f8cdf,,,
S1,1,leaf,0,True,a7f60e8ce5db6c9a145b93d2527a4370498de48077fc123bc21afdd93fbf4959,2513,3409,4,13826194,13826266,,,,,,1db36cb23fb9a3fcb88d129db957eb0651270566a0f1bc93aa1fa3cc1c8cd01a,,,
S1,1,leaf,1,True,d68fcff6446350b5302e793fd9954e9870e4a5a57eee1393d4d79db849820d3b,5114,4513,6,15364194,15364266,,,,,,80056c480de251a99e2d47d07fe4615c19da634fd06302a7a004b0247a053db3,,,
S1,1,leaf,2,True,72f193bcb9dffd45f8f3aa15673d3dac8fcf4111d4c7b2ac6f1b16ce4372df42,4707,3613,5,14658807,14658879,,,,,,6377fed2e26e9ed640affddff7a10cdf28c36f8775d2f8543b491fb37cd0839e,,,
S1,1,leaf,3,True,095bed4266fec66f71624ea28f0aeb0812e8ccb72483dc7a1c32579b93bf5051,20219,9079,22,31786747,31786820,,,,,,10b3289f367d54680b414a86d687d03a4c06e663fda73f716b25f0484ee885f8,,,
S1,1,leaf,4,True,0901e9c896b0986d5e7a5ae1d7b018a558d4c5222d8f200c0199a4444264daf7,9115,4395,10,18900504,18900577,,,,,,d5cfe94524358f8c8ea9c5179f4d6b2e5a7926c56e0502140da880301d2ea194,,,
S1,1,leaf,5,True,f2c717d4b30654680ce64256ccaf0f572b201759613ed82e28d7e2fa0d25fad2,4231,2209,3,13208199,13208271,,,,,,70521c71a9f1d97b3a9947603b8010ee1d29dd6cf2c0e58be5b5843bb4a0d1ab,,,
S1,1,leaf,6,True,431194c5b1d5a21aaa6d4394cb78f1c5dfa7f934cdb186f4510c58ceb50ada87,1807,1421,2,11423743,11423815,,,,,,f612ea0289708c8b505a7f878450fd1ebc8101c359a6612d299d851ff812da5c,,,
S1,1,leaf,7,True,cfa84244ff7b73418a4f56a28dedbe0d6e2f7315f0a2da593da13039707df45c,806,511,1,10448620,10448692,,,,,,5ee1c1858f308b713043938d48445c682edb432db72f7c5dd1acccd7711c3c31,,,
S1,1,leaf,8,True,ce4de1b708865da2f62dadab0d05de5c6c22c7d357782bbc6d2ae2335952f586,391,268,1,10339595,10339667,,,,,,4c8f882886616a7bdad7ce1e306df30396a06a26aba02f9ddf2f6aee4dabcb6d,,,
S1,1,leaf,9,True,8f48a610a83be6bf9f38a59dbaae25069004594270c907a8507f7c3bdce4c086,168,140,1,9737432,9737504,,,,,,e7b328ef40ba017608f4a157fe3bc50aa4a7a64d74fdf0618b98e17b90b9eba2,,,
S1,1,leaf,10,True,d7a8ca99c3357f8fd13172372a3023e4f6e496d0e79ef90d5f2672957d2583fd,76,87,1,9400751,9400823,,,,,,29c88bb903b02f799756017df3c053bf292c75ba9270b27004cb7aa405dfe33d,,,
S1,1,leaf,11,True,36849dc883ac8f543b31a5ba50d31c349d8566f928f679b397aa0dd3c2c91c8e,22,29,1,8875245,8875317,,,,,,5a256032b041741f76217b614d946c08db630024a6211700184a01b616e2111d,,,
S1,1,leaf,12,True,e6a893d7f8fbd96760bac50b4f9415dc267bb3bc5e7fe62c0d0b47ab7c16da6e,1,5,1,6798965,6799037,,,,,,505358427355c04daff57f0a2f859be4711e7007c4d79946abcfaf950ce50c5b,,,
S1,1,leaf,13,True,d7dce9cded1687fa364391357fa3d3a054ce6927e9a5213f36adbd0ed6f9f90f,1,5,1,6794933,6795005,,,,,,f0d83a9e390c7ae5335988f902fc044741e7df2b61f54e161822485e5912dacd,,,
S1,1,leaf,14,True,dc34f8d9238c38484fcb5eb0fd4b2a9e2b5aa7c836b60abf15dec04a6ec86e0b,1,4,1,7788817,7788889,,,,,,5d81ece31505b4c32710fbf2a0e40c7eda6f19470ab69b33edb75480475034b9,,,
S1,1,leaf,15,True,d23232ef2ca3a18751db1d37d394f0ba3ce9164ab7bbcaad1715aa5af53cf3b8,1,4,1,6308459,6308531,,,,,,a1e8d30d6416da19d854a3ebac91172c69c2d8ba7d37f74f6dcff3d0d39bbaba,,,
S1,1,leaf,16,True,46660ed0c2b2a47924993618e3d38d24e9f62a8b41fbf7e3bf5bd05e95785a20,3,2,1,6295497,6295569,,,,,,40d25fc773df599683d433903ca50543fda6ee17881cf809ad4c034bd2d858dc,,,
S1,1,leaf,17,True,68ad5027d4516fa5f34ea9ff2a44d59d5f4539815787fc8782da7fbe3628065e,3,3,1,6501255,6501327,,,,,,3a7d0311363a118376d9f5ae8f9a4ddda5872835df7548847b91d86ce4d157a3,,,
S1,1,leaf,18,True,a12ae4adf3a978fb750ef2262dd6021fa654e874c938507c856ac7b4b8a9d6d7,1,2,1,5905519,5905591,,,,,,3de547ad70ec36e190ec4b947adc371db05e332c4b1dafcbd758fe8b5fda4946,,,
S1,1,leaf,19,True,ce720edbfa79f87d2d468b6cbee24ec34e313d8a8ca8cdbf2fdb89936678d8fa,1,5,1,6141233,6141305,,,,,,fb8fe46b85abd4ec8e1ced4de0eacc7e127fa2e8b97f70d27466054b8b226c79,,,
S1,1,leaf,20,True,4235e54d996124ef288adfb4da36e16169ac8fb2805c9aee50358ef5e976a084,1,2,1,7110879,7110951,,,,,,f4a78be484cef7a40af537f6b9127f2c46beb68b171183940d2dcfad4fbf0227,,,
S1,1,leaf,21,True,530dae89c19c2ace0bb01117268657d1568e2cb757dfb7f2ed0b3f7cb154897d,1,2,1,7118321,7118393,,,,,,f1eeeea47c76117dfe1de334517326fafb2a38f4ba67c37203169b0c51cb669e,,,
S1,1,leaf,22,True,bf1189a25318a8c7aa0b0a8083ad60c8dcaa8affce51f0b36d9dd9f60b77cb41,3,1,1,6253239,6253311,,,,,,7ade48fafab0b5839279713942dc1de46cd03741bcf6ea5c98aa84011f745bff,,,
S1,1,leaf,23,True,81283c7c09682669867e5ec0f49f0c769e1fc8cf2774036762721930a664879b,1,2,1,6539379,6539451,,,,,,8cae0da17b05d5e0b6c5a6d6eb5510705fcbb982408c1d6b204bbbfa3264b9db,,,
S1,1,leaf,24,True,a4ce36e7a792a30bfcb96c6d7db8c18ec462a5ff55e7fbba2640d1d87d828469,1,3,1,7707255,7707327,,,,,,89ae424e5fd4b838a4d14c9fd47079fa6b1fccb1ea3453c86601311a08c4ec71,,,
S1,1,leaf,25,True,8b461b4416402151d415e244d29bda1814ed4309420ba94f245cb702db81a7e1,1,2,1,5908111,5908183,,,,,,842ea8d4c57049ab8bd4d37cf4d3d6e295726226e97952c343e0c3dd30d882ab,,,
S1,1,leaf,26,True,e6a9b0cca947c215a0e8c3fe7fb470e9ef8194491885cd5872f159562eb56b90,1,3,1,7297515,7297587,,,,,,079248bbb7ea10b974ce27f3d98ef3928ea725dc3eb734816f5fd41ec7e31cc1,,,
S1,1,leaf,27,True,1882da26aa2c459ef8144f73066c377fae1e9fa97ff63bea1f213af66df693ad,3,5,1,7090493,7090565,,,,,,6637148bc1f10642bc4d833666f411c3578c512c592cee8d29cad774ced3a9b1,,,
S1,1,leaf,28,True,692346025cd33ddaa559276c80d67d17c845515ef6586c32c5f633d7a10c1454,1,8,1,6815111,6815183,,,,,,5a767f939ccb596feb9cfc97632ca2c5755b8930c81892aa0bffef29f5801fe5,,,
S1,1,leaf,29,True,3b86b68d88a76980c7066e464f0c75622da5c1c34a65e9039d11df68f84edbdc,1,8,1,6814375,6814447,,,,,,0f1fbe040e7ff24b055481843747426816d4dcf24cdcd3db37e963f968ec2e04,,,
S1,1,leaf,30,True,e7ca595271e0288e4eccb5eeff74193a16c2d76c4c40ad379e481c86156d50b2,1,7,1,8144681,8144753,,,,,,62acd0338b6eaf08f53c565d624cdd964b8edf541d5bf11596fd57041733ddf4,,,
S1,1,leaf,31,True,f02534a11a35bc8e2b56b9b8c46a9c6536897859ffd8c5c3ea6dede98e8a472a,1,7,1,7348505,7348577,,,,,,941be6701dcc7be58fe0c829709a77e162eb1f012936d1c04798cf81fcfa50e4,,,
S1,1,leaf,32,True,bc53e820fb5691fefff37f39aedc597b68261470b32b1bff4da4924e24d47742,3,5,1,7520911,7520983,,,,,,6ac9348d8f4d65d0c896d8f174170809c0e37b757cd1db14d3b61ebf7f27d833,,,
S1,1,leaf,33,True,cdf58c03bb8ef45207420ca1804bc4e5089b7b4fad43c69e60f72240fe05c410,1,7,1,8360283,8360355,,,,,,42013b0ff6311a3a0e3bc0e66c3d48e8d43428c0952efcbfef78b5b21d6babd8,,,
S1,1,leaf,34,True,993210ccb5e04eb2746bee8df59b7c1bb316b7c034d4723b04ff4ee45613a9ad,1,4,1,6634637,6634709,,,,,,1d04dd1a69ea5e5db47ec7cc37f9051d2bfcdcaa94c53341fe299bc50a5be324,,,
S1,1,leaf,35,True,210b7c00f7b1773da0bf9a18c250c34332369e9ed42dac5b68c5cecc13dc6953,1,6,1,8518769,8518841,,,,,,c415c2bdfec0a84d6321363630307c0b711cdeacd4e27119dcbbf54e70757c76,,,
S1,1,leaf,36,True,7727f29b5e16ace99d2c28ff0c24e6b05e375ec1c69e7b9e5d21b4857a2b77a1,1,5,1,8364827,8364899,,,,,,6c424381ce18d87833a599cded3aec59289e8b356fd3ed624bc18095cb981515,,,
S1,1,leaf,37,True,74407c79ffac02244096f4f4320994d0ea1cfcccf3b39465dd751537acebe922,1,3,1,6670335,6670407,,,,,,e1b0f4d8fbe453b836aec4ccc2ff8acd60924998c98c69a06e2988b64a432075,,,
S1,1,leaf,38,True,6e50f3afa1f8ceea5ba75943fecd2de3b4a9406b2fa3a40aed7a5658288f30ee,1,5,1,6665695,6665767,,,,,,f8d5ac2ef0877b301f578ac9519dabcb96ef031987e4b9fb3f9307e653dfea6c,,,
S1,1,leaf,39,True,eee3d0ffc4247cb978e765350480fa01b680f592c2114f7ae24b225442c01dc1,1,4,1,6780995,6781067,,,,,,6170510340091d64c618c61b1b37dd777e11c89ae00a9a540014328abb5aac72,,,
S1,1,leaf,40,True,ef53cca376a41ad7ff8eaef578260e0ff9f98d804efcac5b7b937f91ba02f051,1,7,1,8399193,8399265,,,,,,04f6c1a632029de8f6a9eeeb407c40a7ba2d5b0a775140aae275a87a518085d1,,,
S1,1,leaf,41,True,e9761a1fdb19d6015a20a5e380f09c915b7cb502d54f608d1df196d10d5beb5b,1,7,1,8398265,8398337,,,,,,6be7e85d54d4e7fa14f2b150e893c9bbff34c2872493198e3e23e4909992590b,,,
S1,1,leaf,42,True,4c7752c103f278ea6841341e9f7cf784ec37b04312effd6f8fd67c3123450518,1,9,1,8269301,8269373,,,,,,e67e2e0c36a3d82f852d2226b8e86417660436175b20c97872b6312eea7b484b,,,
S1,1,leaf,43,True,bb419c44ae63d4a505320ab01cab916871b953ea1caf91aeab4784f3466d6abd,1,6,1,8238915,8238987,,,,,,c834a3c72892bb2b369f87efb1a0c633d8054b44ea33896ce7f21a437fb625c1,,,
S1,1,leaf,44,True,b6eefba10bdeedfc162e91ea6c01d6452495d8d10222bf30904e7a2151b49ba5,1,3,1,6528055,6528127,,,,,,73bb8ec1e140466d6dd08107a983c2ebe90a890ad6a6ae8662ff02dbb9a70924,,,
S1,1,leaf,45,True,df425093703e9d8527536f01aeceb1b85f2238aad9bf03cea864845d0655c5d3,3,1,1,6765133,6765205,,,,,,4055dd6b93bb05fa9600a934fa7d3c414a6b3dd92aca85bbec3f67a53b7308d4,,,
S1,1,leaf,46,True,c3e94dce811a59db09a8e981303b244aeb9269b51676963cc17ec58bb5400882,1,3,1,8243619,8243691,,,,,,8393f2cd151bad767a6557871b3af5859db2b9b018fbb50f771869f789864053,,,
S1,1,leaf,47,True,cb2c3877de43cf0db629fdfd23a6d6abd4ba508872e72ce61f5513da19ed0858,1,4,1,8495787,8495859,,,,,,1ce0db737820a0f3962574cd5db183de6b001881ab8749c937aec14644823e64,,,
S1,1,leaf,48,True,0c5ee5822d80fd705ea18e55c38f49edb4a48ed6c111df4544fcec512ce9db01,1,3,1,5842095,5842167,,,,,,d2988cba2afc2484dba3f60cd34ca8b90e93e04d1d17d9c4d21da0f9a38e7864,,,
S1,1,leaf,49,True,c4ada97fe933956ddbc2d7e7514a8f154e26dffb80dc7323a008ab6d83c13f3c,1,3,1,5878049,5878121,,,,,,6b78de204e43935c6edcb9d67e9a48b32b90e0a87671d07c0439ecf18bb15b47,,,
S1,1,leaf,50,True,5644986754b027f797c41921ed0041d167577dc1982118bf2bcc85cf76da7235,1,4,1,5886081,5886153,,,,,,8d6e3f951675087b53407964b6a8fd2f27536566c601d8c6a1bbb1b3d34f8914,,,
S1,1,leaf,51,True,23d50f52691c0c1cda656291e6e4998c14af6c04fdc57aa25650eabd12fbd73c,1,3,1,5847759,5847831,,,,,,3476f9d0db07af401c9397b67815ee411d0ce78dc14bcfc5a26ffdc357abc9e8,,,
S1,1,leaf,52,True,2ec1348bff59797e2c6cb0f95af5571d8b8ea780d56703ac1e5e373da1ae2c4f,1,4,1,6076845,6076917,,,,,,cb404f828d66a72d3662e76e6e69b22ea51cb5abf98df8fdcb7477c359544255,,,
S1,1,leaf,53,True,8af22c0a8e848349fe17cafd8a0537d141ae004aa6b59b5007d18255f4a9707c,1,4,1,6071181,6071253,,,,,,12c38e2a69b05eb1a0dd22131c803858c6b6916180d2598bf211b93341ce361a,,,
S1,1,leaf,54,True,f2b20fc53723a263b568e87e597add0f343c60f8ac5ce29d2a6a23f202cc1129,1,4,1,6076461,6076533,,,,,,8a6e81f0f3d23954e96708075ee89e5b73d9f8749ae877380faefa9fc82d91c4,,,
S1,1,leaf,55,True,46177aa4987cf869ec27fd0b2c02f9deb4229458b8d010bc25bf029ce2a23071,1,4,1,6073421,6073493,,,,,,b56a07d1e02a1e24113a0564784e5e055ba3816d088940ad4136a1e471a38a9d,,,
S1,1,leaf,56,True,9955e592873054432942b8553782841c195178e36048de8141985c4bf1b9e0b1,1,3,1,5861711,5861783,,,,,,5b055e5e32bc0c8e2c1e0fafa76a2b314aec03e7bd8701bb56480fb96c4684ee,,,
S1,1,leaf,57,True,8c221f90f976c56a5e42975deb5dc701cc4d24b61c2720338cb4ed6dd73f5a4f,4,2,1,6288457,6288529,,,,,,1ca2d5b9f8c164dac413fd1a445cf9755eb515eccec8a7f924a7e4fa0c900bcd,,,
S1,1,leaf,58,True,a342c2b415fb6cf79c1a141318b4a3e29cb6115f8dbde41790e7f0988a4107db,1,5,1,6949313,6949385,,,,,,7af4523c8f298f0f8f7081362d70981dbf3824648f7e99b55adef095d4b9651f,,,
S1,1,leaf,59,True,34ab2e396b63cf211645c64d45b7ff01f2e4c151878d9ad2c47df2b22b0fea19,1,2,1,5866845,5866917,,,,,,d13f30adf5f4274599308263453ebe271dd468acb2e16bdc0b21bcf6e40f8e68,,,
S1,1,leaf,60,True,7fe072468686c56727bdb7f37fade1b9217ac37584a2a282efea7af03509445d,1,2,1,7748411,7748483,,,,,,526c34a469ce939588418aaf65278f9db46f17c71ffa230f4805008f06ef3a18,,,
S1,1,leaf,61,True,2513147d88577bce0ce7c20ce024f9582b553b0007a75dccf9a9025c07123197,1,6,1,6662879,6662951,,,,,,b374912fd3fe2bb9945aec75ceeedcdbb704147c030efb39dcf493d3c7fdd578,,,
S1,1,leaf,62,True,f65c88c2c1a74738710c4fa4804694e80b4472ac6bf93b8a17a8da742ca0ece2,1,3,1,6663231,6663303,,,,,,98fd04bc09eaebe45647010d21d2815ba9321b63a91e19af6b366a6087e3db3f,,,
S1,1,leaf,63,True,7f0527485352390c98a7d6d4063d3c837a7da96107089b18bc92f1f8bb2f8fc1,3,1,1,7128925,7128997,,,,,,a76b2489511745d1d29385c228426d2c26bfe753820eb51992e70c1a03a67e75,,,
S1,1,leaf,64,True,4eff89b9268b8ca4bd8bd376eb2be59e3694634ad395079da70a15b88ebbf7e6,3186,4656,14,22279964,22280037,,,,,,a1e974454a66469723ed61735f573bf8bec24222bd5e9aaf6d167a7ffa0ec1d5,,,
S1,1,leaf,65,True,8904bb2b40e88d4c99a0305812db5e2f532df0dfe6606ebcdf3e6ac927b8ab59,4574,3424,5,14629221,14629293,,,,,,1018c66e525856ad887d43c01cd916ac3cd7957e973764709c84e64a73d3a217,,,
S1,1,leaf,66,True,d9682b3a7547179b4d29d1587c4c867f5e3c6bdb07cfcdb4fbf2aed7d63aa9f6,5831,4837,16,23349993,23350066,,,,,,ad19667f2bf09cfed72cfd50cb398b249b0e597e9d0ccfd94fe9d38f568ee35b,,,
S1,1,leaf,67,True,10e51b0eb01bb2f382c7b9f81b5ed2e4368a3de5107291b4cc0f1fb60d970f0a,2035,3476,5,14504257,14504329,,,,,,f4c594b809e8a8c86c457227060bde209565f0151d8a40cce496b4d5b5e4e22e,,,
S1,1,leaf,68,True,0e8e89d7342bf67443d9e4b07d842245098df615104133e2edb4be0b452af554,5817,1649,9,17525725,17525798,,,,,,951154ff6cea26b261c4176f967eb8b75f6ac8000c70885b37817fcb8151eecb,,,
S1,1,leaf,69,True,793a2f301fa2e6b4c3ebd8da591a519abd00e776d7c1fceb742bd692c1a73aa3,5152,3281,4,13714100,13714172,,,,,,f9f3ddef7892b8106a96e3b7094bc8aaec1143509fd1531879148e2f5a5f6922,,,
S1,1,leaf,70,True,9be391bedefd2c71492622deaf94c982ae080033086977ad96e289b34e763656,3138,3427,5,14526451,14526523,,,,,,b8b344ff2eade4221c66147fdb3366e1c80fd1b724ad1558c3b9b3899361d1ff,,,
S1,1,leaf,71,True,3b620c7c25554f03d7457a5d0b2c3e66df20f44fe4857beb5598a0d4bec523ab,2905,2122,11,18490940,18491013,,,,,,aa25bf4b1c847b24bebe95a8540e3bfacd718632986bdc59b33922b41c4e4577,,,
S1,1,leaf,72,True,0e4257d4883d860017bc6162fc11579f262b3b3acab789c730ae1e643ea4805b,5669,4670,9,17356198,17356271,,,,,,ccd5efab2f76b60cd5d8a5c744e4422f18258329bfb0868525f3967e38f83263,,,
S1,1,leaf,73,True,c9cf12d14b7e435def36f93eae3b2b0c61a8c1ab22b2cf3adb0f5a8ce88b9fea,2779,4756,8,16622219,16622291,,,,,,e905921dfa303b44c11ea3f0fd97d3c7545a771f48f1a3d2c300be3fdfba59a5,,,
S1,1,leaf,74,True,2ff4794a3de9a59894ff7d89a40e397fe6f38e89d6d477afafd17a57bfffc368,8907,5621,8,17824838,17824911,,,,,,0a3892148f138d6ad35c5c92217ba86251a5376232d2855a5313740ed6425847,,,
S1,1,leaf,75,True,67074bcc19dbb8ab568219f55c1894a669ccb419932fc7e8ed1739e92f7d77d6,5500,3476,4,13844694,13844766,,,,,,f766ae5485da68e0876dc5f5a61a4569747519078afd9d53211bcd258a10bc77,,,
S1,1,leaf,76,True,9c7879cffdab12d9e0604e63f505740ee92a84692083aecdd76719fddb761c98,1974,2534,26,31762198,31762271,,,,,,61eb7d3a8e8d5bc257bf1c4b9171df46ecd640144dc7dd0a3c88f0a600938be9,,,
S1,1,leaf,77,True,329df75570595070d1b71414c63d874ec0d64b8b54272333ed82c5463dac64ee,3657,1920,8,16627950,16628022,,,,,,cd678858f5dc347e92971ce1866132dd971ec5eea041ab67873d4ae112e1e932,,,
S1,1,leaf,78,True,0b9cc0367db47b1a31d9fde10702f81e2d4a561699ae1d19221ec6f27145817c,5695,4124,10,18423501,18423574,,,,,,b343d7d179f7ad1cfef134f607cb47e446da8ad6cdbd6679dc9bd6f8e627bcef,,,
S1,1,leaf,79,True,52a37a0221fd7e142faa388d7f4d344bbbf384cb8d0ec14a0ab13f7dd74ee515,2084,4061,11,19420001,19420074,,,,,,9717a46636c03296eee1e0d0687426d8b9a003895e8ef0551f9389c1c6f45571,,,
S1,1,leaf,80,True,058f66d17c03f0cc00cb250382428f037b12ca299e0371c66d903210fe0d90f8,6005,2054,3,13075476,13075548,,,,,,cffe08c36fa18f6e9b5fa43c485398fe1096722415a2a0ae7bb5c850dfa8594a,,,
S1,1,leaf,81,True,dea768a043bac5e97f07bceb571368a2b8ec6d443849ddfd948737c4752d93a3,5650,4032,3,13039174,13039246,,,,,,afa726f8739f0c72727fde285ec486573551db873ff88dc39ca6505839e30596,,,
S1,1,leaf,82,True,20cf64638ad81a5f1b99fc863d63645775527731391ccf8b5cf1f709a18a2c00,4253,3084,6,15779096,15779168,,,,,,81351396b3e8ab8ad115b99b7fe9d5d1361ffcd02e2be53900267cb06cd80458,,,
S1,1,leaf,83,True,c370ff086d9502087ec9e0e23f3b865a01e276a6f839233bcb65981fa8ec3ab0,4022,3378,4,13682244,13682316,,,,,,7fb6d4a5b2a60d7364514e884ab16bf6760d0af3c328153897ca2f1deef10b2e,,,
S1,1,leaf,84,True,a6d64ad59797cd62950b2fd33edac4a8ffbd6f0afb31830ec39a487076fe32f7,5112,3869,3,12633950,12634022,,,,,,cfd23e8e137b3f23fd1cc851236160a0ca92e2efde628b9cfd119f23490745e1,,,
S1,1,leaf,85,True,ee3679761bd77699aa599983226c11d0c598995ab3fae322399e03ea8cf468b3,2288,3601,10,18392191,18392264,,,,,,378fc6a99ff13836866ff8d639b50825036bb3dcb0c2c59cc4353bef11e92e25,,,
S1,1,leaf,86,True,7040cbe3eaae579a0c4b8e020c573e7554f0a532ebe28b14ea4fc33b63c156dc,8280,5200,8,18186721,18186794,,,,,,41d55a8c56866556aa560c40d120c92112acca6cfda64f8f31bd2db5b8ec61ee,,,
S1,1,leaf,87,True,0d27f1c5f1b6ca22ade7322d9c361e83d9975d4eaf3bdebda66ebbcc98b70c65,3198,3786,15,22201715,22201788,,,,,,538ff4907bad3be5f75a596395888d0f06c24ab9a2fcfa75db41e00e96bc61de,,,
S1,1,leaf,88,True,add464d2ee0e831d6e457b97c92ee0c60c36eb868856b3a671b7ff17c195c335,4642,2906,5,14478881,14478953,,,,,,2732d339a23b02b3ee77eef38b96b9d01169b9d1455c142f7f5f3746aec89663,,,
S1,1,leaf,89,True,cd7a81c36a1ddc4f0c48e3a477a3e7a15643de111445e351cd458fc2be15e639,2354,3938,14,21638247,21638320,,,,,,bb80362704ddc829b0c47ca11ce1368ebd85655522b23d2b9192728351a929be,,,
S1,1,leaf,90,True,ec8e954fb5a832465485de965c1defb54ea5ded1ae7e5fbb1d8730bfaac0855b,6561,1953,4,13968181,13968253,,,,,,bbcc6da50acf0aa204471013bce07c6cec4b0077192dff3b5f8ea2e0bf82a6ac,,,
S1,1,leaf,91,True,1142159d4316662744fd742288fd109fbb2f77c89a7dc445c2d31db9fc704b60,4050,5110,10,18383726,18383799,,,,,,7e5bad65990e48924408c0536ebf636e38d6be72180eb64d44b224604e09b49c,,,
S1,1,leaf,92,True,a326e1fa610ef886949111194264d33201ca3674ad04591414736b0bf404e198,5600,2368,4,14008427,14008499,,,,,,29a1de984993eedf58ba8dbb0028d025db07c075ee04f76a4c1bddcc425a0974,,,
S1,1,leaf,93,True,a556fbb11ebb97f654b692ca8c16631620a22131c637772eeeda5254291d0917,5511,4165,11,19043573,19043646,,,,,,b5a6f0a82c2253ac6a95a73fe808d5eacb6e434ab747b06f1f991ffcb4b23513,,,
S1,1,leaf,94,True,30d3fdcf041a7e224fae438610555060c204a43bf4b66882b3378c1720f2cc22,8531,4730,8,17372431,17372504,,,,,,8fa1eccc549840fa9c5e2660c997f221b170f734f70024deb9b3161ee9e2d849,,,
S1,1,leaf,95,True,72fca8f5ad3b1edb8be7073bfeae0186ef4f62e7be7536fa330303e239519320,2096,2747,14,21705363,21705436,,,,,,9922b0642ccbc93dcfb87569178f5e590cac69965c4642bb901ebe30ab6df35c,,,
S1,1,leaf,96,True,2e8eedcaf64281b4fc8a01d0fb1fccd925315f4e9949cd758b423c37912a21ac,6300,3118,5,14286873,14286945,,,,,,fddc020cc3c5c3763ac93ea902e073ef241021c623b0a39cd1ba1693a3cbb1d3,,,
S1,1,leaf,97,True,0b3b9b510107b8b6309fae6c0c9b8c8fd4614f515ec9c0f1cd9a0dbb049a19e5,3033,2512,4,12539004,12539076,,,,,,6d5ab4c9214841524db61c727e930c644b5e7a0498c9a0742b128337a1cd3afa,,,
S1,1,leaf,98,True,ff0a4b5dd35aec7ff746e6653e3755579cdc21be428ccc4b282837277446c1fb,8147,4821,9,18328910,18328983,,,,,,22e4733f97e5a5ed2964fd220d7ceaf51ec9543e63036e79aa2c05ef42d49c00,,,
S1,1,leaf,99,True,f39a3519a3f7700286ab6c65e4d7cdb90fd4b62fc7fb6e853871ee29e6c36684,4627,3734,6,15153773,15153845,,,,,,6fa7532110217831cc828f4b41a748fcfb70c5b1fdd2301b5630019d2c8447cc,,,
S1,1,leaf,100,True,6ecaf1be0c46631a3f20832c83670d976f21f0eefd957862d0bb788dd159c321,4064,2982,3,12479511,12479583,,,,,,e14447851391f0829dedfdefdf1e990e04d89f4c87297b336a1f6885f12eef1c,,,
S1,1,leaf,101,True,75606c25d23e546646738a1f2bf1dab1c2d5adc0c44dfcce459de941d679ed3e,3361,4374,9,17482813,17482886,,,,,,e2640e09f6c8cab52d9af99361fd7b63c7b69ef9412dd3c5b4ac1ed54b27aec2,,,
S1,1,leaf,102,True,a506af5126dec2223b3617fa96105a1c1d6844a9245c90858a238f185ee60749,3729,3969,5,14076996,14077068,,,,,,e9a807333a8f6288fedaffbebc9ab9319d1125aeb21c84fe261e3295d0ee91a0,,,
S1,1,leaf,103,True,22cea118e80bc58fd881e5a7e07f83aaf0a814650cbd095e4bf8e6df2670a4e9,3540,4269,13,20875483,20875556,,,,,,91faa979860ce9b61d46e40b572e5119f244fbfc7cd60eaeacd15db1ed4f9124,,,
S1,1,leaf,104,True,7d57c3d44f93e7b5eec63bca035f2e8b23c5e3cef8399dd3321617e278238596,2798,5095,15,22808853,22808926,,,,,,8655873fc8efa7e1437ac032d2e31f714258eb1c6daf24e20cc89f4230f83a96,,,
S1,1,leaf,105,True,7bf29333e6cb871a8ec2ed08c4bf88c1c4b54b311e546023a82bea24402c5046,3041,3845,9,17445776,17445849,,,,,,786dc7ee94db276249c3486edf2840b27bd6b9b35d0894dd5bc3d7edc90c589c,,,
S1,1,leaf,106,True,ecc526394492ccc02e043d031fa4429b85784b8e3ccb0ed0f686dbbba59ccc8b,6106,5420,11,19508595,19508668,,,,,,f8b4052777953a970bf890bfcca1dad328b21beea88eaa0b5b7322341d331357,,,
S1,1,leaf,107,True,b4cd56feb45067f4a750a35b7bfd35fd509ca023325137290d3fce8f20ef9498,2100,3109,7,16011113,16011185,,,,,,282f50c036c38d16f262f7865577aa3a63d60067cd582d8f19197dc5046472a3,,,
S1,1,leaf,108,True,1ab250a52ad6e3de6943e1e85b3646f2e47fef27c7b6c8c4e22a4458cb79af91,3304,4198,5,14414734,14414806,,,,,,44375edd570b567f90174063781c692b0198d3c00b803680a20046d982945a3f,,,
S1,1,leaf,109,True,2f74f669e5756a271a5ff801d7a8c4e31bca0011655dd2ba95f45fae5c7d524c,3552,2958,3,12253169,12253241,,,,,,90a42d7a229af786292731bdce5530525fd90b8bd75ebfab2c46b7ab23969505,,,
S1,1,leaf,110,True,c09dbe84d4642da48f38fba961a47f13bb6caf1c44abcef08fbdd4576bdffb6d,3059,4676,4,13470619,13470691,,,,,,6058d1b0d2b0ce98c250e8771cd5964bd603929ee552788de632c2fdc0b36255,,,
S1,1,leaf,111,True,669e2014c430979e3b41750d7aaa84a7e1200fd0e2111f4af28b4837d35e3090,4060,4390,4,13414458,13414530,,,,,,5b6935d9a9bc3ba5594399c787124ab4f2e9757cd098b06473afc26305f80f1c,,,
S1,1,leaf,112,True,724f689f6abb38669d085c5117366ad7ee4fd5a7e0189a2df94958eb30cf9d41,1719,2506,4,12867977,12868049,,,,,,5cb800ae6f29afeff05adae7a004a400de782bdc9dd672ccc3a400ba5627550d,,,
S1,1,leaf,113,True,19301e806cfa7fe8be0a18270683204e51d1060a0845e21322b97defb99acfb3,3420,4480,4,13442830,13442902,,,,,,1ce676c6236340312160b0aefa9edf6d06a7623884676f1c070446843c3eef1b,,,
S1,1,leaf,114,True,08b91e54e6ab78abdeac1f458e182e6f87ff5d6f6d8b795bc23ff3cac3b46102,5660,4839,4,13286115,13286187,,,,,,e349c590a023cde651c9990afb18a7898ea9288bdda6c4f2a0d463813d720023,,,
S1,1,leaf,115,True,dda6c2ff12b79fc0b77b14aca6d004cc2ee6d5dd0aff11726f5201be15693c24,5279,3759,8,16912329,16912402,,,,,,06e460ce5403651937bacc5dda5bf1e225fece2c2fcc146f8fadad2ce6019469,,,
S1,1,leaf,116,True,2eaffa469591df762e459adf929b4f69a9a43e0083b1e18c8f341d7d0c097f43,5961,4419,5,15178459,15178531,,,,,,cb61c87fd926e81d07484b27d25ce71aff907b002e4d0f0b2ec5af633f404cf2,,,
S1,1,leaf,117,True,4a0ff2d667ce301c4ca722793372729b84ccae88feced29c6505d26b948db316,6007,2988,3,13178649,13178721,,,,,,b2f4970fb8e5d6505e0fe94901f36fa6576ee5cbdd2ffcd766c0731e0febd61a,,,
S1,1,leaf,118,True,3afef4610a97b2f42d4c1ac0c796e95d4a2546c84f9d07f59bf1e37dfa58eb13,3311,3698,4,13515327,13515399,,,,,,e6a7fbee7aae1a0251c6a5f6f09097ee5f00c7a0bf7f012f8b0d020fc84c09eb,,,
S1,1,leaf,119,True,ce95267a93684c1453e2912f50e15365ba9c4915e66ed9b65ada0128ab782992,3182,4326,5,14476861,14476933,,,,,,10ad6c1545a60a530df604cc9aa4ffbe589695ac2e6cbd178cc9b888e1f63070,,,
S1,1,leaf,120,True,077385916835ca3982cc896c3ea3e89fe84a2bfd77c6f003f9f6d42321e5d24c,2252,2574,4,13438205,13438277,,,,,,6d8b9ecf6f8845af9386b266e31a2778724d9bbf90bc85aedc3a5ceb5aff823c,,,
S1,1,leaf,121,True,d6b7c483ab7d6035cd6cfec66b0218ef4f743cc5e1fabd35561bdf68ad7d6dbf,5494,5108,4,13778947,13779019,,,,,,93fd7f31c63d33ce5d16de24e648678fac62912265d2d8c55a17ae678224f68b,,,
S1,1,leaf,122,True,8cebdc9ba6fbd2485116bf9a32e196094abfdd40661e8b7cb72ea71db79c36c2,2820,3715,6,14965546,14965618,,,,,,23d48b9f6c9073ab1183e2686e9c1a5905ff6cd8068b1aa85d394866ceb94c7e,,,
S1,1,leaf,123,True,b874142e86f754986f518475b9bca145fbecde6ad8a07c3c23c68fb27d241fba,2542,3572,3,12799662,12799734,,,,,,083383cf494793c80487f8476f97cec6ea6ec7e37a85269cd65095c0b7a478ee,,,
S1,1,leaf,124,True,5fccdbd73248f6e1c9fcc74b92c7d85395dc033bc8cfa3da0b7e6e2f78ec3c88,2491,3947,3,12742365,12742437,,,,,,f526befaf06405bb4a7f7593d5c59a8e99008c57b4bcdb91d5ef3b73307ad816,,,
S1,1,leaf,125,True,8da51f18d6a3f5802d3049426e5a36fc3aa2fe89d207cf0ab2fcb5f3638fc290,4474,3380,3,12557625,12557697,,,,,,ef9554f859146386052f075440e95e9a4da9649e9242826b329d4777a32f49a8,,,
S1,1,leaf,126,True,0c03b30e710cae165ff6bbeadd4fd937664f72600a78606ba476476187149fd3,2181,3585,5,14213067,14213139,,,,,,2bb6b9bf23198c16c0020231d2f6164015943e66c54e1867f76e34598fd3fcde,,,
S1,1,leaf,127,True,6a5040bb9c64bae0a12795a328367eb874e135efe7dbc65872cb49fa9565fcb6,3703,4063,3,13419198,13419270,,,,,,5b45c5fdd8d344176c0eece80c621bfcb1abfa2bc6c24774a9fd12d3cc2ec058,,,
S1,1,leaf,128,True,4dea9293b898bce36e76fbfe7c06754ee7a6933a2b6555062858e5a97ddbe224,5450,4842,4,13300100,13300172,,,,,,2db98bd2e5eaf5822f1f6da98bda95d9541284c087b1c0db74c0cacd7de8ea42,,,
S1,1,leaf,129,True,f5bfc372e32f7a8073576674f88d4503d846d4d6f834b4c8a2d7f82b07395485,2506,3362,4,12620130,12620202,,,,,,58831ec69b67882f3b4af408fd01b9b63ad55e8aed17a89f550f3c4a94a92134,,,
S1,1,leaf,130,True,087e4796fed5a99af73d3f9b2800132b11259637d93e1a14a254ca60aedcbb53,3900,3047,3,12725997,12726069,,,,,,bde08fdb845b259283b1cb4a484e46c6f52bbd289660ef2045354868c0ba1631,,,
S1,1,leaf,131,True,9d87e085ea197e44c09be2b821a6c14c0b0f394bcea359e1a4f8f481e50cf164,3407,3984,3,13054487,13054559,,,,,,2c1f19875467f6aa1a4c5826012b261ddcbce37259a4e64c886b54d2b8c8ad2c,,,
S1,1,leaf,132,True,bb302d4cdfe665e0daa00bb4056372cff488e0963b83c718d803c6e5a99f2ff9,3503,3982,4,13745315,13745387,,,,,,d112365d7b3e2eb0299157a91bcc502b20aa6c255e39e9a2b0543eef345cbfde,,,
S1,1,leaf,133,True,dcf626dba9f04d6cc05950912fac162db98c21e0e55108349c0300896aa9022c,4111,5292,5,14113862,14113934,,,,,,2e0a8f984be8b8fb88eb5aea79e5d24227117c36b659a6de2d53fdeaec23597a,,,
S1,1,leaf,134,True,5169cb4e3d78360ca9303da49a2d3b995302ce55063a83ce30a87c60fd430d47,3726,3769,3,12382770,12382842,,,,,,e94724861ebfaf4e1ebbf02d141f5ed84ed467309900fc48a9aee29250f03d2a,,,
S1,1,leaf,135,True,1b0a40b9ad3c942e1f60dc7db64a03f74271f53a0adb31447f0a2aafe03bbfdc,5539,5151,4,13922327,13922399,,,,,,d974a78f7c057ff7f3ba8585e6d50948a26492bbded2dfaec6beb008d2ee7a78,,,
S1,1,leaf,136,True,69f7bae89d30c48d7c58202e0980bed04857e6116d44de4953f20c8bbe451e62,2230,3104,4,12835639,12835711,,,,,,6505a1b41fe91f3cfd659354a692c02ab7c60a448f7cc05a59b9afc7f3a4e092,,,
S1,1,leaf,137,True,7e862758d420bbdb93570f95d58148c9ed1fc1361029b412db95540dc9b7f2f5,3998,4556,4,13222001,13222073,,,,,,154ff0149873c0fc9980c341c1f72642b9cb930856953a8875ee88c5424fc018,,,
S1,1,leaf,138,True,f304308e04aa8054240cd7ecf5768f24a724c41ac18999e3da2f2359b48e0d06,3802,3467,3,12724297,12724369,,,,,,6c033dd9e940b105b6704758f3f58a0df6adea9133866a90e38c808af5a772f6,,,
S1,1,leaf,139,True,f915333ed8d6c603814c6d45de831d757870127f5a097ba135bec298d1278c9e,3311,3954,3,12403383,12403455,,,,,,534513b39f74b8b0ee95e5aed495f87fe1babeb340d339467c7fed89afcd5766,,,
S1,1,leaf,140,True,2c4b5165541f7efc7a382b7e673f2f9c66fef98eebe1bc98554267a6b28fc598,3688,3192,3,12473221,12473293,,,,,,c6ddfbd3fe73256cd76d547aa322a0710a1f7b2736a49eb68d3fe84afd014725,,,
S1,1,leaf,141,True,209de9e2bed0d3553c3bf98af7b207eb480d6c843b76e6dd2659afb5cc93c4e0,3359,4549,4,13691662,13691734,,,,,,f361ac7d445a9500c4bbc51b8ec87176dcb49183f20f38364ae96e1935de4ce2,,,
S1,1,leaf,142,True,e787df6fb29fdaf518ab14f2f678a554de1685006cef13b739ccce65200d80b1,3101,3426,3,11905333,11905405,,,,,,832be07f00afecc143ff154c26fdd0b3089a2f4e0f07136052c76f2a12a0d073,,,
S1,1,leaf,143,True,9602f6c2446b3b5ca33847cef733fb4976952040e3459632bb5685412b4a79d1,5622,4271,3,13374748,13374820,,,,,,0dbd7cd6e82540eabc38ce1f933f3d42bce56aac11da0f2ffb383e9e669c3359,,,
S1,1,leaf,144,True,6e007a038eb87c5d84bc5c722278c80d4aaad87f03511b62c22b1543d923b51a,2440,4164,3,12428373,12428445,,,,,,adc91158cf7ab3b1c3bd452496dd6bec217859b799602d5e3568a0c46074e395,,,
S1,1,aggregate,288,True,604a61806fa9979bc06baa4b36e4465b1b71a3e348f42acb7de76b7169c76dba,,,1,5543673,5543713,,,,,,,,,
S1,1,aggregate,root,False,baf3f2db19b1f2dd9768ee8a7598f5201384427120d0bc547621d05eaafbdf75,,,1,5550041,5550081,6.9,10.721566125997924,5698344880,1,1.2758002412738279e-05,,,,
S1,1,aggregate-intermediate,290,False,958cb6e26c1fc1f21499beba3558e4c3207fb73ad6aa7609742e9423e5787bac,,,2,6820655,6820695,,,,,,,,,
S1,1,root-wrap,0,False,,,,1,,,,,,,,,6.1,2,56.8
S2,1,leaf,146,False,ae9bedb0b5743bf0b252ad311e2ef8bdb556e784145b0b80825fd0c6730377c0,4,30,1,9492227,9492299,0.5,0.31709375499849557,3107862096,0,8.029001037357375e-06,6729bbceb02373e4be32838d7b0953577cce39c484027ef62ba033aeffd29d99,,,
S2,1,leaf,0,True,a7f60e8ce5db6c9a145b93d2527a4370498de48077fc123bc21afdd93fbf4959,2513,3409,4,13826194,13826266,,,,,,1db36cb23fb9a3fcb88d129db957eb0651270566a0f1bc93aa1fa3cc1c8cd01a,,,
S2,1,leaf,1,True,d68fcff6446350b5302e793fd9954e9870e4a5a57eee1393d4d79db849820d3b,5114,4513,6,15364194,15364266,,,,,,80056c480de251a99e2d47d07fe4615c19da634fd06302a7a004b0247a053db3,,,
S2,1,leaf,2,True,72f193bcb9dffd45f8f3aa15673d3dac8fcf4111d4c7b2ac6f1b16ce4372df42,4707,3613,5,14658807,14658879,,,,,,6377fed2e26e9ed640affddff7a10cdf28c36f8775d2f8543b491fb37cd0839e,,,
S2,1,leaf,3,True,095bed4266fec66f71624ea28f0aeb0812e8ccb72483dc7a1c32579b93bf5051,20219,9079,22,31786747,31786820,,,,,,10b3289f367d54680b414a86d687d03a4c06e663fda73f716b25f0484ee885f8,,,
S2,1,leaf,4,True,0901e9c896b0986d5e7a5ae1d7b018a558d4c5222d8f200c0199a4444264daf7,9115,4395,10,18900504,18900577,,,,,,d5cfe94524358f8c8ea9c5179f4d6b2e5a7926c56e0502140da880301d2ea194,,,
S2,1,leaf,5,True,f2c717d4b30654680ce64256ccaf0f572b201759613ed82e28d7e2fa0d25fad2,4231,2209,3,13208199,13208271,,,,,,70521c71a9f1d97b3a9947603b8010ee1d29dd6cf2c0e58be5b5843bb4a0d1ab,,,
S2,1,leaf,6,True,431194c5b1d5a21aaa6d4394cb78f1c5dfa7f934cdb186f4510c58ceb50ada87,1807,1421,2,11423743,11423815,,,,,,f612ea0289708c8b505a7f878450fd1ebc8101c359a6612d299d851ff812da5c,,,
S2,1,leaf,7,True,cfa84244ff7b73418a4f56a28dedbe0d6e2f7315f0a2da593da13039707df45c,806,511,1,10448620,10448692,,,,,,5ee1c1858f308b713043938d48445c682edb432db72f7c5dd1acccd7711c3c31,,,
S2,1,leaf,8,True,ce4de1b708865da2f62dadab0d05de5c6c22c7d357782bbc6d2ae2335952f586,391,268,1,10339595,10339667,,,,,,4c8f882886616a7bdad7ce1e306df30396a06a26aba02f9ddf2f6aee4dabcb6d,,,
S2,1,leaf,9,True,8f48a610a83be6bf9f38a59dbaae25069004594270c907a8507f7c3bdce4c086,168,140,1,9737432,9737504,,,,,,e7b328ef40ba017608f4a157fe3bc50aa4a7a64d74fdf0618b98e17b90b9eba2,,,
S2,1,leaf,10,True,d7a8ca99c3357f8fd13172372a3023e4f6e496d0e79ef90d5f2672957d2583fd,76,87,1,9400751,9400823,,,,,,29c88bb903b02f799756017df3c053bf292c75ba9270b27004cb7aa405dfe33d,,,
S2,1,leaf,11,True,36849dc883ac8f543b31a5ba50d31c349d8566f928f679b397aa0dd3c2c91c8e,22,29,1,8875245,8875317,,,,,,5a256032b041741f76217b614d946c08db630024a6211700184a01b616e2111d,,,
S2,1,leaf,12,True,e6a893d7f8fbd96760bac50b4f9415dc267bb3bc5e7fe62c0d0b47ab7c16da6e,1,5,1,6798965,6799037,,,,,,505358427355c04daff57f0a2f859be4711e7007c4d79946abcfaf950ce50c5b,,,
S2,1,leaf,13,True,d7dce9cded1687fa364391357fa3d3a054ce6927e9a5213f36adbd0ed6f9f90f,1,5,1,6794933,6795005,,,,,,f0d83a9e390c7ae5335988f902fc044741e7df2b61f54e161822485e5912dacd,,,
S2,1,leaf,14,True,dc34f8d9238c38484fcb5eb0fd4b2a9e2b5aa7c836b60abf15dec04a6ec86e0b,1,4,1,7788817,7788889,,,,,,5d81ece31505b4c32710fbf2a0e40c7eda6f19470ab69b33edb75480475034b9,,,
S2,1,leaf,15,True,d23232ef2ca3a18751db1d37d394f0ba3ce9164ab7bbcaad1715aa5af53cf3b8,1,4,1,6308459,6308531,,,,,,a1e8d30d6416da19d854a3ebac91172c69c2d8ba7d37f74f6dcff3d0d39bbaba,,,
S2,1,leaf,16,True,46660ed0c2b2a47924993618e3d38d24e9f62a8b41fbf7e3bf5bd05e95785a20,3,2,1,6295497,6295569,,,,,,40d25fc773df599683d433903ca50543fda6ee17881cf809ad4c034bd2d858dc,,,
S2,1,leaf,17,True,68ad5027d4516fa5f34ea9ff2a44d59d5f4539815787fc8782da7fbe3628065e,3,3,1,6501255,6501327,,,,,,3a7d0311363a118376d9f5ae8f9a4ddda5872835df7548847b91d86ce4d157a3,,,
S2,1,leaf,18,True,a12ae4adf3a978fb750ef2262dd6021fa654e874c938507c856ac7b4b8a9d6d7,1,2,1,5905519,5905591,,,,,,3de547ad70ec36e190ec4b947adc371db05e332c4b1dafcbd758fe8b5fda4946,,,
S2,1,leaf,19,True,ce720edbfa79f87d2d468b6cbee24ec34e313d8a8ca8cdbf2fdb89936678d8fa,1,5,1,6141233,6141305,,,,,,fb8fe46b85abd4ec8e1ced4de0eacc7e127fa2e8b97f70d27466054b8b226c79,,,
S2,1,leaf,20,True,4235e54d996124ef288adfb4da36e16169ac8fb2805c9aee50358ef5e976a084,1,2,1,7110879,7110951,,,,,,f4a78be484cef7a40af537f6b9127f2c46beb68b171183940d2dcfad4fbf0227,,,
S2,1,leaf,21,True,530dae89c19c2ace0bb01117268657d1568e2cb757dfb7f2ed0b3f7cb154897d,1,2,1,7118321,7118393,,,,,,f1eeeea47c76117dfe1de334517326fafb2a38f4ba67c37203169b0c51cb669e,,,
S2,1,leaf,22,True,bf1189a25318a8c7aa0b0a8083ad60c8dcaa8affce51f0b36d9dd9f60b77cb41,3,1,1,6253239,6253311,,,,,,7ade48fafab0b5839279713942dc1de46cd03741bcf6ea5c98aa84011f745bff,,,
S2,1,leaf,23,True,81283c7c09682669867e5ec0f49f0c769e1fc8cf2774036762721930a664879b,1,2,1,6539379,6539451,,,,,,8cae0da17b05d5e0b6c5a6d6eb5510705fcbb982408c1d6b204bbbfa3264b9db,,,
S2,1,leaf,24,True,a4ce36e7a792a30bfcb96c6d7db8c18ec462a5ff55e7fbba2640d1d87d828469,1,3,1,7707255,7707327,,,,,,89ae424e5fd4b838a4d14c9fd47079fa6b1fccb1ea3453c86601311a08c4ec71,,,
S2,1,leaf,25,True,8b461b4416402151d415e244d29bda1814ed4309420ba94f245cb702db81a7e1,1,2,1,5908111,5908183,,,,,,842ea8d4c57049ab8bd4d37cf4d3d6e295726226e97952c343e0c3dd30d882ab,,,
S2,1,leaf,26,True,e6a9b0cca947c215a0e8c3fe7fb470e9ef8194491885cd5872f159562eb56b90,1,3,1,7297515,7297587,,,,,,079248bbb7ea10b974ce27f3d98ef3928ea725dc3eb734816f5fd41ec7e31cc1,,,
S2,1,leaf,27,True,1882da26aa2c459ef8144f73066c377fae1e9fa97ff63bea1f213af66df693ad,3,5,1,7090493,7090565,,,,,,6637148bc1f10642bc4d833666f411c3578c512c592cee8d29cad774ced3a9b1,,,
S2,1,leaf,28,True,692346025cd33ddaa559276c80d67d17c845515ef6586c32c5f633d7a10c1454,1,8,1,6815111,6815183,,,,,,5a767f939ccb596feb9cfc97632ca2c5755b8930c81892aa0bffef29f5801fe5,,,
S2,1,leaf,29,True,3b86b68d88a76980c7066e464f0c75622da5c1c34a65e9039d11df68f84edbdc,1,8,1,6814375,6814447,,,,,,0f1fbe040e7ff24b055481843747426816d4dcf24cdcd3db37e963f968ec2e04,,,
S2,1,leaf,30,True,e7ca595271e0288e4eccb5eeff74193a16c2d76c4c40ad379e481c86156d50b2,1,7,1,8144681,8144753,,,,,,62acd0338b6eaf08f53c565d624cdd964b8edf541d5bf11596fd57041733ddf4,,,
S2,1,leaf,31,True,f02534a11a35bc8e2b56b9b8c46a9c6536897859ffd8c5c3ea6dede98e8a472a,1,7,1,7348505,7348577,,,,,,941be6701dcc7be58fe0c829709a77e162eb1f012936d1c04798cf81fcfa50e4,,,
S2,1,leaf,32,True,bc53e820fb5691fefff37f39aedc597b68261470b32b1bff4da4924e24d47742,3,5,1,7520911,7520983,,,,,,6ac9348d8f4d65d0c896d8f174170809c0e37b757cd1db14d3b61ebf7f27d833,,,
S2,1,leaf,33,True,cdf58c03bb8ef45207420ca1804bc4e5089b7b4fad43c69e60f72240fe05c410,1,7,1,8360283,8360355,,,,,,42013b0ff6311a3a0e3bc0e66c3d48e8d43428c0952efcbfef78b5b21d6babd8,,,
S2,1,leaf,34,True,993210ccb5e04eb2746bee8df59b7c1bb316b7c034d4723b04ff4ee45613a9ad,1,4,1,6634637,6634709,,,,,,1d04dd1a69ea5e5db47ec7cc37f9051d2bfcdcaa94c53341fe299bc50a5be324,,,
S2,1,leaf,35,True,210b7c00f7b1773da0bf9a18c250c34332369e9ed42dac5b68c5cecc13dc6953,1,6,1,8518769,8518841,,,,,,c415c2bdfec0a84d6321363630307c0b711cdeacd4e27119dcbbf54e70757c76,,,
S2,1,leaf,36,True,7727f29b5e16ace99d2c28ff0c24e6b05e375ec1c69e7b9e5d21b4857a2b77a1,1,5,1,8364827,8364899,,,,,,6c424381ce18d87833a599cded3aec59289e8b356fd3ed624bc18095cb981515,,,
S2,1,leaf,37,True,74407c79ffac02244096f4f4320994d0ea1cfcccf3b39465dd751537acebe922,1,3,1,6670335,6670407,,,,,,e1b0f4d8fbe453b836aec4ccc2ff8acd60924998c98c69a06e2988b64a432075,,,
S2,1,leaf,38,True,6e50f3afa1f8ceea5ba75943fecd2de3b4a9406b2fa3a40aed7a5658288f30ee,1,5,1,6665695,6665767,,,,,,f8d5ac2ef0877b301f578ac9519dabcb96ef031987e4b9fb3f9307e653dfea6c,,,
S2,1,leaf,39,True,eee3d0ffc4247cb978e765350480fa01b680f592c2114f7ae24b225442c01dc1,1,4,1,6780995,6781067,,,,,,6170510340091d64c618c61b1b37dd777e11c89ae00a9a540014328abb5aac72,,,
S2,1,leaf,40,True,ef53cca376a41ad7ff8eaef578260e0ff9f98d804efcac5b7b937f91ba02f051,1,7,1,8399193,8399265,,,,,,04f6c1a632029de8f6a9eeeb407c40a7ba2d5b0a775140aae275a87a518085d1,,,
S2,1,leaf,41,True,e9761a1fdb19d6015a20a5e380f09c915b7cb502d54f608d1df196d10d5beb5b,1,7,1,8398265,8398337,,,,,,6be7e85d54d4e7fa14f2b150e893c9bbff34c2872493198e3e23e4909992590b,,,
S2,1,leaf,42,True,4c7752c103f278ea6841341e9f7cf784ec37b04312effd6f8fd67c3123450518,1,9,1,8269301,8269373,,,,,,e67e2e0c36a3d82f852d2226b8e86417660436175b20c97872b6312eea7b484b,,,
S2,1,leaf,43,True,bb419c44ae63d4a505320ab01cab916871b953ea1caf91aeab4784f3466d6abd,1,6,1,8238915,8238987,,,,,,c834a3c72892bb2b369f87efb1a0c633d8054b44ea33896ce7f21a437fb625c1,,,
S2,1,leaf,44,True,b6eefba10bdeedfc162e91ea6c01d6452495d8d10222bf30904e7a2151b49ba5,1,3,1,6528055,6528127,,,,,,73bb8ec1e140466d6dd08107a983c2ebe90a890ad6a6ae8662ff02dbb9a70924,,,
S2,1,leaf,45,True,df425093703e9d8527536f01aeceb1b85f2238aad9bf03cea864845d0655c5d3,3,1,1,6765133,6765205,,,,,,4055dd6b93bb05fa9600a934fa7d3c414a6b3dd92aca85bbec3f67a53b7308d4,,,
S2,1,leaf,46,True,c3e94dce811a59db09a8e981303b244aeb9269b51676963cc17ec58bb5400882,1,3,1,8243619,8243691,,,,,,8393f2cd151bad767a6557871b3af5859db2b9b018fbb50f771869f789864053,,,
S2,1,leaf,47,True,cb2c3877de43cf0db629fdfd23a6d6abd4ba508872e72ce61f5513da19ed0858,1,4,1,8495787,8495859,,,,,,1ce0db737820a0f3962574cd5db183de6b001881ab8749c937aec14644823e64,,,
S2,1,leaf,48,True,0c5ee5822d80fd705ea18e55c38f49edb4a48ed6c111df4544fcec512ce9db01,1,3,1,5842095,5842167,,,,,,d2988cba2afc2484dba3f60cd34ca8b90e93e04d1d17d9c4d21da0f9a38e7864,,,
S2,1,leaf,49,True,c4ada97fe933956ddbc2d7e7514a8f154e26dffb80dc7323a008ab6d83c13f3c,1,3,1,5878049,5878121,,,,,,6b78de204e43935c6edcb9d67e9a48b32b90e0a87671d07c0439ecf18bb15b47,,,
S2,1,leaf,50,True,5644986754b027f797c41921ed0041d167577dc1982118bf2bcc85cf76da7235,1,4,1,5886081,5886153,,,,,,8d6e3f951675087b53407964b6a8fd2f27536566c601d8c6a1bbb1b3d34f8914,,,
S2,1,leaf,51,True,23d50f52691c0c1cda656291e6e4998c14af6c04fdc57aa25650eabd12fbd73c,1,3,1,5847759,5847831,,,,,,3476f9d0db07af401c9397b67815ee411d0ce78dc14bcfc5a26ffdc357abc9e8,,,
S2,1,leaf,52,True,2ec1348bff59797e2c6cb0f95af5571d8b8ea780d56703ac1e5e373da1ae2c4f,1,4,1,6076845,6076917,,,,,,cb404f828d66a72d3662e76e6e69b22ea51cb5abf98df8fdcb7477c359544255,,,
S2,1,leaf,53,True,8af22c0a8e848349fe17cafd8a0537d141ae004aa6b59b5007d18255f4a9707c,1,4,1,6071181,6071253,,,,,,12c38e2a69b05eb1a0dd22131c803858c6b6916180d2598bf211b93341ce361a,,,
S2,1,leaf,54,True,f2b20fc53723a263b568e87e597add0f343c60f8ac5ce29d2a6a23f202cc1129,1,4,1,6076461,6076533,,,,,,8a6e81f0f3d23954e96708075ee89e5b73d9f8749ae877380faefa9fc82d91c4,,,
S2,1,leaf,55,True,46177aa4987cf869ec27fd0b2c02f9deb4229458b8d010bc25bf029ce2a23071,1,4,1,6073421,6073493,,,,,,b56a07d1e02a1e24113a0564784e5e055ba3816d088940ad4136a1e471a38a9d,,,
S2,1,leaf,56,True,9955e592873054432942b8553782841c195178e36048de8141985c4bf1b9e0b1,1,3,1,5861711,5861783,,,,,,5b055e5e32bc0c8e2c1e0fafa76a2b314aec03e7bd8701bb56480fb96c4684ee,,,
S2,1,leaf,57,True,8c221f90f976c56a5e42975deb5dc701cc4d24b61c2720338cb4ed6dd73f5a4f,4,2,1,6288457,6288529,,,,,,1ca2d5b9f8c164dac413fd1a445cf9755eb515eccec8a7f924a7e4fa0c900bcd,,,
S2,1,leaf,58,True,a342c2b415fb6cf79c1a141318b4a3e29cb6115f8dbde41790e7f0988a4107db,1,5,1,6949313,6949385,,,,,,7af4523c8f298f0f8f7081362d70981dbf3824648f7e99b55adef095d4b9651f,,,
S2,1,leaf,59,True,34ab2e396b63cf211645c64d45b7ff01f2e4c151878d9ad2c47df2b22b0fea19,1,2,1,5866845,5866917,,,,,,d13f30adf5f4274599308263453ebe271dd468acb2e16bdc0b21bcf6e40f8e68,,,
S2,1,leaf,60,True,7fe072468686c56727bdb7f37fade1b9217ac37584a2a282efea7af03509445d,1,2,1,7748411,7748483,,,,,,526c34a469ce939588418aaf65278f9db46f17c71ffa230f4805008f06ef3a18,,,
S2,1,leaf,61,True,2513147d88577bce0ce7c20ce024f9582b553b0007a75dccf9a9025c07123197,1,6,1,6662879,6662951,,,,,,b374912fd3fe2bb9945aec75ceeedcdbb704147c030efb39dcf493d3c7fdd578,,,
S2,1,leaf,62,True,f65c88c2c1a74738710c4fa4804694e80b4472ac6bf93b8a17a8da742ca0ece2,1,3,1,6663231,6663303,,,,,,98fd04bc09eaebe45647010d21d2815ba9321b63a91e19af6b366a6087e3db3f,,,
S2,1,leaf,63,True,7f0527485352390c98a7d6d4063d3c837a7da96107089b18bc92f1f8bb2f8fc1,3,1,1,7128925,7128997,,,,,,a76b2489511745d1d29385c228426d2c26bfe753820eb51992e70c1a03a67e75,,,
S2,1,leaf,64,True,4eff89b9268b8ca4bd8bd376eb2be59e3694634ad395079da70a15b88ebbf7e6,3186,4656,14,22279964,22280037,,,,,,a1e974454a66469723ed61735f573bf8bec24222bd5e9aaf6d167a7ffa0ec1d5,,,
S2,1,leaf,65,True,8904bb2b40e88d4c99a0305812db5e2f532df0dfe6606ebcdf3e6ac927b8ab59,4574,3424,5,14629221,14629293,,,,,,1018c66e525856ad887d43c01cd916ac3cd7957e973764709c84e64a73d3a217,,,
S2,1,leaf,66,True,d9682b3a7547179b4d29d1587c4c867f5e3c6bdb07cfcdb4fbf2aed7d63aa9f6,5831,4837,16,23349993,23350066,,,,,,ad19667f2bf09cfed72cfd50cb398b249b0e597e9d0ccfd94fe9d38f568ee35b,,,
S2,1,leaf,67,True,10e51b0eb01bb2f382c7b9f81b5ed2e4368a3de5107291b4cc0f1fb60d970f0a,2035,3476,5,14504257,14504329,,,,,,f4c594b809e8a8c86c457227060bde209565f0151d8a40cce496b4d5b5e4e22e,,,
S2,1,leaf,68,True,0e8e89d7342bf67443d9e4b07d842245098df615104133e2edb4be0b452af554,5817,1649,9,17525725,17525798,,,,,,951154ff6cea26b261c4176f967eb8b75f6ac8000c70885b37817fcb8151eecb,,,
S2,1,leaf,69,True,793a2f301fa2e6b4c3ebd8da591a519abd00e776d7c1fceb742bd692c1a73aa3,5152,3281,4,13714100,13714172,,,,,,f9f3ddef7892b8106a96e3b7094bc8aaec1143509fd1531879148e2f5a5f6922,,,
S2,1,leaf,70,True,9be391bedefd2c71492622deaf94c982ae080033086977ad96e289b34e763656,3138,3427,5,14526451,14526523,,,,,,b8b344ff2eade4221c66147fdb3366e1c80fd1b724ad1558c3b9b3899361d1ff,,,
S2,1,leaf,71,True,3b620c7c25554f03d7457a5d0b2c3e66df20f44fe4857beb5598a0d4bec523ab,2905,2122,11,18490940,18491013,,,,,,aa25bf4b1c847b24bebe95a8540e3bfacd718632986bdc59b33922b41c4e4577,,,
S2,1,leaf,72,True,0e4257d4883d860017bc6162fc11579f262b3b3acab789c730ae1e643ea4805b,5669,4670,9,17356198,17356271,,,,,,ccd5efab2f76b60cd5d8a5c744e4422f18258329bfb0868525f3967e38f83263,,,
S2,1,leaf,73,True,c9cf12d14b7e435def36f93eae3b2b0c61a8c1ab22b2cf3adb0f5a8ce88b9fea,2779,4756,8,16622219,16622291,,,,,,e905921dfa303b44c11ea3f0fd97d3c7545a771f48f1a3d2c300be3fdfba59a5,,,
S2,1,leaf,74,True,2ff4794a3de9a59894ff7d89a40e397fe6f38e89d6d477afafd17a57bfffc368,8907,5621,8,17824838,17824911,,,,,,0a3892148f138d6ad35c5c92217ba86251a5376232d2855a5313740ed6425847,,,
S2,1,leaf,75,True,67074bcc19dbb8ab568219f55c1894a669ccb419932fc7e8ed1739e92f7d77d6,5500,3476,4,13844694,13844766,,,,,,f766ae5485da68e0876dc5f5a61a4569747519078afd9d53211bcd258a10bc77,,,
S2,1,leaf,76,True,9c7879cffdab12d9e0604e63f505740ee92a84692083aecdd76719fddb761c98,1974,2534,26,31762198,31762271,,,,,,61eb7d3a8e8d5bc257bf1c4b9171df46ecd640144dc7dd0a3c88f0a600938be9,,,
S2,1,leaf,77,True,329df75570595070d1b71414c63d874ec0d64b8b54272333ed82c5463dac64ee,3657,1920,8,16627950,16628022,,,,,,cd678858f5dc347e92971ce1866132dd971ec5eea041ab67873d4ae112e1e932,,,
S2,1,leaf,78,True,0b9cc0367db47b1a31d9fde10702f81e2d4a561699ae1d19221ec6f27145817c,5695,4124,10,18423501,18423574,,,,,,b343d7d179f7ad1cfef134f607cb47e446da8ad6cdbd6679dc9bd6f8e627bcef,,,
S2,1,leaf,79,True,52a37a0221fd7e142faa388d7f4d344bbbf384cb8d0ec14a0ab13f7dd74ee515,2084,4061,11,19420001,19420074,,,,,,9717a46636c03296eee1e0d0687426d8b9a003895e8ef0551f9389c1c6f45571,,,
S2,1,leaf,80,True,058f66d17c03f0cc00cb250382428f037b12ca299e0371c66d903210fe0d90f8,6005,2054,3,13075476,13075548,,,,,,cffe08c36fa18f6e9b5fa43c485398fe1096722415a2a0ae7bb5c850dfa8594a,,,
S2,1,leaf,81,True,dea768a043bac5e97f07bceb571368a2b8ec6d443849ddfd948737c4752d93a3,5650,4032,3,13039174,13039246,,,,,,afa726f8739f0c72727fde285ec486573551db873ff88dc39ca6505839e30596,,,
S2,1,leaf,82,True,20cf64638ad81a5f1b99fc863d63645775527731391ccf8b5cf1f709a18a2c00,4253,3084,6,15779096,15779168,,,,,,81351396b3e8ab8ad115b99b7fe9d5d1361ffcd02e2be53900267cb06cd80458,,,
S2,1,leaf,83,True,c370ff086d9502087ec9e0e23f3b865a01e276a6f839233bcb65981fa8ec3ab0,4022,3378,4,13682244,13682316,,,,,,7fb6d4a5b2a60d7364514e884ab16bf6760d0af3c328153897ca2f1deef10b2e,,,
S2,1,leaf,84,True,a6d64ad59797cd62950b2fd33edac4a8ffbd6f0afb31830ec39a487076fe32f7,5112,3869,3,12633950,12634022,,,,,,cfd23e8e137b3f23fd1cc851236160a0ca92e2efde628b9cfd119f23490745e1,,,
S2,1,leaf,85,True,ee3679761bd77699aa599983226c11d0c598995ab3fae322399e03ea8cf468b3,2288,3601,10,18392191,18392264,,,,,,378fc6a99ff13836866ff8d639b50825036bb3dcb0c2c59cc4353bef11e92e25,,,
S2,1,leaf,86,True,7040cbe3eaae579a0c4b8e020c573e7554f0a532ebe28b14ea4fc33b63c156dc,8280,5200,8,18186721,18186794,,,,,,41d55a8c56866556aa560c40d120c92112acca6cfda64f8f31bd2db5b8ec61ee,,,
S2,1,leaf,87,True,0d27f1c5f1b6ca22ade7322d9c361e83d9975d4eaf3bdebda66ebbcc98b70c65,3198,3786,15,22201715,22201788,,,,,,538ff4907bad3be5f75a596395888d0f06c24ab9a2fcfa75db41e00e96bc61de,,,
S2,1,leaf,88,True,add464d2ee0e831d6e457b97c92ee0c60c36eb868856b3a671b7ff17c195c335,4642,2906,5,14478881,14478953,,,,,,2732d339a23b02b3ee77eef38b96b9d01169b9d1455c142f7f5f3746aec89663,,,
S2,1,leaf,89,True,cd7a81c36a1ddc4f0c48e3a477a3e7a15643de111445e351cd458fc2be15e639,2354,3938,14,21638247,21638320,,,,,,bb80362704ddc829b0c47ca11ce1368ebd85655522b23d2b9192728351a929be,,,
S2,1,leaf,90,True,ec8e954fb5a832465485de965c1defb54ea5ded1ae7e5fbb1d8730bfaac0855b,6561,1953,4,13968181,13968253,,,,,,bbcc6da50acf0aa204471013bce07c6cec4b0077192dff3b5f8ea2e0bf82a6ac,,,
S2,1,leaf,91,True,1142159d4316662744fd742288fd109fbb2f77c89a7dc445c2d31db9fc704b60,4050,5110,10,18383726,18383799,,,,,,7e5bad65990e48924408c0536ebf636e38d6be72180eb64d44b224604e09b49c,,,
S2,1,leaf,92,True,a326e1fa610ef886949111194264d33201ca3674ad04591414736b0bf404e198,5600,2368,4,14008427,14008499,,,,,,29a1de984993eedf58ba8dbb0028d025db07c075ee04f76a4c1bddcc425a0974,,,
S2,1,leaf,93,True,a556fbb11ebb97f654b692ca8c16631620a22131c637772eeeda5254291d0917,5511,4165,11,19043573,19043646,,,,,,b5a6f0a82c2253ac6a95a73fe808d5eacb6e434ab747b06f1f991ffcb4b23513,,,
S2,1,leaf,94,True,30d3fdcf041a7e224fae438610555060c204a43bf4b66882b3378c1720f2cc22,8531,4730,8,17372431,17372504,,,,,,8fa1eccc549840fa9c5e2660c997f221b170f734f70024deb9b3161ee9e2d849,,,
S2,1,leaf,95,True,72fca8f5ad3b1edb8be7073bfeae0186ef4f62e7be7536fa330303e239519320,2096,2747,14,21705363,21705436,,,,,,9922b0642ccbc93dcfb87569178f5e590cac69965c4642bb901ebe30ab6df35c,,,
S2,1,leaf,96,True,2e8eedcaf64281b4fc8a01d0fb1fccd925315f4e9949cd758b423c37912a21ac,6300,3118,5,14286873,14286945,,,,,,fddc020cc3c5c3763ac93ea902e073ef241021c623b0a39cd1ba1693a3cbb1d3,,,
S2,1,leaf,97,True,0b3b9b510107b8b6309fae6c0c9b8c8fd4614f515ec9c0f1cd9a0dbb049a19e5,3033,2512,4,12539004,12539076,,,,,,6d5ab4c9214841524db61c727e930c644b5e7a0498c9a0742b128337a1cd3afa,,,
S2,1,leaf,98,True,ff0a4b5dd35aec7ff746e6653e3755579cdc21be428ccc4b282837277446c1fb,8147,4821,9,18328910,18328983,,,,,,22e4733f97e5a5ed2964fd220d7ceaf51ec9543e63036e79aa2c05ef42d49c00,,,
S2,1,leaf,99,True,f39a3519a3f7700286ab6c65e4d7cdb90fd4b62fc7fb6e853871ee29e6c36684,4627,3734,6,15153773,15153845,,,,,,6fa7532110217831cc828f4b41a748fcfb70c5b1fdd2301b5630019d2c8447cc,,,
S2,1,leaf,100,True,6ecaf1be0c46631a3f20832c83670d976f21f0eefd957862d0bb788dd159c321,4064,2982,3,12479511,12479583,,,,,,e14447851391f0829dedfdefdf1e990e04d89f4c87297b336a1f6885f12eef1c,,,
S2,1,leaf,101,True,75606c25d23e546646738a1f2bf1dab1c2d5adc0c44dfcce459de941d679ed3e,3361,4374,9,17482813,17482886,,,,,,e2640e09f6c8cab52d9af99361fd7b63c7b69ef9412dd3c5b4ac1ed54b27aec2,,,
S2,1,leaf,102,True,a506af5126dec2223b3617fa96105a1c1d6844a9245c90858a238f185ee60749,3729,3969,5,14076996,14077068,,,,,,e9a807333a8f6288fedaffbebc9ab9319d1125aeb21c84fe261e3295d0ee91a0,,,
S2,1,leaf,103,True,22cea118e80bc58fd881e5a7e07f83aaf0a814650cbd095e4bf8e6df2670a4e9,3540,4269,13,20875483,20875556,,,,,,91faa979860ce9b61d46e40b572e5119f244fbfc7cd60eaeacd15db1ed4f9124,,,
S2,1,leaf,104,True,7d57c3d44f93e7b5eec63bca035f2e8b23c5e3cef8399dd3321617e278238596,2798,5095,15,22808853,22808926,,,,,,8655873fc8efa7e1437ac032d2e31f714258eb1c6daf24e20cc89f4230f83a96,,,
S2,1,leaf,105,True,7bf29333e6cb871a8ec2ed08c4bf88c1c4b54b311e546023a82bea24402c5046,3041,3845,9,17445776,17445849,,,,,,786dc7ee94db276249c3486edf2840b27bd6b9b35d0894dd5bc3d7edc90c589c,,,
S2,1,leaf,106,True,ecc526394492ccc02e043d031fa4429b85784b8e3ccb0ed0f686dbbba59ccc8b,6106,5420,11,19508595,19508668,,,,,,f8b4052777953a970bf890bfcca1dad328b21beea88eaa0b5b7322341d331357,,,
S2,1,leaf,107,True,b4cd56feb45067f4a750a35b7bfd35fd509ca023325137290d3fce8f20ef9498,2100,3109,7,16011113,16011185,,,,,,282f50c036c38d16f262f7865577aa3a63d60067cd582d8f19197dc5046472a3,,,
S2,1,leaf,108,True,1ab250a52ad6e3de6943e1e85b3646f2e47fef27c7b6c8c4e22a4458cb79af91,3304,4198,5,14414734,14414806,,,,,,44375edd570b567f90174063781c692b0198d3c00b803680a20046d982945a3f,,,
S2,1,leaf,109,True,2f74f669e5756a271a5ff801d7a8c4e31bca0011655dd2ba95f45fae5c7d524c,3552,2958,3,12253169,12253241,,,,,,90a42d7a229af786292731bdce5530525fd90b8bd75ebfab2c46b7ab23969505,,,
S2,1,leaf,110,True,c09dbe84d4642da48f38fba961a47f13bb6caf1c44abcef08fbdd4576bdffb6d,3059,4676,4,13470619,13470691,,,,,,6058d1b0d2b0ce98c250e8771cd5964bd603929ee552788de632c2fdc0b36255,,,
S2,1,leaf,111,True,669e2014c430979e3b41750d7aaa84a7e1200fd0e2111f4af28b4837d35e3090,4060,4390,4,13414458,13414530,,,,,,5b6935d9a9bc3ba5594399c787124ab4f2e9757cd098b06473afc26305f80f1c,,,
S2,1,leaf,112,True,724f689f6abb38669d085c5117366ad7ee4fd5a7e0189a2df94958eb30cf9d41,1719,2506,4,12867977,12868049,,,,,,5cb800ae6f29afeff05adae7a004a400de782bdc9dd672ccc3a400ba5627550d,,,
S2,1,leaf,113,True,19301e806cfa7fe8be0a18270683204e51d1060a0845e21322b97defb99acfb3,3420,4480,4,13442830,13442902,,,,,,1ce676c6236340312160b0aefa9edf6d06a7623884676f1c070446843c3eef1b,,,
S2,1,leaf,114,True,08b91e54e6ab78abdeac1f458e182e6f87ff5d6f6d8b795bc23ff3cac3b46102,5660,4839,4,13286115,13286187,,,,,,e349c590a023cde651c9990afb18a7898ea9288bdda6c4f2a0d463813d720023,,,
S2,1,leaf,115,True,dda6c2ff12b79fc0b77b14aca6d004cc2ee6d5dd0aff11726f5201be15693c24,5279,3759,8,16912329,16912402,,,,,,06e460ce5403651937bacc5dda5bf1e225fece2c2fcc146f8fadad2ce6019469,,,
S2,1,leaf,116,True,2eaffa469591df762e459adf929b4f69a9a43e0083b1e18c8f341d7d0c097f43,5961,4419,5,15178459,15178531,,,,,,cb61c87fd926e81d07484b27d25ce71aff907b002e4d0f0b2ec5af633f404cf2,,,
S2,1,leaf,117,True,4a0ff2d667ce301c4ca722793372729b84ccae88feced29c6505d26b948db316,6007,2988,3,13178649,13178721,,,,,,b2f4970fb8e5d6505e0fe94901f36fa6576ee5cbdd2ffcd766c0731e0febd61a,,,
S2,1,leaf,118,True,3afef4610a97b2f42d4c1ac0c796e95d4a2546c84f9d07f59bf1e37dfa58eb13,3311,3698,4,13515327,13515399,,,,,,e6a7fbee7aae1a0251c6a5f6f09097ee5f00c7a0bf7f012f8b0d020fc84c09eb,,,
S2,1,leaf,119,True,ce95267a93684c1453e2912f50e15365ba9c4915e66ed9b65ada0128ab782992,3182,4326,5,14476861,14476933,,,,,,10ad6c1545a60a530df604cc9aa4ffbe589695ac2e6cbd178cc9b888e1f63070,,,
S2,1,leaf,120,True,077385916835ca3982cc896c3ea3e89fe84a2bfd77c6f003f9f6d42321e5d24c,2252,2574,4,13438205,13438277,,,,,,6d8b9ecf6f8845af9386b266e31a2778724d9bbf90bc85aedc3a5ceb5aff823c,,,
S2,1,leaf,121,True,d6b7c483ab7d6035cd6cfec66b0218ef4f743cc5e1fabd35561bdf68ad7d6dbf,5494,5108,4,13778947,13779019,,,,,,93fd7f31c63d33ce5d16de24e648678fac62912265d2d8c55a17ae678224f68b,,,
S2,1,leaf,122,True,8cebdc9ba6fbd2485116bf9a32e196094abfdd40661e8b7cb72ea71db79c36c2,2820,3715,6,14965546,14965618,,,,,,23d48b9f6c9073ab1183e2686e9c1a5905ff6cd8068b1aa85d394866ceb94c7e,,,
S2,1,leaf,123,True,b874142e86f754986f518475b9bca145fbecde6ad8a07c3c23c68fb27d241fba,2542,3572,3,12799662,12799734,,,,,,083383cf494793c80487f8476f97cec6ea6ec7e37a85269cd65095c0b7a478ee,,,
S2,1,leaf,124,True,5fccdbd73248f6e1c9fcc74b92c7d85395dc033bc8cfa3da0b7e6e2f78ec3c88,2491,3947,3,12742365,12742437,,,,,,f526befaf06405bb4a7f7593d5c59a8e99008c57b4bcdb91d5ef3b73307ad816,,,
S2,1,leaf,125,True,8da51f18d6a3f5802d3049426e5a36fc3aa2fe89d207cf0ab2fcb5f3638fc290,4474,3380,3,12557625,12557697,,,,,,ef9554f859146386052f075440e95e9a4da9649e9242826b329d4777a32f49a8,,,
S2,1,leaf,126,True,0c03b30e710cae165ff6bbeadd4fd937664f72600a78606ba476476187149fd3,2181,3585,5,14213067,14213139,,,,,,2bb6b9bf23198c16c0020231d2f6164015943e66c54e1867f76e34598fd3fcde,,,
S2,1,leaf,127,True,6a5040bb9c64bae0a12795a328367eb874e135efe7dbc65872cb49fa9565fcb6,3703,4063,3,13419198,13419270,,,,,,5b45c5fdd8d344176c0eece80c621bfcb1abfa2bc6c24774a9fd12d3cc2ec058,,,
S2,1,leaf,128,True,4dea9293b898bce36e76fbfe7c06754ee7a6933a2b6555062858e5a97ddbe224,5450,4842,4,13300100,13300172,,,,,,2db98bd2e5eaf5822f1f6da98bda95d9541284c087b1c0db74c0cacd7de8ea42,,,
S2,1,leaf,129,True,f5bfc372e32f7a8073576674f88d4503d846d4d6f834b4c8a2d7f82b07395485,2506,3362,4,12620130,12620202,,,,,,58831ec69b67882f3b4af408fd01b9b63ad55e8aed17a89f550f3c4a94a92134,,,
S2,1,leaf,130,True,087e4796fed5a99af73d3f9b2800132b11259637d93e1a14a254ca60aedcbb53,3900,3047,3,12725997,12726069,,,,,,bde08fdb845b259283b1cb4a484e46c6f52bbd289660ef2045354868c0ba1631,,,
S2,1,leaf,131,True,9d87e085ea197e44c09be2b821a6c14c0b0f394bcea359e1a4f8f481e50cf164,3407,3984,3,13054487,13054559,,,,,,2c1f19875467f6aa1a4c5826012b261ddcbce37259a4e64c886b54d2b8c8ad2c,,,
S2,1,leaf,132,True,bb302d4cdfe665e0daa00bb4056372cff488e0963b83c718d803c6e5a99f2ff9,3503,3982,4,13745315,13745387,,,,,,d112365d7b3e2eb0299157a91bcc502b20aa6c255e39e9a2b0543eef345cbfde,,,
S2,1,leaf,133,True,dcf626dba9f04d6cc05950912fac162db98c21e0e55108349c0300896aa9022c,4111,5292,5,14113862,14113934,,,,,,2e0a8f984be8b8fb88eb5aea79e5d24227117c36b659a6de2d53fdeaec23597a,,,
S2,1,leaf,134,True,5169cb4e3d78360ca9303da49a2d3b995302ce55063a83ce30a87c60fd430d47,3726,3769,3,12382770,12382842,,,,,,e94724861ebfaf4e1ebbf02d141f5ed84ed467309900fc48a9aee29250f03d2a,,,
S2,1,leaf,135,True,1b0a40b9ad3c942e1f60dc7db64a03f74271f53a0adb31447f0a2aafe03bbfdc,5539,5151,4,13922327,13922399,,,,,,d974a78f7c057ff7f3ba8585e6d50948a26492bbded2dfaec6beb008d2ee7a78,,,
S2,1,leaf,136,True,69f7bae89d30c48d7c58202e0980bed04857e6116d44de4953f20c8bbe451e62,2230,3104,4,12835639,12835711,,,,,,6505a1b41fe91f3cfd659354a692c02ab7c60a448f7cc05a59b9afc7f3a4e092,,,
S2,1,leaf,137,True,7e862758d420bbdb93570f95d58148c9ed1fc1361029b412db95540dc9b7f2f5,3998,4556,4,13222001,13222073,,,,,,154ff0149873c0fc9980c341c1f72642b9cb930856953a8875ee88c5424fc018,,,
S2,1,leaf,138,True,f304308e04aa8054240cd7ecf5768f24a724c41ac18999e3da2f2359b48e0d06,3802,3467,3,12724297,12724369,,,,,,6c033dd9e940b105b6704758f3f58a0df6adea9133866a90e38c808af5a772f6,,,
S2,1,leaf,139,True,f915333ed8d6c603814c6d45de831d757870127f5a097ba135bec298d1278c9e,3311,3954,3,12403383,12403455,,,,,,534513b39f74b8b0ee95e5aed495f87fe1babeb340d339467c7fed89afcd5766,,,
S2,1,leaf,140,True,2c4b5165541f7efc7a382b7e673f2f9c66fef98eebe1bc98554267a6b28fc598,3688,3192,3,12473221,12473293,,,,,,c6ddfbd3fe73256cd76d547aa322a0710a1f7b2736a49eb68d3fe84afd014725,,,
S2,1,leaf,141,True,209de9e2bed0d3553c3bf98af7b207eb480d6c843b76e6dd2659afb5cc93c4e0,3359,4549,4,13691662,13691734,,,,,,f361ac7d445a9500c4bbc51b8ec87176dcb49183f20f38364ae96e1935de4ce2,,,
S2,1,leaf,142,True,e787df6fb29fdaf518ab14f2f678a554de1685006cef13b739ccce65200d80b1,3101,3426,3,11905333,11905405,,,,,,832be07f00afecc143ff154c26fdd0b3089a2f4e0f07136052c76f2a12a0d073,,,
S2,1,leaf,143,True,9602f6c2446b3b5ca33847cef733fb4976952040e3459632bb5685412b4a79d1,5622,4271,3,13374748,13374820,,,,,,0dbd7cd6e82540eabc38ce1f933f3d42bce56aac11da0f2ffb383e9e669c3359,,,
S2,1,leaf,144,True,6e007a038eb87c5d84bc5c722278c80d4aaad87f03511b62c22b1543d923b51a,2440,4164,3,12428373,12428445,,,,,,adc91158cf7ab3b1c3bd452496dd6bec217859b799602d5e3568a0c46074e395,,,
S2,1,leaf,145,True,3d91e828de7f327baef1c2ac1d014828cefd0dca1e7cc801ffc1a61056ba853f,1,11,1,7673709,7673781,,,,,,fa7e01965ab1f19e5310e0017bc7d836b6fe7d6a788dd0bf19684fbf1e1f8cdf,,,
S2,1,aggregate,290,True,baf3f2db19b1f2dd9768ee8a7598f5201384427120d0bc547621d05eaafbdf75,,,1,5550041,5550081,,,,,,,,,
S2,1,aggregate,root,False,dcdf02c72e8382261edcfd355e70673e8bf360e2437934109288e97f00155a96,,,1,5543673,5543713,9.0,12.306006201997661,6449556208,1,1.1115000233985484e-05,,,,
S2,1,aggregate-intermediate,292,False,c7f64557126b838697bd83e52793b707c7d76672b204107f52bf74367c2fc457,,,2,6872464,6872504,,,,,,,,,
S2,1,root-wrap,0,False,,,,1,,,,,,,,,6.4,2,57.0
S3,1,leaf,147,False,e7939d8bd3f6d44165658eccf51f1a03d3b026557d4da62cafab81e52cc5380c,7,32,1,9541540,9541612,0.5,0.3104369899992889,3108837352,0,5.756002792622894e-06,7e9c67fb6c0efd67298ebc97b9ec315c34d0a79536bb19b01a72bed9f1e539a8,,,
S3,1,leaf,0,True,a7f60e8ce5db6c9a145b93d2527a4370498de48077fc123bc21afdd93fbf4959,2513,3409,4,13826194,13826266,,,,,,1db36cb23fb9a3fcb88d129db957eb0651270566a0f1bc93aa1fa3cc1c8cd01a,,,
S3,1,leaf,1,True,d68fcff6446350b5302e793fd9954e9870e4a5a57eee1393d4d79db849820d3b,5114,4513,6,15364194,15364266,,,,,,80056c480de251a99e2d47d07fe4615c19da634fd06302a7a004b0247a053db3,,,
S3,1,leaf,2,True,72f193bcb9dffd45f8f3aa15673d3dac8fcf4111d4c7b2ac6f1b16ce4372df42,4707,3613,5,14658807,14658879,,,,,,6377fed2e26e9ed640affddff7a10cdf28c36f8775d2f8543b491fb37cd0839e,,,
S3,1,leaf,3,True,095bed4266fec66f71624ea28f0aeb0812e8ccb72483dc7a1c32579b93bf5051,20219,9079,22,31786747,31786820,,,,,,10b3289f367d54680b414a86d687d03a4c06e663fda73f716b25f0484ee885f8,,,
S3,1,leaf,4,True,0901e9c896b0986d5e7a5ae1d7b018a558d4c5222d8f200c0199a4444264daf7,9115,4395,10,18900504,18900577,,,,,,d5cfe94524358f8c8ea9c5179f4d6b2e5a7926c56e0502140da880301d2ea194,,,
S3,1,leaf,5,True,f2c717d4b30654680ce64256ccaf0f572b201759613ed82e28d7e2fa0d25fad2,4231,2209,3,13208199,13208271,,,,,,70521c71a9f1d97b3a9947603b8010ee1d29dd6cf2c0e58be5b5843bb4a0d1ab,,,
S3,1,leaf,6,True,431194c5b1d5a21aaa6d4394cb78f1c5dfa7f934cdb186f4510c58ceb50ada87,1807,1421,2,11423743,11423815,,,,,,f612ea0289708c8b505a7f878450fd1ebc8101c359a6612d299d851ff812da5c,,,
S3,1,leaf,7,True,cfa84244ff7b73418a4f56a28dedbe0d6e2f7315f0a2da593da13039707df45c,806,511,1,10448620,10448692,,,,,,5ee1c1858f308b713043938d48445c682edb432db72f7c5dd1acccd7711c3c31,,,
S3,1,leaf,8,True,ce4de1b708865da2f62dadab0d05de5c6c22c7d357782bbc6d2ae2335952f586,391,268,1,10339595,10339667,,,,,,4c8f882886616a7bdad7ce1e306df30396a06a26aba02f9ddf2f6aee4dabcb6d,,,
S3,1,leaf,9,True,8f48a610a83be6bf9f38a59dbaae25069004594270c907a8507f7c3bdce4c086,168,140,1,9737432,9737504,,,,,,e7b328ef40ba017608f4a157fe3bc50aa4a7a64d74fdf0618b98e17b90b9eba2,,,
S3,1,leaf,10,True,d7a8ca99c3357f8fd13172372a3023e4f6e496d0e79ef90d5f2672957d2583fd,76,87,1,9400751,9400823,,,,,,29c88bb903b02f799756017df3c053bf292c75ba9270b27004cb7aa405dfe33d,,,
S3,1,leaf,11,True,36849dc883ac8f543b31a5ba50d31c349d8566f928f679b397aa0dd3c2c91c8e,22,29,1,8875245,8875317,,,,,,5a256032b041741f76217b614d946c08db630024a6211700184a01b616e2111d,,,
S3,1,leaf,12,True,e6a893d7f8fbd96760bac50b4f9415dc267bb3bc5e7fe62c0d0b47ab7c16da6e,1,5,1,6798965,6799037,,,,,,505358427355c04daff57f0a2f859be4711e7007c4d79946abcfaf950ce50c5b,,,
S3,1,leaf,13,True,d7dce9cded1687fa364391357fa3d3a054ce6927e9a5213f36adbd0ed6f9f90f,1,5,1,6794933,6795005,,,,,,f0d83a9e390c7ae5335988f902fc044741e7df2b61f54e161822485e5912dacd,,,
S3,1,leaf,14,True,dc34f8d9238c38484fcb5eb0fd4b2a9e2b5aa7c836b60abf15dec04a6ec86e0b,1,4,1,7788817,7788889,,,,,,5d81ece31505b4c32710fbf2a0e40c7eda6f19470ab69b33edb75480475034b9,,,
S3,1,leaf,15,True,d23232ef2ca3a18751db1d37d394f0ba3ce9164ab7bbcaad1715aa5af53cf3b8,1,4,1,6308459,6308531,,,,,,a1e8d30d6416da19d854a3ebac91172c69c2d8ba7d37f74f6dcff3d0d39bbaba,,,
S3,1,leaf,16,True,46660ed0c2b2a47924993618e3d38d24e9f62a8b41fbf7e3bf5bd05e95785a20,3,2,1,6295497,6295569,,,,,,40d25fc773df599683d433903ca50543fda6ee17881cf809ad4c034bd2d858dc,,,
S3,1,leaf,17,True,68ad5027d4516fa5f34ea9ff2a44d59d5f4539815787fc8782da7fbe3628065e,3,3,1,6501255,6501327,,,,,,3a7d0311363a118376d9f5ae8f9a4ddda5872835df7548847b91d86ce4d157a3,,,
S3,1,leaf,18,True,a12ae4adf3a978fb750ef2262dd6021fa654e874c938507c856ac7b4b8a9d6d7,1,2,1,5905519,5905591,,,,,,3de547ad70ec36e190ec4b947adc371db05e332c4b1dafcbd758fe8b5fda4946,,,
S3,1,leaf,19,True,ce720edbfa79f87d2d468b6cbee24ec34e313d8a8ca8cdbf2fdb89936678d8fa,1,5,1,6141233,6141305,,,,,,fb8fe46b85abd4ec8e1ced4de0eacc7e127fa2e8b97f70d27466054b8b226c79,,,
S3,1,leaf,20,True,4235e54d996124ef288adfb4da36e16169ac8fb2805c9aee50358ef5e976a084,1,2,1,7110879,7110951,,,,,,f4a78be484cef7a40af537f6b9127f2c46beb68b171183940d2dcfad4fbf0227,,,
S3,1,leaf,21,True,530dae89c19c2ace0bb01117268657d1568e2cb757dfb7f2ed0b3f7cb154897d,1,2,1,7118321,7118393,,,,,,f1eeeea47c76117dfe1de334517326fafb2a38f4ba67c37203169b0c51cb669e,,,
S3,1,leaf,22,True,bf1189a25318a8c7aa0b0a8083ad60c8dcaa8affce51f0b36d9dd9f60b77cb41,3,1,1,6253239,6253311,,,,,,7ade48fafab0b5839279713942dc1de46cd03741bcf6ea5c98aa84011f745bff,,,
S3,1,leaf,23,True,81283c7c09682669867e5ec0f49f0c769e1fc8cf2774036762721930a664879b,1,2,1,6539379,6539451,,,,,,8cae0da17b05d5e0b6c5a6d6eb5510705fcbb982408c1d6b204bbbfa3264b9db,,,
S3,1,leaf,24,True,a4ce36e7a792a30bfcb96c6d7db8c18ec462a5ff55e7fbba2640d1d87d828469,1,3,1,7707255,7707327,,,,,,89ae424e5fd4b838a4d14c9fd47079fa6b1fccb1ea3453c86601311a08c4ec71,,,
S3,1,leaf,25,True,8b461b4416402151d415e244d29bda1814ed4309420ba94f245cb702db81a7e1,1,2,1,5908111,5908183,,,,,,842ea8d4c57049ab8bd4d37cf4d3d6e295726226e97952c343e0c3dd30d882ab,,,
S3,1,leaf,26,True,e6a9b0cca947c215a0e8c3fe7fb470e9ef8194491885cd5872f159562eb56b90,1,3,1,7297515,7297587,,,,,,079248bbb7ea10b974ce27f3d98ef3928ea725dc3eb734816f5fd41ec7e31cc1,,,
S3,1,leaf,27,True,1882da26aa2c459ef8144f73066c377fae1e9fa97ff63bea1f213af66df693ad,3,5,1,7090493,7090565,,,,,,6637148bc1f10642bc4d833666f411c3578c512c592cee8d29cad774ced3a9b1,,,
S3,1,leaf,28,True,692346025cd33ddaa559276c80d67d17c845515ef6586c32c5f633d7a10c1454,1,8,1,6815111,6815183,,,,,,5a767f939ccb596feb9cfc97632ca2c5755b8930c81892aa0bffef29f5801fe5,,,
S3,1,leaf,29,True,3b86b68d88a76980c7066e464f0c75622da5c1c34a65e9039d11df68f84edbdc,1,8,1,6814375,6814447,,,,,,0f1fbe040e7ff24b055481843747426816d4dcf24cdcd3db37e963f968ec2e04,,,
S3,1,leaf,30,True,e7ca595271e0288e4eccb5eeff74193a16c2d76c4c40ad379e481c86156d50b2,1,7,1,8144681,8144753,,,,,,62acd0338b6eaf08f53c565d624cdd964b8edf541d5bf11596fd57041733ddf4,,,
S3,1,leaf,31,True,f02534a11a35bc8e2b56b9b8c46a9c6536897859ffd8c5c3ea6dede98e8a472a,1,7,1,7348505,7348577,,,,,,941be6701dcc7be58fe0c829709a77e162eb1f012936d1c04798cf81fcfa50e4,,,
S3,1,leaf,32,True,bc53e820fb5691fefff37f39aedc597b68261470b32b1bff4da4924e24d47742,3,5,1,7520911,7520983,,,,,,6ac9348d8f4d65d0c896d8f174170809c0e37b757cd1db14d3b61ebf7f27d833,,,
S3,1,leaf,33,True,cdf58c03bb8ef45207420ca1804bc4e5089b7b4fad43c69e60f72240fe05c410,1,7,1,8360283,8360355,,,,,,42013b0ff6311a3a0e3bc0e66c3d48e8d43428c0952efcbfef78b5b21d6babd8,,,
S3,1,leaf,34,True,993210ccb5e04eb2746bee8df59b7c1bb316b7c034d4723b04ff4ee45613a9ad,1,4,1,6634637,6634709,,,,,,1d04dd1a69ea5e5db47ec7cc37f9051d2bfcdcaa94c53341fe299bc50a5be324,,,
S3,1,leaf,35,True,210b7c00f7b1773da0bf9a18c250c34332369e9ed42dac5b68c5cecc13dc6953,1,6,1,8518769,8518841,,,,,,c415c2bdfec0a84d6321363630307c0b711cdeacd4e27119dcbbf54e70757c76,,,
S3,1,leaf,36,True,7727f29b5e16ace99d2c28ff0c24e6b05e375ec1c69e7b9e5d21b4857a2b77a1,1,5,1,8364827,8364899,,,,,,6c424381ce18d87833a599cded3aec59289e8b356fd3ed624bc18095cb981515,,,
S3,1,leaf,37,True,74407c79ffac02244096f4f4320994d0ea1cfcccf3b39465dd751537acebe922,1,3,1,6670335,6670407,,,,,,e1b0f4d8fbe453b836aec4ccc2ff8acd60924998c98c69a06e2988b64a432075,,,
S3,1,leaf,38,True,6e50f3afa1f8ceea5ba75943fecd2de3b4a9406b2fa3a40aed7a5658288f30ee,1,5,1,6665695,6665767,,,,,,f8d5ac2ef0877b301f578ac9519dabcb96ef031987e4b9fb3f9307e653dfea6c,,,
S3,1,leaf,39,True,eee3d0ffc4247cb978e765350480fa01b680f592c2114f7ae24b225442c01dc1,1,4,1,6780995,6781067,,,,,,6170510340091d64c618c61b1b37dd777e11c89ae00a9a540014328abb5aac72,,,
S3,1,leaf,40,True,ef53cca376a41ad7ff8eaef578260e0ff9f98d804efcac5b7b937f91ba02f051,1,7,1,8399193,8399265,,,,,,04f6c1a632029de8f6a9eeeb407c40a7ba2d5b0a775140aae275a87a518085d1,,,
S3,1,leaf,41,True,e9761a1fdb19d6015a20a5e380f09c915b7cb502d54f608d1df196d10d5beb5b,1,7,1,8398265,8398337,,,,,,6be7e85d54d4e7fa14f2b150e893c9bbff34c2872493198e3e23e4909992590b,,,
S3,1,leaf,42,True,4c7752c103f278ea6841341e9f7cf784ec37b04312effd6f8fd67c3123450518,1,9,1,8269301,8269373,,,,,,e67e2e0c36a3d82f852d2226b8e86417660436175b20c97872b6312eea7b484b,,,
S3,1,leaf,43,True,bb419c44ae63d4a505320ab01cab916871b953ea1caf91aeab4784f3466d6abd,1,6,1,8238915,8238987,,,,,,c834a3c72892bb2b369f87efb1a0c633d8054b44ea33896ce7f21a437fb625c1,,,
S3,1,leaf,44,True,b6eefba10bdeedfc162e91ea6c01d6452495d8d10222bf30904e7a2151b49ba5,1,3,1,6528055,6528127,,,,,,73bb8ec1e140466d6dd08107a983c2ebe90a890ad6a6ae8662ff02dbb9a70924,,,
S3,1,leaf,45,True,df425093703e9d8527536f01aeceb1b85f2238aad9bf03cea864845d0655c5d3,3,1,1,6765133,6765205,,,,,,4055dd6b93bb05fa9600a934fa7d3c414a6b3dd92aca85bbec3f67a53b7308d4,,,
S3,1,leaf,46,True,c3e94dce811a59db09a8e981303b244aeb9269b51676963cc17ec58bb5400882,1,3,1,8243619,8243691,,,,,,8393f2cd151bad767a6557871b3af5859db2b9b018fbb50f771869f789864053,,,
S3,1,leaf,47,True,cb2c3877de43cf0db629fdfd23a6d6abd4ba508872e72ce61f5513da19ed0858,1,4,1,8495787,8495859,,,,,,1ce0db737820a0f3962574cd5db183de6b001881ab8749c937aec14644823e64,,,
S3,1,leaf,48,True,0c5ee5822d80fd705ea18e55c38f49edb4a48ed6c111df4544fcec512ce9db01,1,3,1,5842095,5842167,,,,,,d2988cba2afc2484dba3f60cd34ca8b90e93e04d1d17d9c4d21da0f9a38e7864,,,
S3,1,leaf,49,True,c4ada97fe933956ddbc2d7e7514a8f154e26dffb80dc7323a008ab6d83c13f3c,1,3,1,5878049,5878121,,,,,,6b78de204e43935c6edcb9d67e9a48b32b90e0a87671d07c0439ecf18bb15b47,,,
S3,1,leaf,50,True,5644986754b027f797c41921ed0041d167577dc1982118bf2bcc85cf76da7235,1,4,1,5886081,5886153,,,,,,8d6e3f951675087b53407964b6a8fd2f27536566c601d8c6a1bbb1b3d34f8914,,,
S3,1,leaf,51,True,23d50f52691c0c1cda656291e6e4998c14af6c04fdc57aa25650eabd12fbd73c,1,3,1,5847759,5847831,,,,,,3476f9d0db07af401c9397b67815ee411d0ce78dc14bcfc5a26ffdc357abc9e8,,,
S3,1,leaf,52,True,2ec1348bff59797e2c6cb0f95af5571d8b8ea780d56703ac1e5e373da1ae2c4f,1,4,1,6076845,6076917,,,,,,cb404f828d66a72d3662e76e6e69b22ea51cb5abf98df8fdcb7477c359544255,,,
S3,1,leaf,53,True,8af22c0a8e848349fe17cafd8a0537d141ae004aa6b59b5007d18255f4a9707c,1,4,1,6071181,6071253,,,,,,12c38e2a69b05eb1a0dd22131c803858c6b6916180d2598bf211b93341ce361a,,,
S3,1,leaf,54,True,f2b20fc53723a263b568e87e597add0f343c60f8ac5ce29d2a6a23f202cc1129,1,4,1,6076461,6076533,,,,,,8a6e81f0f3d23954e96708075ee89e5b73d9f8749ae877380faefa9fc82d91c4,,,
S3,1,leaf,55,True,46177aa4987cf869ec27fd0b2c02f9deb4229458b8d010bc25bf029ce2a23071,1,4,1,6073421,6073493,,,,,,b56a07d1e02a1e24113a0564784e5e055ba3816d088940ad4136a1e471a38a9d,,,
S3,1,leaf,56,True,9955e592873054432942b8553782841c195178e36048de8141985c4bf1b9e0b1,1,3,1,5861711,5861783,,,,,,5b055e5e32bc0c8e2c1e0fafa76a2b314aec03e7bd8701bb56480fb96c4684ee,,,
S3,1,leaf,57,True,8c221f90f976c56a5e42975deb5dc701cc4d24b61c2720338cb4ed6dd73f5a4f,4,2,1,6288457,6288529,,,,,,1ca2d5b9f8c164dac413fd1a445cf9755eb515eccec8a7f924a7e4fa0c900bcd,,,
S3,1,leaf,58,True,a342c2b415fb6cf79c1a141318b4a3e29cb6115f8dbde41790e7f0988a4107db,1,5,1,6949313,6949385,,,,,,7af4523c8f298f0f8f7081362d70981dbf3824648f7e99b55adef095d4b9651f,,,
S3,1,leaf,59,True,34ab2e396b63cf211645c64d45b7ff01f2e4c151878d9ad2c47df2b22b0fea19,1,2,1,5866845,5866917,,,,,,d13f30adf5f4274599308263453ebe271dd468acb2e16bdc0b21bcf6e40f8e68,,,
S3,1,leaf,60,True,7fe072468686c56727bdb7f37fade1b9217ac37584a2a282efea7af03509445d,1,2,1,7748411,7748483,,,,,,526c34a469ce939588418aaf65278f9db46f17c71ffa230f4805008f06ef3a18,,,
S3,1,leaf,61,True,2513147d88577bce0ce7c20ce024f9582b553b0007a75dccf9a9025c07123197,1,6,1,6662879,6662951,,,,,,b374912fd3fe2bb9945aec75ceeedcdbb704147c030efb39dcf493d3c7fdd578,,,
S3,1,leaf,62,True,f65c88c2c1a74738710c4fa4804694e80b4472ac6bf93b8a17a8da742ca0ece2,1,3,1,6663231,6663303,,,,,,98fd04bc09eaebe45647010d21d2815ba9321b63a91e19af6b366a6087e3db3f,,,
S3,1,leaf,63,True,7f0527485352390c98a7d6d4063d3c837a7da96107089b18bc92f1f8bb2f8fc1,3,1,1,7128925,7128997,,,,,,a76b2489511745d1d29385c228426d2c26bfe753820eb51992e70c1a03a67e75,,,
S3,1,leaf,64,True,4eff89b9268b8ca4bd8bd376eb2be59e3694634ad395079da70a15b88ebbf7e6,3186,4656,14,22279964,22280037,,,,,,a1e974454a66469723ed61735f573bf8bec24222bd5e9aaf6d167a7ffa0ec1d5,,,
S3,1,leaf,65,True,8904bb2b40e88d4c99a0305812db5e2f532df0dfe6606ebcdf3e6ac927b8ab59,4574,3424,5,14629221,14629293,,,,,,1018c66e525856ad887d43c01cd916ac3cd7957e973764709c84e64a73d3a217,,,
S3,1,leaf,66,True,d9682b3a7547179b4d29d1587c4c867f5e3c6bdb07cfcdb4fbf2aed7d63aa9f6,5831,4837,16,23349993,23350066,,,,,,ad19667f2bf09cfed72cfd50cb398b249b0e597e9d0ccfd94fe9d38f568ee35b,,,
S3,1,leaf,67,True,10e51b0eb01bb2f382c7b9f81b5ed2e4368a3de5107291b4cc0f1fb60d970f0a,2035,3476,5,14504257,14504329,,,,,,f4c594b809e8a8c86c457227060bde209565f0151d8a40cce496b4d5b5e4e22e,,,
S3,1,leaf,68,True,0e8e89d7342bf67443d9e4b07d842245098df615104133e2edb4be0b452af554,5817,1649,9,17525725,17525798,,,,,,951154ff6cea26b261c4176f967eb8b75f6ac8000c70885b37817fcb8151eecb,,,
S3,1,leaf,69,True,793a2f301fa2e6b4c3ebd8da591a519abd00e776d7c1fceb742bd692c1a73aa3,5152,3281,4,13714100,13714172,,,,,,f9f3ddef7892b8106a96e3b7094bc8aaec1143509fd1531879148e2f5a5f6922,,,
S3,1,leaf,70,True,9be391bedefd2c71492622deaf94c982ae080033086977ad96e289b34e763656,3138,3427,5,14526451,14526523,,,,,,b8b344ff2eade4221c66147fdb3366e1c80fd1b724ad1558c3b9b3899361d1ff,,,
S3,1,leaf,71,True,3b620c7c25554f03d7457a5d0b2c3e66df20f44fe4857beb5598a0d4bec523ab,2905,2122,11,18490940,18491013,,,,,,aa25bf4b1c847b24bebe95a8540e3bfacd718632986bdc59b33922b41c4e4577,,,
S3,1,leaf,72,True,0e4257d4883d860017bc6162fc11579f262b3b3acab789c730ae1e643ea4805b,5669,4670,9,17356198,17356271,,,,,,ccd5efab2f76b60cd5d8a5c744e4422f18258329bfb0868525f3967e38f83263,,,
S3,1,leaf,73,True,c9cf12d14b7e435def36f93eae3b2b0c61a8c1ab22b2cf3adb0f5a8ce88b9fea,2779,4756,8,16622219,16622291,,,,,,e905921dfa303b44c11ea3f0fd97d3c7545a771f48f1a3d2c300be3fdfba59a5,,,
S3,1,leaf,74,True,2ff4794a3de9a59894ff7d89a40e397fe6f38e89d6d477afafd17a57bfffc368,8907,5621,8,17824838,17824911,,,,,,0a3892148f138d6ad35c5c92217ba86251a5376232d2855a5313740ed6425847,,,
S3,1,leaf,75,True,67074bcc19dbb8ab568219f55c1894a669ccb419932fc7e8ed1739e92f7d77d6,5500,3476,4,13844694,13844766,,,,,,f766ae5485da68e0876dc5f5a61a4569747519078afd9d53211bcd258a10bc77,,,
S3,1,leaf,76,True,9c7879cffdab12d9e0604e63f505740ee92a84692083aecdd76719fddb761c98,1974,2534,26,31762198,31762271,,,,,,61eb7d3a8e8d5bc257bf1c4b9171df46ecd640144dc7dd0a3c88f0a600938be9,,,
S3,1,leaf,77,True,329df75570595070d1b71414c63d874ec0d64b8b54272333ed82c5463dac64ee,3657,1920,8,16627950,16628022,,,,,,cd678858f5dc347e92971ce1866132dd971ec5eea041ab67873d4ae112e1e932,,,
S3,1,leaf,78,True,0b9cc0367db47b1a31d9fde10702f81e2d4a561699ae1d19221ec6f27145817c,5695,4124,10,18423501,18423574,,,,,,b343d7d179f7ad1cfef134f607cb47e446da8ad6cdbd6679dc9bd6f8e627bcef,,,
S3,1,leaf,79,True,52a37a0221fd7e142faa388d7f4d344bbbf384cb8d0ec14a0ab13f7dd74ee515,2084,4061,11,19420001,19420074,,,,,,9717a46636c03296eee1e0d0687426d8b9a003895e8ef0551f9389c1c6f45571,,,
S3,1,leaf,80,True,058f66d17c03f0cc00cb250382428f037b12ca299e0371c66d903210fe0d90f8,6005,2054,3,13075476,13075548,,,,,,cffe08c36fa18f6e9b5fa43c485398fe1096722415a2a0ae7bb5c850dfa8594a,,,
S3,1,leaf,81,True,dea768a043bac5e97f07bceb571368a2b8ec6d443849ddfd948737c4752d93a3,5650,4032,3,13039174,13039246,,,,,,afa726f8739f0c72727fde285ec486573551db873ff88dc39ca6505839e30596,,,
S3,1,leaf,82,True,20cf64638ad81a5f1b99fc863d63645775527731391ccf8b5cf1f709a18a2c00,4253,3084,6,15779096,15779168,,,,,,81351396b3e8ab8ad115b99b7fe9d5d1361ffcd02e2be53900267cb06cd80458,,,
S3,1,leaf,83,True,c370ff086d9502087ec9e0e23f3b865a01e276a6f839233bcb65981fa8ec3ab0,4022,3378,4,13682244,13682316,,,,,,7fb6d4a5b2a60d7364514e884ab16bf6760d0af3c328153897ca2f1deef10b2e,,,
S3,1,leaf,84,True,a6d64ad59797cd62950b2fd33edac4a8ffbd6f0afb31830ec39a487076fe32f7,5112,3869,3,12633950,12634022,,,,,,cfd23e8e137b3f23fd1cc851236160a0ca92e2efde628b9cfd119f23490745e1,,,
S3,1,leaf,85,True,ee3679761bd77699aa599983226c11d0c598995ab3fae322399e03ea8cf468b3,2288,3601,10,18392191,18392264,,,,,,378fc6a99ff13836866ff8d639b50825036bb3dcb0c2c59cc4353bef11e92e25,,,
S3,1,leaf,86,True,7040cbe3eaae579a0c4b8e020c573e7554f0a532ebe28b14ea4fc33b63c156dc,8280,5200,8,18186721,18186794,,,,,,41d55a8c56866556aa560c40d120c92112acca6cfda64f8f31bd2db5b8ec61ee,,,
S3,1,leaf,87,True,0d27f1c5f1b6ca22ade7322d9c361e83d9975d4eaf3bdebda66ebbcc98b70c65,3198,3786,15,22201715,22201788,,,,,,538ff4907bad3be5f75a596395888d0f06c24ab9a2fcfa75db41e00e96bc61de,,,
S3,1,leaf,88,True,add464d2ee0e831d6e457b97c92ee0c60c36eb868856b3a671b7ff17c195c335,4642,2906,5,14478881,14478953,,,,,,2732d339a23b02b3ee77eef38b96b9d01169b9d1455c142f7f5f3746aec89663,,,
S3,1,leaf,89,True,cd7a81c36a1ddc4f0c48e3a477a3e7a15643de111445e351cd458fc2be15e639,2354,3938,14,21638247,21638320,,,,,,bb80362704ddc829b0c47ca11ce1368ebd85655522b23d2b9192728351a929be,,,
S3,1,leaf,90,True,ec8e954fb5a832465485de965c1defb54ea5ded1ae7e5fbb1d8730bfaac0855b,6561,1953,4,13968181,13968253,,,,,,bbcc6da50acf0aa204471013bce07c6cec4b0077192dff3b5f8ea2e0bf82a6ac,,,
S3,1,leaf,91,True,1142159d4316662744fd742288fd109fbb2f77c89a7dc445c2d31db9fc704b60,4050,5110,10,18383726,18383799,,,,,,7e5bad65990e48924408c0536ebf636e38d6be72180eb64d44b224604e09b49c,,,
S3,1,leaf,92,True,a326e1fa610ef886949111194264d33201ca3674ad04591414736b0bf404e198,5600,2368,4,14008427,14008499,,,,,,29a1de984993eedf58ba8dbb0028d025db07c075ee04f76a4c1bddcc425a0974,,,
S3,1,leaf,93,True,a556fbb11ebb97f654b692ca8c16631620a22131c637772eeeda5254291d0917,5511,4165,11,19043573,19043646,,,,,,b5a6f0a82c2253ac6a95a73fe808d5eacb6e434ab747b06f1f991ffcb4b23513,,,
S3,1,leaf,94,True,30d3fdcf041a7e224fae438610555060c204a43bf4b66882b3378c1720f2cc22,8531,4730,8,17372431,17372504,,,,,,8fa1eccc549840fa9c5e2660c997f221b170f734f70024deb9b3161ee9e2d849,,,
S3,1,leaf,95,True,72fca8f5ad3b1edb8be7073bfeae0186ef4f62e7be7536fa330303e239519320,2096,2747,14,21705363,21705436,,,,,,9922b0642ccbc93dcfb87569178f5e590cac69965c4642bb901ebe30ab6df35c,,,
S3,1,leaf,96,True,2e8eedcaf64281b4fc8a01d0fb1fccd925315f4e9949cd758b423c37912a21ac,6300,3118,5,14286873,14286945,,,,,,fddc020cc3c5c3763ac93ea902e073ef241021c623b0a39cd1ba1693a3cbb1d3,,,
S3,1,leaf,97,True,0b3b9b510107b8b6309fae6c0c9b8c8fd4614f515ec9c0f1cd9a0dbb049a19e5,3033,2512,4,12539004,12539076,,,,,,6d5ab4c9214841524db61c727e930c644b5e7a0498c9a0742b128337a1cd3afa,,,
S3,1,leaf,98,True,ff0a4b5dd35aec7ff746e6653e3755579cdc21be428ccc4b282837277446c1fb,8147,4821,9,18328910,18328983,,,,,,22e4733f97e5a5ed2964fd220d7ceaf51ec9543e63036e79aa2c05ef42d49c00,,,
S3,1,leaf,99,True,f39a3519a3f7700286ab6c65e4d7cdb90fd4b62fc7fb6e853871ee29e6c36684,4627,3734,6,15153773,15153845,,,,,,6fa7532110217831cc828f4b41a748fcfb70c5b1fdd2301b5630019d2c8447cc,,,
S3,1,leaf,100,True,6ecaf1be0c46631a3f20832c83670d976f21f0eefd957862d0bb788dd159c321,4064,2982,3,12479511,12479583,,,,,,e14447851391f0829dedfdefdf1e990e04d89f4c87297b336a1f6885f12eef1c,,,
S3,1,leaf,101,True,75606c25d23e546646738a1f2bf1dab1c2d5adc0c44dfcce459de941d679ed3e,3361,4374,9,17482813,17482886,,,,,,e2640e09f6c8cab52d9af99361fd7b63c7b69ef9412dd3c5b4ac1ed54b27aec2,,,
S3,1,leaf,102,True,a506af5126dec2223b3617fa96105a1c1d6844a9245c90858a238f185ee60749,3729,3969,5,14076996,14077068,,,,,,e9a807333a8f6288fedaffbebc9ab9319d1125aeb21c84fe261e3295d0ee91a0,,,
S3,1,leaf,103,True,22cea118e80bc58fd881e5a7e07f83aaf0a814650cbd095e4bf8e6df2670a4e9,3540,4269,13,20875483,20875556,,,,,,91faa979860ce9b61d46e40b572e5119f244fbfc7cd60eaeacd15db1ed4f9124,,,
S3,1,leaf,104,True,7d57c3d44f93e7b5eec63bca035f2e8b23c5e3cef8399dd3321617e278238596,2798,5095,15,22808853,22808926,,,,,,8655873fc8efa7e1437ac032d2e31f714258eb1c6daf24e20cc89f4230f83a96,,,
S3,1,leaf,105,True,7bf29333e6cb871a8ec2ed08c4bf88c1c4b54b311e546023a82bea24402c5046,3041,3845,9,17445776,17445849,,,,,,786dc7ee94db276249c3486edf2840b27bd6b9b35d0894dd5bc3d7edc90c589c,,,
S3,1,leaf,106,True,ecc526394492ccc02e043d031fa4429b85784b8e3ccb0ed0f686dbbba59ccc8b,6106,5420,11,19508595,19508668,,,,,,f8b4052777953a970bf890bfcca1dad328b21beea88eaa0b5b7322341d331357,,,
S3,1,leaf,107,True,b4cd56feb45067f4a750a35b7bfd35fd509ca023325137290d3fce8f20ef9498,2100,3109,7,16011113,16011185,,,,,,282f50c036c38d16f262f7865577aa3a63d60067cd582d8f19197dc5046472a3,,,
S3,1,leaf,108,True,1ab250a52ad6e3de6943e1e85b3646f2e47fef27c7b6c8c4e22a4458cb79af91,3304,4198,5,14414734,14414806,,,,,,44375edd570b567f90174063781c692b0198d3c00b803680a20046d982945a3f,,,
S3,1,leaf,109,True,2f74f669e5756a271a5ff801d7a8c4e31bca0011655dd2ba95f45fae5c7d524c,3552,2958,3,12253169,12253241,,,,,,90a42d7a229af786292731bdce5530525fd90b8bd75ebfab2c46b7ab23969505,,,
S3,1,leaf,110,True,c09dbe84d4642da48f38fba961a47f13bb6caf1c44abcef08fbdd4576bdffb6d,3059,4676,4,13470619,13470691,,,,,,6058d1b0d2b0ce98c250e8771cd5964bd603929ee552788de632c2fdc0b36255,,,
S3,1,leaf,111,True,669e2014c430979e3b41750d7aaa84a7e1200fd0e2111f4af28b4837d35e3090,4060,4390,4,13414458,13414530,,,,,,5b6935d9a9bc3ba5594399c787124ab4f2e9757cd098b06473afc26305f80f1c,,,
S3,1,leaf,112,True,724f689f6abb38669d085c5117366ad7ee4fd5a7e0189a2df94958eb30cf9d41,1719,2506,4,12867977,12868049,,,,,,5cb800ae6f29afeff05adae7a004a400de782bdc9dd672ccc3a400ba5627550d,,,
S3,1,leaf,113,True,19301e806cfa7fe8be0a18270683204e51d1060a0845e21322b97defb99acfb3,3420,4480,4,13442830,13442902,,,,,,1ce676c6236340312160b0aefa9edf6d06a7623884676f1c070446843c3eef1b,,,
S3,1,leaf,114,True,08b91e54e6ab78abdeac1f458e182e6f87ff5d6f6d8b795bc23ff3cac3b46102,5660,4839,4,13286115,13286187,,,,,,e349c590a023cde651c9990afb18a7898ea9288bdda6c4f2a0d463813d720023,,,
S3,1,leaf,115,True,dda6c2ff12b79fc0b77b14aca6d004cc2ee6d5dd0aff11726f5201be15693c24,5279,3759,8,16912329,16912402,,,,,,06e460ce5403651937bacc5dda5bf1e225fece2c2fcc146f8fadad2ce6019469,,,
S3,1,leaf,116,True,2eaffa469591df762e459adf929b4f69a9a43e0083b1e18c8f341d7d0c097f43,5961,4419,5,15178459,15178531,,,,,,cb61c87fd926e81d07484b27d25ce71aff907b002e4d0f0b2ec5af633f404cf2,,,
S3,1,leaf,117,True,4a0ff2d667ce301c4ca722793372729b84ccae88feced29c6505d26b948db316,6007,2988,3,13178649,13178721,,,,,,b2f4970fb8e5d6505e0fe94901f36fa6576ee5cbdd2ffcd766c0731e0febd61a,,,
S3,1,leaf,118,True,3afef4610a97b2f42d4c1ac0c796e95d4a2546c84f9d07f59bf1e37dfa58eb13,3311,3698,4,13515327,13515399,,,,,,e6a7fbee7aae1a0251c6a5f6f09097ee5f00c7a0bf7f012f8b0d020fc84c09eb,,,
S3,1,leaf,119,True,ce95267a93684c1453e2912f50e15365ba9c4915e66ed9b65ada0128ab782992,3182,4326,5,14476861,14476933,,,,,,10ad6c1545a60a530df604cc9aa4ffbe589695ac2e6cbd178cc9b888e1f63070,,,
S3,1,leaf,120,True,077385916835ca3982cc896c3ea3e89fe84a2bfd77c6f003f9f6d42321e5d24c,2252,2574,4,13438205,13438277,,,,,,6d8b9ecf6f8845af9386b266e31a2778724d9bbf90bc85aedc3a5ceb5aff823c,,,
S3,1,leaf,121,True,d6b7c483ab7d6035cd6cfec66b0218ef4f743cc5e1fabd35561bdf68ad7d6dbf,5494,5108,4,13778947,13779019,,,,,,93fd7f31c63d33ce5d16de24e648678fac62912265d2d8c55a17ae678224f68b,,,
S3,1,leaf,122,True,8cebdc9ba6fbd2485116bf9a32e196094abfdd40661e8b7cb72ea71db79c36c2,2820,3715,6,14965546,14965618,,,,,,23d48b9f6c9073ab1183e2686e9c1a5905ff6cd8068b1aa85d394866ceb94c7e,,,
S3,1,leaf,123,True,b874142e86f754986f518475b9bca145fbecde6ad8a07c3c23c68fb27d241fba,2542,3572,3,12799662,12799734,,,,,,083383cf494793c80487f8476f97cec6ea6ec7e37a85269cd65095c0b7a478ee,,,
S3,1,leaf,124,True,5fccdbd73248f6e1c9fcc74b92c7d85395dc033bc8cfa3da0b7e6e2f78ec3c88,2491,3947,3,12742365,12742437,,,,,,f526befaf06405bb4a7f7593d5c59a8e99008c57b4bcdb91d5ef3b73307ad816,,,
S3,1,leaf,125,True,8da51f18d6a3f5802d3049426e5a36fc3aa2fe89d207cf0ab2fcb5f3638fc290,4474,3380,3,12557625,12557697,,,,,,ef9554f859146386052f075440e95e9a4da9649e9242826b329d4777a32f49a8,,,
S3,1,leaf,126,True,0c03b30e710cae165ff6bbeadd4fd937664f72600a78606ba476476187149fd3,2181,3585,5,14213067,14213139,,,,,,2bb6b9bf23198c16c0020231d2f6164015943e66c54e1867f76e34598fd3fcde,,,
S3,1,leaf,127,True,6a5040bb9c64bae0a12795a328367eb874e135efe7dbc65872cb49fa9565fcb6,3703,4063,3,13419198,13419270,,,,,,5b45c5fdd8d344176c0eece80c621bfcb1abfa2bc6c24774a9fd12d3cc2ec058,,,
S3,1,leaf,128,True,4dea9293b898bce36e76fbfe7c06754ee7a6933a2b6555062858e5a97ddbe224,5450,4842,4,13300100,13300172,,,,,,2db98bd2e5eaf5822f1f6da98bda95d9541284c087b1c0db74c0cacd7de8ea42,,,
S3,1,leaf,129,True,f5bfc372e32f7a8073576674f88d4503d846d4d6f834b4c8a2d7f82b07395485,2506,3362,4,12620130,12620202,,,,,,58831ec69b67882f3b4af408fd01b9b63ad55e8aed17a89f550f3c4a94a92134,,,
S3,1,leaf,130,True,087e4796fed5a99af73d3f9b2800132b11259637d93e1a14a254ca60aedcbb53,3900,3047,3,12725997,12726069,,,,,,bde08fdb845b259283b1cb4a484e46c6f52bbd289660ef2045354868c0ba1631,,,
S3,1,leaf,131,True,9d87e085ea197e44c09be2b821a6c14c0b0f394bcea359e1a4f8f481e50cf164,3407,3984,3,13054487,13054559,,,,,,2c1f19875467f6aa1a4c5826012b261ddcbce37259a4e64c886b54d2b8c8ad2c,,,
S3,1,leaf,132,True,bb302d4cdfe665e0daa00bb4056372cff488e0963b83c718d803c6e5a99f2ff9,3503,3982,4,13745315,13745387,,,,,,d112365d7b3e2eb0299157a91bcc502b20aa6c255e39e9a2b0543eef345cbfde,,,
S3,1,leaf,133,True,dcf626dba9f04d6cc05950912fac162db98c21e0e55108349c0300896aa9022c,4111,5292,5,14113862,14113934,,,,,,2e0a8f984be8b8fb88eb5aea79e5d24227117c36b659a6de2d53fdeaec23597a,,,
S3,1,leaf,134,True,5169cb4e3d78360ca9303da49a2d3b995302ce55063a83ce30a87c60fd430d47,3726,3769,3,12382770,12382842,,,,,,e94724861ebfaf4e1ebbf02d141f5ed84ed467309900fc48a9aee29250f03d2a,,,
S3,1,leaf,135,True,1b0a40b9ad3c942e1f60dc7db64a03f74271f53a0adb31447f0a2aafe03bbfdc,5539,5151,4,13922327,13922399,,,,,,d974a78f7c057ff7f3ba8585e6d50948a26492bbded2dfaec6beb008d2ee7a78,,,
S3,1,leaf,136,True,69f7bae89d30c48d7c58202e0980bed04857e6116d44de4953f20c8bbe451e62,2230,3104,4,12835639,12835711,,,,,,6505a1b41fe91f3cfd659354a692c02ab7c60a448f7cc05a59b9afc7f3a4e092,,,
S3,1,leaf,137,True,7e862758d420bbdb93570f95d58148c9ed1fc1361029b412db95540dc9b7f2f5,3998,4556,4,13222001,13222073,,,,,,154ff0149873c0fc9980c341c1f72642b9cb930856953a8875ee88c5424fc018,,,
S3,1,leaf,138,True,f304308e04aa8054240cd7ecf5768f24a724c41ac18999e3da2f2359b48e0d06,3802,3467,3,12724297,12724369,,,,,,6c033dd9e940b105b6704758f3f58a0df6adea9133866a90e38c808af5a772f6,,,
S3,1,leaf,139,True,f915333ed8d6c603814c6d45de831d757870127f5a097ba135bec298d1278c9e,3311,3954,3,12403383,12403455,,,,,,534513b39f74b8b0ee95e5aed495f87fe1babeb340d339467c7fed89afcd5766,,,
S3,1,leaf,140,True,2c4b5165541f7efc7a382b7e673f2f9c66fef98eebe1bc98554267a6b28fc598,3688,3192,3,12473221,12473293,,,,,,c6ddfbd3fe73256cd76d547aa322a0710a1f7b2736a49eb68d3fe84afd014725,,,
S3,1,leaf,141,True,209de9e2bed0d3553c3bf98af7b207eb480d6c843b76e6dd2659afb5cc93c4e0,3359,4549,4,13691662,13691734,,,,,,f361ac7d445a9500c4bbc51b8ec87176dcb49183f20f38364ae96e1935de4ce2,,,
S3,1,leaf,142,True,e787df6fb29fdaf518ab14f2f678a554de1685006cef13b739ccce65200d80b1,3101,3426,3,11905333,11905405,,,,,,832be07f00afecc143ff154c26fdd0b3089a2f4e0f07136052c76f2a12a0d073,,,
S3,1,leaf,143,True,9602f6c2446b3b5ca33847cef733fb4976952040e3459632bb5685412b4a79d1,5622,4271,3,13374748,13374820,,,,,,0dbd7cd6e82540eabc38ce1f933f3d42bce56aac11da0f2ffb383e9e669c3359,,,
S3,1,leaf,144,True,6e007a038eb87c5d84bc5c722278c80d4aaad87f03511b62c22b1543d923b51a,2440,4164,3,12428373,12428445,,,,,,adc91158cf7ab3b1c3bd452496dd6bec217859b799602d5e3568a0c46074e395,,,
S3,1,leaf,145,True,3d91e828de7f327baef1c2ac1d014828cefd0dca1e7cc801ffc1a61056ba853f,1,11,1,7673709,7673781,,,,,,fa7e01965ab1f19e5310e0017bc7d836b6fe7d6a788dd0bf19684fbf1e1f8cdf,,,
S3,1,leaf,146,True,ae9bedb0b5743bf0b252ad311e2ef8bdb556e784145b0b80825fd0c6730377c0,4,30,1,9492227,9492299,,,,,,6729bbceb02373e4be32838d7b0953577cce39c484027ef62ba033aeffd29d99,,,
S3,1,aggregate,292,True,dcdf02c72e8382261edcfd355e70673e8bf360e2437934109288e97f00155a96,,,1,5543673,5543713,,,,,,,,,
S3,1,aggregate,root,False,62ef87027c554584281b063145a67d1a6bc2ea0ce99aa0808cf4e8e8e4845ed3,,,1,5552953,5552993,8.2,11.959689003000676,6490088496,1,1.2212000001454726e-05,,,,
S3,1,aggregate-intermediate,294,False,5654916aafd3e8d68d2d1da5d37cd143427205da78245957db5b48bd75acfc41,,,2,6924433,6924473,,,,,,,,,
S3,1,root-wrap,0,False,,,,1,,,,,,,,,6.1,2,57.0
S4,1,leaf,0,True,a7f60e8ce5db6c9a145b93d2527a4370498de48077fc123bc21afdd93fbf4959,2513,3409,4,13826194,13826266,,,,,,1db36cb23fb9a3fcb88d129db957eb0651270566a0f1bc93aa1fa3cc1c8cd01a,,,
S4,1,leaf,1,True,d68fcff6446350b5302e793fd9954e9870e4a5a57eee1393d4d79db849820d3b,5114,4513,6,15364194,15364266,,,,,,80056c480de251a99e2d47d07fe4615c19da634fd06302a7a004b0247a053db3,,,
S4,1,leaf,2,True,72f193bcb9dffd45f8f3aa15673d3dac8fcf4111d4c7b2ac6f1b16ce4372df42,4707,3613,5,14658807,14658879,,,,,,6377fed2e26e9ed640affddff7a10cdf28c36f8775d2f8543b491fb37cd0839e,,,
S4,1,leaf,3,True,095bed4266fec66f71624ea28f0aeb0812e8ccb72483dc7a1c32579b93bf5051,20219,9079,22,31786747,31786820,,,,,,10b3289f367d54680b414a86d687d03a4c06e663fda73f716b25f0484ee885f8,,,
S4,1,leaf,4,True,0901e9c896b0986d5e7a5ae1d7b018a558d4c5222d8f200c0199a4444264daf7,9115,4395,10,18900504,18900577,,,,,,d5cfe94524358f8c8ea9c5179f4d6b2e5a7926c56e0502140da880301d2ea194,,,
S4,1,leaf,5,True,f2c717d4b30654680ce64256ccaf0f572b201759613ed82e28d7e2fa0d25fad2,4231,2209,3,13208199,13208271,,,,,,70521c71a9f1d97b3a9947603b8010ee1d29dd6cf2c0e58be5b5843bb4a0d1ab,,,
S4,1,leaf,6,True,431194c5b1d5a21aaa6d4394cb78f1c5dfa7f934cdb186f4510c58ceb50ada87,1807,1421,2,11423743,11423815,,,,,,f612ea0289708c8b505a7f878450fd1ebc8101c359a6612d299d851ff812da5c,,,
S4,1,leaf,7,True,cfa84244ff7b73418a4f56a28dedbe0d6e2f7315f0a2da593da13039707df45c,806,511,1,10448620,10448692,,,,,,5ee1c1858f308b713043938d48445c682edb432db72f7c5dd1acccd7711c3c31,,,
S4,1,leaf,8,True,ce4de1b708865da2f62dadab0d05de5c6c22c7d357782bbc6d2ae2335952f586,391,268,1,10339595,10339667,,,,,,4c8f882886616a7bdad7ce1e306df30396a06a26aba02f9ddf2f6aee4dabcb6d,,,
S4,1,leaf,9,True,8f48a610a83be6bf9f38a59dbaae25069004594270c907a8507f7c3bdce4c086,168,140,1,9737432,9737504,,,,,,e7b328ef40ba017608f4a157fe3bc50aa4a7a64d74fdf0618b98e17b90b9eba2,,,
S4,1,leaf,10,True,d7a8ca99c3357f8fd13172372a3023e4f6e496d0e79ef90d5f2672957d2583fd,76,87,1,9400751,9400823,,,,,,29c88bb903b02f799756017df3c053bf292c75ba9270b27004cb7aa405dfe33d,,,
S4,1,leaf,11,True,36849dc883ac8f543b31a5ba50d31c349d8566f928f679b397aa0dd3c2c91c8e,22,29,1,8875245,8875317,,,,,,5a256032b041741f76217b614d946c08db630024a6211700184a01b616e2111d,,,
S4,1,leaf,12,True,e6a893d7f8fbd96760bac50b4f9415dc267bb3bc5e7fe62c0d0b47ab7c16da6e,1,5,1,6798965,6799037,,,,,,505358427355c04daff57f0a2f859be4711e7007c4d79946abcfaf950ce50c5b,,,
S4,1,leaf,13,True,d7dce9cded1687fa364391357fa3d3a054ce6927e9a5213f36adbd0ed6f9f90f,1,5,1,6794933,6795005,,,,,,f0d83a9e390c7ae5335988f902fc044741e7df2b61f54e161822485e5912dacd,,,
S4,1,leaf,14,True,dc34f8d9238c38484fcb5eb0fd4b2a9e2b5aa7c836b60abf15dec04a6ec86e0b,1,4,1,7788817,7788889,,,,,,5d81ece31505b4c32710fbf2a0e40c7eda6f19470ab69b33edb75480475034b9,,,
S4,1,leaf,15,True,d23232ef2ca3a18751db1d37d394f0ba3ce9164ab7bbcaad1715aa5af53cf3b8,1,4,1,6308459,6308531,,,,,,a1e8d30d6416da19d854a3ebac91172c69c2d8ba7d37f74f6dcff3d0d39bbaba,,,
S4,1,leaf,16,True,46660ed0c2b2a47924993618e3d38d24e9f62a8b41fbf7e3bf5bd05e95785a20,3,2,1,6295497,6295569,,,,,,40d25fc773df599683d433903ca50543fda6ee17881cf809ad4c034bd2d858dc,,,
S4,1,leaf,17,True,68ad5027d4516fa5f34ea9ff2a44d59d5f4539815787fc8782da7fbe3628065e,3,3,1,6501255,6501327,,,,,,3a7d0311363a118376d9f5ae8f9a4ddda5872835df7548847b91d86ce4d157a3,,,
S4,1,leaf,18,True,a12ae4adf3a978fb750ef2262dd6021fa654e874c938507c856ac7b4b8a9d6d7,1,2,1,5905519,5905591,,,,,,3de547ad70ec36e190ec4b947adc371db05e332c4b1dafcbd758fe8b5fda4946,,,
S4,1,leaf,19,True,ce720edbfa79f87d2d468b6cbee24ec34e313d8a8ca8cdbf2fdb89936678d8fa,1,5,1,6141233,6141305,,,,,,fb8fe46b85abd4ec8e1ced4de0eacc7e127fa2e8b97f70d27466054b8b226c79,,,
S4,1,leaf,20,True,4235e54d996124ef288adfb4da36e16169ac8fb2805c9aee50358ef5e976a084,1,2,1,7110879,7110951,,,,,,f4a78be484cef7a40af537f6b9127f2c46beb68b171183940d2dcfad4fbf0227,,,
S4,1,leaf,21,True,530dae89c19c2ace0bb01117268657d1568e2cb757dfb7f2ed0b3f7cb154897d,1,2,1,7118321,7118393,,,,,,f1eeeea47c76117dfe1de334517326fafb2a38f4ba67c37203169b0c51cb669e,,,
S4,1,leaf,22,True,bf1189a25318a8c7aa0b0a8083ad60c8dcaa8affce51f0b36d9dd9f60b77cb41,3,1,1,6253239,6253311,,,,,,7ade48fafab0b5839279713942dc1de46cd03741bcf6ea5c98aa84011f745bff,,,
S4,1,leaf,23,True,81283c7c09682669867e5ec0f49f0c769e1fc8cf2774036762721930a664879b,1,2,1,6539379,6539451,,,,,,8cae0da17b05d5e0b6c5a6d6eb5510705fcbb982408c1d6b204bbbfa3264b9db,,,
S4,1,leaf,24,True,a4ce36e7a792a30bfcb96c6d7db8c18ec462a5ff55e7fbba2640d1d87d828469,1,3,1,7707255,7707327,,,,,,89ae424e5fd4b838a4d14c9fd47079fa6b1fccb1ea3453c86601311a08c4ec71,,,
S4,1,leaf,25,True,8b461b4416402151d415e244d29bda1814ed4309420ba94f245cb702db81a7e1,1,2,1,5908111,5908183,,,,,,842ea8d4c57049ab8bd4d37cf4d3d6e295726226e97952c343e0c3dd30d882ab,,,
S4,1,leaf,26,True,e6a9b0cca947c215a0e8c3fe7fb470e9ef8194491885cd5872f159562eb56b90,1,3,1,7297515,7297587,,,,,,079248bbb7ea10b974ce27f3d98ef3928ea725dc3eb734816f5fd41ec7e31cc1,,,
S4,1,leaf,27,True,1882da26aa2c459ef8144f73066c377fae1e9fa97ff63bea1f213af66df693ad,3,5,1,7090493,7090565,,,,,,6637148bc1f10642bc4d833666f411c3578c512c592cee8d29cad774ced3a9b1,,,
S4,1,leaf,28,True,692346025cd33ddaa559276c80d67d17c845515ef6586c32c5f633d7a10c1454,1,8,1,6815111,6815183,,,,,,5a767f939ccb596feb9cfc97632ca2c5755b8930c81892aa0bffef29f5801fe5,,,
S4,1,leaf,29,True,3b86b68d88a76980c7066e464f0c75622da5c1c34a65e9039d11df68f84edbdc,1,8,1,6814375,6814447,,,,,,0f1fbe040e7ff24b055481843747426816d4dcf24cdcd3db37e963f968ec2e04,,,
S4,1,leaf,30,True,e7ca595271e0288e4eccb5eeff74193a16c2d76c4c40ad379e481c86156d50b2,1,7,1,8144681,8144753,,,,,,62acd0338b6eaf08f53c565d624cdd964b8edf541d5bf11596fd57041733ddf4,,,
S4,1,leaf,31,True,f02534a11a35bc8e2b56b9b8c46a9c6536897859ffd8c5c3ea6dede98e8a472a,1,7,1,7348505,7348577,,,,,,941be6701dcc7be58fe0c829709a77e162eb1f012936d1c04798cf81fcfa50e4,,,
S4,1,leaf,32,True,bc53e820fb5691fefff37f39aedc597b68261470b32b1bff4da4924e24d47742,3,5,1,7520911,7520983,,,,,,6ac9348d8f4d65d0c896d8f174170809c0e37b757cd1db14d3b61ebf7f27d833,,,
S4,1,leaf,33,True,cdf58c03bb8ef45207420ca1804bc4e5089b7b4fad43c69e60f72240fe05c410,1,7,1,8360283,8360355,,,,,,42013b0ff6311a3a0e3bc0e66c3d48e8d43428c0952efcbfef78b5b21d6babd8,,,
S4,1,leaf,34,True,993210ccb5e04eb2746bee8df59b7c1bb316b7c034d4723b04ff4ee45613a9ad,1,4,1,6634637,6634709,,,,,,1d04dd1a69ea5e5db47ec7cc37f9051d2bfcdcaa94c53341fe299bc50a5be324,,,
S4,1,leaf,35,True,210b7c00f7b1773da0bf9a18c250c34332369e9ed42dac5b68c5cecc13dc6953,1,6,1,8518769,8518841,,,,,,c415c2bdfec0a84d6321363630307c0b711cdeacd4e27119dcbbf54e70757c76,,,
S4,1,leaf,36,True,7727f29b5e16ace99d2c28ff0c24e6b05e375ec1c69e7b9e5d21b4857a2b77a1,1,5,1,8364827,8364899,,,,,,6c424381ce18d87833a599cded3aec59289e8b356fd3ed624bc18095cb981515,,,
S4,1,leaf,37,True,74407c79ffac02244096f4f4320994d0ea1cfcccf3b39465dd751537acebe922,1,3,1,6670335,6670407,,,,,,e1b0f4d8fbe453b836aec4ccc2ff8acd60924998c98c69a06e2988b64a432075,,,
S4,1,leaf,38,True,6e50f3afa1f8ceea5ba75943fecd2de3b4a9406b2fa3a40aed7a5658288f30ee,1,5,1,6665695,6665767,,,,,,f8d5ac2ef0877b301f578ac9519dabcb96ef031987e4b9fb3f9307e653dfea6c,,,
S4,1,leaf,39,True,eee3d0ffc4247cb978e765350480fa01b680f592c2114f7ae24b225442c01dc1,1,4,1,6780995,6781067,,,,,,6170510340091d64c618c61b1b37dd777e11c89ae00a9a540014328abb5aac72,,,
S4,1,leaf,40,True,ef53cca376a41ad7ff8eaef578260e0ff9f98d804efcac5b7b937f91ba02f051,1,7,1,8399193,8399265,,,,,,04f6c1a632029de8f6a9eeeb407c40a7ba2d5b0a775140aae275a87a518085d1,,,
S4,1,leaf,41,True,e9761a1fdb19d6015a20a5e380f09c915b7cb502d54f608d1df196d10d5beb5b,1,7,1,8398265,8398337,,,,,,6be7e85d54d4e7fa14f2b150e893c9bbff34c2872493198e3e23e4909992590b,,,
S4,1,leaf,42,True,4c7752c103f278ea6841341e9f7cf784ec37b04312effd6f8fd67c3123450518,1,9,1,8269301,8269373,,,,,,e67e2e0c36a3d82f852d2226b8e86417660436175b20c97872b6312eea7b484b,,,
S4,1,leaf,43,True,bb419c44ae63d4a505320ab01cab916871b953ea1caf91aeab4784f3466d6abd,1,6,1,8238915,8238987,,,,,,c834a3c72892bb2b369f87efb1a0c633d8054b44ea33896ce7f21a437fb625c1,,,
S4,1,leaf,44,True,b6eefba10bdeedfc162e91ea6c01d6452495d8d10222bf30904e7a2151b49ba5,1,3,1,6528055,6528127,,,,,,73bb8ec1e140466d6dd08107a983c2ebe90a890ad6a6ae8662ff02dbb9a70924,,,
S4,1,leaf,45,True,df425093703e9d8527536f01aeceb1b85f2238aad9bf03cea864845d0655c5d3,3,1,1,6765133,6765205,,,,,,4055dd6b93bb05fa9600a934fa7d3c414a6b3dd92aca85bbec3f67a53b7308d4,,,
S4,1,leaf,46,True,c3e94dce811a59db09a8e981303b244aeb9269b51676963cc17ec58bb5400882,1,3,1,8243619,8243691,,,,,,8393f2cd151bad767a6557871b3af5859db2b9b018fbb50f771869f789864053,,,
S4,1,leaf,47,True,cb2c3877de43cf0db629fdfd23a6d6abd4ba508872e72ce61f5513da19ed0858,1,4,1,8495787,8495859,,,,,,1ce0db737820a0f3962574cd5db183de6b001881ab8749c937aec14644823e64,,,
S4,1,leaf,48,True,0c5ee5822d80fd705ea18e55c38f49edb4a48ed6c111df4544fcec512ce9db01,1,3,1,5842095,5842167,,,,,,d2988cba2afc2484dba3f60cd34ca8b90e93e04d1d17d9c4d21da0f9a38e7864,,,
S4,1,leaf,49,True,c4ada97fe933956ddbc2d7e7514a8f154e26dffb80dc7323a008ab6d83c13f3c,1,3,1,5878049,5878121,,,,,,6b78de204e43935c6edcb9d67e9a48b32b90e0a87671d07c0439ecf18bb15b47,,,
S4,1,leaf,50,True,5644986754b027f797c41921ed0041d167577dc1982118bf2bcc85cf76da7235,1,4,1,5886081,5886153,,,,,,8d6e3f951675087b53407964b6a8fd2f27536566c601d8c6a1bbb1b3d34f8914,,,
S4,1,leaf,51,True,23d50f52691c0c1cda656291e6e4998c14af6c04fdc57aa25650eabd12fbd73c,1,3,1,5847759,5847831,,,,,,3476f9d0db07af401c9397b67815ee411d0ce78dc14bcfc5a26ffdc357abc9e8,,,
S4,1,leaf,52,True,2ec1348bff59797e2c6cb0f95af5571d8b8ea780d56703ac1e5e373da1ae2c4f,1,4,1,6076845,6076917,,,,,,cb404f828d66a72d3662e76e6e69b22ea51cb5abf98df8fdcb7477c359544255,,,
S4,1,leaf,53,True,8af22c0a8e848349fe17cafd8a0537d141ae004aa6b59b5007d18255f4a9707c,1,4,1,6071181,6071253,,,,,,12c38e2a69b05eb1a0dd22131c803858c6b6916180d2598bf211b93341ce361a,,,
S4,1,leaf,54,True,f2b20fc53723a263b568e87e597add0f343c60f8ac5ce29d2a6a23f202cc1129,1,4,1,6076461,6076533,,,,,,8a6e81f0f3d23954e96708075ee89e5b73d9f8749ae877380faefa9fc82d91c4,,,
S4,1,leaf,55,True,46177aa4987cf869ec27fd0b2c02f9deb4229458b8d010bc25bf029ce2a23071,1,4,1,6073421,6073493,,,,,,b56a07d1e02a1e24113a0564784e5e055ba3816d088940ad4136a1e471a38a9d,,,
S4,1,leaf,56,True,9955e592873054432942b8553782841c195178e36048de8141985c4bf1b9e0b1,1,3,1,5861711,5861783,,,,,,5b055e5e32bc0c8e2c1e0fafa76a2b314aec03e7bd8701bb56480fb96c4684ee,,,
S4,1,leaf,57,True,8c221f90f976c56a5e42975deb5dc701cc4d24b61c2720338cb4ed6dd73f5a4f,4,2,1,6288457,6288529,,,,,,1ca2d5b9f8c164dac413fd1a445cf9755eb515eccec8a7f924a7e4fa0c900bcd,,,
S4,1,leaf,58,True,a342c2b415fb6cf79c1a141318b4a3e29cb6115f8dbde41790e7f0988a4107db,1,5,1,6949313,6949385,,,,,,7af4523c8f298f0f8f7081362d70981dbf3824648f7e99b55adef095d4b9651f,,,
S4,1,leaf,59,True,34ab2e396b63cf211645c64d45b7ff01f2e4c151878d9ad2c47df2b22b0fea19,1,2,1,5866845,5866917,,,,,,d13f30adf5f4274599308263453ebe271dd468acb2e16bdc0b21bcf6e40f8e68,,,
S4,1,leaf,60,True,7fe072468686c56727bdb7f37fade1b9217ac37584a2a282efea7af03509445d,1,2,1,7748411,7748483,,,,,,526c34a469ce939588418aaf65278f9db46f17c71ffa230f4805008f06ef3a18,,,
S4,1,leaf,61,True,2513147d88577bce0ce7c20ce024f9582b553b0007a75dccf9a9025c07123197,1,6,1,6662879,6662951,,,,,,b374912fd3fe2bb9945aec75ceeedcdbb704147c030efb39dcf493d3c7fdd578,,,
S4,1,leaf,62,True,f65c88c2c1a74738710c4fa4804694e80b4472ac6bf93b8a17a8da742ca0ece2,1,3,1,6663231,6663303,,,,,,98fd04bc09eaebe45647010d21d2815ba9321b63a91e19af6b366a6087e3db3f,,,
S4,1,leaf,63,True,7f0527485352390c98a7d6d4063d3c837a7da96107089b18bc92f1f8bb2f8fc1,3,1,1,7128925,7128997,,,,,,a76b2489511745d1d29385c228426d2c26bfe753820eb51992e70c1a03a67e75,,,
S4,1,leaf,64,True,4eff89b9268b8ca4bd8bd376eb2be59e3694634ad395079da70a15b88ebbf7e6,3186,4656,14,22279964,22280037,,,,,,a1e974454a66469723ed61735f573bf8bec24222bd5e9aaf6d167a7ffa0ec1d5,,,
S4,1,leaf,65,True,8904bb2b40e88d4c99a0305812db5e2f532df0dfe6606ebcdf3e6ac927b8ab59,4574,3424,5,14629221,14629293,,,,,,1018c66e525856ad887d43c01cd916ac3cd7957e973764709c84e64a73d3a217,,,
S4,1,leaf,66,True,d9682b3a7547179b4d29d1587c4c867f5e3c6bdb07cfcdb4fbf2aed7d63aa9f6,5831,4837,16,23349993,23350066,,,,,,ad19667f2bf09cfed72cfd50cb398b249b0e597e9d0ccfd94fe9d38f568ee35b,,,
S4,1,leaf,67,True,10e51b0eb01bb2f382c7b9f81b5ed2e4368a3de5107291b4cc0f1fb60d970f0a,2035,3476,5,14504257,14504329,,,,,,f4c594b809e8a8c86c457227060bde209565f0151d8a40cce496b4d5b5e4e22e,,,
S4,1,leaf,68,True,0e8e89d7342bf67443d9e4b07d842245098df615104133e2edb4be0b452af554,5817,1649,9,17525725,17525798,,,,,,951154ff6cea26b261c4176f967eb8b75f6ac8000c70885b37817fcb8151eecb,,,
S4,1,leaf,69,True,793a2f301fa2e6b4c3ebd8da591a519abd00e776d7c1fceb742bd692c1a73aa3,5152,3281,4,13714100,13714172,,,,,,f9f3ddef7892b8106a96e3b7094bc8aaec1143509fd1531879148e2f5a5f6922,,,
S4,1,leaf,70,True,9be391bedefd2c71492622deaf94c982ae080033086977ad96e289b34e763656,3138,3427,5,14526451,14526523,,,,,,b8b344ff2eade4221c66147fdb3366e1c80fd1b724ad1558c3b9b3899361d1ff,,,
S4,1,leaf,71,True,3b620c7c25554f03d7457a5d0b2c3e66df20f44fe4857beb5598a0d4bec523ab,2905,2122,11,18490940,18491013,,,,,,aa25bf4b1c847b24bebe95a8540e3bfacd718632986bdc59b33922b41c4e4577,,,
S4,1,leaf,72,True,0e4257d4883d860017bc6162fc11579f262b3b3acab789c730ae1e643ea4805b,5669,4670,9,17356198,17356271,,,,,,ccd5efab2f76b60cd5d8a5c744e4422f18258329bfb0868525f3967e38f83263,,,
S4,1,leaf,73,True,c9cf12d14b7e435def36f93eae3b2b0c61a8c1ab22b2cf3adb0f5a8ce88b9fea,2779,4756,8,16622219,16622291,,,,,,e905921dfa303b44c11ea3f0fd97d3c7545a771f48f1a3d2c300be3fdfba59a5,,,
S4,1,leaf,74,True,2ff4794a3de9a59894ff7d89a40e397fe6f38e89d6d477afafd17a57bfffc368,8907,5621,8,17824838,17824911,,,,,,0a3892148f138d6ad35c5c92217ba86251a5376232d2855a5313740ed6425847,,,
S4,1,leaf,75,True,67074bcc19dbb8ab568219f55c1894a669ccb419932fc7e8ed1739e92f7d77d6,5500,3476,4,13844694,13844766,,,,,,f766ae5485da68e0876dc5f5a61a4569747519078afd9d53211bcd258a10bc77,,,
S4,1,leaf,76,True,9c7879cffdab12d9e0604e63f505740ee92a84692083aecdd76719fddb761c98,1974,2534,26,31762198,31762271,,,,,,61eb7d3a8e8d5bc257bf1c4b9171df46ecd640144dc7dd0a3c88f0a600938be9,,,
S4,1,leaf,77,True,329df75570595070d1b71414c63d874ec0d64b8b54272333ed82c5463dac64ee,3657,1920,8,16627950,16628022,,,,,,cd678858f5dc347e92971ce1866132dd971ec5eea041ab67873d4ae112e1e932,,,
S4,1,leaf,78,True,0b9cc0367db47b1a31d9fde10702f81e2d4a561699ae1d19221ec6f27145817c,5695,4124,10,18423501,18423574,,,,,,b343d7d179f7ad1cfef134f607cb47e446da8ad6cdbd6679dc9bd6f8e627bcef,,,
S4,1,leaf,79,True,52a37a0221fd7e142faa388d7f4d344bbbf384cb8d0ec14a0ab13f7dd74ee515,2084,4061,11,19420001,19420074,,,,,,9717a46636c03296eee1e0d0687426d8b9a003895e8ef0551f9389c1c6f45571,,,
S4,1,leaf,80,True,058f66d17c03f0cc00cb250382428f037b12ca299e0371c66d903210fe0d90f8,6005,2054,3,13075476,13075548,,,,,,cffe08c36fa18f6e9b5fa43c485398fe1096722415a2a0ae7bb5c850dfa8594a,,,
S4,1,leaf,81,True,dea768a043bac5e97f07bceb571368a2b8ec6d443849ddfd948737c4752d93a3,5650,4032,3,13039174,13039246,,,,,,afa726f8739f0c72727fde285ec486573551db873ff88dc39ca6505839e30596,,,
S4,1,leaf,82,True,20cf64638ad81a5f1b99fc863d63645775527731391ccf8b5cf1f709a18a2c00,4253,3084,6,15779096,15779168,,,,,,81351396b3e8ab8ad115b99b7fe9d5d1361ffcd02e2be53900267cb06cd80458,,,
S4,1,leaf,83,True,c370ff086d9502087ec9e0e23f3b865a01e276a6f839233bcb65981fa8ec3ab0,4022,3378,4,13682244,13682316,,,,,,7fb6d4a5b2a60d7364514e884ab16bf6760d0af3c328153897ca2f1deef10b2e,,,
S4,1,leaf,84,True,a6d64ad59797cd62950b2fd33edac4a8ffbd6f0afb31830ec39a487076fe32f7,5112,3869,3,12633950,12634022,,,,,,cfd23e8e137b3f23fd1cc851236160a0ca92e2efde628b9cfd119f23490745e1,,,
S4,1,leaf,85,True,ee3679761bd77699aa599983226c11d0c598995ab3fae322399e03ea8cf468b3,2288,3601,10,18392191,18392264,,,,,,378fc6a99ff13836866ff8d639b50825036bb3dcb0c2c59cc4353bef11e92e25,,,
S4,1,leaf,86,True,7040cbe3eaae579a0c4b8e020c573e7554f0a532ebe28b14ea4fc33b63c156dc,8280,5200,8,18186721,18186794,,,,,,41d55a8c56866556aa560c40d120c92112acca6cfda64f8f31bd2db5b8ec61ee,,,
S4,1,leaf,87,True,0d27f1c5f1b6ca22ade7322d9c361e83d9975d4eaf3bdebda66ebbcc98b70c65,3198,3786,15,22201715,22201788,,,,,,538ff4907bad3be5f75a596395888d0f06c24ab9a2fcfa75db41e00e96bc61de,,,
S4,1,leaf,88,True,add464d2ee0e831d6e457b97c92ee0c60c36eb868856b3a671b7ff17c195c335,4642,2906,5,14478881,14478953,,,,,,2732d339a23b02b3ee77eef38b96b9d01169b9d1455c142f7f5f3746aec89663,,,
S4,1,leaf,89,True,cd7a81c36a1ddc4f0c48e3a477a3e7a15643de111445e351cd458fc2be15e639,2354,3938,14,21638247,21638320,,,,,,bb80362704ddc829b0c47ca11ce1368ebd85655522b23d2b9192728351a929be,,,
S4,1,leaf,90,True,ec8e954fb5a832465485de965c1defb54ea5ded1ae7e5fbb1d8730bfaac0855b,6561,1953,4,13968181,13968253,,,,,,bbcc6da50acf0aa204471013bce07c6cec4b0077192dff3b5f8ea2e0bf82a6ac,,,
S4,1,leaf,91,True,1142159d4316662744fd742288fd109fbb2f77c89a7dc445c2d31db9fc704b60,4050,5110,10,18383726,18383799,,,,,,7e5bad65990e48924408c0536ebf636e38d6be72180eb64d44b224604e09b49c,,,
S4,1,leaf,92,True,a326e1fa610ef886949111194264d33201ca3674ad04591414736b0bf404e198,5600,2368,4,14008427,14008499,,,,,,29a1de984993eedf58ba8dbb0028d025db07c075ee04f76a4c1bddcc425a0974,,,
S4,1,leaf,93,True,a556fbb11ebb97f654b692ca8c16631620a22131c637772eeeda5254291d0917,5511,4165,11,19043573,19043646,,,,,,b5a6f0a82c2253ac6a95a73fe808d5eacb6e434ab747b06f1f991ffcb4b23513,,,
S4,1,leaf,94,True,30d3fdcf041a7e224fae438610555060c204a43bf4b66882b3378c1720f2cc22,8531,4730,8,17372431,17372504,,,,,,8fa1eccc549840fa9c5e2660c997f221b170f734f70024deb9b3161ee9e2d849,,,
S4,1,leaf,95,True,72fca8f5ad3b1edb8be7073bfeae0186ef4f62e7be7536fa330303e239519320,2096,2747,14,21705363,21705436,,,,,,9922b0642ccbc93dcfb87569178f5e590cac69965c4642bb901ebe30ab6df35c,,,
S4,1,leaf,96,True,2e8eedcaf64281b4fc8a01d0fb1fccd925315f4e9949cd758b423c37912a21ac,6300,3118,5,14286873,14286945,,,,,,fddc020cc3c5c3763ac93ea902e073ef241021c623b0a39cd1ba1693a3cbb1d3,,,
S4,1,leaf,97,True,0b3b9b510107b8b6309fae6c0c9b8c8fd4614f515ec9c0f1cd9a0dbb049a19e5,3033,2512,4,12539004,12539076,,,,,,6d5ab4c9214841524db61c727e930c644b5e7a0498c9a0742b128337a1cd3afa,,,
S4,1,leaf,98,True,ff0a4b5dd35aec7ff746e6653e3755579cdc21be428ccc4b282837277446c1fb,8147,4821,9,18328910,18328983,,,,,,22e4733f97e5a5ed2964fd220d7ceaf51ec9543e63036e79aa2c05ef42d49c00,,,
S4,1,leaf,99,True,f39a3519a3f7700286ab6c65e4d7cdb90fd4b62fc7fb6e853871ee29e6c36684,4627,3734,6,15153773,15153845,,,,,,6fa7532110217831cc828f4b41a748fcfb70c5b1fdd2301b5630019d2c8447cc,,,
S4,1,leaf,100,True,6ecaf1be0c46631a3f20832c83670d976f21f0eefd957862d0bb788dd159c321,4064,2982,3,12479511,12479583,,,,,,e14447851391f0829dedfdefdf1e990e04d89f4c87297b336a1f6885f12eef1c,,,
S4,1,leaf,101,True,75606c25d23e546646738a1f2bf1dab1c2d5adc0c44dfcce459de941d679ed3e,3361,4374,9,17482813,17482886,,,,,,e2640e09f6c8cab52d9af99361fd7b63c7b69ef9412dd3c5b4ac1ed54b27aec2,,,
S4,1,leaf,102,True,a506af5126dec2223b3617fa96105a1c1d6844a9245c90858a238f185ee60749,3729,3969,5,14076996,14077068,,,,,,e9a807333a8f6288fedaffbebc9ab9319d1125aeb21c84fe261e3295d0ee91a0,,,
S4,1,leaf,103,True,22cea118e80bc58fd881e5a7e07f83aaf0a814650cbd095e4bf8e6df2670a4e9,3540,4269,13,20875483,20875556,,,,,,91faa979860ce9b61d46e40b572e5119f244fbfc7cd60eaeacd15db1ed4f9124,,,
S4,1,leaf,104,True,7d57c3d44f93e7b5eec63bca035f2e8b23c5e3cef8399dd3321617e278238596,2798,5095,15,22808853,22808926,,,,,,8655873fc8efa7e1437ac032d2e31f714258eb1c6daf24e20cc89f4230f83a96,,,
S4,1,leaf,105,True,7bf29333e6cb871a8ec2ed08c4bf88c1c4b54b311e546023a82bea24402c5046,3041,3845,9,17445776,17445849,,,,,,786dc7ee94db276249c3486edf2840b27bd6b9b35d0894dd5bc3d7edc90c589c,,,
S4,1,leaf,106,True,ecc526394492ccc02e043d031fa4429b85784b8e3ccb0ed0f686dbbba59ccc8b,6106,5420,11,19508595,19508668,,,,,,f8b4052777953a970bf890bfcca1dad328b21beea88eaa0b5b7322341d331357,,,
S4,1,leaf,107,True,b4cd56feb45067f4a750a35b7bfd35fd509ca023325137290d3fce8f20ef9498,2100,3109,7,16011113,16011185,,,,,,282f50c036c38d16f262f7865577aa3a63d60067cd582d8f19197dc5046472a3,,,
S4,1,leaf,108,True,1ab250a52ad6e3de6943e1e85b3646f2e47fef27c7b6c8c4e22a4458cb79af91,3304,4198,5,14414734,14414806,,,,,,44375edd570b567f90174063781c692b0198d3c00b803680a20046d982945a3f,,,
S4,1,leaf,109,True,2f74f669e5756a271a5ff801d7a8c4e31bca0011655dd2ba95f45fae5c7d524c,3552,2958,3,12253169,12253241,,,,,,90a42d7a229af786292731bdce5530525fd90b8bd75ebfab2c46b7ab23969505,,,
S4,1,leaf,110,True,c09dbe84d4642da48f38fba961a47f13bb6caf1c44abcef08fbdd4576bdffb6d,3059,4676,4,13470619,13470691,,,,,,6058d1b0d2b0ce98c250e8771cd5964bd603929ee552788de632c2fdc0b36255,,,
S4,1,leaf,111,True,669e2014c430979e3b41750d7aaa84a7e1200fd0e2111f4af28b4837d35e3090,4060,4390,4,13414458,13414530,,,,,,5b6935d9a9bc3ba5594399c787124ab4f2e9757cd098b06473afc26305f80f1c,,,
S4,1,leaf,112,True,724f689f6abb38669d085c5117366ad7ee4fd5a7e0189a2df94958eb30cf9d41,1719,2506,4,12867977,12868049,,,,,,5cb800ae6f29afeff05adae7a004a400de782bdc9dd672ccc3a400ba5627550d,,,
S4,1,leaf,113,True,19301e806cfa7fe8be0a18270683204e51d1060a0845e21322b97defb99acfb3,3420,4480,4,13442830,13442902,,,,,,1ce676c6236340312160b0aefa9edf6d06a7623884676f1c070446843c3eef1b,,,
S4,1,leaf,114,True,08b91e54e6ab78abdeac1f458e182e6f87ff5d6f6d8b795bc23ff3cac3b46102,5660,4839,4,13286115,13286187,,,,,,e349c590a023cde651c9990afb18a7898ea9288bdda6c4f2a0d463813d720023,,,
S4,1,leaf,115,True,dda6c2ff12b79fc0b77b14aca6d004cc2ee6d5dd0aff11726f5201be15693c24,5279,3759,8,16912329,16912402,,,,,,06e460ce5403651937bacc5dda5bf1e225fece2c2fcc146f8fadad2ce6019469,,,
S4,1,leaf,116,True,2eaffa469591df762e459adf929b4f69a9a43e0083b1e18c8f341d7d0c097f43,5961,4419,5,15178459,15178531,,,,,,cb61c87fd926e81d07484b27d25ce71aff907b002e4d0f0b2ec5af633f404cf2,,,
S4,1,leaf,117,True,4a0ff2d667ce301c4ca722793372729b84ccae88feced29c6505d26b948db316,6007,2988,3,13178649,13178721,,,,,,b2f4970fb8e5d6505e0fe94901f36fa6576ee5cbdd2ffcd766c0731e0febd61a,,,
S4,1,leaf,118,True,3afef4610a97b2f42d4c1ac0c796e95d4a2546c84f9d07f59bf1e37dfa58eb13,3311,3698,4,13515327,13515399,,,,,,e6a7fbee7aae1a0251c6a5f6f09097ee5f00c7a0bf7f012f8b0d020fc84c09eb,,,
S4,1,leaf,119,True,ce95267a93684c1453e2912f50e15365ba9c4915e66ed9b65ada0128ab782992,3182,4326,5,14476861,14476933,,,,,,10ad6c1545a60a530df604cc9aa4ffbe589695ac2e6cbd178cc9b888e1f63070,,,
S4,1,leaf,120,True,077385916835ca3982cc896c3ea3e89fe84a2bfd77c6f003f9f6d42321e5d24c,2252,2574,4,13438205,13438277,,,,,,6d8b9ecf6f8845af9386b266e31a2778724d9bbf90bc85aedc3a5ceb5aff823c,,,
S4,1,leaf,121,True,d6b7c483ab7d6035cd6cfec66b0218ef4f743cc5e1fabd35561bdf68ad7d6dbf,5494,5108,4,13778947,13779019,,,,,,93fd7f31c63d33ce5d16de24e648678fac62912265d2d8c55a17ae678224f68b,,,
S4,1,leaf,122,True,8cebdc9ba6fbd2485116bf9a32e196094abfdd40661e8b7cb72ea71db79c36c2,2820,3715,6,14965546,14965618,,,,,,23d48b9f6c9073ab1183e2686e9c1a5905ff6cd8068b1aa85d394866ceb94c7e,,,
S4,1,leaf,123,True,b874142e86f754986f518475b9bca145fbecde6ad8a07c3c23c68fb27d241fba,2542,3572,3,12799662,12799734,,,,,,083383cf494793c80487f8476f97cec6ea6ec7e37a85269cd65095c0b7a478ee,,,
S4,1,leaf,124,True,5fccdbd73248f6e1c9fcc74b92c7d85395dc033bc8cfa3da0b7e6e2f78ec3c88,2491,3947,3,12742365,12742437,,,,,,f526befaf06405bb4a7f7593d5c59a8e99008c57b4bcdb91d5ef3b73307ad816,,,
S4,1,leaf,125,True,8da51f18d6a3f5802d3049426e5a36fc3aa2fe89d207cf0ab2fcb5f3638fc290,4474,3380,3,12557625,12557697,,,,,,ef9554f859146386052f075440e95e9a4da9649e9242826b329d4777a32f49a8,,,
S4,1,leaf,126,True,0c03b30e710cae165ff6bbeadd4fd937664f72600a78606ba476476187149fd3,2181,3585,5,14213067,14213139,,,,,,2bb6b9bf23198c16c0020231d2f6164015943e66c54e1867f76e34598fd3fcde,,,
S4,1,leaf,127,True,6a5040bb9c64bae0a12795a328367eb874e135efe7dbc65872cb49fa9565fcb6,3703,4063,3,13419198,13419270,,,,,,5b45c5fdd8d344176c0eece80c621bfcb1abfa2bc6c24774a9fd12d3cc2ec058,,,
S4,1,leaf,128,True,4dea9293b898bce36e76fbfe7c06754ee7a6933a2b6555062858e5a97ddbe224,5450,4842,4,13300100,13300172,,,,,,2db98bd2e5eaf5822f1f6da98bda95d9541284c087b1c0db74c0cacd7de8ea42,,,
S4,1,leaf,129,True,f5bfc372e32f7a8073576674f88d4503d846d4d6f834b4c8a2d7f82b07395485,2506,3362,4,12620130,12620202,,,,,,58831ec69b67882f3b4af408fd01b9b63ad55e8aed17a89f550f3c4a94a92134,,,
S4,1,leaf,130,True,087e4796fed5a99af73d3f9b2800132b11259637d93e1a14a254ca60aedcbb53,3900,3047,3,12725997,12726069,,,,,,bde08fdb845b259283b1cb4a484e46c6f52bbd289660ef2045354868c0ba1631,,,
S4,1,leaf,131,True,9d87e085ea197e44c09be2b821a6c14c0b0f394bcea359e1a4f8f481e50cf164,3407,3984,3,13054487,13054559,,,,,,2c1f19875467f6aa1a4c5826012b261ddcbce37259a4e64c886b54d2b8c8ad2c,,,
S4,1,leaf,132,True,bb302d4cdfe665e0daa00bb4056372cff488e0963b83c718d803c6e5a99f2ff9,3503,3982,4,13745315,13745387,,,,,,d112365d7b3e2eb0299157a91bcc502b20aa6c255e39e9a2b0543eef345cbfde,,,
S4,1,leaf,133,True,dcf626dba9f04d6cc05950912fac162db98c21e0e55108349c0300896aa9022c,4111,5292,5,14113862,14113934,,,,,,2e0a8f984be8b8fb88eb5aea79e5d24227117c36b659a6de2d53fdeaec23597a,,,
S4,1,leaf,134,True,5169cb4e3d78360ca9303da49a2d3b995302ce55063a83ce30a87c60fd430d47,3726,3769,3,12382770,12382842,,,,,,e94724861ebfaf4e1ebbf02d141f5ed84ed467309900fc48a9aee29250f03d2a,,,
S4,1,leaf,135,True,1b0a40b9ad3c942e1f60dc7db64a03f74271f53a0adb31447f0a2aafe03bbfdc,5539,5151,4,13922327,13922399,,,,,,d974a78f7c057ff7f3ba8585e6d50948a26492bbded2dfaec6beb008d2ee7a78,,,
S4,1,leaf,136,True,69f7bae89d30c48d7c58202e0980bed04857e6116d44de4953f20c8bbe451e62,2230,3104,4,12835639,12835711,,,,,,6505a1b41fe91f3cfd659354a692c02ab7c60a448f7cc05a59b9afc7f3a4e092,,,
S4,1,leaf,137,True,7e862758d420bbdb93570f95d58148c9ed1fc1361029b412db95540dc9b7f2f5,3998,4556,4,13222001,13222073,,,,,,154ff0149873c0fc9980c341c1f72642b9cb930856953a8875ee88c5424fc018,,,
S4,1,leaf,138,True,f304308e04aa8054240cd7ecf5768f24a724c41ac18999e3da2f2359b48e0d06,3802,3467,3,12724297,12724369,,,,,,6c033dd9e940b105b6704758f3f58a0df6adea9133866a90e38c808af5a772f6,,,
S4,1,leaf,139,True,f915333ed8d6c603814c6d45de831d757870127f5a097ba135bec298d1278c9e,3311,3954,3,12403383,12403455,,,,,,534513b39f74b8b0ee95e5aed495f87fe1babeb340d339467c7fed89afcd5766,,,
S4,1,leaf,140,True,2c4b5165541f7efc7a382b7e673f2f9c66fef98eebe1bc98554267a6b28fc598,3688,3192,3,12473221,12473293,,,,,,c6ddfbd3fe73256cd76d547aa322a0710a1f7b2736a49eb68d3fe84afd014725,,,
S4,1,leaf,141,True,209de9e2bed0d3553c3bf98af7b207eb480d6c843b76e6dd2659afb5cc93c4e0,3359,4549,4,13691662,13691734,,,,,,f361ac7d445a9500c4bbc51b8ec87176dcb49183f20f38364ae96e1935de4ce2,,,
S4,1,leaf,142,True,e787df6fb29fdaf518ab14f2f678a554de1685006cef13b739ccce65200d80b1,3101,3426,3,11905333,11905405,,,,,,832be07f00afecc143ff154c26fdd0b3089a2f4e0f07136052c76f2a12a0d073,,,
S4,1,leaf,143,True,9602f6c2446b3b5ca33847cef733fb4976952040e3459632bb5685412b4a79d1,5622,4271,3,13374748,13374820,,,,,,0dbd7cd6e82540eabc38ce1f933f3d42bce56aac11da0f2ffb383e9e669c3359,,,
S4,1,leaf,144,True,6e007a038eb87c5d84bc5c722278c80d4aaad87f03511b62c22b1543d923b51a,2440,4164,3,12428373,12428445,,,,,,adc91158cf7ab3b1c3bd452496dd6bec217859b799602d5e3568a0c46074e395,,,
S4,1,leaf,145,True,3d91e828de7f327baef1c2ac1d014828cefd0dca1e7cc801ffc1a61056ba853f,1,11,1,7673709,7673781,,,,,,fa7e01965ab1f19e5310e0017bc7d836b6fe7d6a788dd0bf19684fbf1e1f8cdf,,,
S4,1,leaf,146,True,ae9bedb0b5743bf0b252ad311e2ef8bdb556e784145b0b80825fd0c6730377c0,4,30,1,9492227,9492299,,,,,,6729bbceb02373e4be32838d7b0953577cce39c484027ef62ba033aeffd29d99,,,
S4,1,leaf,147,True,e7939d8bd3f6d44165658eccf51f1a03d3b026557d4da62cafab81e52cc5380c,7,32,1,9541540,9541612,,,,,,7e9c67fb6c0efd67298ebc97b9ec315c34d0a79536bb19b01a72bed9f1e539a8,,,
S4,1,aggregate,292,True,dcdf02c72e8382261edcfd355e70673e8bf360e2437934109288e97f00155a96,,,1,5543673,5543713,,,,,,,,,
S4,1,aggregate,root,True,62ef87027c554584281b063145a67d1a6bc2ea0ce99aa0808cf4e8e8e4845ed3,,,1,5552953,5552993,0.3,0.07757585900253616,0,1,1.2241998774698004e-05,,,,
