
running 1 test
native_profile_source,6cb98536ddf8ed1af36775fffea7fd92588cae535626e2ab6273e3a76027fae7,84418860c872d76e77c9b7fa466d091a6f995cd1ed7a1872fb5349131aea17c3,246c11e011f9a481b944ee3cdc7dc14d57b28f467e9bb6f442c30baa433a0766,203923,672
native_profile_window,window-000000000000.ixqp,0,100000,0,24172
native_profile_progress,5000000,1204011,176535,36,179012,5.754838845,[1002721, 1619009, 200267, 305058, 252707, 1015730, 96543, 15, 3964, 18, 108943, 3964, 162083, 104486, 33251, 18451, 0, 2, 33251, 34, 0, 0, 0, 0, 1954, 18787, 16738, 1954, 34, 34, 2]
native_profile_window,window-000005000000.ixqp,5000000,5100000,1204011,1228383
native_profile_progress,10000000,2390781,378235,36,381267,11.180930810,[1992192, 3218329, 392775, 601188, 504237, 2028545, 194186, 37, 8031, 30, 220249, 8031, 325557, 210285, 65259, 36123, 0, 2, 65259, 34, 0, 0, 0, 0, 6199, 61668, 55515, 6199, 34, 34, 2]
native_profile_window,window-000010000000.ixqp,10000000,10100000,2390781,2415190
native_profile_progress,15000000,3574873,584013,36,587598,16.589244592,[2979536, 4814612, 584603, 895924, 755298, 3040482, 291924, 54, 12125, 42, 331787, 12125, 489281, 316228, 97254, 53795, 0, 2, 97254, 34, 0, 0, 0, 0, 10524, 108442, 98080, 10524, 34, 34, 2]
native_profile_window,window-000015000000.ixqp,15000000,15100000,3574873,3599210
native_profile_progress,20000000,4757244,790310,36,794441,21.970401991,[3965817, 6409091, 774049, 1188132, 1007090, 4054811, 390921, 128, 16387, 56, 444385, 16387, 654619, 423823, 128931, 71187, 0, 2, 128931, 34, 0, 0, 0, 0, 15737, 154438, 139237, 15737, 34, 34, 2]
native_profile_window,window-000020000000.ixqp,20000000,20100000,4757244,4781521
native_profile_progress,25000000,5961136,966742,36,971447,27.545031684,[4968429, 8027840, 973939, 1492675, 1260058, 5071138, 487803, 154, 20472, 56, 553431, 20472, 817361, 528901, 162021, 89534, 0, 2, 162021, 34, 0, 0, 0, 0, 17819, 172543, 155408, 17819, 34, 34, 2]
native_profile_window,window-000025000000.ixqp,25000000,25100000,5961136,5985441
native_profile_progress,30000000,7132090,1191907,36,1197140,32.915178644,[5945512, 9608494, 1159851, 1780480, 1510309, 6079042, 586615, 222, 25010, 68, 665853, 25010, 982884, 636856, 192967, 106421, 0, 2, 192967, 34, 0, 0, 0, 0, 24137, 238080, 214979, 24137, 34, 34, 2]
native_profile_window,window-000030000000.ixqp,30000000,30100000,7132090,7156668
native_profile_progress,35000000,8311168,1403827,36,1409594,38.322152936,[6929167, 11196952, 1346732, 2070220, 1762631, 7092030, 686978, 439, 29480, 80, 778445, 29480, 1149252, 746377, 224192, 123419, 0, 2, 224192, 34, 0, 0, 0, 0, 29969, 289025, 260865, 29969, 34, 34, 2]
native_profile_window,window-000035000000.ixqp,35000000,35100000,8311168,8334524
native_profile_progress,40000000,9501552,1599509,36,1605826,43.899191457,[7921163, 12799426, 1538966, 2367122, 2015320, 8107567, 785355, 517, 33835, 106, 889539, 33835, 1314034, 853542, 255987, 140913, 0, 2, 255987, 34, 0, 0, 0, 0, 34415, 325021, 292829, 34415, 34, 34, 2]
native_profile_window,window-000040000000.ixqp,40000000,40100000,9501552,9525144
native_profile_progress,45000000,10697277,1785892,36,1792772,49.498088840,[8917780, 14409289, 1734379, 2665787, 2268137, 9124123, 883794, 593, 38183, 130, 1000241, 38183, 1479004, 960753, 288584, 158838, 0, 2, 288584, 34, 0, 0, 0, 0, 37951, 351468, 316142, 37951, 34, 34, 2]
native_profile_window,window-000045000000.ixqp,45000000,45100000,10697277,10721633
native_profile_progress,50000000,11878526,1996146,36,2003568,54.975732856,[9902656, 16001383, 1923783, 2959067, 2519524, 10136266, 981936, 640, 42403, 144, 1112106, 42403, 1643257, 1067382, 319980, 176139, 0, 2, 319980, 34, 0, 0, 0, 0, 43073, 402444, 362255, 43073, 34, 34, 2]
native_profile_window,window-000050000000.ixqp,50000000,50100000,11878526,11902209
test ixby::paged_exec::profile_tests::streaming_native_execution_profile has been running for over 60 seconds
native_profile_progress,55000000,13076779,2184405,3553,2196662,60.398081091,[10925331, 17634795, 2151542, 3247284, 2754058, 11055901, 1083343, 833, 47043, 14219, 1220563, 47043, 1808014, 1178262, 349379, 188274, 0, 2, 349379, 3551, 0, 0, 0, 0, 57066, 444627, 382355, 57066, 34, 34, 2]
native_profile_window,window-000055000000.ixqp,55000000,55100000,13076779,13101692
native_profile_progress,60000000,14302171,2356637,15684,2381079,65.853952738,[12029814, 19355804, 2479581, 3525267, 2940805, 11731267, 1185580, 857, 51708, 62743, 1319403, 51707, 1966089, 1289851, 373632, 188274, 0, 2, 373632, 15682, 0, 0, 0, 0, 90238, 495401, 382355, 90238, 34, 34, 2]
native_profile_window,window-000060000000.ixqp,60000000,60100000,14302171,14326986
native_profile_progress,65000000,15517427,2526094,27286,2562140,71.440758229,[13124356, 21068019, 2802113, 3801444, 3126953, 12409575, 1285748, 882, 56293, 109151, 1418550, 56293, 2122426, 1399216, 396836, 188274, 0, 2, 396836, 27284, 0, 0, 0, 0, 126385, 574554, 382355, 126385, 34, 34, 2]
native_profile_window,window-000065000000.ixqp,65000000,65100000,15517427,15542289
native_profile_progress,70000000,16750382,2699204,39624,2747588,77.363046376,[14235636, 22796373, 3134438, 4081248, 3314695, 13085677, 1388946, 950, 61229, 158503, 1516813, 61229, 2281753, 1512354, 421500, 188274, 0, 2, 421500, 39622, 0, 0, 0, 0, 157313, 602207, 382355, 157313, 34, 34, 2]
native_profile_window,window-000070000000.ixqp,70000000,70100000,16750382,16775202
native_profile_progress,75000000,17963245,2869430,51293,2929483,82.630830799,[15327790, 24505306, 3453848, 4356109, 3500942, 13765706, 1489430, 982, 65606, 205179, 1616798, 65606, 2437901, 1621624, 444837, 188274, 0, 2, 444837, 51291, 0, 0, 0, 0, 194059, 687389, 382355, 194059, 34, 34, 2]
native_profile_window,window-000075000000.ixqp,75000000,75100000,17963245,17988150
native_profile_progress,80000000,19189616,3039316,63137,3111213,88.041114570,[16432496, 26229899, 3785028, 4635302, 3688216, 14444062, 1590429, 1050, 70812, 252555, 1714307, 70812, 2596153, 1733103, 468519, 188274, 0, 2, 468519, 63135, 0, 0, 0, 0, 226277, 732348, 382355, 226277, 34, 34, 2]
native_profile_window,window-000080000000.ixqp,80000000,80100000,19189616,19214244
native_profile_progress,85000000,20418962,3207941,74737,3291438,93.512439693,[17538592, 27954782, 4114981, 4916128, 3877498, 15127713, 1691720, 1286, 76022, 298955, 1811756, 76022, 2753696, 1845050, 491713, 188274, 0, 2, 491713, 74735, 0, 0, 0, 0, 258533, 769871, 382355, 258533, 34, 34, 2]
native_profile_window,window-000085000000.ixqp,85000000,85100000,20418962,20443870
native_profile_progress,90000000,21640778,3377112,86303,3472175,98.947399846,[18638136, 29675623, 4440703, 5194058, 4065322, 15812504, 1791990, 1392, 81116, 345219, 1910428, 81116, 2911437, 1955614, 514826, 188274, 0, 2, 514826, 86301, 0, 0, 0, 0, 293081, 822526, 382355, 293081, 34, 34, 2]
native_profile_window,window-000090000000.ixqp,90000000,90100000,21640778,21665673
native_profile_progress,95000000,22860390,3548406,98196,3655362,104.358803598,[19736789, 31391114, 4764092, 5470568, 4252056, 16491125, 1893446, 1431, 85600, 392788, 2010002, 85600, 3068503, 2066077, 538606, 188274, 0, 2, 538606, 98194, 0, 0, 0, 0, 328199, 888304, 382355, 328199, 34, 34, 2]
native_profile_window,window-000095000000.ixqp,95000000,95100000,22860390,22885279
native_profile_progress,100000000,24092229,3718302,110031,3837106,109.812151343,[20845734, 33119593, 5096604, 5751505, 4440832, 17172618, 1995123, 1603, 90964, 440131, 2107310, 90964, 3227255, 2178654, 562267, 188274, 0, 2, 562267, 110029, 0, 0, 0, 0, 359394, 917058, 382355, 359394, 34, 34, 2]
native_profile_window,window-000100000000.ixqp,100000000,100100000,24092229,24116799
native_profile_progress,105000000,25161887,3881156,117302,4008525,113.219410558,[21745478, 34499617, 5213473, 6008440, 4670100, 18062438, 2069687, 1656, 91668, 445609, 2242677, 91668, 3302112, 2254679, 565005, 188274, 0, 5905, 565005, 111397, 0, 0, 0, 0, 437162, 1298244, 461394, 437162, 111398, 113847, 5905]
native_profile_window,window-000105000000.ixqp,105000000,105100000,25161887,25184248
native_profile_progress,110000000,26273928,4042137,117302,4169506,115.789445026,[22672033, 35920196, 5309432, 6279452, 4918191, 19034512, 2143371, 1656, 91668, 445609, 2391232, 91668, 3369267, 2328363, 565005, 188274, 0, 5905, 565005, 111397, 0, 0, 0, 0, 526417, 1737452, 546328, 526417, 111398, 113847, 5905]
native_profile_window,window-000110000000.ixqp,110000000,110100000,26273928,26296283
native_profile_progress,115000000,27395386,4197649,117302,4325041,118.406120518,[23605106, 37348494, 5404696, 6553823, 5171557, 20026598, 2216629, 1656, 91668, 445609, 2541398, 91668, 3434544, 2401621, 565005, 188274, 0, 5905, 565005, 111397, 0, 0, 0, 0, 613065, 2143918, 628149, 613065, 111398, 113847, 5905]
native_profile_window,window-000115000000.ixqp,115000000,115100000,27395386,27416029
native_profile_progress,120000000,28515981,4355353,117302,4482745,121.001082028,[24538377, 38776999, 5500596, 6826252, 5423311, 21012725, 2291933, 1656, 91668, 445609, 2691384, 91668, 3502165, 2476925, 565005, 188274, 0, 5905, 565005, 111397, 0, 0, 0, 0, 700962, 2550687, 709385, 700962, 111398, 113847, 5905]
native_profile_window,window-000120000000.ixqp,120000000,120100000,28515981,28538632
native_profile_progress,125000000,29682967,4612152,117302,4742334,127.344542038,[25500910, 40267325, 5617148, 7089965, 5666201, 22016110, 2414864, 1694, 100912, 463611, 2823385, 100912, 3697872, 2618382, 602175, 206722, 0, 5905, 602175, 111397, 0, 0, 0, 0, 720954, 2649258, 770019, 720954, 111398, 113847, 5905]
native_profile_window,window-000125000000.ixqp,125000000,125100000,29682967,29704800
native_profile_progress,130000000,30849176,4892321,117302,5025144,134.195790351,[26461808, 41756650, 5734790, 7349178, 5905821, 23013165, 2544784, 1694, 111475, 484375, 2952891, 111475, 3912792, 2769428, 644789, 227848, 0, 5905, 644789, 111397, 0, 0, 0, 0, 732010, 2724457, 835319, 732010, 111398, 113847, 5905]
native_profile_window,window-000130000000.ixqp,130000000,130100000,30849176,30873585
native_profile_progress,135000000,32017046,5171025,117302,5306513,141.029039321,[27423861, 43247134, 5853388, 7609297, 6145055, 24008873, 2674642, 1694, 122136, 505361, 3081885, 122136, 4127898, 2920608, 687763, 249168, 0, 5905, 687763, 111397, 0, 0, 0, 0, 742639, 2798159, 899449, 742639, 111398, 113847, 5905]
native_profile_window,window-000135000000.ixqp,135000000,135100000,32017046,32039644
native_profile_progress,140000000,33183844,5450499,117302,5588633,147.857657310,[28385186, 44736948, 5971276, 7868783, 6384644, 25005773, 2804570, 1694, 132721, 526169, 3211273, 132721, 4342875, 3071706, 730466, 270338, 0, 5905, 730466, 111397, 0, 0, 0, 0, 753590, 2872636, 964123, 753590, 111398, 113847, 5905]
native_profile_window,window-000140000000.ixqp,140000000,140100000,33183844,33207916
native_profile_progress,145000000,34353388,5726899,117302,5867711,154.704697936,[29348500, 46229030, 6090419, 8129561, 6623910, 26001572, 2934499, 1694, 143432, 547259, 3340078, 143432, 4558195, 3223057, 773641, 291760, 0, 5905, 773641, 111397, 0, 0, 0, 0, 764006, 2943860, 1025996, 764006, 111398, 113847, 5905]
native_profile_window,window-000145000000.ixqp,145000000,145100000,34353388,34374328
native_profile_progress,150000000,35519402,6007424,117302,6150878,161.503016536,[30309216, 47718264, 6208086, 8388752, 6863463, 26998484, 3064419, 1694, 154003, 568059, 3469512, 154003, 4773300, 3374118, 816273, 312904, 0, 5905, 816273, 111397, 0, 0, 0, 0, 774955, 3019261, 1091554, 774955, 111398, 113847, 5905]
native_profile_window,window-000150000000.ixqp,150000000,150100000,35519402,35541788
native_profile_progress,155000000,36686201,6287077,117302,6433179,168.285829354,[31270551, 49207859, 6326024, 8648258, 7102961, 27995027, 3194296, 1694, 164591, 588867, 3598898, 164591, 4988072, 3525172, 858993, 334080, 0, 5905, 858993, 111397, 0, 0, 0, 0, 785969, 3094122, 1156561, 785969, 111398, 113847, 5905]
native_profile_window,window-000155000000.ixqp,155000000,155100000,36686201,36710075
native_profile_progress,160000000,37854194,6565667,117302,6714436,175.115364007,[32232692, 50698452, 6444697, 8908440, 7342156, 28990631, 3324151, 1694, 175260, 609877, 3727857, 175260, 5203211, 3676365, 901997, 355418, 0, 5905, 901997, 111397, 0, 0, 0, 0, 796563, 3167688, 1220579, 796563, 111398, 113847, 5905]
native_profile_window,window-000160000000.ixqp,160000000,160100000,37854194,37876579
native_profile_progress,165000000,39020779,6845374,117302,6996787,181.908092847,[33193866, 52188087, 6562485, 9167822, 7581768, 29987621, 3454077, 1694, 185836, 630663, 3857297, 185836, 5418155, 3827443, 944662, 376568, 0, 5905, 944662, 111397, 0, 0, 0, 0, 807561, 3242418, 1285466, 807561, 111398, 113847, 5905]
native_profile_window,window-000165000000.ixqp,165000000,165100000,39020779,39044080
native_profile_progress,170000000,40190550,7121531,117302,7275624,188.768407113,[34157342, 53680347, 6681736, 9428712, 7821008, 30983318, 3584005, 1694, 196557, 651775, 3986048, 196557, 5633499, 3978813, 987876, 398010, 0, 5905, 987876, 111397, 0, 0, 0, 0, 817930, 3313389, 1347126, 817930, 111398, 113847, 5905]
native_profile_window,window-000170000000.ixqp,170000000,170100000,40190550,40211489
native_profile_progress,175000000,41355320,7403883,117302,7560610,195.639661411,[35117141, 55168246, 6799032, 9687406, 8060441, 31979875, 3713827, 1694, 207095, 672505, 4115653, 207095, 5848273, 4129711, 1030373, 419086, 0, 5905, 1030373, 111397, 0, 0, 0, 0, 829115, 3390916, 1414576, 829115, 111398, 113847, 5905]
native_profile_window,window-000175000000.ixqp,175000000,175100000,41355320,41378819
native_profile_progress,180000000,42523362,7681709,117302,7841092,202.594511411,[36079390, 56659176, 6917339, 9947409, 8300061, 32976777, 3843801, 1694, 217717, 693383, 4244866, 217717, 6063377, 4280929, 1073227, 440330, 0, 5905, 1073227, 111397, 0, 0, 0, 0, 839893, 3463651, 1477691, 839893, 111398, 113847, 5905]
native_profile_window,window-000180000000.ixqp,180000000,180100000,42523362,42546442
native_profile_progress,185000000,43689942,7962044,117302,8124082,209.586166656,[37040499, 58148552, 7035465, 10206964, 8539292, 33972605, 3973625, 1694, 228335, 714291, 4374077, 228335, 6278361, 4431989, 1116033, 461568, 0, 5905, 1116033, 111397, 0, 0, 0, 0, 850722, 3539060, 1543326, 850722, 111398, 113847, 5905]
native_profile_window,window-000185000000.ixqp,185000000,185100000,43689942,43713656
native_profile_progress,190000000,44857935,8240013,117302,8404707,216.636635155,[38002703, 59639405, 7153799, 10466969, 8778863, 34969364, 4103584, 1694, 238961, 735181, 4503267, 238961, 6493466, 4583200, 1158899, 482820, 0, 5905, 1158899, 111397, 0, 0, 0, 0, 861485, 3611947, 1606596, 861485, 111398, 113847, 5905]
native_profile_window,window-000190000000.ixqp,190000000,190100000,44857935,44881236
native_profile_progress,195000000,46027153,8516474,117302,8683840,223.531898623,[38965760, 61131567, 7272699, 10727566, 9018344, 35965924, 4233601, 1694, 249650, 756229, 4632137, 249650, 6709082, 4734595, 1201985, 504198, 0, 5905, 1201985, 111397, 0, 0, 0, 0, 871854, 3682918, 1668256, 871854, 111398, 113847, 5905]
native_profile_window,window-000195000000.ixqp,195000000,195100000,46027153,46048042
native_profile_progress,200000000,47192479,8798519,117302,8968528,230.382598698,[39925982, 62619566, 7390349, 10986556, 9257538, 36961616, 4363334, 1694, 260220, 777021, 4761622, 260220, 6923581, 4885468, 1244608, 525336, 0, 5905, 1244608, 111397, 0, 0, 0, 0, 883039, 3760445, 1735706, 883039, 111398, 113847, 5905]
native_profile_window,window-000200000000.ixqp,200000000,200100000,47192479,47215884
native_profile_progress,205000000,48360517,9076348,117302,9249012,237.572707707,[40888227, 64110497, 7508655, 11246557, 9497155, 37958522, 4493308, 1694, 270842, 797900, 4890836, 270842, 7138688, 5036686, 1287462, 546580, 0, 5905, 1287462, 111397, 0, 0, 0, 0, 893817, 3833180, 1798821, 893817, 111398, 113847, 5905]
native_profile_window,window-000205000000.ixqp,205000000,205100000,48360517,48383603
native_profile_progress,210000000,49527025,9356749,117302,9532067,245.839744847,[41849283, 65599813, 7626737, 11506074, 9736411, 38954415, 4623134, 1694, 281456, 818795, 5020067, 281456, 7353659, 5187740, 1330250, 567808, 0, 5905, 1330250, 111397, 0, 0, 0, 0, 904665, 3908661, 1864515, 904665, 111398, 113847, 5905]
native_profile_window,window-000210000000.ixqp,210000000,210100000,49527025,49550606
native_profile_progress,215000000,50695096,9634646,117302,9812621,254.962771525,[42811542, 67090721, 7745113, 11766120, 9975962, 39951113, 4753090, 1694, 292087, 839697, 5149236, 292087, 7568772, 5338958, 1373133, 589070, 0, 5905, 1373133, 111397, 0, 0, 0, 0, 915409, 3981476, 1927726, 915409, 111398, 113847, 5905]
native_profile_window,window-000215000000.ixqp,215000000,215100000,50695096,50718394
native_profile_progress,220000000,51862663,9913343,117302,10093978,263.038872561,[43773393, 68581289, 7863449, 12026015, 10215374, 40947550, 4883023, 1694, 302724, 860643, 5278375, 302724, 7784073, 5490165, 1416015, 610346, 0, 5905, 1416015, 111397, 0, 0, 0, 0, 926080, 4054937, 1991584, 926080, 111398, 113847, 5905]
native_profile_window,window-000220000000.ixqp,220000000,220100000,51862663,51884993
native_profile_progress,225000000,53029637,10193156,117302,10376446,270.253598250,[44734819, 70070884, 7981663, 12285704, 10454633, 41943360, 5012841, 1694, 313345, 881539, 5407592, 313345, 7998890, 5641225, 1458845, 631588, 0, 5905, 1458845, 111397, 0, 0, 0, 0, 936963, 4129974, 2056836, 936963, 111398, 113847, 5905]
native_profile_window,window-000225000000.ixqp,225000000,225100000,53029637,53052880
native_profile_progress,230000000,54197673,10470983,117302,10656929,277.303884525,[45697064, 71561815, 8099970, 12545704, 10694251, 42940267, 5142813, 1694, 323968, 902417, 5536806, 323968, 8213996, 5792443, 1501699, 652832, 0, 5905, 1501699, 111397, 0, 0, 0, 0, 947741, 4202709, 2119951, 947741, 111398, 113847, 5905]
native_profile_window,window-000230000000.ixqp,230000000,230100000,54197673,54220759
native_profile_progress,235000000,55363969,10751588,117302,10940184,284.470456371,[46657967, 73050987, 8217939, 12805114, 10933551, 43936315, 5272649, 1694, 334570, 923289, 5666089, 334570, 8428965, 5943483, 1544445, 674038, 0, 5905, 1544445, 111397, 0, 0, 0, 0, 958627, 4278380, 2185804, 958627, 111398, 113847, 5905]
native_profile_window,window-000235000000.ixqp,235000000,235100000,55363969,55387496
native_profile_progress,240000000,56532252,11029284,117302,11220541,291.493773206,[47620379, 74542043, 8336429, 13065268, 11173057, 44932857, 5402596, 1694, 345212, 944214, 5795206, 345212, 8644082, 6094714, 1587369, 695320, 0, 5905, 1587369, 111397, 0, 0, 0, 0, 969333, 4351005, 2248856, 969333, 111398, 113847, 5905]
native_profile_window,window-000240000000.ixqp,240000000,240100000,56532252,56554796
native_profile_progress,245000000,57698446,11310021,117302,11503928,298.511843778,[48581211, 76031116, 8454358, 13324628, 11412352, 45928900, 5532426, 1694, 355811, 965079, 5924514, 355811, 8859022, 6245742, 1630101, 716520, 0, 5905, 1630101, 111397, 0, 0, 0, 0, 980248, 4426827, 2314839, 980248, 111398, 113847, 5905]
native_profile_window,window-000245000000.ixqp,245000000,245100000,57698446,57721950
native_profile_progress,250000000,58866051,11588671,117302,11785235,305.498501001,[49543117, 77521581, 8572671, 13584512, 11651773, 46925298, 5662336, 1694, 366442, 985995, 6053708, 366442, 9074118, 6396914, 1672966, 737780, 0, 5905, 1672966, 111397, 0, 0, 0, 0, 991020, 4500428, 2378767, 991020, 111398, 113847, 5905]
native_profile_window,window-000250000000.ixqp,250000000,250100000,58866051,58889568
native_profile_progress,255000000,60034837,11865615,117302,12064842,312.598164381,[50505907, 79013133, 8691288, 13844856, 11891348, 47922010, 5792319, 1694, 377093, 1006933, 6182776, 377093, 9289300, 6548199, 1715934, 759082, 0, 5905, 1715934, 111397, 0, 0, 0, 0, 1001665, 4572238, 2441081, 1001665, 111398, 113847, 5905]
native_profile_window,window-000255000000.ixqp,255000000,255100000,60034837,60057915
native_profile_progress,260000000,61200895,12146473,117302,12348348,319.570560526,[51466642, 80502101, 8809139, 14104147, 12130679, 48918167, 5922152, 1694, 387684, 1027777, 6312122, 387684, 9504217, 6699214, 1758635, 780264, 0, 5905, 1758635, 111397, 0, 0, 0, 0, 1012613, 4648197, 2507172, 1012613, 111398, 113847, 5905]
native_profile_window,window-000260000000.ixqp,260000000,260100000,61200895,61224656
native_profile_progress,265000000,62369235,12424016,117302,12628552,326.552587346,[52429085, 81993329, 8927634, 14364323, 12370230, 49914873, 6052131, 1694, 398327, 1048711, 6441213, 398327, 9719476, 6850479, 1801565, 801552, 0, 5905, 1801565, 111397, 0, 0, 0, 0, 1023257, 4720534, 2569986, 1023257, 111398, 113847, 5905]
native_profile_window,window-000265000000.ixqp,265000000,265100000,62369235,62391883
native_profile_progress,270000000,63530274,12708029,117302,12914737,333.009191510,[53382473, 83480397, 9042428, 14625518, 12613922, 50931177, 6181023, 1698, 408790, 1065351, 6571519, 408790, 9932458, 7000301, 1838009, 818600, 0, 5905, 1838009, 111397, 0, 0, 0, 0, 1034215, 4801524, 2641131, 1034215, 111398, 113847, 5905]
native_profile_window,window-000270000000.ixqp,270000000,270100000,63530274,63553992
native_profile_progress,275000000,64701849,12979081,117302,13188398,339.974077253,[54347309, 84974155, 9160328, 14886764, 12856158, 51933333, 6311610, 1698, 419227, 1085450, 6700532, 419227, 10146885, 7151762, 1880530, 839473, 0, 5905, 1880530, 111397, 0, 0, 0, 0, 1045011, 4867998, 2698557, 1045011, 111398, 113847, 5905]
native_profile_window,window-000275000000.ixqp,275000000,275100000,64701849,64726267
native_profile_progress,280000000,65874510,13248656,117302,13460589,346.951180434,[55312947, 86468889, 9278570, 15148459, 13098464, 52935582, 6442249, 1698, 429691, 1105595, 6829392, 429691, 10361420, 7303329, 1923171, 860402, 0, 5905, 1923171, 111397, 0, 0, 0, 0, 1055657, 4932923, 2754591, 1055657, 111398, 113847, 5905]
native_profile_window,window-000280000000.ixqp,280000000,280100000,65874510,65896536
native_profile_progress,285000000,67045128,13520772,117302,13735302,353.975538555,[56277078, 87961816, 9396014, 15409267, 13340863, 53938184, 6572843, 1698, 440079, 1125577, 6958588, 440079, 10575705, 7454699, 1965517, 881178, 0, 5905, 1965517, 111397, 0, 0, 0, 0, 1066632, 5000556, 2813026, 1066632, 111398, 113847, 5905]
native_profile_window,window-000285000000.ixqp,285000000,285100000,67045128,67069068
native_profile_progress,290000000,68216802,13791702,117302,14008842,360.892937289,[57241984, 89455659, 9513949, 15670557, 13583102, 54940336, 6703436, 1698, 450519, 1145683, 7087582, 450519, 10790152, 7606172, 2008051, 902058, 0, 5905, 2008051, 111397, 0, 0, 0, 0, 1077407, 5066891, 2870335, 1077407, 111398, 113847, 5905]
native_profile_window,window-000290000000.ixqp,290000000,290100000,68216802,68240005
native_profile_progress,295000000,69389584,14061181,117302,14280939,367.869144232,[58207708, 90950487, 9632275, 15932320, 13825359, 55942447, 6834065, 1698, 460993, 1165853, 7216402, 460993, 11004710, 7757748, 2050725, 923006, 0, 5905, 2050725, 111397, 0, 0, 0, 0, 1088018, 5131712, 2926286, 1088018, 111398, 113847, 5905]
native_profile_window,window-000295000000.ixqp,295000000,295100000,69389584,69411353
native_profile_progress,300000000,70559781,14333714,117302,14556063,374.847271312,[59171537, 92443073, 9749491, 16192918, 14067853, 56945337, 6964668, 1698, 471357, 1185775, 7345706, 471357, 11218927, 7909080, 2092981, 943732, 0, 5905, 2092981, 111397, 0, 0, 0, 0, 1099090, 5199797, 2985100, 1099090, 111398, 113847, 5905]
native_profile_window,window-000300000000.ixqp,300000000,300100000,70559781,70583408
native_profile_progress,305000000,71731875,14604227,117302,14829192,381.899344393,[60136744, 93937258, 9867653, 16454418, 14309999, 57947208, 7095252, 1698, 481821, 1205940, 7474592, 481821, 11433442, 8060592, 2135602, 964660, 0, 5905, 2135602, 111397, 0, 0, 0, 0, 1109768, 5265680, 3042030, 1109768, 111398, 113847, 5905]
native_profile_window,window-000305000000.ixqp,305000000,305100000,71731875,71754659
native_profile_progress,310000000,72904388,14873854,117302,15101434,388.823204246,[61102264, 95432037, 9985807, 16716037, 14552373, 58949738, 7225925, 1698, 492279, 1226079, 7603471, 492279, 11648132, 8212181, 2178215, 985578, 0, 5905, 2178215, 111397, 0, 0, 0, 0, 1120379, 5330501, 3097981, 1120379, 111398, 113847, 5905]
native_profile_window,window-000310000000.ixqp,310000000,310100000,72904388,72926215
native_profile_progress,315000000,74074670,15146379,117302,15376550,395.866274528,[62066167, 96924536, 10103067, 16976677, 14794827, 59952418, 7356499, 1698, 502644, 1245993, 7732772, 502644, 11862183, 8363485, 2220485, 1006306, 0, 5905, 2220485, 111397, 0, 0, 0, 0, 1131504, 5398738, 3156916, 1131504, 111398, 113847, 5905]
native_profile_window,window-000315000000.ixqp,315000000,315100000,74074670,74098482
native_profile_progress,320000000,75246785,15416842,117302,15649630,403.049795095,[63031381, 98418827, 10221253, 17238191, 15036965, 60954328, 7487095, 1698, 513113, 1266179, 7861638, 513113, 12076812, 8515019, 2263119, 1027246, 0, 5905, 2263119, 111397, 0, 0, 0, 0, 1142129, 5464469, 3213725, 1142129, 111398, 113847, 5905]
native_profile_window,window-000320000000.ixqp,320000000,320100000,75246785,75269358
native_profile_progress,325000000,76417207,15689403,117302,15924789,410.187263349,[63995366, 99911452, 10338716, 17498949, 15279231, 61956546, 7617638, 1698, 523506, 1286178, 7990835, 523506, 12290995, 8666348, 2305475, 1048030, 0, 5905, 2305474, 111397, 0, 0, 0, 0, 1153140, 5532661, 3272664, 1153140, 111398, 113847, 5905]
native_profile_window,window-000325000000.ixqp,325000000,325100000,76417207,76440898
native_profile_progress,330000000,77589746,15958904,117302,16196900,417.205643740,[64960930, 101406134, 10456772, 17760538, 15521721, 62959282, 7748316, 1698, 533945, 1306251, 8119784, 533945, 12505472, 8817904, 2348039, 1068910, 0, 5905, 2348039, 111397, 0, 0, 0, 0, 1163865, 5597527, 3328611, 1163865, 111398, 113847, 5905]
native_profile_window,window-000330000000.ixqp,330000000,330100000,77589746,77613555
native_profile_progress,335000000,78754586,16235685,117302,16475769,423.894001587,[65917100, 102896394, 10571230, 18023074, 15768071, 63981008, 7877855, 1702, 544232, 1322135, 8249855, 544232, 12717925, 8968021, 2384177, 1085604, 0, 5905, 2384177, 111397, 0, 0, 0, 0, 1174768, 5671686, 3393534, 1174768, 111398, 113847, 5905]
native_profile_window,window-000335000000.ixqp,335000000,335100000,78754586,78778668
native_profile_progress,340000000,79950898,16459084,117302,16701443,430.898531904,[66899985, 104409723, 10686090, 18293078, 16029029, 65020526, 8012814, 1702, 553329, 1336635, 8377374, 553329, 12927468, 9121174, 2424265, 1103800, 0, 5905, 2424265, 111397, 0, 0, 0, 0, 1185669, 5694493, 3411131, 1185669, 111398, 113847, 5905]
native_profile_window,window-000340000000.ixqp,340000000,340100000,79950898,79974773
native_profile_progress,345000000,81147224,16682465,117302,16927098,437.803513259,[67882880, 105923057, 10800958, 18563093, 16289991, 66060042, 8147770, 1702, 562427, 1351133, 8504885, 562427, 13137005, 9274326, 2464355, 1121996, 0, 5905, 2464355, 111397, 0, 0, 0, 0, 1196565, 5717293, 3428723, 1196565, 111398, 113847, 5905]
native_profile_window,window-000345000000.ixqp,345000000,345100000,81147224,81171079
native_profile_progress,350000000,82330581,16924137,117302,17170635,444.641395259,[68852637, 107428387, 10913680, 18832148, 16549364, 67108023, 8280420, 1706, 571824, 1363226, 8633889, 571824, 13346308, 9425774, 2498946, 1136910, 0, 5905, 2498946, 111397, 0, 0, 0, 0, 1207433, 5758820, 3463850, 1207433, 111398, 113847, 5905]
native_profile_window,window-000350000000.ixqp,350000000,350100000,82330581,82354386
native_profile_progress,355000000,83491178,17197239,117302,17444531,450.021267390,[69796119, 108920358, 11023125, 19103519, 16808783, 68185626, 8408150, 1720, 581558, 1367859, 8765572, 581558, 13553622, 9572986, 2518996, 1142730, 0, 5905, 2518996, 111397, 0, 0, 0, 0, 1216837, 5834874, 3531723, 1216837, 111398, 113847, 5905]
native_profile_window,window-000355000000.ixqp,355000000,355100000,83491178,83515360
native_profile_progress,360000000,84639915,17486121,117302,17733923,454.960806092,[70729986, 110400239, 11128450, 19371077, 17069790, 69267952, 8535448, 1740, 590606, 1370523, 8898772, 590606, 13758267, 9718400, 2536118, 1146761, 0, 5905, 2536118, 111397, 0, 0, 0, 0, 1227462, 5929375, 3616396, 1227462, 111398, 113847, 5905]
native_profile_window,window-000360000000.ixqp,360000000,360100000,84639915,84663746
native_profile_progress,365000000,85821930,17730337,117302,17979556,460.776830767,[71696386, 111899344, 11241794, 19643011, 17335100, 70334948, 8668256, 1794, 598126, 1377829, 9029505, 598126, 13962172, 9866302, 2564342, 1157236, 0, 5905, 2564342, 111397, 0, 0, 0, 0, 1236628, 5979953, 3659726, 1236628, 111398, 113847, 5905]
native_profile_window,window-000365000000.ixqp,365000000,365100000,85821930,85846575
native_profile_progress,370000000,87020502,17976750,117302,18228871,467.933663613,[72688995, 113402968, 11376227, 19907756, 17577155, 71329671, 8803466, 1794, 603991, 1400809, 9164191, 603991, 14173118, 10013242, 2611028, 1180458, 0, 5905, 2611028, 111397, 0, 0, 0, 0, 1242577, 6021033, 3695473, 1242577, 111398, 113847, 5905]
native_profile_window,window-000370000000.ixqp,370000000,370100000,87020502,87044769
native_profile_progress,375000000,88181792,18246794,126524,18509903,475.083673479,[73675780, 114897273, 11508702, 20135922, 17783296, 72230438, 8938888, 1836, 615884, 1447916, 9316146, 615884, 14427047, 10172492, 2644344, 1192280, 0, 5905, 2644344, 120448, 0, 0, 0, 0, 1282846, 6116115, 3711363, 1282846, 111740, 114189, 6076]
native_profile_window,window-000375000000.ixqp,375000000,375100000,88181792,88203954
native_profile_progress,380000000,89298329,18551872,145937,18834394,482.034819109,[74653054, 116375488, 11638369, 20321678, 17946263, 73022565, 9074776, 1836, 634683, 1523112, 9488398, 634683, 14731511, 10345978, 2663757, 1192280, 0, 5905, 2663757, 139554, 0, 0, 0, 0, 1360182, 6277086, 3711363, 1360182, 112354, 114803, 6383]
native_profile_window,window-000380000000.ixqp,380000000,380100000,89298329,89320331
native_profile_progress,385000000,90414660,18856590,165315,19158490,488.838358667,[75630166, 117853799, 11768138, 20507529, 18109260, 73814633, 9210521, 1836, 653447, 1598168, 9660544, 653447, 15035615, 10519251, 2683135, 1192280, 0, 5905, 2683135, 158625, 0, 0, 0, 0, 1437587, 6438954, 3711363, 1437587, 112968, 115417, 6690]
native_profile_window,window-000385000000.ixqp,385000000,385100000,90414660,90436957
native_profile_progress,390000000,91530890,19161182,184678,19482445,495.698430567,[76607189, 119332146, 11897921, 20693409, 18272262, 74606697, 9346207, 1836, 672198, 1673170, 9832658, 672198, 15339597, 10692439, 2702498, 1192280, 0, 5905, 2702498, 177682, 0, 0, 0, 0, 1515030, 6601182, 3711363, 1515030, 113580, 116029, 6996]
native_profile_window,window-000390000000.ixqp,390000000,390100000,91530890,91553616
native_profile_progress,395000000,92647513,19466636,204127,19807348,502.538067251,[77584527, 120810091, 12027438, 20879020, 18435170, 75398813, 9482239, 1836, 691035, 1748517, 10005027, 691035, 15644439, 10866145, 2721947, 1192280, 0, 5905, 2721947, 196825, 0, 0, 0, 0, 1592298, 6761670, 3711363, 1592298, 114192, 116641, 7302]
native_profile_window,window-000395000000.ixqp,395000000,395100000,92647513,92670287
native_profile_progress,400000000,93764138,19772088,223576,20132249,509.263171494,[78561866, 122288037, 12156957, 21064632, 18598077, 76190931, 9618270, 1836, 709872, 1823864, 10177397, 709872, 15949279, 11039850, 2741396, 1192280, 0, 5905, 2741395, 215968, 0, 0, 0, 0, 1669565, 6922158, 3711363, 1669565, 114804, 117253, 7608]
native_profile_window,window-000400000000.ixqp,400000000,400100000,93764138,93786839
native_profile_progress,405000000,94880721,20077332,243006,20456923,516.306793347,[79539178, 123766116, 12286564, 21250322, 18761019, 76983041, 9754226, 1836, 728688, 1899132, 10349701, 728688, 16253907, 11213438, 2760826, 1192280, 0, 5905, 2760826, 235091, 0, 0, 0, 0, 1746864, 7082926, 3711363, 1746863, 115418, 117867, 7915]
native_profile_window,window-000405000000.ixqp,405000000,405100000,94880721,94903397
native_profile_progress,410000000,95997140,20382296,262406,20781287,523.510465488,[80516352, 125244321, 12416237, 21436092, 18923985, 77775145, 9890061, 1836, 747476, 1974281, 10521925, 747476, 16558261, 11386849, 2780226, 1192280, 0, 5905, 2780226, 254185, 0, 0, 0, 0, 1824233, 7244322, 3711363, 1824233, 116030, 118479, 8221]
native_profile_window,window-000410000000.ixqp,410000000,410100000,95997140,96019921
native_profile_progress,415000000,97113777,20687598,281844,21106027,531.008117642,[81493714, 126722419, 12545858, 21621773, 19086925, 78567255, 10026041, 1836, 766299, 2049572, 10694237, 766299, 16862949, 11560475, 2799664, 1192280, 0, 5905, 2799664, 273316, 0, 0, 0, 0, 1901508, 7404875, 3711363, 1901508, 116644, 119093, 8528]
native_profile_window,window-000415000000.ixqp,415000000,415100000,97113777,97136296
native_profile_progress,420000000,98230452,20992516,301252,21430353,538.075560853,[82471109, 128200838, 12675668, 21807640, 19249966, 79359415, 10161896, 1836, 785084, 2124713, 10866411, 785084, 17167243, 11733900, 2819072, 1192280, 0, 5905, 2819072, 292412, 0, 0, 0, 0, 1978823, 7565622, 3711363, 1978823, 117268, 119717, 8840]
native_profile_window,window-000420000000.ixqp,420000000,420100000,98230452,98252923
native_profile_progress,425000000,99347061,21297436,320657,21754678,545.060148608,[83448454, 129679227, 12805458, 21993485, 19412985, 80151554, 10297741, 1836, 803869, 2199853, 11038596, 803869, 17471543, 11907315, 2838477, 1192280, 0, 5905, 2838477, 311507, 0, 0, 0, 0, 2056153, 7726525, 3711363, 2056153, 117888, 120337, 9150]
native_profile_window,window-000425000000.ixqp,425000000,425100000,99347061,99369395
native_profile_progress,430000000,100463686,21602542,340078,22079205,552.395270362,[84425806, 131157454, 12935160, 22179250, 19575967, 80943677, 10433654, 1836, 822672, 2275068, 11210845, 822672, 17776029, 12080834, 2857898, 1192280, 0, 5905, 2857898, 330619, 0, 0, 0, 0, 2133456, 7887281, 3711363, 2133456, 118506, 120955, 9459]
native_profile_window,window-000430000000.ixqp,430000000,430100000,100463686,100485716
native_profile_progress,435000000,101580135,21907280,359460,22403325,559.742314884,[85403017, 132635894, 13064960, 22365129, 19738989, 81735812, 10569413, 1836, 841438, 2350129, 11382991, 841438, 18080153, 12254125, 2877280, 1192280, 0, 5905, 2877280, 349693, 0, 0, 0, 0, 2210851, 8048713, 3711363, 2210851, 119122, 121571, 9767]
native_profile_window,window-000435000000.ixqp,435000000,435100000,101580135,101602339
native_profile_progress,440000000,102696561,22212158,378853,22727596,566.763651297,[86380205, 134114166, 13194684, 22550938, 19901972, 82527905, 10705223, 1836, 860217, 2425248, 11555186, 860217, 18384415, 12427493, 2896673, 1192280, 0, 5905, 2896673, 368779, 0, 0, 0, 0, 2288227, 8210173, 3711363, 2288227, 119736, 122185, 10074]
native_profile_window,window-000440000000.ixqp,440000000,440100000,102696561,102718866
native_profile_progress,445000000,103813105,22517418,398283,23052286,574.062055324,[87357478, 135592216, 13324263, 22736612, 20064904, 83320021, 10841176, 1836, 879035, 2500517, 11727498, 879035, 18689065, 12601082, 2916103, 1192280, 0, 5905, 2916103, 387903, 0, 0, 0, 0, 2365534, 8371012, 3711363, 2365534, 120348, 122797, 10380]
native_profile_window,window-000445000000.ixqp,445000000,445100000,103813105,103835338
native_profile_progress,450000000,104929678,22822600,417707,23376892,581.696516345,[88334781, 137070359, 13453895, 22922329, 20227857, 84112145, 10977106, 1836, 897845, 2575757, 11899782, 897845, 18993633, 12774632, 2935527, 1192280, 0, 5905, 2935527, 407020, 0, 0, 0, 0, 2442847, 8531822, 3711363, 2442847, 120962, 123411, 10687]
native_profile_window,window-000450000000.ixqp,450000000,450100000,104929678,104951971
native_profile_progress,455000000,106046036,23127320,437084,23700987,589.240485114,[89311917, 138548715, 13583669, 23108189, 20390858, 84904231, 11112853, 1836, 916608, 2650812, 12071931, 916608, 19297735, 12947904, 2954904, 1192280, 0, 5905, 2954904, 426090, 0, 0, 0, 0, 2520257, 8693579, 3711363, 2520257, 121576, 124025, 10994]
native_profile_window,window-000455000000.ixqp,455000000,455100000,106046036,106068549
native_profile_progress,460000000,107169925,23421553,454387,24012534,596.129583953,[90295135, 140038746, 13720532, 23300919, 20558373, 85701617, 11245610, 1840, 934764, 2723440, 12240768, 934764, 19590876, 13116977, 2972207, 1192280, 0, 5905, 2972207, 442850, 0, 0, 0, 0, 2596682, 8846153, 3711363, 2596682, 122662, 125111, 11537]
native_profile_window,window-000460000000.ixqp,460000000,460100000,107169925,107192845
native_profile_progress,465000000,108298593,23714174,473433,24324203,603.917760924,[91283370, 141535932, 13863041, 23495834, 20727040, 86496077, 11378843, 1840, 952484, 2794320, 12406696, 952484, 19882173, 13285651, 2991253, 1192280, 0, 5905, 2991253, 461233, 0, 0, 0, 0, 2672019, 8984265, 3711363, 2672019, 123988, 126437, 12200]
native_profile_window,window-000465000000.ixqp,465000000,465100000,108298593,108321570
native_profile_progress,470000000,109427158,24006424,492445,24635465,611.921954718,[92271530, 143033359, 14005693, 23690883, 20895765, 87290543, 11511932, 1840, 970168, 2865053, 12572508, 970168, 20173097, 13454108, 3010265, 1192280, 0, 5905, 3010265, 479581, 0, 0, 0, 0, 2747422, 9122905, 3711363, 2747422, 125316, 127765, 12864]
native_profile_window,window-000470000000.ixqp,470000000,470100000,109427158,109450259
native_profile_progress,475000000,110555888,24298729,511469,24946794,619.613220289,[93259835, 144530863, 14148418, 23885957, 21064517, 88085016, 11645064, 1840, 987859, 2935816, 12738309, 987859, 20464070, 13622622, 3029289, 1192280, 0, 5905, 3029289, 497938, 0, 0, 0, 0, 2822765, 9261081, 3711363, 2822765, 126650, 129099, 13531]
native_profile_window,window-000475000000.ixqp,475000000,475100000,110555888,110578723
native_profile_progress,480000000,111684721,24590805,530483,25257882,627.174104130,[94248229, 146028578, 14291302, 24081167, 21233347, 88879499, 11778134, 1840, 1005528, 3006496, 12904008, 1005528, 20754796, 13791029, 3048303, 1192280, 0, 5905, 3048303, 516280, 0, 0, 0, 0, 2898104, 9399237, 3711363, 2898104, 127994, 130443, 14203]
native_profile_window,window-000480000000.ixqp,480000000,480100000,111684721,111707363
native_profile_progress,485000000,112813340,24882893,549483,25568972,635.061831673,[95236446, 147526208, 14434081, 24276304, 21402117, 89673976, 11911174, 1840, 1023197, 3077168, 13069755, 1023197, 21045558, 13959408, 3067303, 1192280, 0, 5905, 3067303, 534614, 0, 0, 0, 0, 2973507, 9537819, 3711363, 2973507, 129326, 131775, 14869]
native_profile_window,window-000485000000.ixqp,485000000,485100000,112813340,112835975
native_profile_progress,490000000,113941987,25175108,568495,25880199,642.975667990,[96224674, 149023718, 14576776, 24471396, 21570869, 90468461, 12044263, 1840, 1040876, 3147888, 13235546, 1040876, 21336437, 14127855, 3086315, 1192280, 0, 5905, 3086315, 552960, 0, 0, 0, 0, 3048904, 9676279, 3711363, 3048904, 130658, 133107, 15535]
native_profile_window,window-000490000000.ixqp,490000000,490100000,113941987,113964278
native_profile_progress,495000000,115067592,25466568,585941,26189105,650.124173191,[97209603, 150517427, 14716428, 24665881, 21739364, 91265474, 12176394, 1841, 1058734, 3219324, 13402821, 1058734, 21626677, 14295703, 3103761, 1192280, 0, 5905, 3103761, 569798, 0, 0, 0, 0, 3125054, 9826279, 3711363, 3125054, 131874, 134323, 16143]
native_profile_window,window-000495000000.ixqp,495000000,495100000,115067592,115090767
native_profile_progress,500000000,116251556,25695083,602706,26434385,656.403685387,[98247850, 152103277, 14922066, 24905858, 21935848, 92069055, 12295378, 1844, 1070965, 3268244, 13536652, 1070965, 21850348, 14439152, 3120526, 1192280, 0, 5905, 3120526, 584140, 0, 0, 0, 0, 3190468, 9872367, 3711363, 3190468, 136720, 139169, 18566]
native_profile_window,window-000500000000.ixqp,500000000,500100000,116251556,116275242
native_profile_progress,505000000,117436036,25922303,619671,26678570,662.798049501,[99286716, 153690716, 15129102, 25146579, 22132691, 92871996, 12414082, 1844, 1083028, 3316496, 13669627, 1083028, 22072666, 14581982, 3137491, 1192280, 0, 5905, 3137491, 598654, 0, 0, 0, 0, 3255775, 9918003, 3711363, 3255775, 141622, 144071, 21017]
native_profile_window,window-000505000000.ixqp,505000000,505100000,117436036,117459721
native_profile_progress,510000000,118577193,26183468,627630,26947737,668.677649433,[100282099, 155203185, 15281846, 25358258, 22313993, 93687878, 12536281, 1867, 1099308, 3384020, 13831061, 1099308, 22330341, 14736764, 3145456, 1192280, 0, 5905, 3145456, 605484, 0, 0, 0, 0, 3330008, 10075476, 3711363, 3330008, 143880, 146329, 22146]
native_profile_window,window-000510000000.ixqp,510000000,510100000,118577193,118597915
native_profile_progress,515000000,119742784,26422641,636387,27195667,674.585743708,[101299888, 156743505, 15461136, 25585664, 22506825, 94500727, 12654880, 1921, 1112613, 3444288, 13979129, 1112613, 22562392, 14882027, 3154231, 1192280, 0, 5905, 3154231, 612479, 0, 0, 0, 0, 3399200, 10202338, 3711363, 3399200, 147404, 149853, 23908]
native_profile_window,window-000515000000.ixqp,515000000,515100000,119742784,119767435
native_profile_progress,520000000,120846632,26697900,806988,27564378,681.379675188,[102265194, 158123548, 15616966, 25770210, 22683062, 95227303, 12786923, 1939, 1122399, 3520242, 14128254, 1122399, 22818029, 15033660, 3174422, 1192280, 0, 5905, 3174422, 632067, 0, 0, 0, 0, 3460777, 10279032, 3711363, 3460776, 280792, 333270, 74766]
native_profile_window,window-000520000000.ixqp,520000000,520100000,120846632,120846632
native_profile_progress,525000000,121697666,26827099,807042,27819495,697.906941075,[102974140, 159209730, 15690363, 25976502, 22872521, 95968752, 12844109, 1941, 1122415, 3520242, 14241860, 1122415, 22870041, 15090880, 3174598, 1192328, 0, 156317, 3174598, 632109, 14692, 917, 917, 7, 3529589, 10628257, 3781325, 3529589, 675639, 828274, 174933]
native_profile_window,window-000525000000.ixqp,525000000,525100000,121697666,121720085
native_profile_progress,530000000,122809351,26988856,807042,27981251,700.583548835,[103900403, 160629595, 15786230, 26247270, 23120619, 96940738, 12917996, 1941, 1122415, 3520242, 14390391, 1122415, 22937300, 15164766, 3174598, 1192328, 0, 156317, 3174598, 632109, 14692, 917, 917, 7, 3618701, 11068044, 3866904, 3618701, 675639, 828274, 174933]
native_profile_window,window-000530000000.ixqp,530000000,530100000,122809351,122831916
native_profile_progress,535000000,123930331,27148430,807042,28140826,703.269140271,[104832081, 162051734, 15879540, 26521382, 23374577, 97933345, 12991693, 1941, 1122415, 3520242, 14540847, 1122415, 23001700, 15238464, 3174598, 1192328, 0, 156317, 3174598, 632109, 14692, 917, 917, 7, 3704846, 11479205, 3953398, 3704846, 675639, 828274, 174933]
native_profile_window,window-000535000000.ixqp,535000000,535100000,123930331,123953172
native_profile_progress,540000000,125050012,27302587,807042,28294983,705.946986406,[105765614, 163485463, 15977481, 26794123, 23625172, 98916883, 13065870, 1941, 1122415, 3520242, 14690298, 1122415, 23069843, 15312641, 3174598, 1192328, 0, 156317, 3174598, 632109, 14692, 917, 917, 7, 3793473, 11886416, 4030908, 3793473, 675639, 828274, 174933]
native_profile_window,window-000540000000.ixqp,540000000,540100000,125050012,125073196
native_profile_progress,545000000,126128896,27474148,839814,28508284,708.960951405,[106668916, 164923532, 16093639, 27042542, 23861880, 99890440, 13128367, 1941, 1122415, 3520242, 14836237, 1122415, 23144499, 15375138, 3176644, 1192408, 0, 156317, 3176644, 633341, 14769, 920, 920, 7, 3885009, 12287274, 4113013, 3885009, 678039, 861010, 206473]
native_profile_window,window-000545000000.ixqp,545000000,545100000,126128896,126150177
native_profile_progress,550000000,127229623,27652542,839814,28686678,711.697722698,[107583447, 166379803, 16223350, 27287353, 24111168, 100893381, 13184901, 1941, 1122415, 3520242, 14984116, 1122415, 23215691, 15431672, 3176644, 1192408, 0, 156317, 3176644, 633341, 14769, 920, 920, 7, 3971316, 12688953, 4209028, 3971316, 678039, 861010, 206473]
native_profile_window,window-000550000000.ixqp,550000000,550100000,127229623,127253912
native_profile_progress,555000000,128324197,27826808,839814,28863074,714.478547135,[108494483, 167837272, 16363063, 27530311, 24358194, 101884474, 13240137, 1941, 1122415, 3520242, 15126608, 1122415, 23288684, 15486908, 3176644, 1192408, 0, 156317, 3176644, 633341, 14769, 920, 920, 7, 4054928, 13115244, 4300261, 4054928, 678039, 861010, 206473]
native_profile_window,window-000555000000.ixqp,555000000,555100000,128324197,128348747
native_profile_progress,560000000,129468622,27972706,839814,29014834,717.266782481,[109441509, 169351911, 16528526, 27783088, 24623122, 102915872, 13296934, 1941, 1122415, 3520242, 15260189, 1122415, 23365310, 15543705, 3176644, 1192408, 0, 156317, 3176644, 633341, 14769, 920, 920, 7, 4128407, 13408250, 4360265, 4128407, 678039, 861010, 206473]
native_profile_window,window-000560000000.ixqp,560000000,560100000,129468622,129492174
native_profile_progress,565000000,130589398,28133182,839814,29175310,720.072691887,[110372381, 170839629, 16677415, 28031474, 24878345, 103927121, 13353844, 1941, 1122415, 3520242, 15400745, 1122415, 23440700, 15600615, 3176644, 1192408, 0, 156317, 3176644, 633341, 14769, 920, 920, 7, 4209316, 13759350, 4435244, 4209316, 678039, 861010, 206473]
native_profile_window,window-000565000000.ixqp,565000000,565100000,130589398,130610294
native_profile_progress,570000000,131705922,28290631,839814,29332849,722.858046252,[111302627, 172292084, 16798034, 28293909, 25128301, 104911098, 13421542, 1941, 1122415, 3520242, 15544276, 1122415, 23512092, 15668313, 3176644, 1192408, 0, 156317, 3176644, 633341, 14769, 920, 920, 7, 4295322, 14160688, 4511887, 4295322, 678039, 861010, 206473]
native_profile_window,window-000570000000.ixqp,570000000,570100000,131705922,131728709
native_profile_progress,575000000,132817210,28452335,839814,29494553,725.565855859,[112228561, 173711818, 16893974, 28564747, 25376186, 105882328, 13495113, 1941, 1122415, 3520242, 15692723, 1122415, 23579198, 15741884, 3176644, 1192408, 0, 156317, 3176644, 633341, 14769, 920, 920, 7, 4384576, 14602202, 4597609, 4384576, 678039, 861010, 206473]
native_profile_window,window-000575000000.ixqp,575000000,575100000,132817210,132840140
native_profile_progress,580000000,133938302,28617205,839814,29659423,728.291127108,[113158871, 175125926, 16984474, 28838689, 25631411, 106877296, 13569543, 1941, 1122415, 3520242, 15843733, 1122415, 23642315, 15816314, 3176644, 1192408, 0, 156317, 3176644, 633341, 14769, 920, 920, 7, 4469779, 15017049, 4690316, 4469779, 678039, 861010, 206473]
native_profile_window,window-000580000000.ixqp,580000000,580100000,133938302,133961028
native_profile_progress,585000000,135059887,28778100,839814,29820318,731.048145610,[114092140, 176551220, 17078760, 29110985, 25883739, 107864699, 13645798, 1941, 1122415, 3520242, 15993975, 1122415, 23709471, 15892569, 3176644, 1192408, 0, 156317, 3176644, 633341, 14769, 920, 920, 7, 4557640, 15422074, 4774785, 4557640, 678039, 861010, 206473]
native_profile_window,window-000585000000.ixqp,585000000,585100000,135059887,135082532
native_profile_progress,590000000,135822413,28902924,1708342,30814190,735.012818534,[114729497, 177521769, 17164021, 29286670, 26043900, 108515021, 13702703, 1941, 1122415, 3520242, 16085917, 1122415, 23776919, 15949474, 3184504, 1192408, 0, 156317, 3184504, 638581, 14769, 920, 920, 7, 4617183, 15557428, 4805215, 4617183, 688515, 1728881, 1069761]
native_profile_window,window-000590000000.ixqp,590000000,590100000,135822413,135829637
native_profile_progress,595000000,136100415,28950966,3641118,32795008,739.240748231,[114962542, 177866388, 17201918, 29347118, 26097714, 108735952, 13725216, 1941, 1122415, 3520242, 16116222, 1122415, 23808185, 15971987, 3190792, 1192408, 0, 156317, 3190792, 642773, 14769, 920, 920, 7, 4638964, 15570521, 4805215, 4638964, 696903, 3661135, 2998345]
native_profile_window,window-000595000000.ixqp,595000000,595100000,136100415,136104669
native_profile_progress,600000000,136294270,28985002,5749188,34936605,743.631555632,[115124663, 178104151, 17228055, 29389120, 26135353, 108890105, 13741086, 1941, 1122415, 3520242, 16137225, 1122415, 23829953, 15987857, 3195394, 1192408, 0, 156317, 3195394, 645841, 14769, 920, 920, 7, 4653832, 15576384, 4805215, 4653831, 703037, 5768312, 5102838]
native_profile_window,window-000600000000.ixqp,600000000,600100000,136294270,136297644
native_profile_progress,605000000,136456092,29013252,7921743,37137477,747.914916015,[115260077, 178303167, 17249871, 29424200, 26166787, 109018937, 13754326, 1941, 1122415, 3520242, 16154837, 1122415, 23848123, 16001097, 3199174, 1192408, 0, 156317, 3199174, 648361, 14769, 920, 920, 7, 4666284, 15580098, 4805215, 4666283, 708077, 7940618, 7272940]
native_profile_window,window-000605000000.ixqp,605000000,605100000,136456092,136458984
native_profile_progress,610000000,136597466,29037910,10136446,39375341,752.178436121,[115378423, 178477332, 17269015, 29454878, 26194203, 109131339, 13765848, 1941, 1122415, 3520242, 16170196, 1122415, 23864009, 16012619, 3202462, 1192408, 0, 156317, 3202462, 650553, 14769, 920, 920, 7, 4677223, 15584678, 4805215, 4677222, 712463, 10153552, 9483954]
native_profile_window,window-000610000000.ixqp,610000000,610100000,136597466,136599909
native_profile_progress,615000000,136725413,29060151,12376583,41638277,756.327791663,[115485561, 178635145, 17286318, 29482638, 26219037, 109233182, 13776288, 1941, 1122415, 3520242, 16184143, 1122415, 23878382, 16023059, 3205414, 1192408, 0, 156317, 3205414, 652521, 14769, 920, 920, 7, 4687125, 15588002, 4805215, 4687124, 716397, 12394000, 11722681]
native_profile_window,window-000615000000.ixqp,615000000,615100000,136725413,136727658
native_profile_progress,620000000,136845141,29080799,14631526,43913991,760.493734280,[115585975, 178783882, 17302704, 29508696, 26242181, 109328241, 13785950, 1941, 1122415, 3520242, 16197186, 1122415, 23891858, 16032721, 3208102, 1192408, 0, 156317, 3208102, 654313, 14769, 920, 920, 7, 4696558, 15594624, 4805215, 4696557, 719983, 14648843, 13975955]
native_profile_window,window-000620000000.ixqp,620000000,620100000,136845141,136847234
native_profile_progress,625000000,136950690,29099353,16917062,46219339,764.543312458,[115674224, 178913210, 17316908, 29531554, 26262687, 109412209, 13794607, 1941, 1122415, 3520242, 16208623, 1122415, 23903712, 16041378, 3210616, 1192408, 0, 156317, 3210616, 655989, 14769, 920, 920, 7, 4704631, 15597004, 4805215, 4704631, 723333, 16935426, 16261073]
native_profile_window,window-000625000000.ixqp,625000000,625100000,136950690,136952663
native_profile_progress,630000000,137051780,29116949,19213696,48532630,768.445160610,[115758818, 179037524, 17330471, 29553456, 26282364, 109492867, 13802905, 1941, 1122415, 3520242, 16219680, 1122415, 23915048, 16049676, 3212962, 1192408, 0, 156317, 3212962, 657553, 14769, 920, 920, 7, 4712382, 15598789, 4805215, 4712381, 726463, 19230926, 18555204]
native_profile_window,window-000630000000.ixqp,630000000,630100000,137051780,137053632
native_profile_progress,635000000,137148471,29133713,21518654,50853358,772.291336775,[115839802, 179156908, 17343537, 29574438, 26301140, 109569891, 13810796, 1941, 1122415, 3520242, 16230246, 1122415, 23925908, 16057567, 3215176, 1192408, 0, 156317, 3215176, 659029, 14769, 920, 920, 7, 4719871, 15601304, 4805215, 4719870, 729415, 21534686, 20857671]
native_profile_window,window-000635000000.ixqp,635000000,635100000,137148471,137150291
native_profile_progress,640000000,137240897,29149695,23830754,53181500,776.169033266,[115917240, 179271196, 17356037, 29594502, 26319086, 109643536, 13818332, 1941, 1122415, 3520242, 16240362, 1122415, 23936290, 16065103, 3217276, 1192408, 0, 156317, 3217276, 660429, 14769, 920, 920, 7, 4727047, 15604356, 4805215, 4727046, 732215, 23846671, 23168431]
native_profile_window,window-000640000000.ixqp,640000000,640100000,137240897,137242584
native_profile_progress,645000000,137328083,29164843,26151386,55519073,780.068063544,[115990276, 179378940, 17367897, 29613442, 26335970, 109712801, 13825410, 1941, 1122415, 3520242, 16249838, 1122415, 23946094, 16072181, 3219280, 1192408, 0, 156317, 3219280, 661765, 14769, 920, 920, 7, 4733841, 15608240, 4805215, 4733840, 734887, 26168929, 25489520]
native_profile_window,window-000645000000.ixqp,645000000,645100000,137328083,137329770
native_profile_progress,650000000,137411995,29179413,28483107,57862632,784.265308172,[116060581, 179482709, 17379328, 29631674, 26352213, 109779440, 13832216, 1941, 1122415, 3520242, 16258955, 1122415, 23955532, 16078987, 3221206, 1192408, 0, 156317, 3221206, 663049, 14769, 920, 920, 7, 4740391, 15612120, 4805215, 4740390, 737453, 28497756, 27817225]
native_profile_window,window-000650000000.ixqp,650000000,650100000,137411995,137413441
native_profile_progress,655000000,137489537,29193037,30824542,60220143,788.267532165,[116125381, 179577498, 17389672, 29648444, 26367327, 109841315, 13838616, 1941, 1122415, 3520242, 16267402, 1122415, 23964224, 16085387, 3223054, 1192408, 0, 156317, 3223054, 664281, 14769, 920, 920, 7, 4746268, 15612952, 4805215, 4746267, 739919, 30841490, 30159880]
native_profile_window,window-000655000000.ixqp,655000000,655100000,137489537,137491101
native_profile_progress,660000000,137567252,29206512,33168614,62576243,792.186961018,[116190456, 179673346, 17400134, 29665296, 26382440, 109903302, 13844978, 1941, 1122415, 3520242, 16275912, 1122415, 23972947, 16091749, 3224836, 1192408, 0, 156317, 3224836, 665469, 14769, 920, 920, 7, 4752262, 15614628, 4805215, 4752261, 742295, 33183967, 32501317]
native_profile_window,window-000660000000.ixqp,660000000,660100000,137567252,137568698
native_profile_progress,665000000,137644855,29219825,35509238,64930658,796.194896271,[116255586, 179770044, 17410777, 29682198, 26397436, 109964936, 13851228, 1941, 1122415, 3520242, 16284390, 1122415, 23981684, 16097999, 3226552, 1192408, 0, 156317, 3226552, 666613, 14769, 920, 920, 7, 4758407, 15618840, 4805215, 4758406, 744583, 35524925, 34841275]
native_profile_window,window-000665000000.ixqp,665000000,665100000,137644855,137646270
native_profile_progress,670000000,137714465,29232099,37871392,67302699,800.233308308,[116313753, 179855110, 17420110, 29697260, 26410975, 110020346, 13856954, 1941, 1122415, 3520242, 16291930, 1122415, 23989494, 16103725, 3228226, 1192408, 0, 156317, 3228226, 667729, 14769, 920, 920, 7, 4763700, 15619900, 4805215, 4763699, 746815, 37884553, 37199926]
native_profile_window,window-000670000000.ixqp,670000000,670100000,137714465,137715835
native_profile_progress,675000000,137787701,29244591,40222586,69666799,804.219987762,[116375106, 179945584, 17429759, 29713098, 26425352, 110079385, 13863044, 1941, 1122415, 3520242, 16300146, 1122415, 23997682, 16109815, 3229840, 1192408, 0, 156317, 3229840, 668805, 14769, 920, 920, 7, 4769269, 15620986, 4805215, 4769268, 748967, 40236027, 39550458]
native_profile_window,window-000675000000.ixqp,675000000,675100000,137787701,137789200
native_profile_progress,680000000,138373099,29291602,41458561,70955739,808.480635592,[116870242, 180760363, 17524563, 29857785, 26549916, 110597150, 13889731, 1941, 1122415, 3520242, 16363080, 1122415, 24031670, 16136502, 3236440, 1193938, 0, 156317, 3236440, 670689, 17075, 1060, 1060, 12, 4804128, 15704869, 4811457, 4804128, 751457, 41475043, 40787872]
native_profile_window,window-000680000000.ixqp,680000000,680100000,138373099,138396630
native_profile_progress,685000000,139503655,29368325,41471961,71046985,812.457073731,[117824905, 182332288, 17692189, 30139950, 26779201, 111571634, 13925594, 1942, 1122966, 3520242, 16494338, 1122966, 24087922, 16173468, 3243940, 1193938, 0, 156317, 3243940, 675889, 17875, 1060, 1060, 12, 4904543, 16009577, 4813430, 4904542, 761057, 41487143, 40796072]
native_profile_window,window-000685000000.ixqp,685000000,685100000,139503655,139526016
native_profile_progress,690000000,140621637,29373925,41471961,71052585,815.213690751,[118745318, 183837799, 17837938, 30451808, 27008980, 112503149, 13928894, 1942, 1122966, 3520242, 16612026, 1122966, 24093522, 16176768, 3243940, 1193938, 0, 156317, 3243940, 675889, 17875, 1060, 1060, 12, 5016581, 16610787, 4813430, 5016581, 761057, 41487143, 40796072]
native_profile_window,window-000690000000.ixqp,690000000,690100000,140621637,140643997
native_profile_progress,695000000,141668920,29409528,41652706,71268907,818.968026269,[119615503, 185251303, 17988413, 30731857, 27215850, 113347726, 13936604, 1942, 1122966, 3520242, 16717534, 1122966, 24108185, 16184478, 3251802, 1193938, 0, 156317, 3251802, 681133, 18147, 1076, 1076, 20, 5128293, 17098834, 4813430, 5128292, 771527, 41667197, 40971547]
native_profile_window,window-000695000000.ixqp,695000000,695100000,141668920,141686995
native_profile_progress,700000000,142486154,29542011,42419884,72168520,825.826848146,[120322170, 186366314, 18153833, 30908655, 27348501, 113911120, 13958772, 1942, 1122966, 3520242, 16783786, 1122966, 24152500, 16206646, 3284907, 1193938, 0, 156317, 3284907, 703217, 19575, 1160, 1160, 62, 5238566, 17220065, 4813430, 5238565, 815611, 42431514, 41716593]
native_profile_window,window-000700000000.ixqp,700000000,700100000,142486154,142500228
native_profile_progress,705000000,143300483,29674022,43193101,73073822,832.818862512,[121026323, 187477361, 18318666, 31084825, 27480680, 114472507, 13980862, 1942, 1122966, 3520242, 16849800, 1122966, 24196659, 16228736, 3317895, 1193938, 0, 156317, 3317895, 725223, 21003, 1244, 1244, 104, 5348445, 17340867, 4813430, 5348445, 859537, 43202000, 42467878]
native_profile_window,window-000705000000.ixqp,705000000,705100000,143300483,143317683
native_profile_progress,710000000,144115732,29806186,43964554,73977340,839.708971782,[121731281, 188589681, 18483693, 31261189, 27613004, 115034530, 14002972, 1942, 1122966, 3520242, 16915894, 1122966, 24240859, 16250846, 3350920, 1193938, 0, 156317, 3350920, 747253, 22363, 1324, 1324, 144, 5458459, 17461812, 4813430, 5458458, 903519, 43970552, 43217202]
native_profile_window,window-000710000000.ixqp,710000000,710100000,144115732,144132462
native_profile_progress,715000000,144932247,29938551,44733108,74878358,846.627273150,[122437325, 189703715, 18648967, 31437832, 27745541, 115597436, 14025121, 1942, 1122966, 3520242, 16982086, 1122966, 24285136, 16272995, 3383995, 1193938, 0, 156317, 3383995, 769317, 23791, 1408, 1408, 186, 5568632, 17582933, 4813430, 5568632, 947563, 44736394, 43963791]
native_profile_window,window-000715000000.ixqp,715000000,715100000,144932247,144947100
native_profile_progress,720000000,145859744,30052661,45210261,75469621,852.061588000,[123227995, 190988834, 18808267, 31657305, 27914354, 116320664, 14047977, 1942, 1122966, 3520242, 17073915, 1122966, 24325318, 16295851, 3404140, 1193938, 0, 156317, 3404140, 782789, 24775, 1460, 1460, 212, 5676886, 17803971, 4830758, 5676886, 974457, 45211743, 44427472]
native_profile_window,window-000720000000.ixqp,720000000,720100000,145859744,145881946
native_profile_progress,725000000,146940239,30227556,45296661,75730916,857.513861764,[124148419, 192487678, 18987557, 31913557, 28110346, 117160939, 14075716, 1942, 1122966, 3520242, 17183000, 1122966, 24369623, 16323590, 3425440, 1193938, 0, 156317, 3425440, 797089, 25875, 1460, 1460, 212, 5807653, 18134598, 4896052, 5807653, 1002657, 45296043, 44499572]
native_profile_window,window-000725000000.ixqp,725000000,725100000,146940239,146960295
native_profile_progress,730000000,147978606,30428040,45296661,75931400,860.426212731,[125022356, 193955136, 19124318, 32178035, 28313828, 118044307, 14100664, 1942, 1122966, 3520242, 17308068, 1122966, 24395687, 16348538, 3425440, 1193938, 0, 156317, 3425440, 797089, 25875, 1460, 1460, 212, 5926853, 18711858, 5049880, 5926853, 1002657, 45296043, 44499572]
native_profile_window,window-000730000000.ixqp,730000000,730100000,147978606,147999657
native_profile_progress,735000000,149017100,30628266,45296661,76131626,863.303649772,[125896328, 195422525, 19261064, 32442623, 28517350, 118927698, 14125530, 1942, 1122966, 3520242, 17433104, 1122966, 24421623, 16373404, 3425440, 1193938, 0, 156317, 3425440, 797089, 25875, 1460, 1460, 212, 6046067, 19289407, 5203591, 6046067, 1002657, 45296043, 44499572]
native_profile_window,window-000735000000.ixqp,735000000,735100000,149017100,149038916
native_profile_progress,740000000,149977631,30796273,45647564,76650536,868.883049068,[126717472, 196752630, 19426710, 32666068, 28686972, 119655364, 14150318, 1942, 1122966, 3520242, 17526923, 1122966, 24461894, 16398192, 3447901, 1193938, 0, 156317, 3447901, 812077, 26820, 1502, 1502, 233, 6167430, 19589699, 5263530, 6167430, 1032545, 45645029, 44835487]
native_profile_window,window-000740000000.ixqp,740000000,740100000,149977631,149994894
native_profile_progress,745000000,150885672,30943454,46228527,77378678,876.168514178,[127502589, 197991313, 19610380, 32862566, 28834433, 120281452, 14174994, 1942, 1122966, 3520242, 17600531, 1122966, 24511209, 16422867, 3484670, 1193938, 0, 156317, 3484670, 836613, 28395, 1572, 1572, 268, 6289865, 19712029, 5263530, 6289865, 1081477, 46222855, 45391914]
native_profile_window,window-000745000000.ixqp,745000000,745100000,150885672,150903898
native_profile_progress,750000000,151793565,31090612,46809809,78107120,883.464398414,[128287583, 199229810, 19794030, 33059027, 28981865, 120907431, 14199662, 1942, 1122966, 3520242, 17674127, 1122966, 24560513, 16447536, 3521434, 1193938, 0, 156317, 3521434, 861145, 29925, 1640, 1640, 302, 6412287, 19834349, 5263530, 6412287, 1130405, 46801003, 45948664]
native_profile_window,window-000750000000.ixqp,750000000,750100000,151793565,151812782
native_profile_progress,755000000,152810063,31272456,46960161,78439316,887.460017316,[129151045, 200664705, 19945282, 33305492, 29173731, 121745522, 14228777, 1942, 1122966, 3520242, 17790012, 1122966, 24598474, 16476651, 3531040, 1193938, 0, 156317, 3531040, 867589, 30475, 1660, 1660, 312, 6531560, 20223042, 5365728, 6531560, 1143257, 46950443, 46092572]
native_profile_window,window-000755000000.ixqp,755000000,755100000,152810063,152831413
native_profile_progress,760000000,153863568,31458312,47071472,78736483,892.298164501,[130049413, 202140467, 20114047, 33554923, 29366313, 122581802, 14258517, 1942, 1122966, 3520242, 17902608, 1122966, 24641269, 16506391, 3548094, 1193938, 0, 156317, 3548094, 878987, 31249, 1703, 1703, 312, 6659761, 20567292, 5450330, 6659761, 1165877, 47060231, 46192485]
native_profile_window,window-000760000000.ixqp,760000000,760100000,153863568,153884627
native_profile_progress,765000000,154893354,31665099,47217561,79089359,897.788958240,[130929389, 203572262, 20288343, 33795285, 29549191, 123369911, 14286052, 1942, 1122966, 3520242, 18005336, 1122966, 24684575, 16533926, 3570340, 1193938, 0, 156317, 3570340, 893889, 32375, 1760, 1760, 312, 6789692, 20950060, 5543767, 6789692, 1195457, 47204243, 46323672]
native_profile_window,window-000765000000.ixqp,765000000,765100000,154893354,154911391
native_profile_progress,770000000,155881633,31933372,47217561,79357632,900.636469807,[131765034, 204984594, 20419420, 34042359, 29739459, 124209018, 14312936, 1942, 1122966, 3520242, 18126649, 1122966, 24711869, 16560810, 3570340, 1193938, 0, 156317, 3570340, 893889, 32375, 1760, 1760, 312, 6908721, 21638241, 5759650, 6908721, 1195457, 47204243, 46323672]
native_profile_window,window-000770000000.ixqp,770000000,770100000,155881633,155904432
native_profile_progress,775000000,156872827,32196926,47217561,79621186,903.490224258,[132602661, 206399292, 20550745, 34290725, 29930585, 125050473, 14339427, 1942, 1122966, 3520242, 18248007, 1122966, 24738706, 16587301, 3570340, 1193938, 0, 156317, 3570340, 893889, 32375, 1760, 1760, 312, 7027682, 22322540, 5971655, 7027682, 1195457, 47204243, 46323672]
native_profile_window,window-000775000000.ixqp,775000000,775100000,156872827,156892414
native_profile_progress,780000000,157866070,32456955,47217561,79881215,906.319089444,[133441657, 207815463, 20682288, 34540082, 30122314, 125893248, 14365597, 1942, 1122966, 3520242, 18369313, 1122966, 24765268, 16613471, 3570340, 1193938, 0, 156317, 3570340, 893889, 32375, 1760, 1760, 312, 7146573, 23004838, 6180797, 7146572, 1195457, 47204243, 46323672]
native_profile_window,window-000780000000.ixqp,780000000,780100000,157866070,157883951
native_profile_progress,785000000,158856598,32721577,47217561,80145837,909.143531296,[134278798, 209229473, 20813574, 34788214, 30313264, 126734058, 14392137, 1942, 1122966, 3520242, 18490610, 1122966, 24792209, 16640011, 3570340, 1193938, 0, 156317, 3570340, 893889, 32375, 1760, 1760, 312, 7265508, 23690361, 6393756, 7265508, 1195457, 47204243, 46323672]
native_profile_window,window-000785000000.ixqp,785000000,785100000,158856598,158877162
native_profile_progress,790000000,159845265,32989233,47217561,80413493,911.942039079,[135114688, 210642081, 20944653, 35035458, 30503656, 127573568, 14418960, 1942, 1122966, 3520242, 18611944, 1122966, 24819387, 16666834, 3570340, 1193938, 0, 156317, 3570340, 893889, 32375, 1760, 1760, 312, 7384527, 24378038, 6609160, 7384527, 1195457, 47204243, 46323672]
native_profile_window,window-000790000000.ixqp,790000000,790100000,159845265,159867403
native_profile_progress,795000000,160838726,33248952,47217561,80673212,914.767130409,[135953872, 212058573, 21076225, 35284865, 30695426, 128416532, 14445140, 1942, 1122966, 3520242, 18733281, 1122966, 24845959, 16693014, 3570340, 1193938, 0, 156317, 3570340, 893889, 32375, 1760, 1760, 312, 7503444, 25059732, 6817974, 7503444, 1195457, 47204243, 46323672]
native_profile_window,window-000795000000.ixqp,795000000,795100000,160838726,160856414
native_profile_progress,800000000,161785066,33492206,47376107,81074990,918.305047738,[136756533, 213402580, 21210786, 35517081, 30873708, 129199403, 14470862, 1942, 1122966, 3520242, 18844048, 1122966, 24875499, 16718736, 3575597, 1193938, 0, 156317, 3575597, 897395, 32569, 1770, 1770, 314, 7619301, 25648377, 6996930, 7619300, 1202459, 47362324, 46478690]
native_profile_window,window-000800000000.ixqp,800000000,800100000,161785066,161800384
native_profile_progress,805000000,162504172,33608792,48351225,82166716,924.942078376,[137378389, 214383837, 21356419, 35672619, 30990392, 129695094, 14490343, 1942, 1122966, 3520242, 18902346, 1122966, 24914449, 16738217, 3604736, 1193938, 0, 156317, 3604736, 916829, 33733, 1830, 1830, 326, 7716383, 25755132, 6996930, 7716383, 1241277, 48335003, 47434396]
native_profile_window,window-000805000000.ixqp,805000000,805100000,162504172,162522515
native_profile_progress,810000000,163230172,33726495,49311719,83244913,931.441093600,[138006197, 215374476, 21503431, 35829655, 31108202, 130195555, 14510015, 1942, 1122966, 3520242, 18961206, 1122966, 24953780, 16757889, 3634150, 1193938, 0, 156317, 3634150, 936447, 34994, 1895, 1895, 339, 7814388, 25862899, 6996930, 7814388, 1280463, 49293013, 48375272]
native_profile_window,window-000810000000.ixqp,810000000,810100000,163230172,163241443
native_profile_progress,815000000,163954678,33843960,50275427,84326039,938.021200952,[138632719, 216363078, 21650146, 35986365, 31225766, 130694975, 14529646, 1942, 1122966, 3520242, 19019944, 1122966, 24993029, 16777520, 3663507, 1193938, 0, 156317, 3663507, 956027, 36255, 1960, 1960, 352, 7912195, 25970435, 6996930, 7912194, 1319571, 50254195, 49319353]
native_profile_window,window-000815000000.ixqp,815000000,815100000,163954678,163967480
native_profile_progress,820000000,164676816,33961035,51244059,85411793,944.601915180,[139257190, 217348452, 21796381, 36142564, 31342949, 131192769, 14549213, 1942, 1122966, 3520242, 19078488, 1122966, 25032150, 16797087, 3692766, 1193938, 0, 156317, 3692766, 975542, 37516, 2025, 2025, 365, 8009678, 26077630, 6996930, 8009678, 1358547, 51220401, 50268517]
native_profile_window,window-000820000000.ixqp,820000000,820100000,164676816,164692022
native_profile_progress,825000000,165395685,34077587,52219708,86503994,951.111721251,[139878840, 218329375, 21941961, 36298052, 31459593, 131688297, 14568688, 1942, 1122966, 3520242, 19136770, 1122966, 25071088, 16816562, 3721895, 1193938, 0, 156317, 3721895, 994969, 38680, 2085, 2085, 377, 8106730, 26184341, 6996930, 8106730, 1397355, 52193592, 51224739]
native_profile_window,window-000825000000.ixqp,825000000,825100000,165395685,165414262
native_profile_progress,830000000,166121769,34195302,53180023,87582024,957.965674811,[140506724, 219320135, 22088996, 36455105, 31577415, 132188809, 14588362, 1942, 1122966, 3520242, 19195635, 1122966, 25110423, 16836236, 3751315, 1193938, 0, 156317, 3751315, 1014591, 39941, 2150, 2150, 390, 8204745, 26292119, 6996930, 8204745, 1436545, 53151421, 52165432]
native_profile_window,window-000830000000.ixqp,830000000,830100000,166121769,166132952
native_profile_progress,835000000,166846312,34312773,54143630,88663073,964.550073289,[141133276, 220308789, 22235716, 36611823, 31694987, 132688259, 14607994, 1942, 1122966, 3520242, 19254376, 1122966, 25149674, 16855868, 3780672, 1193938, 0, 156317, 3780672, 1034171, 41202, 2215, 2215, 403, 8302558, 26399666, 6996930, 8302557, 1475655, 54112521, 53109430]
native_profile_window,window-000835000000.ixqp,835000000,835100000,166846312,166859040
native_profile_progress,840000000,167652157,34483131,54801261,89491091,969.865878626,[141824768, 221433184, 22376205, 36795845, 31835593, 133299036, 14631400, 1942, 1122966, 3520242, 19334116, 1122966, 25186737, 16879274, 3800140, 1193938, 0, 156317, 3800140, 1047189, 42175, 2260, 2260, 412, 8406319, 26684850, 7069235, 8406319, 1501657, 54768443, 53754072]
native_profile_window,window-000840000000.ixqp,840000000,840100000,167652157,167670170
native_profile_progress,845000000,168624817,34785223,54801261,89793183,972.688796111,[142652011, 222841161, 22505821, 37032763, 32020421, 134130112, 14663229, 1942, 1122966, 3520242, 19457450, 1122966, 25218886, 16911103, 3800140, 1193938, 0, 156317, 3800140, 1047189, 42175, 2260, 2260, 412, 8527036, 27366388, 7309464, 8527036, 1501657, 54768443, 53754072]
native_profile_window,window-000845000000.ixqp,845000000,845100000,168624817,168644975
native_profile_progress,850000000,169596489,35089007,54801261,90096967,975.475922561,[143478597, 224248465, 22635327, 37269190, 32204946, 134960583, 14695211, 1942, 1122966, 3520242, 19580826, 1122966, 25251142, 16943085, 3800140, 1193938, 0, 156317, 3800140, 1047189, 42175, 2260, 2260, 412, 8647806, 28048840, 7551057, 8647806, 1501657, 54768443, 53754072]
native_profile_window,window-000850000000.ixqp,850000000,850100000,169596489,169618455
native_profile_progress,855000000,170571327,35387799,54801261,90395759,978.283197973,[144307352, 225658266, 22765145, 37507048, 32390401, 135793345, 14726784, 1942, 1122966, 3520242, 19704201, 1122966, 25283023, 16974658, 3800140, 1193938, 0, 156317, 3800140, 1047189, 42175, 2260, 2260, 412, 8768482, 28727144, 7788550, 8768482, 1501657, 54768443, 53754072]
native_profile_window,window-000855000000.ixqp,855000000,855100000,170571327,170589275
native_profile_progress,860000000,171546126,35686665,54801261,90694625,981.112095797,[145136074, 227068017, 22894957, 37744897, 32575848, 136626074, 14758355, 1942, 1122966, 3520242, 19827571, 1122966, 25314902, 17006229, 3800140, 1193938, 0, 156317, 3800140, 1047189, 42175, 2260, 2260, 412, 8889156, 29405527, 8026119, 8889155, 1501657, 54768443, 53754072]
native_profile_window,window-000860000000.ixqp,860000000,860100000,171546126,171564196
native_profile_progress,865000000,172520281,35986382,54801261,90994342,983.914282753,[145964322, 228477120, 23024708, 37982506, 32761115, 137458213, 14789969, 1942, 1122966, 3520242, 19950895, 1122966, 25346830, 17037843, 3800140, 1193938, 0, 156317, 3800140, 1047189, 42175, 2260, 2260, 412, 9009838, 30085255, 8264429, 9009838, 1501657, 54768443, 53754072]
native_profile_window,window-000865000000.ixqp,865000000,865100000,172520281,172538936
native_profile_progress,870000000,173490753,36292079,54801261,91300039,986.745718425,[146790132, 229883598, 23154137, 38218362, 32945278, 138287772, 14822155, 1942, 1122966, 3520242, 20074278, 1122966, 25379345, 17070029, 3800140, 1193938, 0, 156317, 3800140, 1047189, 42175, 2260, 2260, 412, 9130632, 30769020, 8507511, 9130632, 1501657, 54768443, 53754072]
native_profile_window,window-000870000000.ixqp,870000000,870100000,173490753,173513670
native_profile_progress,875000000,174457757,36583926,54839855,91630480,990.021778359,[147613136, 231278796, 23286372, 38452681, 33127733, 139105868, 14853396, 1942, 1122966, 3520242, 20194561, 1122966, 25412167, 17101270, 3802152, 1193938, 0, 156317, 3802152, 1048531, 42241, 2264, 2264, 414, 9251091, 31417693, 8733230, 9251091, 1504335, 54806867, 53791324]
native_profile_window,window-000875000000.ixqp,875000000,875100000,174457757,174474092
native_profile_progress,880000000,175280300,36717271,55595816,92519710,998.345556335,[148324397, 232401052, 23452868, 38630626, 33261244, 139672919, 14875707, 1942, 1122966, 3520242, 20261245, 1122966, 25456768, 17123581, 3835473, 1193938, 0, 156317, 3835473, 1070759, 43627, 2348, 2348, 456, 9362084, 31539716, 8733230, 9362083, 1548707, 55559937, 54524981]
native_profile_window,window-000880000000.ixqp,880000000,880100000,175280300,175296910
native_profile_progress,885000000,176103957,36850793,56349248,93406740,1005.416199898,[149036613, 233524814, 23619581, 38808817, 33394942, 140240743, 14898053, 1942, 1122966, 3520242, 20328015, 1122966, 25501438, 17145927, 3868838, 1193938, 0, 156317, 3868838, 1093017, 45079, 2436, 2436, 500, 9473216, 31661893, 8733230, 9473216, 1593133, 56310623, 55256231]
native_profile_window,window-000885000000.ixqp,885000000,885100000,176103957,176120110
native_profile_progress,890000000,176926287,36984100,57105588,94296387,1012.313488913,[149747687, 234646779, 23786034, 38986717, 33528421, 140807655, 14920358, 1942, 1122966, 3520242, 20394681, 1122966, 25546027, 17168232, 3902148, 1193938, 0, 156317, 3902148, 1115238, 46465, 2520, 2520, 542, 9584177, 31783883, 8733230, 9584177, 1637491, 57064149, 55990350]
native_profile_window,window-000890000000.ixqp,890000000,890100000,176926287,176943144
native_profile_progress,895000000,177750144,37117658,57858713,95183031,1019.399673899,[150460076, 235770808, 23952783, 39164952, 33662151, 141375620, 14942709, 1942, 1122966, 3520242, 20461471, 1122966, 25590707, 17190583, 3935521, 1193938, 0, 156317, 3935521, 1137501, 47917, 2608, 2608, 586, 9695339, 31906082, 8733230, 9695338, 1681931, 57814414, 56721173]
native_profile_window,window-000895000000.ixqp,895000000,895100000,177750144,177766128
native_profile_progress,900000000,178656053,37286447,58310661,95803807,1024.698964162,[151235096, 237032159, 24106309, 39375060, 33823012, 142070973, 14968215, 1942, 1122966, 3520242, 20552696, 1122966, 25630170, 17216089, 3955240, 1193938, 0, 156317, 3955240, 1150689, 48875, 2660, 2660, 612, 9809413, 32203958, 8800218, 9809413, 1708257, 58264643, 57159972]
native_profile_window,window-000900000000.ixqp,900000000,900100000,178656053,178677898
native_profile_progress,905000000,179684188,37511397,58310661,96028757,1027.524635157,[152104111, 238497083, 24241278, 39631759, 34022672, 142948809, 14997715, 1942, 1122966, 3520242, 20679835, 1122966, 25660240, 17245589, 3955240, 1193938, 0, 156317, 3955240, 1150689, 48875, 2660, 2660, 612, 9930462, 32772218, 8970548, 9930462, 1708257, 58264643, 57159972]
native_profile_window,window-000905000000.ixqp,905000000,905100000,179684188,179706039
native_profile_progress,910000000,180712324,37736347,58310661,96253707,1030.377289721,[152973128, 239962004, 24376247, 39888458, 34222330, 143826645, 15027215, 1942, 1122966, 3520242, 20806975, 1122966, 25690310, 17275089, 3955240, 1193938, 0, 156317, 3955240, 1150689, 48875, 2660, 2660, 612, 10051512, 33340478, 9140878, 10051512, 1708257, 58264643, 57159972]
native_profile_window,window-000910000000.ixqp,910000000,910100000,180712324,180734194
native_profile_progress,915000000,181734550,37957164,58343532,96507355,1033.511121403,[153838362, 241415007, 24514740, 40141623, 34418895, 144689533, 15056490, 1942, 1122966, 3520242, 20930839, 1122966, 25721753, 17304364, 3957686, 1193938, 0, 156317, 3957686, 1152321, 48959, 2664, 2664, 614, 10172939, 33880877, 9300730, 10172938, 1711509, 58297265, 57191171]
native_profile_window,window-000915000000.ixqp,915000000,915100000,181734550,181752593
native_profile_progress,920000000,182655928,38106498,58896310,97209507,1040.843733095,[154634994, 242671832, 24701080, 40341019, 34568537, 145324837, 15081538, 1942, 1122966, 3520242, 21005527, 1122966, 25771811, 17329412, 3994992, 1193938, 0, 156317, 3994992, 1177217, 50555, 2740, 2740, 652, 10297150, 34004977, 9300730, 10297150, 1761149, 58846905, 57719093]
native_profile_window,window-000920000000.ixqp,920000000,920100000,182655928,182673449
native_profile_progress,925000000,183576988,38255784,59449795,97912278,1048.298585620,[155431352, 243928233, 24887358, 40540345, 34718127, 145959917, 15106577, 1942, 1122966, 3520242, 21080187, 1122966, 25821851, 17354451, 4032286, 1193938, 0, 156317, 4032286, 1202105, 52151, 2816, 2816, 690, 10421321, 34129037, 9300730, 10421321, 1810771, 59397211, 58247690]
native_profile_window,window-000925000000.ixqp,925000000,925100000,183576988,183595292
native_profile_progress,930000000,184585990,38373787,59780306,98360792,1054.431308464,[156293218, 245323750, 25065775, 40776227, 34900332, 146740120, 15132312, 1942, 1122966, 3520242, 21177882, 1122966, 25869076, 17380186, 4057026, 1193938, 0, 156317, 4057026, 1218661, 53329, 2860, 2860, 712, 10538514, 34317484, 9304930, 10538514, 1843711, 59725479, 58561645]
native_profile_window,window-000930000000.ixqp,930000000,930100000,184585990,184608615
native_profile_progress,935000000,185716079,38499186,59858728,98564691,1061.011885385,[157255698, 246889123, 25261694, 41044151, 35109092, 147632994, 15162085, 1942, 1122966, 3520242, 21288109, 1122966, 25925201, 17409959, 4082629, 1193938, 0, 156317, 4082629, 1236078, 55264, 2860, 2860, 712, 10662788, 34507895, 9305815, 10662787, 1877835, 59800721, 58622650]
native_profile_window,window-000935000000.ixqp,935000000,935100000,185716079,185738837
native_profile_progress,940000000,186823140,38595487,59972133,98774397,1065.976002197,[158190575, 248406328, 25439122, 41318217, 35317975, 148510626, 15183572, 1942, 1122966, 3520242, 21399415, 1122966, 25962369, 17431446, 4100758, 1193938, 0, 156317, 4100758, 1248196, 56080, 2860, 2860, 712, 10786365, 34783316, 9315385, 10786365, 1901877, 59912515, 58723937]
native_profile_window,window-000940000000.ixqp,940000000,940100000,186823140,186844439
native_profile_progress,945000000,187931878,38689728,60083803,98980320,1071.315958114,[159127240, 249927519, 25620169, 41592077, 35527567, 149391218, 15205926, 1942, 1122966, 3520242, 21508670, 1122966, 26003693, 17453800, 4120327, 1193938, 0, 156317, 4120327, 1261443, 57388, 2860, 2860, 712, 10907353, 35054818, 9316098, 10907353, 1927861, 60021990, 58822360]
native_profile_window,window-000945000000.ixqp,945000000,945100000,187931878,187954737
native_profile_progress,950000000,189067749,38774353,60099984,99081264,1075.516031721,[160089725, 251491123, 25781104, 41869449, 35761792, 150375878, 15254880, 1943, 1123517, 3520242, 21648831, 1123517, 26070961, 17503857, 4125586, 1194002, 0, 156317, 4125586, 1265110, 58063, 2864, 2864, 712, 11002380, 35320219, 9320717, 11002380, 1934379, 60037128, 58834874]
native_profile_window,window-000950000000.ixqp,950000000,950100000,189067749,189090273
native_profile_progress,955000000,190196455,38781857,60099984,99088768,1078.395650153,[161019990, 253015986, 25929049, 42183151, 35993922, 151321018, 15259302, 1943, 1123517, 3520242, 21768650, 1123517, 26078465, 17508279, 4125586, 1194002, 0, 156317, 4125586, 1265110, 58063, 2864, 2864, 712, 11114628, 35865512, 9320717, 11114627, 1934379, 60037128, 58834874]
native_profile_window,window-000955000000.ixqp,955000000,955100000,190196455,190218983
native_profile_progress,960000000,191193377,38864360,60441450,99512737,1083.910224321,[161861393, 254369309, 26094513, 42430169, 36177831, 152083744, 15274548, 1943, 1123517, 3520242, 21862240, 1123517, 26108328, 17523525, 4145361, 1194002, 0, 156317, 4145361, 1278304, 58863, 2912, 2912, 712, 11231028, 36176903, 9320717, 11231028, 1960699, 60376916, 59163146]
native_profile_window,window-000960000000.ixqp,960000000,960100000,191193377,191212452
native_profile_progress,965000000,192082339,39008455,61062652,100278034,1091.372867490,[162630033, 255582031, 26274359, 42622523, 36322176, 152696660, 15298693, 1943, 1123517, 3520242, 21934304, 1123517, 26156587, 17547670, 4181360, 1194002, 0, 156317, 4181360, 1302324, 60413, 3005, 3005, 712, 11350915, 36296693, 9320717, 11350915, 2008617, 60995062, 59760328]
native_profile_window,window-000965000000.ixqp,965000000,965100000,192082339,192100863
native_profile_progress,970000000,192971131,39152520,61684218,101043665,1098.894083440,[163398526, 256794514, 26454173, 42814840, 36466490, 153309445, 15322833, 1943, 1123517, 3520242, 22006353, 1123517, 26204836, 17571810, 4217354, 1194002, 0, 156317, 4217354, 1326341, 61963, 3098, 3098, 712, 11470780, 36416473, 9320717, 11470780, 2056525, 61613570, 60357877]
native_profile_window,window-000970000000.ixqp,970000000,970100000,192971131,192988968
native_profile_progress,975000000,193931906,39280450,62122673,101610050,1105.307868198,[164223700, 258127691, 26631081, 43032748, 36636059, 154041665, 15350568, 1943, 1123517, 3520242, 22097733, 1123517, 26255934, 17599545, 4244757, 1194002, 0, 156317, 4244757, 1344690, 63310, 3164, 3164, 712, 11585052, 36564718, 9323917, 11585052, 2092941, 62049521, 60777983]
native_profile_window,window-000975000000.ixqp,975000000,975100000,193931906,193955272
native_profile_progress,980000000,195011361,39427918,62127584,101762429,1108.635160523,[165131151, 259638637, 26776364, 43307628, 36850017, 154960509, 15377053, 1943, 1123517, 3520242, 22224978, 1123517, 26287280, 17626030, 4247386, 1194002, 0, 156317, 4247386, 1346510, 63563, 3164, 3164, 712, 11702022, 37034787, 9418618, 11702022, 2096379, 62054028, 60781074]
native_profile_window,window-000980000000.ixqp,980000000,980100000,195011361,195032885
native_profile_progress,985000000,196056159,39589783,62359341,102156051,1115.533929214,[166026750, 261075014, 26965719, 43546040, 37031173, 155732489, 15404616, 1943, 1123517, 3520242, 22321538, 1123517, 26335815, 17653593, 4277431, 1194002, 0, 156317, 4277431, 1366582, 64886, 3227, 3227, 712, 11834530, 37265283, 9447717, 11834530, 2136267, 62283133, 60992759]
native_profile_window,window-000985000000.ixqp,985000000,985100000,196056159,196076827
native_profile_progress,990000000,197130834,39737406,62501782,102446115,1122.078441081,[166944229, 262574819, 27141910, 43797917, 37229564, 156591662, 15437604, 1943, 1123517, 3520242, 22435577, 1123517, 26386234, 17686581, 4297368, 1194002, 0, 156317, 4297368, 1379944, 65877, 3264, 3264, 712, 11958586, 37496981, 9484117, 11958586, 2162769, 62423691, 61121838]
native_profile_window,window-000990000000.ixqp,990000000,990100000,197130834,197153593
native_profile_progress,995000000,198161559,39977550,62527584,102712061,1128.259331173,[167820906, 264035455, 27294124, 44046386, 37421802, 157435783, 15468111, 1943, 1123517, 3520242, 22553640, 1123517, 26424411, 17717088, 4306786, 1194002, 0, 156317, 4306786, 1386310, 66463, 3264, 3264, 712, 12084355, 38014895, 9640685, 12084355, 2175179, 62448428, 61141274]
native_profile_window,window-000995000000.ixqp,995000000,995100000,198161559,198182070
native_profile_progress,1000000000,199161040,40236869,62527584,102971380,1133.036483162,[168667874, 265470154, 27426735, 44293666, 37614035, 158289498, 15497956, 1943, 1123517, 3520242, 22678304, 1123517, 26454956, 17746933, 4306786, 1194002, 0, 156317, 4306786, 1386310, 66463, 3264, 3264, 712, 12204690, 38649590, 9842915, 12204690, 2175179, 62448428, 61141274]
native_profile_window,window-001000000000.ixqp,1000000000,1000100000,199161040,199182783
native_profile_progress,1005000000,200161470,40494800,62527584,103229311,1136.841821415,[169515517, 266905667, 27559462, 44541361, 37806536, 159143847, 15527702, 1943, 1123517, 3520242, 22802966, 1123517, 26485448, 17776679, 4306786, 1194002, 0, 156317, 4306786, 1386310, 66463, 3264, 3264, 712, 12325002, 39282830, 10043977, 12325002, 2175179, 62448428, 61141274]
native_profile_window,window-001005000000.ixqp,1005000000,1005100000,200161470,200182349
native_profile_progress,1010000000,201162744,40751271,62527584,103485782,1140.721755159,[170363683, 268341730, 27692238, 44789473, 37999316, 159998969, 15557282, 1943, 1123517, 3520242, 22927628, 1123517, 26515719, 17806259, 4306786, 1194002, 0, 156317, 4306786, 1386310, 66463, 3264, 3264, 712, 12445258, 39915256, 10243927, 12445258, 2175179, 62448428, 61141274]
native_profile_window,window-001010000000.ixqp,1010000000,1010100000,201162744,201181818
native_profile_progress,1015000000,202087379,40922202,62997427,104126556,1148.374540539,[171160217, 269617327, 27866391, 44994979, 38154864, 160667267, 15583175, 1943, 1123517, 3520242, 23010893, 1123517, 26561766, 17832152, 4336710, 1194002, 0, 156317, 4336710, 1406278, 67723, 3320, 3320, 740, 12567502, 40135833, 10283917, 12567502, 2215001, 62915726, 61591149]
native_profile_window,window-001015000000.ixqp,1015000000,1015100000,202087379,202104681
native_profile_progress,1020000000,202994217,41069190,63580947,104857049,1156.405774124,[171944300, 270854385, 28049828, 45191212, 38302123, 161292516, 15607814, 1943, 1123517, 3520242, 23084405, 1123517, 26611010, 17856791, 4373432, 1194002, 0, 156317, 4373432, 1430782, 69253, 3388, 3388, 774, 12689784, 40258013, 10283917, 12689783, 2263873, 63496109, 62150150]
native_profile_window,window-001020000000.ixqp,1020000000,1020100000,202994217,203013463
native_profile_progress,1025000000,203903125,41216509,64160061,105583497,1164.325121631,[172730165, 272094252, 28233676, 45387897, 38449724, 161919197, 15632513, 1943, 1123517, 3520242, 23158081, 1123517, 26660373, 17881490, 4410237, 1194002, 0, 156317, 4410237, 1455342, 70828, 3458, 3458, 809, 12812335, 40380463, 10283917, 12812335, 2312851, 64072105, 62704719]
native_profile_window,window-001025000000.ixqp,1025000000,1025100000,203903125,203921727
native_profile_progress,1030000000,204929993,41436523,64200184,105843634,1167.667059418,[173602816, 273565926, 28372695, 45637198, 38647357, 162797987, 15667629, 1943, 1123517, 3520242, 23286406, 1123517, 26698791, 17916606, 4412686, 1194002, 0, 156317, 4412686, 1457010, 71063, 3464, 3464, 812, 12933142, 40854428, 10433873, 12933142, 2316179, 64111928, 62743174]
native_profile_window,window-001030000000.ixqp,1030000000,1030100000,204929993,204950547
native_profile_progress,1035000000,205966947,41659262,64225964,106092144,1171.057214525,[174485027, 275049391, 28516215, 45887379, 38844998, 163675883, 15702681, 1943, 1123517, 3520242, 23414120, 1123517, 26737794, 17951658, 4416938, 1194002, 0, 156317, 4416938, 1459852, 71239, 3464, 3464, 812, 13056994, 41321660, 10581717, 13056993, 2321817, 64137325, 62766103]
native_profile_window,window-001035000000.ixqp,1035000000,1035100000,205966947,205988196
native_profile_progress,1040000000,207031249,41837753,64422784,106467464,1177.753465767,[175400288, 276518318, 28711156, 46125755, 39027677, 164460474, 15734307, 1943, 1123517, 3520242, 23513096, 1123517, 26791989, 17983284, 4448986, 1194002, 0, 156317, 4448986, 1481310, 72763, 3464, 3464, 812, 13193609, 41515387, 10614647, 13193609, 2364379, 64331228, 62941474]
native_profile_window,window-001040000000.ixqp,1040000000,1040100000,207031249,207053002
native_profile_progress,1045000000,208089674,42036412,64422784,106666123,1180.657739548,[176298063, 278032732, 28848390, 46384613, 39235025, 165379677, 15771804, 1943, 1123517, 3520242, 23648927, 1123517, 26830894, 18020781, 4448986, 1194002, 0, 156317, 4448986, 1481310, 72763, 3464, 3464, 812, 13314615, 41954485, 10748975, 13314615, 2364379, 64331228, 62941474]
native_profile_window,window-001045000000.ixqp,1045000000,1045100000,208089674,208111447
native_profile_progress,1050000000,209188758,42190995,64550441,106948363,1186.990015641,[177240774, 279560011, 29044754, 46635406, 39431078, 166226956, 15804918, 1943, 1123517, 3520242, 23756547, 1123517, 26888807, 18053895, 4477776, 1194002, 0, 156317, 4477776, 1500650, 74273, 3464, 3464, 812, 13444593, 42135398, 10766317, 13444593, 2402377, 64456032, 63049791]
native_profile_window,window-001050000000.ixqp,1050000000,1050100000,209188758,209212251
native_profile_progress,1055000000,210321464,42298787,64595896,107101610,1192.097749767,[178202242, 281147110, 29227609, 46909868, 39650649, 167176769, 15837705, 1943, 1123517, 3520242, 23878427, 1123517, 26945833, 18086682, 4494895, 1194002, 0, 156317, 4494895, 1512434, 75926, 3464, 3464, 812, 13557386, 42338659, 10770692, 13557386, 2425095, 64498998, 63083462]
native_profile_window,window-001055000000.ixqp,1055000000,1055100000,210321464,210344059
native_profile_progress,1060000000,211465291,42378702,64607743,107193372,1195.678324325,[179168545, 282710260, 29386198, 47192331, 39887363, 168162177, 15884734, 1944, 1124068, 3520242, 24017936, 1124068, 27008925, 18134814, 4499577, 1194066, 0, 156317, 4499577, 1515721, 76649, 3464, 3464, 812, 13654151, 42609740, 10775884, 13654151, 2430961, 64509839, 63092022]
native_profile_window,window-001060000000.ixqp,1060000000,1060100000,211465291,211487669
native_profile_progress,1065000000,212584437,42475482,64617263,107299672,1199.472761761,[180119722, 284325278, 29553927, 47465338, 40116324, 169184772, 15925524, 1944, 1124068, 3520242, 24157093, 1124068, 27073674, 18175604, 4505737, 1194066, 0, 156317, 4505737, 1520201, 77769, 3464, 3464, 812, 13749524, 42823229, 10789056, 13749524, 2438641, 64517819, 63097062]
native_profile_window,window-001065000000.ixqp,1065000000,1065100000,212584437,212606920
native_profile_progress,1070000000,213714518,42607260,64646063,107460250,1204.233691694,[181080423, 285908388, 29724464, 47735495, 40335298, 170134948, 15964569, 1944, 1124068, 3520242, 24286692, 1124068, 27129096, 18214649, 4519537, 1194066, 0, 156317, 4519537, 1529601, 78769, 3464, 3464, 812, 13868113, 43034821, 10821020, 13868113, 2456641, 64544919, 63116462]
native_profile_window,window-001070000000.ixqp,1070000000,1070100000,213714518,213736709
native_profile_progress,1075000000,214828151,42753465,64666263,107626655,1208.325437434,[182026152, 287475400, 29882323, 48003473, 40552780, 171083000, 16004618, 1944, 1124068, 3520242, 24420583, 1124068, 27179285, 18254698, 4528237, 1194066, 0, 156317, 4528237, 1535501, 79369, 3464, 3464, 812, 13987883, 43299292, 10879919, 13987883, 2468041, 64564119, 63130762]
native_profile_window,window-001075000000.ixqp,1075000000,1075100000,214828151,214850048
native_profile_progress,1080000000,215933621,42915780,64695663,107818370,1212.776829461,[182966778, 289029070, 30042840, 48266610, 40764654, 172006672, 16044330, 1944, 1124068, 3520242, 24550685, 1124068, 27229284, 18294410, 4539337, 1194066, 0, 156317, 4539337, 1543001, 80069, 3464, 3464, 812, 14112068, 43575418, 10947302, 14112068, 2482641, 64592319, 63152662]
native_profile_window,window-001080000000.ixqp,1080000000,1080100000,215933621,215955155
native_profile_progress,1085000000,217047791,43063539,64734763,108005229,1218.412400640,[183916427, 290598353, 30215451, 48530227, 40977722, 172938059, 16083367, 1944, 1124068, 3520242, 24677283, 1124068, 27286223, 18333447, 4554437, 1194066, 0, 156317, 4554437, 1553301, 81169, 3464, 3464, 812, 14231685, 43806036, 10988824, 14231685, 2502441, 64629519, 63181462]
native_profile_window,window-001085000000.ixqp,1085000000,1085100000,217047791,217069763
native_profile_progress,1090000000,218182529,43165033,64750791,108122751,1223.475111078,[184878863, 292212174, 30388954, 48807478, 41209614, 173950760, 16124702, 1945, 1124619, 3520242, 24810531, 1124619, 27354336, 18375885, 4563874, 1194130, 0, 156317, 4563874, 1560034, 82771, 3464, 3464, 812, 14326903, 43986946, 10997053, 14326903, 2514569, 64643407, 63190757]
native_profile_window,window-001090000000.ixqp,1090000000,1090100000,218182529,218206209
native_profile_progress,1095000000,219329280,43284572,64763012,108256645,1227.593926133,[185840582, 293833313, 30592482, 49067248, 41470563, 174989299, 16174960, 1945, 1124619, 3520242, 24926175, 1124619, 27444996, 18426143, 4570368, 1194194, 0, 156317, 4570368, 1564779, 84287, 3464, 3464, 812, 14391979, 44149380, 11005908, 14391979, 2523497, 64653785, 63198233]
native_profile_window,window-001095000000.ixqp,1095000000,1095100000,219329280,219352782
native_profile_progress,1100000000,220484049,43400307,64763012,108372582,1230.599705116,[186807396, 295480602, 30827301, 49324468, 41747767, 176036604, 16226569, 1945, 1124619, 3520242, 25030498, 1124619, 27536533, 18477752, 4570368, 1194194, 0, 156317, 4570368, 1564779, 84287, 3464, 3464, 812, 14433618, 44316880, 11025401, 14433618, 2523497, 64653785, 63198233]
native_profile_window,window-001100000000.ixqp,1100000000,1100100000,220484049,220506909
native_profile_progress,1105000000,221643225,43516013,64763012,108488297,1233.575473019,[187777469, 297132005, 31066635, 49583015, 42026183, 177083062, 16277826, 1945, 1124619, 3520242, 25132634, 1124619, 27626641, 18529009, 4570368, 1194194, 0, 156317, 4570368, 1564779, 84287, 3464, 3464, 812, 14474001, 44476504, 11046022, 14474001, 2523497, 64653785, 63198233]
native_profile_window,window-001105000000.ixqp,1105000000,1105100000,221643225,221666578
native_profile_progress,1110000000,222800625,43631871,64763012,108604164,1236.510669712,[188746599, 298781916, 31304692, 49841292, 42303833, 178128063, 16329207, 1945, 1124619, 3520242, 25235456, 1124619, 27717076, 18580390, 4570368, 1194194, 0, 156317, 4570368, 1564779, 84287, 3464, 3464, 812, 14514944, 44640093, 11066502, 14514944, 2523497, 64653785, 63198233]
native_profile_window,window-001110000000.ixqp,1110000000,1110100000,222800625,222824265
native_profile_progress,1115000000,223959804,43747138,64763012,108719431,1239.640909442,[189717792, 300433612, 31544607, 50101010, 42580892, 179168194, 16380108, 1945, 1124619, 3520242, 25337393, 1124619, 27806220, 18631291, 4570368, 1194194, 0, 156317, 4570368, 1564779, 84287, 3464, 3464, 812, 14556607, 44803128, 11087546, 14556607, 2523497, 64653785, 63198233]
native_profile_window,window-001115000000.ixqp,1115000000,1115100000,223959804,223982736
native_profile_progress,1120000000,225119478,43863615,64763012,108835917,1242.813510624,[190687798, 302085549, 31782771, 50359600, 42860076, 180218692, 16431681, 1945, 1124619, 3520242, 25440066, 1124619, 27896749, 18682864, 4570368, 1194194, 0, 156317, 4570368, 1564779, 84287, 3464, 3464, 812, 14596430, 44957852, 11108449, 14596430, 2523497, 64653785, 63198233]
native_profile_window,window-001120000000.ixqp,1120000000,1120100000,225119478,225142458
native_profile_progress,1125000000,226276165,43979874,64763012,108952185,1245.876348332,[191656364, 303735042, 32020193, 50617545, 43137428, 181263494, 16483205, 1945, 1124619, 3520242, 25543075, 1124619, 27987410, 18734388, 4570368, 1194194, 0, 156317, 4570368, 1564779, 84287, 3464, 3464, 812, 14637743, 45122307, 11129070, 14637743, 2523497, 64653785, 63198233]
native_profile_window,window-001125000000.ixqp,1125000000,1125100000,226276165,226298290
native_profile_progress,1130000000,227430933,44096117,64763012,109068437,1249.022485851,[192622246, 305382870, 32253735, 50874105, 43415748, 182316175, 16535143, 1945, 1124619, 3520242, 25647714, 1124619, 28079503, 18786326, 4570368, 1194194, 0, 156317, 4570368, 1564779, 84287, 3464, 3464, 812, 14678626, 45285662, 11148528, 14678626, 2523497, 64653785, 63198233]
native_profile_window,window-001130000000.ixqp,1130000000,1130100000,227430933,227455338
native_profile_progress,1135000000,228575889,44214486,64763012,109186815,1252.178611784,[193579952, 307021866, 32477935, 51123791, 43692811, 183378023, 16589088, 1945, 1124619, 3520242, 25757600, 1124619, 28176649, 18840271, 4570368, 1194194, 0, 156317, 4570368, 1564779, 84287, 3464, 3464, 812, 14721553, 45458291, 11165624, 14721553, 2523497, 64653785, 63198233]
native_profile_window,window-001135000000.ixqp,1135000000,1135100000,228575889,228600634
native_profile_progress,1140000000,229727889,44330461,64763012,109302799,1255.149221617,[194544428, 308667858, 32711312, 51377633, 43970400, 184430694, 16641331, 1945, 1124619, 3520242, 25863472, 1124619, 28270176, 18892514, 4570368, 1194194, 0, 156317, 4570368, 1564779, 84287, 3464, 3464, 812, 14763105, 45625272, 11183707, 14763105, 2523497, 64653785, 63198233]
native_profile_window,window-001140000000.ixqp,1140000000,1140100000,229727889,229750223
native_profile_progress,1145000000,230882497,44445861,64763012,109418208,1258.073515133,[195511446, 310316019, 32948095, 51633455, 44247856, 185478419, 16692951, 1945, 1124619, 3520242, 25967622, 1124619, 28362078, 18944134, 4570368, 1194194, 0, 156317, 4570368, 1564779, 84287, 3464, 3464, 812, 14804292, 45791712, 11202636, 14804292, 2523497, 64653785, 63198233]
native_profile_window,window-001145000000.ixqp,1145000000,1145100000,230882497,230906388
native_profile_progress,1150000000,232042602,44561717,64763012,109534073,1261.009482922,[196482512, 311967657, 33187767, 51892672, 44526106, 186523682, 16744116, 1945, 1124619, 3520242, 26069721, 1124619, 28451636, 18995299, 4570368, 1194194, 0, 156317, 4570368, 1564779, 84287, 3464, 3464, 812, 14844955, 45950108, 11223821, 14844955, 2523497, 64653785, 63198233]
native_profile_window,window-001150000000.ixqp,1150000000,1150100000,232042602,232065439
native_profile_progress,1155000000,233194742,44678893,64763012,109651258,1263.952957851,[197446280, 313612066, 33419476, 52147583, 44803724, 187576715, 16796461, 1945, 1124619, 3520242, 26175319, 1124619, 28544789, 19047644, 4570368, 1194194, 0, 156317, 4570368, 1564779, 84287, 3464, 3464, 812, 14886543, 46118691, 11243173, 14886543, 2523497, 64653785, 63198233]
native_profile_window,window-001155000000.ixqp,1155000000,1155100000,233194742,233218066
native_profile_progress,1160000000,234346283,44796459,64763012,109768833,1266.872677879,[198410593, 315257135, 33652042, 52402496, 45080267, 188625014, 16848880, 1945, 1124619, 3520242, 26280687, 1124619, 28637632, 19100063, 4570368, 1194194, 0, 156317, 4570368, 1564779, 84287, 3464, 3464, 812, 14929047, 46289015, 11263089, 14929047, 2523497, 64653785, 63198233]
native_profile_window,window-001160000000.ixqp,1160000000,1160100000,234346283,234369183
native_profile_progress,1165000000,235504872,44912452,64763012,109884835,1269.775351466,[199379960, 316907541, 33889825, 52660766, 45359019, 189674126, 16900276, 1945, 1124619, 3520242, 26383621, 1124619, 28728027, 19151459, 4570368, 1194194, 0, 156317, 4570368, 1564779, 84287, 3464, 3464, 812, 14969278, 46448121, 11283710, 14969278, 2523497, 64653785, 63198233]
native_profile_window,window-001165000000.ixqp,1165000000,1165100000,235504872,235528117
native_profile_progress,1170000000,236662220,45028259,64763012,110000651,1272.671312385,[200349074, 318557517, 34128064, 52918976, 45636539, 190718606, 16951635, 1945, 1124619, 3520242, 26486333, 1124619, 28818411, 19202818, 4570368, 1194194, 0, 156317, 4570368, 1564779, 84287, 3464, 3464, 812, 15010352, 46612140, 11304190, 15010352, 2523497, 64653785, 63198233]
native_profile_window,window-001170000000.ixqp,1170000000,1170100000,236662220,236685480
native_profile_progress,1175000000,237820989,45143885,64763012,110116277,1275.567719342,[201320239, 320209272, 34368513, 53178186, 45913356, 191758083, 17002719, 1945, 1124619, 3520242, 26588254, 1124619, 28907914, 19253902, 4570368, 1194194, 0, 156317, 4570368, 1564779, 84287, 3464, 3464, 812, 15052036, 46775263, 11325234, 15052036, 2523497, 64653785, 63198233]
native_profile_window,window-001175000000.ixqp,1175000000,1175100000,237820989,237843879
native_profile_progress,1180000000,238981479,45259830,64763012,110232231,1278.461946371,[202290981, 321861770, 34607600, 53436973, 46192918, 192808620, 17054004, 1945, 1124619, 3520242, 26690742, 1124619, 28997911, 19305187, 4570368, 1194194, 0, 156317, 4570368, 1564779, 84287, 3464, 3464, 812, 15091570, 46929024, 11346137, 15091570, 2523497, 64653785, 63198233]
native_profile_window,window-001180000000.ixqp,1180000000,1180100000,238981479,239003984
native_profile_progress,1185000000,240139084,45375725,64763012,110348135,1281.604168975,[203260025, 323511917, 34845024, 53695540, 46470698, 193854479, 17105423, 1945, 1124619, 3520242, 26793635, 1124619, 29088383, 19356606, 4570368, 1194194, 0, 156317, 4570368, 1564779, 84287, 3464, 3464, 812, 15132530, 47091600, 11366617, 15132530, 2523497, 64653785, 63198233]
native_profile_window,window-001185000000.ixqp,1185000000,1185100000,240139084,240161609
native_profile_progress,1190000000,241292663,45492326,64763012,110464745,1284.749976978,[204224716, 325157900, 35076971, 53951567, 46748683, 194907831, 17157588, 1945, 1124619, 3520242, 26898810, 1124619, 29181009, 19408771, 4570368, 1194194, 0, 156317, 4570368, 1564779, 84287, 3464, 3464, 812, 15173923, 47257381, 11385934, 15173923, 2523497, 64653785, 63198233]
native_profile_window,window-001190000000.ixqp,1190000000,1190100000,241292663,241317237
native_profile_progress,1195000000,242441151,45607852,64763012,110580280,1287.736436297,[205185717, 326800578, 35305727, 54203019, 47026162, 195966614, 17210550, 1945, 1124619, 3520242, 27007130, 1124619, 29276887, 19461733, 4570368, 1194194, 0, 156317, 4570368, 1564779, 84287, 3464, 3464, 812, 15215954, 47427221, 11401761, 15215954, 2523497, 64653785, 63198233]
native_profile_window,window-001195000000.ixqp,1195000000,1195100000,242441151,242465475
native_profile_progress,1200000000,243596356,45723314,64763012,110695751,1290.826396626,[206152864, 328449363, 35541760, 54459597, 47303846, 197015213, 17262163, 1945, 1124619, 3520242, 27111213, 1124619, 29368676, 19513346, 4570368, 1194194, 0, 156317, 4570368, 1564779, 84287, 3464, 3464, 812, 15257110, 47591915, 11420831, 15257110, 2523497, 64653785, 63198233]
native_profile_window,window-001200000000.ixqp,1200000000,1200100000,243596356,243619696
native_profile_progress,1205000000,244752000,45838985,64763012,110811431,1293.772594788,[207120426, 330098171, 35778359, 54716378, 47581475, 198062917, 17313746, 1945, 1124619, 3520242, 27215028, 1124619, 29460149, 19564929, 4570368, 1194194, 0, 156317, 4570368, 1564779, 84287, 3464, 3464, 812, 15298266, 47756574, 11440324, 15298265, 2523497, 64653785, 63198233]
native_profile_window,window-001205000000.ixqp,1205000000,1205100000,244752000,244772831
native_profile_progress,1210000000,245908232,45955239,64763012,110927694,1296.656394034,[208088261, 331746978, 36014689, 54973420, 47859311, 199111294, 17365452, 1945, 1124619, 3520242, 27318822, 1124619, 29551505, 19616635, 4570368, 1194194, 0, 156317, 4570368, 1564779, 84287, 3464, 3464, 812, 15339392, 47919475, 11460381, 15339392, 2523497, 64653785, 63198233]
native_profile_window,window-001210000000.ixqp,1210000000,1210100000,245908232,245932590
native_profile_progress,1215000000,247061450,46071605,64763012,111044068,1299.499126770,[209053035, 333392907, 36247556, 55229326, 48136984, 200162856, 17417465, 1945, 1124619, 3520242, 27423798, 1124619, 29644101, 19668647, 4570368, 1194194, 0, 156317, 4570368, 1564779, 84287, 3464, 3464, 812, 15380732, 48087342, 11479526, 15380732, 2523497, 64653785, 63198233]
native_profile_window,window-001215000000.ixqp,1215000000,1215100000,247061450,247085735
native_profile_progress,1220000000,248220981,46187503,64763012,111159976,1302.331127284,[210023718, 335044409, 36486770, 55488610, 48415078, 201207623, 17468662, 1945, 1124619, 3520242, 27525948, 1124619, 29733798, 19719845, 4570368, 1194194, 0, 156317, 4570368, 1564779, 84287, 3464, 3464, 812, 15421475, 48246960, 11500636, 15421475, 2523497, 64653785, 63198233]
native_profile_window,window-001220000000.ixqp,1220000000,1220100000,248220981,248243094
native_profile_progress,1225000000,249376935,46303866,64763012,111276348,1305.190509283,[210991629, 336693109, 36723532, 55746020, 48692440, 202253338, 17520301, 1945, 1124619, 3520242, 27629330, 1124619, 29824738, 19771484, 4570368, 1194194, 0, 156317, 4570368, 1564779, 84287, 3464, 3464, 812, 15462831, 48412308, 11521116, 15462831, 2523497, 64653785, 63198233]
native_profile_window,window-001225000000.ixqp,1225000000,1225100000,249376935,249399267
native_profile_progress,1230000000,250531700,46420005,64763012,111392496,1308.079476591,[211959031, 338340605, 36959121, 56003189, 48969439, 203298897, 17571916, 1945, 1124619, 3520242, 27733629, 1124619, 29915804, 19823099, 4570368, 1194194, 0, 156317, 4570368, 1564779, 84287, 3464, 3464, 812, 15504562, 48579839, 11541314, 15504562, 2523497, 64653785, 63198233]
native_profile_window,window-001230000000.ixqp,1230000000,1230100000,250531700,250555636
native_profile_progress,1235000000,251694784,46535859,64763012,111508350,1313.628878908,[212931858, 339995192, 37200684, 56263352, 49248785, 204345828, 17622989, 1945, 1124619, 3520242, 27834557, 1124619, 30005010, 19874172, 4570368, 1194194, 0, 156317, 4570368, 1564779, 84287, 3464, 3464, 812, 15544317, 48731165, 11562781, 15544317, 2523497, 64653785, 63198233]
native_profile_window,window-001235000000.ixqp,1235000000,1235100000,251694784,251716951
native_profile_progress,1240000000,252851759,46651592,64763012,111624092,1318.311534752,[213900519, 341644900, 37438301, 56521281, 49526469, 205391744, 17674393, 1945, 1124619, 3520242, 27937610, 1124619, 30095670, 19925576, 4570368, 1194194, 0, 156317, 4570368, 1564779, 84287, 3464, 3464, 812, 15585290, 48894985, 11582979, 15585290, 2523497, 64653785, 63198233]
native_profile_window,window-001240000000.ixqp,1240000000,1240100000,252851759,252874589
native_profile_progress,1245000000,254009553,46768094,64763012,111740603,1321.351918882,[214869521, 343295029, 37675046, 56780268, 49804327, 206437842, 17725929, 1945, 1124619, 3520242, 28040474, 1124619, 30186049, 19977112, 4570368, 1194194, 0, 156317, 4570368, 1564779, 84287, 3464, 3464, 812, 15626303, 49056781, 11604023, 15626303, 2523497, 64653785, 63198233]
native_profile_window,window-001245000000.ixqp,1245000000,1245100000,254009553,254032006
native_profile_progress,1250000000,255159803,46883424,64763012,111855942,1324.308527276,[215831868, 344939373, 37905450, 57033119, 50082096, 207494929, 17778456, 1945, 1124619, 3520242, 28147607, 1124619, 30280729, 20029639, 4570368, 1194194, 0, 156317, 4570368, 1564779, 84287, 3464, 3464, 812, 15667966, 49225148, 11620661, 15667966, 2523497, 64653785, 63198233]
native_profile_window,window-001250000000.ixqp,1250000000,1250100000,255159803,255184559
native_profile_progress,1255000000,256309676,46999211,64763012,111971738,1327.190651479,[216793901, 346583415, 38135024, 57286341, 50359611, 208551517, 17831078, 1945, 1124619, 3520242, 28254856, 1124619, 30375643, 20082261, 4570368, 1194194, 0, 156317, 4570368, 1564779, 84287, 3464, 3464, 812, 15709816, 49394253, 11637475, 15709816, 2523497, 64653785, 63198233]
native_profile_window,window-001255000000.ixqp,1255000000,1255100000,256309676,256332882
native_profile_progress,1260000000,257465249,47115151,64763012,112087687,1330.089332641,[217761174, 348231933, 38371090, 57543361, 50637314, 209599582, 17882684, 1945, 1124619, 3520242, 28358638, 1124619, 30467035, 20133867, 4570368, 1194194, 0, 156317, 4570368, 1564779, 84287, 3464, 3464, 812, 15750913, 49559254, 11657250, 15750912, 2523497, 64653785, 63198233]
native_profile_window,window-001260000000.ixqp,1260000000,1260100000,257465249,257488976
native_profile_progress,1265000000,258622933,47231391,64763012,112203936,1333.006518565,[218730470, 349882260, 38608780, 57801442, 50915133, 210645753, 17934233, 1945, 1124619, 3520242, 28461717, 1124619, 30557677, 20185416, 4570368, 1194194, 0, 156317, 4570368, 1564779, 84287, 3464, 3464, 812, 15791990, 49720275, 11677871, 15791990, 2523497, 64653785, 63198233]
native_profile_window,window-001265000000.ixqp,1265000000,1265100000,258622933,258644680
native_profile_progress,1270000000,259775732,47348411,64763012,112320965,1335.952088069,[219695148, 351528214, 38841682, 58056757, 51192676, 211697142, 17986434, 1945, 1124619, 3520242, 28566880, 1124619, 30650324, 20237617, 4570368, 1194194, 0, 156317, 4570368, 1564779, 84287, 3464, 3464, 812, 15833545, 49887538, 11697505, 15833545, 2523497, 64653785, 63198233]
native_profile_window,window-001270000000.ixqp,1270000000,1270100000,259775732,259799148
native_profile_progress,1275000000,260927388,47465607,64763012,112438170,1339.054572030,[220659176, 353173408, 39074019, 58311429, 51469881, 212748145, 18038765, 1945, 1124619, 3520242, 28672461, 1124619, 30743322, 20289948, 4570368, 1194194, 0, 156317, 4570368, 1564779, 84287, 3464, 3464, 812, 15875446, 50056563, 11716998, 15875446, 2523497, 64653785, 63198233]
native_profile_window,window-001275000000.ixqp,1275000000,1275100000,260927388,260950266
native_profile_progress,1280000000,262086799,47581396,64763012,112553968,1342.177563386,[221629816, 354825193, 39313698, 58570263, 51748184, 213793644, 18089972, 1945, 1124619, 3520242, 28774644, 1124619, 30833163, 20341155, 4570368, 1194194, 0, 156317, 4570368, 1564779, 84287, 3464, 3464, 812, 15915880, 50215614, 11737901, 15915880, 2523497, 64653785, 63198233]
native_profile_window,window-001280000000.ixqp,1280000000,1280100000,262086799,262110066
native_profile_progress,1285000000,263244163,47697097,64763012,112669678,1345.182800289,[222598845, 356475066, 39551821, 58828298, 52025932, 214839163, 18141336, 1945, 1124619, 3520242, 28877508, 1124619, 30923616, 20392519, 4570368, 1194194, 0, 156317, 4570368, 1564779, 84287, 3464, 3464, 812, 15956776, 50379111, 11758240, 15956776, 2523497, 64653785, 63198233]
native_profile_window,window-001285000000.ixqp,1285000000,1285100000,263244163,263267554
native_profile_progress,1290000000,264401935,47813481,64763012,112786071,1348.082529850,[223567825, 358125241, 39788504, 59087026, 52303821, 215885893, 18192883, 1945, 1124619, 3520242, 28980561, 1124619, 31014227, 20444066, 4570368, 1194194, 0, 156317, 4570368, 1564779, 84287, 3464, 3464, 812, 15997855, 50540248, 11779002, 15997855, 2523497, 64653785, 63198233]
native_profile_window,window-001290000000.ixqp,1290000000,1290100000,264401935,264422409
native_profile_progress,1295000000,265562004,47929417,64763012,112902007,1350.997614451,[224538792, 359777161, 40027662, 59346528, 52582064, 216931355, 18244098, 1945, 1124619, 3520242, 29082722, 1124619, 31103858, 20495281, 4570368, 1194194, 0, 156317, 4570368, 1564779, 84287, 3464, 3464, 812, 16038544, 50698205, 11800193, 16038544, 2523497, 64653785, 63198233]
native_profile_window,window-001295000000.ixqp,1295000000,1295100000,265562004,265584251
native_profile_progress,1300000000,266718737,48045251,64763012,113017850,1356.016849183,[225507482, 361426759, 40265341, 59604608, 52859335, 217975622, 18295503, 1945, 1124619, 3520242, 29185661, 1124619, 31194451, 20546686, 4570368, 1194194, 0, 156317, 4570368, 1564779, 84287, 3464, 3464, 812, 16079859, 50863315, 11820526, 16079859, 2523497, 64653785, 63198233]
native_profile_window,window-001300000000.ixqp,1300000000,1300100000,266718737,266741402
native_profile_progress,1305000000,267876444,48161022,64763012,113133630,1361.808737920,[226476193, 363076878, 40502676, 59862553, 53137844, 219024625, 18346899, 1945, 1124619, 3520242, 29288749, 1124619, 31285022, 20598082, 4570368, 1194194, 0, 156317, 4570368, 1564779, 84287, 3464, 3464, 812, 16120297, 51024062, 11840830, 16120297, 2523497, 64653785, 63198233]
native_profile_window,window-001305000000.ixqp,1305000000,1305100000,267876444,267899806
native_profile_progress,1310000000,269023764,48277212,64763012,113249829,1367.559352758,[227436010, 364718557, 40729433, 60113829, 53415136, 220084417, 18400154, 1945, 1124619, 3520242, 29397614, 1124619, 31381389, 20651337, 4570368, 1194194, 0, 156317, 4570368, 1564779, 84287, 3464, 3464, 812, 16162669, 51194995, 11856798, 16162669, 2523497, 64653785, 63198233]
native_profile_window,window-001310000000.ixqp,1310000000,1310100000,269023764,269048779
native_profile_progress,1315000000,270176793,48392661,64763012,113365287,1373.382317963,[228401475, 366365464, 40963351, 60369126, 53692513, 221134607, 18452030, 1945, 1124619, 3520242, 29502927, 1124619, 31474040, 20703213, 4570368, 1194194, 0, 156317, 4570368, 1564779, 84287, 3464, 3464, 812, 16204353, 51362392, 11875163, 16204353, 2523497, 64653785, 63198233]
native_profile_window,window-001315000000.ixqp,1315000000,1315100000,270176793,270198996
native_profile_progress,1320000000,271330650,48508839,64763012,113481474,1377.479075744,[229367437, 368012790, 41198333, 60624879, 53970021, 222184111, 18504040, 1945, 1124619, 3520242, 29607449, 1124619, 31566720, 20755223, 4570368, 1194194, 0, 156317, 4570368, 1564779, 84287, 3464, 3464, 812, 16245540, 51528832, 11894092, 16245540, 2523497, 64653785, 63198233]
native_profile_window,window-001320000000.ixqp,1320000000,1320100000,271330650,271354892
native_profile_progress,1325000000,272490934,48624294,64763012,113596938,1380.703685807,[230338722, 369665316, 41438792, 60883954, 54248444, 223229482, 18555034, 1945, 1124619, 3520242, 29709359, 1124619, 31656052, 20806217, 4570368, 1194194, 0, 156317, 4570368, 1564779, 84287, 3464, 3464, 812, 16285964, 51686571, 11915136, 16285964, 2523497, 64653785, 63198233]
native_profile_window,window-001325000000.ixqp,1325000000,1325100000,272490934,272513978
native_profile_progress,1330000000,273644481,48740066,64763012,113712719,1383.664356949,[231304148, 371312138, 41672997, 61139694, 54526107, 224280082, 18606877, 1945, 1124619, 3520242, 29814124, 1124619, 31748501, 20858060, 4570368, 1194194, 0, 156317, 4570368, 1564779, 84287, 3464, 3464, 812, 16327174, 51854007, 11933924, 16327174, 2523497, 64653785, 63198233]
native_profile_window,window-001330000000.ixqp,1330000000,1330100000,273644481,273668378
native_profile_progress,1335000000,274802839,48855832,64763012,113828494,1386.607737130,[232273971, 372962722, 41911421, 61398516, 54803766, 225324611, 18658156, 1945, 1124619, 3520242, 29916658, 1124619, 31838669, 20909339, 4570368, 1194194, 0, 156317, 4570368, 1564779, 84287, 3464, 3464, 812, 16368279, 52016075, 11954545, 16368279, 2523497, 64653785, 63198233]
native_profile_window,window-001335000000.ixqp,1335000000,1335100000,274802839,274825007
native_profile_progress,1340000000,275959922,48971540,64763012,113944211,1389.503215393,[233243454, 374612444, 42150832, 61655635, 55081397, 226369238, 18709505, 1945, 1124619, 3520242, 30019724, 1124619, 31929129, 20960688, 4570368, 1194194, 0, 156317, 4570368, 1564779, 84287, 3464, 3464, 812, 16409186, 52179705, 11974884, 16409186, 2523497, 64653785, 63198233]
native_profile_window,window-001340000000.ixqp,1340000000,1340100000,275959922,275982266
native_profile_progress,1345000000,277114378,49088576,64763012,114061256,1392.420068422,[234209497, 376259697, 42385470, 61911667, 55359237, 227419363, 18761565, 1945, 1124619, 3520242, 30124003, 1124619, 32021092, 21012748, 4570368, 1194194, 0, 156317, 4570368, 1564779, 84287, 3464, 3464, 812, 16450381, 52344824, 11995082, 16450381, 2523497, 64653785, 63198233]
native_profile_window,window-001345000000.ixqp,1345000000,1345100000,277114378,277137830
native_profile_progress,1350000000,278274674,49205007,64763012,114177687,1395.341427261,[235181177, 377912266, 42626016, 62170302, 55637487, 228464333, 18812870, 1945, 1124619, 3520242, 30226189, 1124619, 32110700, 21064053, 4570368, 1194194, 0, 156317, 4570368, 1564779, 84287, 3464, 3464, 812, 16491139, 52500646, 12016690, 16491139, 2523497, 64653785, 63198233]
native_profile_window,window-001350000000.ixqp,1350000000,1350100000,278274674,278295287
native_profile_progress,1355000000,279430931,49321608,64763012,114294297,1398.240765969,[236148816, 379561036, 42861602, 62428193, 55915242, 229511995, 18864586, 1945, 1124619, 3520242, 30329709, 1124619, 32201703, 21115769, 4570368, 1194194, 0, 156317, 4570368, 1564779, 84287, 3464, 3464, 812, 16532310, 52664425, 12037311, 16532310, 2523497, 64653785, 63198233]
native_profile_window,window-001355000000.ixqp,1355000000,1355100000,279430931,279454093
native_profile_progress,1360000000,280587405,49438558,64763012,114411255,1401.156438759,[237116186, 381208726, 43096222, 62686244, 56193107, 230560853, 18916430, 1945, 1124619, 3520242, 30433419, 1124619, 32292879, 21167612, 4570368, 1194194, 0, 156317, 4570368, 1564779, 84287, 3464, 3464, 812, 16573590, 52828076, 12058073, 16573590, 2523497, 64653785, 63198233]
native_profile_window,window-001360000000.ixqp,1360000000,1360100000,280587405,280609577
native_profile_progress,1365000000,281740874,49554579,64763012,114527286,1404.077711123,[238081106, 382855411, 43328781, 62942031, 56470987, 231613747, 18968533, 1945, 1124619, 3520242, 30538664, 1124619, 32385619, 21219716, 4570368, 1194194, 0, 156317, 4570368, 1564779, 84287, 3464, 3464, 812, 16614936, 52993708, 12076832, 16614936, 2523497, 64653785, 63198233]
native_profile_window,window-001365000000.ixqp,1365000000,1365100000,281740874,281765504
native_profile_progress,1370000000,282889190,49670282,64763012,114642998,1406.957626873,[239041689, 384498166, 43556460, 63194087, 56748525, 232672945, 19021491, 1945, 1124619, 3520242, 30646966, 1124619, 32481506, 21272674, 4570368, 1194194, 0, 156317, 4570368, 1564779, 84287, 3464, 3464, 812, 16656986, 53163732, 12092794, 16656986, 2523497, 64653785, 63198233]
native_profile_window,window-001370000000.ixqp,1370000000,1370100000,282889190,282913563
native_profile_progress,1375000000,284044028,49786221,64763012,114758946,1409.854483895,[240008395, 386146344, 43791763, 63450506, 57026179, 233722071, 19073268, 1945, 1124619, 3520242, 30751254, 1124619, 32573422, 21324451, 4570368, 1194194, 0, 156317, 4570368, 1564779, 84287, 3464, 3464, 812, 16698250, 53328708, 12112146, 16698250, 2523497, 64653785, 63198233]
native_profile_window,window-001375000000.ixqp,1375000000,1375100000,284044028,284067771
native_profile_progress,1380000000,285199461,49902129,64763012,114874863,1412.770905190,[240975909, 387795088, 44028504, 63706950, 57303808, 234769822, 19124913, 1945, 1124619, 3520242, 30855147, 1124619, 32664957, 21376096, 4570368, 1194194, 0, 156317, 4570368, 1564779, 84287, 3464, 3464, 812, 16739413, 53493207, 12131780, 16739413, 2523497, 64653785, 63198233]
native_profile_window,window-001380000000.ixqp,1380000000,1380100000,285199461,285220372
native_profile_progress,1385000000,286356366,50017920,64763012,114990663,1415.676448438,[241944650, 389444991, 44266328, 63964348, 57581545, 235816331, 19176388, 1945, 1124619, 3520242, 30958434, 1124619, 32755850, 21427571, 4570368, 1194194, 0, 156317, 4570368, 1564779, 84287, 3464, 3464, 812, 16780433, 53655869, 12151837, 16780432, 2523497, 64653785, 63198233]
native_profile_window,window-001385000000.ixqp,1385000000,1385100000,286356366,286380276
native_profile_progress,1390000000,287509827,50133648,64763012,115106400,1418.557188416,[242910290, 391091951, 44500722, 64220273, 57858989, 236865740, 19228160, 1945, 1124619, 3520242, 31063175, 1124619, 32848080, 21479343, 4570368, 1194194, 0, 156317, 4570368, 1564779, 84287, 3464, 3464, 812, 16821797, 53823924, 12170766, 16821797, 2523497, 64653785, 63198233]
native_profile_window,window-001390000000.ixqp,1390000000,1390100000,287509827,287533806
native_profile_progress,1395000000,288669778,50249367,64763012,115222128,1421.439356928,[243881372, 392744250, 44740777, 64479546, 58137243, 237910422, 19279300, 1945, 1124619, 3520242, 31165047, 1124619, 32937676, 21530483, 4570368, 1194194, 0, 156317, 4570368, 1564779, 84287, 3464, 3464, 812, 16862284, 53982513, 12191810, 16862284, 2523497, 64653785, 63198233]
native_profile_window,window-001395000000.ixqp,1395000000,1395100000,288669778,288692729
native_profile_progress,1400000000,289826883,50365337,64763012,115338107,1424.337009774,[244850005, 394393883, 44978092, 64737809, 58414920, 238956150, 19330731, 1945, 1124619, 3520242, 31267981, 1124619, 33028223, 21581914, 4570368, 1194194, 0, 156317, 4570368, 1564779, 84287, 3464, 3464, 812, 16903297, 54146415, 12212290, 16903297, 2523497, 64653785, 63198233]
native_profile_window,window-001400000000.ixqp,1400000000,1400100000,289826883,289849290
native_profile_progress,1405000000,290984122,50481174,64763012,115453953,1427.339348087,[245819134, 396043812, 45215996, 64996305, 58692110, 239999668, 19382097, 1945, 1124619, 3520242, 31370723, 1124619, 33118637, 21633280, 4570368, 1194194, 0, 156317, 4570368, 1564779, 84287, 3464, 3464, 812, 16944729, 54311018, 12232770, 16944728, 2523497, 64653785, 63198233]
native_profile_window,window-001405000000.ixqp,1405000000,1405100000,290984122,291005068
native_profile_progress,1410000000,292144495,50597406,64763012,115570185,1430.379676374,[246790505, 397696508, 45455539, 65255744, 58970544, 241045343, 19433359, 1945, 1124619, 3520242, 31472857, 1124619, 33208221, 21684542, 4570368, 1194194, 0, 156317, 4570368, 1564779, 84287, 3464, 3464, 812, 16985287, 54467034, 12254237, 16985287, 2523497, 64653785, 63198233]
native_profile_window,window-001410000000.ixqp,1410000000,1410100000,292144495,292166875
native_profile_progress,1415000000,293301560,50713167,64763012,115685955,1433.737328545,[247759046, 399346191, 45693076, 65513188, 59248736, 242093421, 19484827, 1945, 1124619, 3520242, 31576165, 1124619, 33299084, 21736010, 4570368, 1194194, 0, 156317, 4570368, 1564779, 84287, 3464, 3464, 812, 17025880, 54629209, 12274294, 17025880, 2523497, 64653785, 63198233]
native_profile_window,window-001415000000.ixqp,1415000000,1415100000,293301560,293323909
native_profile_progress,1420000000,294461014,50828331,64763012,115801128,1436.953255680,[248730010, 400998294, 45933906, 65772039, 59526826, 243137423, 19535755, 1945, 1124619, 3520242, 31678004, 1124619, 33388523, 21786938, 4570368, 1194194, 0, 156317, 4570368, 1564779, 84287, 3464, 3464, 812, 17066305, 54789658, 12295021, 17066305, 2523497, 64653785, 63198233]
native_profile_window,window-001420000000.ixqp,1420000000,1420100000,294461014,294484138
native_profile_progress,1425000000,295609326,50943474,64763012,115916280,1440.381243895,[249690823, 402641088, 46162136, 66023668, 59804260, 244196362, 19588708, 1945, 1124619, 3520242, 31786438, 1124619, 33484543, 21839891, 4570368, 1194194, 0, 156317, 4570368, 1564779, 84287, 3464, 3464, 812, 17108438, 54959789, 12310425, 17108438, 2523497, 64653785, 63198233]
native_profile_window,window-001425000000.ixqp,1425000000,1425100000,295609326,295634130
native_profile_progress,1430000000,296761901,51059404,64763012,116032219,1443.663613565,[250655601, 404287343, 46394638, 66279145, 60081637, 245247710, 19640764, 1945, 1124619, 3520242, 31892070, 1124619, 33577500, 21891947, 4570368, 1194194, 0, 156317, 4570368, 1564779, 84287, 3464, 3464, 812, 17150172, 55127377, 12328931, 17150172, 2523497, 64653785, 63198233]
native_profile_window,window-001430000000.ixqp,1430000000,1430100000,296761901,296784145
native_profile_progress,1435000000,297915553,51175598,64763012,116148422,1446.956324221,[251621017, 405934399, 46628842, 66534782, 60359348, 246298551, 19692782, 1945, 1124619, 3520242, 31996730, 1124619, 33670196, 21943965, 4570368, 1194194, 0, 156317, 4570368, 1564779, 84287, 3464, 3464, 812, 17191359, 55293817, 12347860, 17191359, 2523497, 64653785, 63198233]
native_profile_window,window-001435000000.ixqp,1435000000,1435100000,297915553,297939373
native_profile_progress,1440000000,299075260,51291480,64763012,116264313,1450.374419580,[252592210, 407586424, 46869456, 66793253, 60637504, 247343187, 19743957, 1945, 1124619, 3520242, 32098860, 1124619, 33759780, 21995140, 4570368, 1194194, 0, 156317, 4570368, 1564779, 84287, 3464, 3464, 812, 17232005, 55452181, 12369045, 17232005, 2523497, 64653785, 63198233]
native_profile_window,window-001440000000.ixqp,1440000000,1440100000,299075260,299098040
native_profile_progress,1445000000,300228319,51407718,64763012,116380560,1453.277537605,[253557464, 409232828, 47103927, 67048298, 60915066, 248393614, 19795920, 1945, 1124619, 3520242, 32203773, 1124619, 33852345, 22047103, 4570368, 1194194, 0, 156317, 4570368, 1564779, 84287, 3464, 3464, 812, 17273306, 55619942, 12388115, 17273306, 2523497, 64653785, 63198233]
native_profile_window,window-001445000000.ixqp,1445000000,1445100000,300228319,300251860
native_profile_progress,1450000000,301385232,51523113,64763012,116495964,1456.182902753,[254526686, 410882744, 47342202, 67306227, 61192257, 249437001, 19847160, 1945, 1124619, 3520242, 32306803, 1124619, 33942667, 22098343, 4570368, 1194194, 0, 156317, 4570368, 1564779, 84287, 3464, 3464, 812, 17314862, 55784880, 12408313, 17314862, 2523497, 64653785, 63198233]
native_profile_window,window-001450000000.ixqp,1450000000,1450100000,301385232,301407694
native_profile_progress,1455000000,302542763,51639203,64763012,116612063,1459.081045285,[255495717, 412532713, 47580892, 67563473, 61470393, 250484320, 19898704, 1945, 1124619, 3520242, 32409714, 1124619, 34033509, 22149887, 4570368, 1194194, 0, 156317, 4570368, 1564779, 84287, 3464, 3464, 812, 17355366, 55946301, 12428652, 17355366, 2523497, 64653785, 63198233]
native_profile_window,window-001455000000.ixqp,1455000000,1455100000,302542763,302565537
native_profile_progress,1460000000,303699874,51754955,64763012,116727824,1462.011052310,[256464753, 414182469, 47819285, 67821110, 61748155, 251529860, 19950117, 1945, 1124619, 3520242, 32512711, 1124619, 34124188, 22201300, 4570368, 1194194, 0, 156317, 4570368, 1564779, 84287, 3464, 3464, 812, 17396200, 56109809, 12448850, 17396200, 2523497, 64653785, 63198233]
native_profile_window,window-001460000000.ixqp,1460000000,1460100000,303699874,303723617
native_profile_progress,1465000000,304861203,51870828,64763012,116843697,1464.955032368,[257437483, 415836029, 48060685, 68080906, 62026249, 252572691, 20001208, 1945, 1124619, 3520242, 32614342, 1124619, 34213413, 22252391, 4570368, 1194194, 0, 156317, 4570368, 1564779, 84287, 3464, 3464, 812, 17436919, 56265455, 12470317, 17436919, 2523497, 64653785, 63198233]
native_profile_window,window-001465000000.ixqp,1465000000,1465100000,304861203,304883516
native_profile_progress,1470000000,306018711,51986679,64763012,116959557,1467.892905497,[258405927, 417485778, 48297702, 68339071, 62304443, 253620795, 20052559, 1945, 1124619, 3520242, 32717357, 1124619, 34303841, 22303742, 4570368, 1194194, 0, 156317, 4570368, 1564779, 84287, 3464, 3464, 812, 17477621, 56427753, 12490797, 17477621, 2523497, 64653785, 63198233]
native_profile_window,window-001470000000.ixqp,1470000000,1470100000,306018711,306042406
native_profile_progress,1475000000,307177111,52102777,64763012,117075664,1472.440247139,[259375594, 419136044, 48535590, 68598092, 62582285, 254665967, 20103944, 1945, 1124619, 3520242, 32819927, 1124619, 34393991, 22355127, 4570368, 1194194, 0, 156317, 4570368, 1564779, 84287, 3464, 3464, 812, 17518581, 56589584, 12511700, 17518581, 2523497, 64653785, 63198233]
native_profile_window,window-001475000000.ixqp,1475000000,1475100000,307177111,307199805
native_profile_progress,1480000000,308329176,52217803,64763012,117190699,1477.017378474,[260339676, 420782181, 48768214, 68852015, 62860177, 255720692, 20156113, 1945, 1124619, 3520242, 32926048, 1124619, 34487667, 22407296, 4570368, 1194194, 0, 156317, 4570368, 1564779, 84287, 3464, 3464, 812, 17559934, 56756158, 12528902, 17559934, 2523497, 64653785, 63198233]
native_profile_window,window-001480000000.ixqp,1480000000,1480100000,308329176,308353977
native_profile_progress,1485000000,309477738,52333803,64763012,117306708,1481.509608947,[261300129, 422424343, 48995405, 69104515, 63137698, 256780134, 20209057, 1945, 1124619, 3520242, 33034242, 1124619, 34583494, 22460240, 4570368, 1194194, 0, 156317, 4570368, 1564779, 84287, 3464, 3464, 812, 17602038, 56926522, 12545152, 17602038, 2523497, 64653785, 63198233]
native_profile_window,window-001485000000.ixqp,1485000000,1485100000,309477738,309502328
native_profile_progress,1490000000,310634338,52449739,64763012,117422653,1484.651181318,[262267867, 424072926, 49231356, 69362420, 63415603, 257828276, 20260577, 1945, 1124619, 3520242, 33137684, 1124619, 34674532, 22511760, 4570368, 1194194, 0, 156317, 4570368, 1564779, 84287, 3464, 3464, 812, 17643053, 57090691, 12565209, 17643053, 2523497, 64653785, 63198233]
native_profile_window,window-001490000000.ixqp,1490000000,1490100000,310634338,310657849
native_profile_progress,1495000000,311790632,52565881,64763012,117538804,1487.802047066,[263236308, 425722163, 49468509, 69620192, 63692589, 258872397, 20312148, 1945, 1124619, 3520242, 33240918, 1124619, 34765426, 22563331, 4570368, 1194194, 0, 156317, 4570368, 1564779, 84287, 3464, 3464, 812, 17684778, 57255922, 12585548, 17684778, 2523497, 64653785, 63198233]
native_profile_window,window-001495000000.ixqp,1495000000,1495100000,311790632,311813125
native_profile_progress,1500000000,312945696,52682456,64763012,117655388,1490.824612741,[264202736, 427369965, 49703346, 69876139, 63971008, 259924713, 20364084, 1945, 1124619, 3520242, 33345486, 1124619, 34857453, 22615267, 4570368, 1194194, 0, 156317, 4570368, 1564779, 84287, 3464, 3464, 812, 17725498, 57418491, 12605323, 17725498, 2523497, 64653785, 63198233]
native_profile_window,window-001500000000.ixqp,1500000000,1500100000,312945696,312968724
native_profile_progress,1505000000,314100303,52798219,64763012,117771160,1493.826071933,[265169141, 429017742, 49938507, 70132584, 64248682, 260973981, 20415795, 1945, 1124619, 3520242, 33449737, 1124619, 34949368, 22666978, 4570368, 1194194, 0, 156317, 4570368, 1564779, 84287, 3464, 3464, 812, 17766662, 57584634, 12624534, 17766662, 2523497, 64653785, 63198233]
native_profile_window,window-001505000000.ixqp,1505000000,1505100000,314100303,314122422
native_profile_progress,1510000000,315258898,52914186,64763012,117887136,1496.783621863,[266138925, 430668164, 50176751, 70391211, 64526759, 262020083, 20467157, 1945, 1124619, 3520242, 33552393, 1124619, 35039562, 22718340, 4570368, 1194194, 0, 156317, 4570368, 1564779, 84287, 3464, 3464, 812, 17807479, 57745408, 12645296, 17807479, 2523497, 64653785, 63198233]
native_profile_window,window-001510000000.ixqp,1510000000,1510100000,315258898,315282118
native_profile_progress,1515000000,316416577,53029814,64763012,118002773,1499.690996954,[267108431, 432318410, 50415939, 70649143, 64804502, 263064738, 20518404, 1945, 1124619, 3520242, 33654989, 1124619, 35129767, 22769587, 4570368, 1194194, 0, 156317, 4570368, 1564779, 84287, 3464, 3464, 812, 17848280, 57908761, 12665776, 17848280, 2523497, 64653785, 63198233]
native_profile_window,window-001515000000.ixqp,1515000000,1515100000,316416577,316439688
native_profile_progress,1520000000,317575199,53145789,64763012,118118757,1502.621358531,[268079625, 433969893, 50656462, 70907709, 65081716, 264105876, 20569762, 1945, 1124619, 3520242, 33757308, 1124619, 35219969, 22820945, 4570368, 1194194, 0, 156317, 4570368, 1564779, 84287, 3464, 3464, 812, 17889493, 58070218, 12686538, 17889493, 2523497, 64653785, 63198233]
native_profile_window,window-001520000000.ixqp,1520000000,1520100000,317575199,317598286
native_profile_progress,1525000000,318736600,53260633,64763012,118233601,1505.660167194,[269051789, 435623632, 50898119, 71167201, 65360390, 265150939, 20620461, 1945, 1124619, 3520242, 33858751, 1124619, 35308690, 22871644, 4570368, 1194194, 0, 156317, 4570368, 1564779, 84287, 3464, 3464, 812, 17929692, 58226425, 12707582, 17929692, 2523497, 64653785, 63198233]
native_profile_window,window-001525000000.ixqp,1525000000,1525100000,318736600,318759901
native_profile_progress,1530000000,319893872,53376410,64763012,118349387,1508.795248882,[270020789, 437273559, 51135795, 71425639, 65637901, 266195623, 20671798, 1945, 1124619, 3520242, 33961614, 1124619, 35399044, 22922981, 4570368, 1194194, 0, 156317, 4570368, 1564779, 84287, 3464, 3464, 812, 17970867, 58390468, 12728062, 17970867, 2523497, 64653785, 63198233]
native_profile_window,window-001530000000.ixqp,1530000000,1530100000,319893872,319916125
native_profile_progress,1535000000,321050051,53491920,64763012,118464906,1511.889911468,[270987831, 438922551, 51370870, 71682851, 65916418, 267247532, 20723486, 1945, 1124619, 3520242, 34065625, 1124619, 35490754, 22974669, 4570368, 1194194, 0, 156317, 4570368, 1564779, 84287, 3464, 3464, 812, 18011407, 58552368, 12747238, 18011407, 2523497, 64653785, 63198233]
native_profile_window,window-001535000000.ixqp,1535000000,1535100000,321050051,321074622
native_profile_progress,1540000000,322198742,53607246,64763012,118580241,1515.002134069,[271949010, 440565418, 51599839, 71934418, 66193948, 268306228, 20776389, 1945, 1124619, 3520242, 34173857, 1124619, 35586565, 23027572, 4570368, 1194194, 0, 156317, 4570368, 1564779, 84287, 3464, 3464, 812, 18053385, 58722038, 12762955, 18053385, 2523497, 64653785, 63198233]
native_profile_window,window-001540000000.ixqp,1540000000,1540100000,322198742,322222992
native_profile_progress,1545000000,323353365,53723300,64763012,118696304,1517.967716144,[272915402, 442213185, 51834651, 72190769, 66471610, 269355895, 20828198, 1945, 1124619, 3520242, 34278283, 1124619, 35678638, 23079381, 4570368, 1194194, 0, 156317, 4570368, 1564779, 84287, 3464, 3464, 812, 18094716, 58887287, 12782276, 18094716, 2523497, 64653785, 63198233]
native_profile_window,window-001545000000.ixqp,1545000000,1545100000,323353365,323376136
native_profile_progress,1550000000,324505811,53839916,64763012,118812929,1520.914923281,[273880123, 443858768, 52067204, 72447101, 66748076, 270403290, 20880300, 1945, 1124619, 3520242, 34383163, 1124619, 35771231, 23131483, 4570368, 1194194, 0, 156317, 4570368, 1564779, 84287, 3464, 3464, 812, 18137104, 59058432, 12801628, 18137104, 2523497, 64653785, 63198233]
native_profile_window,window-001550000000.ixqp,1550000000,1550100000,324505811,324528969
native_profile_progress,1555000000,325663552,53956930,64763012,118929952,1523.906456283,[274848256, 445508267, 52302585, 72704921, 67027096, 271455668, 20932110, 1945, 1124619, 3520242, 34486914, 1124619, 35862297, 23183293, 4570368, 1194194, 0, 156317, 4570368, 1564779, 84287, 3464, 3464, 812, 18177456, 59216157, 12822531, 18177456, 2523497, 64653785, 63198233]
native_profile_window,window-001555000000.ixqp,1555000000,1555100000,325663552,325687265
native_profile_progress,1560000000,326816118,54073379,64763012,119046410,1526.852852265,[275812807, 447154374, 52535581, 72960219, 67304693, 272507106, 20984197, 1945, 1124619, 3520242, 34592081, 1124619, 35955073, 23235380, 4570368, 1194194, 0, 156317, 4570368, 1564779, 84287, 3464, 3464, 812, 18218861, 59384173, 12841601, 18218861, 2523497, 64653785, 63198233]
native_profile_window,window-001560000000.ixqp,1560000000,1560100000,326816118,326839927
native_profile_progress,1565000000,327972551,54189540,64763012,119162580,1529.822546678,[276781439, 448803845, 52773003, 73218138, 67581625, 273550633, 21035736, 1945, 1124619, 3520242, 34695170, 1124619, 36045811, 23286919, 4570368, 1194194, 0, 156317, 4570368, 1564779, 84287, 3464, 3464, 812, 18260593, 59549422, 12862081, 18260592, 2523497, 64653785, 63198233]
native_profile_window,window-001565000000.ixqp,1565000000,1565100000,327972551,327995447
native_profile_progress,1570000000,329130339,54305424,64763012,119278473,1532.829660805,[277750336, 450453724, 53010833, 73475687, 67860240, 274599725, 21087177, 1945, 1124619, 3520242, 34798336, 1124619, 36136447, 23338360, 4570368, 1194194, 0, 156317, 4570368, 1564779, 84287, 3464, 3464, 812, 18300889, 59709945, 12882420, 18300888, 2523497, 64653785, 63198233]
native_profile_window,window-001570000000.ixqp,1570000000,1570100000,329130339,329152629
native_profile_progress,1575000000,330286629,54421476,64763012,119394534,1535.789416977,[278718602, 452102765, 53248035, 73733247, 68137749, 275645432, 21138740, 1945, 1124619, 3520242, 34901638, 1124619, 36227426, 23389923, 4570368, 1194194, 0, 156317, 4570368, 1564779, 84287, 3464, 3464, 812, 18342019, 59874794, 12902618, 18342019, 2523497, 64653785, 63198233]
native_profile_window,window-001575000000.ixqp,1575000000,1575100000,330286629,330310353
native_profile_progress,1580000000,331447627,54537487,64763012,119510545,1538.806258558,[279690940, 453755978, 53489054, 73992670, 68415932, 276689189, 21189900, 1945, 1124619, 3520242, 35003471, 1124619, 36316789, 23441083, 4570368, 1194194, 0, 156317, 4570368, 1564779, 84287, 3464, 3464, 812, 18382738, 60030440, 12924085, 18382738, 2523497, 64653785, 63198233]
native_profile_window,window-001580000000.ixqp,1580000000,1580100000,331447627,331469422
native_profile_progress,1585000000,332605526,54653196,64763012,119626263,1541.780407442,[280659886, 455405908, 53726781, 74250982, 68694053, 277736321, 21241180, 1945, 1124619, 3520242, 35106275, 1124619, 36407075, 23492363, 4570368, 1194194, 0, 156317, 4570368, 1564779, 84287, 3464, 3464, 812, 18423440, 60192738, 12944565, 18423440, 2523497, 64653785, 63198233]
native_profile_window,window-001585000000.ixqp,1585000000,1585100000,332605526,332629172
native_profile_progress,1590000000,333764214,54768820,64763012,119741896,1544.712890431,[281630481, 457057039, 53966577, 74509691, 68971709, 278779483, 21292327, 1945, 1124619, 3520242, 35208602, 1124619, 36496751, 23543510, 4570368, 1194194, 0, 156317, 4570368, 1564779, 84287, 3464, 3464, 812, 18464400, 60354569, 12965468, 18464400, 2523497, 64653785, 63198233]
native_profile_window,window-001590000000.ixqp,1590000000,1590100000,333764214,333787136
native_profile_progress,1595000000,334916211,54883782,64763012,119856867,1547.897368710,[282594683, 458703237, 54200007, 74762922, 69249667, 279834378, 21344568, 1945, 1124619, 3520242, 35314724, 1124619, 36590713, 23595751, 4570368, 1194194, 0, 156317, 4570368, 1564779, 84287, 3464, 3464, 812, 18505621, 60520727, 12982388, 18505621, 2523497, 64653785, 63198233]
native_profile_window,window-001595000000.ixqp,1595000000,1595100000,334916211,334941107
native_profile_progress,1600000000,336064751,54999849,64763012,119972943,1551.280658934,[283555524, 460346298, 54428165, 75015330, 69527053, 280892415, 21397438, 1945, 1124619, 3520242, 35422656, 1124619, 36686257, 23648620, 4570368, 1194194, 0, 156317, 4570368, 1564779, 84287, 3464, 3464, 812, 18547708, 60690915, 12998920, 18547708, 2523497, 64653785, 63198233]
native_profile_window,window-001600000000.ixqp,1600000000,1600100000,336064751,336088883
native_profile_progress,1605000000,337220052,55116255,64763012,120089358,1554.462757810,[284522411, 461994576, 54663274, 75272475, 69804819, 281941115, 21449197, 1945, 1124619, 3520242, 35526600, 1124619, 36777765, 23700380, 4570368, 1194194, 0, 156317, 4570368, 1564779, 84287, 3464, 3464, 812, 18588871, 60855676, 13018977, 18588871, 2523497, 64653785, 63198233]
native_profile_window,window-001605000000.ixqp,1605000000,1605100000,337220052,337243584
native_profile_progress,1610000000,338374213,55232903,64763012,120206015,1557.773405817,[285489009, 463641742, 54897709, 75529168, 70081763, 282987506, 21501024, 1945, 1124619, 3520242, 35631119, 1124619, 36869165, 23752207, 4570368, 1194194, 0, 156317, 4570368, 1564779, 84287, 3464, 3464, 812, 18631051, 61023177, 13039316, 18631051, 2523497, 64653785, 63198233]
native_profile_window,window-001610000000.ixqp,1610000000,1610100000,338374213,338397017
native_profile_progress,1615000000,339528248,55350674,64763012,120323795,1561.092224702,[286454248, 465288929, 55130696, 75784945, 70359914, 284040990, 21553485, 1945, 1124619, 3520242, 35736016, 1124619, 36962038, 23804668, 4570368, 1194194, 0, 156317, 4570368, 1564779, 84287, 3464, 3464, 812, 18672018, 61185669, 13059373, 18672018, 2523497, 64653785, 63198233]
native_profile_window,window-001615000000.ixqp,1615000000,1615100000,339528248,339552108
native_profile_progress,1620000000,340681016,55467022,64763012,120440152,1564.141144082,[287418980, 466935025, 55363801, 76040496, 70637410, 285091922, 21605573, 1945, 1124619, 3520242, 35841090, 1124619, 37054888, 23856756, 4570368, 1194194, 0, 156317, 4570368, 1564779, 84287, 3464, 3464, 812, 18713435, 61353894, 13078302, 18713435, 2523497, 64653785, 63198233]
native_profile_window,window-001620000000.ixqp,1620000000,1620100000,340681016,340705238
native_profile_progress,1625000000,341840485,55583146,64763012,120556283,1567.482529422,[288388921, 468585701, 55601512, 76299937, 70915789, 286138975, 21656864, 1945, 1124619, 3520242, 35943499, 1124619, 37144712, 23908046, 4570368, 1194194, 0, 156317, 4570368, 1564779, 84287, 3464, 3464, 812, 18754146, 61513272, 13099487, 18754146, 2523497, 64653785, 63198233]
native_profile_window,window-001625000000.ixqp,1625000000,1625100000,341840485,341863258
native_profile_progress,1630000000,342996134,55700130,64763012,120673278,1570.583737354,[289355612, 470232422, 55835555, 76557714, 71193339, 287187459, 21708758, 1945, 1124619, 3520242, 36047388, 1124619, 37236100, 23959941, 4570368, 1194194, 0, 156317, 4570368, 1564779, 84287, 3464, 3464, 812, 18795683, 61679245, 13120108, 18795683, 2523497, 64653785, 63198233]
native_profile_window,window-001630000000.ixqp,1630000000,1630100000,342996134,343018465
native_profile_progress,1635000000,344148412,55818133,64763012,120791290,1573.719032516,[290319920, 471877380, 56067454, 76812957, 71470740, 288238759, 21761306, 1945, 1124619, 3520242, 36152841, 1124619, 37329030, 24012489, 4570368, 1194194, 0, 156317, 4570368, 1564779, 84287, 3464, 3464, 812, 18837448, 61846929, 13140306, 18837448, 2523497, 64653785, 63198233]
native_profile_window,window-001635000000.ixqp,1635000000,1635100000,344148412,344172223
native_profile_progress,1640000000,345326669,55949920,64763012,120924103,1576.988341059,[291304929, 473529287, 56316579, 77085995, 71748499, 289254598, 21812114, 2023, 1124775, 3520242, 36245027, 1124775, 37408040, 24063687, 4570368, 1194194, 0, 156317, 4570368, 1564779, 84287, 3464, 3464, 812, 18879306, 61994855, 13182395, 18879306, 2523497, 64653785, 63198233]
native_profile_window,window-001640000000.ixqp,1640000000,1640100000,345326669,345351190
native_profile_progress,1645000000,346539406,56137417,64763012,121111628,1580.650694199,[292313838, 475156897, 56572587, 77389695, 72021098, 290193228, 21865370, 2385, 1125499, 3520242, 36316420, 1125499, 37464104, 24118753, 4570368, 1194194, 0, 156317, 4570368, 1564779, 84287, 3464, 3464, 812, 18930173, 62144325, 13286146, 18930173, 2523497, 64653785, 63198233]
native_profile_window,window-001645000000.ixqp,1645000000,1645100000,346539406,346563079
native_profile_progress,1650000000,347751769,56325425,64763012,121299757,1584.289970823,[293322344, 476783832, 56827897, 77693249, 72293626, 291132251, 21918801, 2748, 1126225, 3520242, 36388024, 1126225, 37520379, 24173999, 4570368, 1194194, 0, 156317, 4570368, 1564779, 84287, 3464, 3464, 812, 18981164, 62294130, 13390132, 18981164, 2523497, 64653785, 63198233]
native_profile_window,window-001650000000.ixqp,1650000000,1650100000,347751769,347776215
native_profile_progress,1655000000,348965031,56512069,64763012,121486611,1588.065875723,[294331902, 478412371, 57085008, 77996996, 72566297, 292070439, 21971872, 3110, 1126949, 3520242, 36459200, 1126949, 37576265, 24228880, 4570368, 1194194, 0, 156317, 4570368, 1564779, 84287, 3464, 3464, 812, 19031860, 62442890, 13493342, 19031860, 2523497, 64653785, 63198233]
native_profile_window,window-001655000000.ixqp,1655000000,1655100000,348965031,348988750
native_profile_progress,1660000000,350177452,56699993,64763012,121674760,1591.743087911,[295340575, 480039731, 57340658, 78300654, 72838782, 293008974, 22025242, 3472, 1127673, 3520242, 36530695, 1127673, 37632471, 24284060, 4570368, 1194194, 0, 156317, 4570368, 1564779, 84287, 3464, 3464, 812, 19082788, 62592633, 13597321, 19082788, 2523497, 64653785, 63198233]
native_profile_window,window-001660000000.ixqp,1660000000,1660100000,350177452,350202096
native_profile_progress,1665000000,351390939,56886596,64763012,121861573,1595.171905535,[296350163, 481668197, 57597644, 78604632, 73111521, 293947327, 22078274, 3834, 1128397, 3520242, 36601798, 1128397, 37688319, 24338902, 4570368, 1194194, 0, 156317, 4570368, 1564779, 84287, 3464, 3464, 812, 19133452, 62741351, 13700530, 19133452, 2523497, 64653785, 63198233]
native_profile_window,window-001665000000.ixqp,1665000000,1665100000,351390939,351414719
native_profile_progress,1670000000,352603314,57074632,64763012,122049834,1598.656870985,[297358726, 483295094, 57853122, 78908099, 73383997, 294886239, 22131725, 4197, 1129123, 3520242, 36673419, 1129123, 37744625, 24394168, 4570368, 1194194, 0, 156317, 4570368, 1564779, 84287, 3464, 3464, 812, 19184434, 62891150, 13804515, 19184434, 2523497, 64653785, 63198233]
native_profile_window,window-001670000000.ixqp,1670000000,1670100000,352603314,352628015
native_profile_progress,1675000000,353794245,57249777,64769091,122231459,1603.134281713,[298352502, 484910090, 58076256, 79204041, 73648806, 295861798, 22188198, 4446, 1130170, 3520242, 36764342, 1130170, 37816768, 24452983, 4573161, 1194194, 0, 156317, 4573161, 1567172, 85880, 3464, 3464, 812, 19242840, 63028213, 13879697, 19242840, 2527883, 64658171, 63201919]
native_profile_window,window-001675000000.ixqp,1675000000,1675100000,353794245,353816826
native_profile_progress,1680000000,354943128,57395354,64787529,122395489,1609.992287335,[299318577, 486504529, 58236314, 79485629, 73897295, 296909677, 22249964, 4449, 1131823, 3520242, 36894609, 1131823, 37919788, 24518059, 4581799, 1194386, 0, 156317, 4581799, 1574418, 90726, 3464, 3464, 812, 19316452, 63136741, 13894643, 19316452, 2541175, 64671463, 63213111]
native_profile_window,window-001680000000.ixqp,1680000000,1680100000,354943128,354965707
native_profile_progress,1685000000,356092121,57540624,64805991,122559221,1615.518794092,[300284795, 488098967, 58396458, 79767302, 74145825, 297957562, 22311571, 4452, 1133476, 3520242, 37024898, 1133476, 38022461, 24582975, 4590445, 1194578, 0, 156317, 4590445, 1581672, 95580, 3464, 3464, 812, 19390126, 63245346, 13909592, 19390126, 2554483, 64684771, 63224319]
native_profile_window,window-001685000000.ixqp,1685000000,1685100000,356092121,356114560
native_profile_progress,1690000000,357241774,57689120,64823682,122725408,1621.004783742,[301251510, 489690394, 58555103, 80048002, 74394481, 299002840, 22374557, 4455, 1135129, 3520242, 37155869, 1135129, 38125957, 24649270, 4598898, 1194834, 0, 156317, 4598898, 1588669, 100177, 3464, 3464, 812, 19464774, 63355114, 13927013, 19464773, 2567277, 64697565, 63235013]
native_profile_window,window-001690000000.ixqp,1690000000,1690100000,357241774,357265142
native_profile_progress,1695000000,358400438,57835215,64839550,122887371,1626.037576934,[302225465, 491277253, 58712604, 80329574, 74644236, 300037708, 22437838, 4459, 1137333, 3520242, 37287983, 1137333, 38226295, 24716963, 4607510, 1195090, 0, 156317, 4607510, 1595425, 103733, 3464, 3464, 812, 19543686, 63463743, 13947483, 19543686, 2579189, 64709477, 63244125]
native_profile_window,window-001695000000.ixqp,1695000000,1695100000,358400438,358422834
native_profile_progress,1700000000,359565351,57982199,64852383,123047288,1630.632372355,[303203642, 492859498, 58868133, 80611612, 74895360, 301065237, 22501338, 4465, 1140637, 3520242, 37421244, 1140637, 38327113, 24787077, 4615711, 1195410, 0, 156317, 4615711, 1601426, 105974, 3464, 3464, 812, 19624899, 63573006, 13972805, 19624899, 2589311, 64719599, 63250957]
native_profile_window,window-001700000000.ixqp,1700000000,1700100000,359565351,359589733
native_profile_function,0,none,0,0,0,0,0,[0, 0, 0, 0, 0, 0, 0, 0, 0, 0, 0, 0, 0, 0, 0, 0, 0, 0, 0, 0, 0, 0, 0, 0, 0, 0, 0, 0, 0, 0, 0]
native_profile_function,1,none,0,0,0,0,0,[0, 0, 0, 0, 0, 0, 0, 0, 0, 0, 0, 0, 0, 0, 0, 0, 0, 0, 0, 0, 0, 0, 0, 0, 0, 0, 0, 0, 0, 0, 0]
native_profile_function,2,66,34,8,16,0,0,[4, 4, 2, 2, 0, 2, 0, 0, 0, 0, 0, 0, 0, 0, 0, 0, 0, 0, 0, 0, 0, 0, 0, 0, 0, 0, 0, 0, 0, 0, 0]
native_profile_function,3,none,0,0,0,0,0,[0, 0, 0, 0, 0, 0, 0, 0, 0, 0, 0, 0, 0, 0, 0, 0, 0, 0, 0, 0, 0, 0, 0, 0, 0, 0, 0, 0, 0, 0, 0]
native_profile_function,4,none,0,0,0,0,0,[0, 0, 0, 0, 0, 0, 0, 0, 0, 0, 0, 0, 0, 0, 0, 0, 0, 0, 0, 0, 0, 0, 0, 0, 0, 0, 0, 0, 0, 0, 0]
native_profile_function,5,none,0,0,0,0,0,[0, 0, 0, 0, 0, 0, 0, 0, 0, 0, 0, 0, 0, 0, 0, 0, 0, 0, 0, 0, 0, 0, 0, 0, 0, 0, 0, 0, 0, 0, 0]
native_profile_function,6,none,0,0,0,0,0,[0, 0, 0, 0, 0, 0, 0, 0, 0, 0, 0, 0, 0, 0, 0, 0, 0, 0, 0, 0, 0, 0, 0, 0, 0, 0, 0, 0, 0, 0, 0]
native_profile_function,7,none,0,0,0,0,0,[0, 0, 0, 0, 0, 0, 0, 0, 0, 0, 0, 0, 0, 0, 0, 0, 0, 0, 0, 0, 0, 0, 0, 0, 0, 0, 0, 0, 0, 0, 0]
native_profile_function,8,none,0,0,0,0,0,[0, 0, 0, 0, 0, 0, 0, 0, 0, 0, 0, 0, 0, 0, 0, 0, 0, 0, 0, 0, 0, 0, 0, 0, 0, 0, 0, 0, 0, 0, 0]
native_profile_function,9,680634147,65019895,17092929,26724223,0,0,[6849690, 10938640, 3414413, 2760740, 674537, 2739876, 0, 0, 0, 0, 0, 0, 0, 0, 0, 0, 0, 0, 0, 0, 0, 0, 0, 0, 0, 0, 0, 0, 0, 0, 0]
native_profile_function,10,120604689,14896148,4151504,5976952,0,0,[1494238, 2657266, 878050, 331210, 284978, 616188, 0, 0, 0, 0, 0, 0, 0, 0, 0, 0, 0, 0, 0, 0, 0, 0, 0, 0, 0, 0, 0, 0, 0, 0, 0]
native_profile_function,11,53550568,66701064,18266049,26024612,0,0,[6862664, 12082016, 4144354, 2180811, 537499, 2039679, 0, 0, 0, 0, 0, 0, 0, 0, 0, 0, 0, 0, 0, 0, 0, 0, 0, 0, 0, 0, 0, 0, 0, 0, 0]
native_profile_function,12,379,65798733,18799638,25066184,0,0,[6266546, 9399819, 3133273, 3133273, 0, 6266546, 0, 0, 0, 0, 0, 0, 0, 0, 0, 0, 0, 0, 0, 0, 0, 0, 0, 0, 0, 0, 0, 0, 0, 0, 0]
native_profile_function,13,10821,37616859,10747674,14330232,0,0,[3582558, 5373837, 1791279, 1791279, 0, 3582558, 0, 0, 0, 0, 0, 0, 0, 0, 0, 0, 0, 0, 0, 0, 0, 0, 0, 0, 0, 0, 0, 0, 0, 0, 0]
native_profile_function,14,53550547,9031638,2580468,3440624,0,0,[860156, 1290234, 430078, 430078, 0, 860156, 0, 0, 0, 0, 0, 0, 0, 0, 0, 0, 0, 0, 0, 0, 0, 0, 0, 0, 0, 0, 0, 0, 0, 0, 0]
native_profile_function,15,101682915,405363,115818,154424,0,0,[38606, 57909, 19303, 19303, 0, 38606, 0, 0, 0, 0, 0, 0, 0, 0, 0, 0, 0, 0, 0, 0, 0, 0, 0, 0, 0, 0, 0, 0, 0, 0, 0]
native_profile_function,16,521140444,35545251,10155786,13541048,0,0,[3385262, 5077893, 1692631, 1692631, 0, 3385262, 0, 0, 0, 0, 0, 0, 0, 0, 0, 0, 0, 0, 0, 0, 0, 0, 0, 0, 0, 0, 0, 0, 0, 0, 0]
native_profile_function,17,850,70794948,20227128,26969504,0,0,[6742376, 10113564, 3371188, 3371188, 0, 6742376, 0, 0, 0, 0, 0, 0, 0, 0, 0, 0, 0, 0, 0, 0, 0, 0, 0, 0, 0, 0, 0, 0, 0, 0, 0]
native_profile_function,18,312,15589434,4454124,5938832,0,0,[1484708, 2227062, 742354, 742354, 0, 1484708, 0, 0, 0, 0, 0, 0, 0, 0, 0, 0, 0, 0, 0, 0, 0, 0, 0, 0, 0, 0, 0, 0, 0, 0, 0]
native_profile_function,19,180,23409988,5852497,10032852,0,0,[2508213, 3344284, 836071, 1672142, 0, 1672142, 0, 0, 0, 0, 0, 0, 0, 0, 0, 0, 0, 0, 0, 0, 0, 0, 0, 0, 0, 0, 0, 0, 0, 0, 0]
native_profile_function,20,53550561,2135910,711970,854364,0,0,[142394, 427182, 0, 0, 142394, 284788, 0, 0, 0, 0, 0, 0, 0, 0, 0, 0, 0, 0, 0, 0, 0, 0, 0, 0, 0, 0, 0, 0, 0, 0, 0]
native_profile_function,21,680634141,9040213,2781604,3477005,0,0,[695401, 1390802, 0, 0, 695401, 1390802, 0, 0, 0, 0, 0, 0, 0, 0, 0, 0, 0, 0, 0, 0, 0, 0, 0, 0, 0, 0, 0, 0, 0, 0, 0]
native_profile_function,22,120604684,254276,69348,115580,0,0,[23116, 46232, 0, 0, 23116, 23116, 0, 0, 0, 0, 0, 0, 0, 0, 0, 0, 0, 0, 0, 0, 0, 0, 0, 0, 0, 0, 0, 0, 0, 0, 0]
native_profile_function,23,none,0,0,0,0,0,[0, 0, 0, 0, 0, 0, 0, 0, 0, 0, 0, 0, 0, 0, 0, 0, 0, 0, 0, 0, 0, 0, 0, 0, 0, 0, 0, 0, 0, 0, 0]
native_profile_function,24,540990417,46750,11000,22000,0,0,[5500, 5500, 2750, 2750, 0, 2750, 0, 0, 0, 0, 0, 0, 0, 0, 0, 0, 0, 0, 0, 0, 0, 0, 0, 0, 0, 0, 0, 0, 0, 0, 0]
native_profile_function,25,none,0,0,0,0,0,[0, 0, 0, 0, 0, 0, 0, 0, 0, 0, 0, 0, 0, 0, 0, 0, 0, 0, 0, 0, 0, 0, 0, 0, 0, 0, 0, 0, 0, 0, 0]
native_profile_function,26,465,6019272,1719792,2293056,0,0,[573264, 859896, 286632, 286632, 0, 573264, 0, 0, 0, 0, 0, 0, 0, 0, 0, 0, 0, 0, 0, 0, 0, 0, 0, 0, 0, 0, 0, 0, 0, 0, 0]
native_profile_function,27,53696850,192944,56016,74688,0,0,[18672, 31120, 12448, 6224, 0, 12448, 0, 0, 0, 0, 0, 0, 0, 0, 0, 0, 0, 0, 0, 0, 0, 0, 0, 0, 0, 0, 0, 0, 0, 0, 0]
native_profile_function,28,53696828,127592,37344,49792,0,0,[12448, 21784, 9336, 3112, 0, 6224, 0, 0, 0, 0, 0, 0, 0, 0, 0, 0, 0, 0, 0, 0, 0, 0, 0, 0, 0, 0, 0, 0, 0, 0, 0]
native_profile_function,29,none,0,0,0,0,0,[0, 0, 0, 0, 0, 0, 0, 0, 0, 0, 0, 0, 0, 0, 0, 0, 0, 0, 0, 0, 0, 0, 0, 0, 0, 0, 0, 0, 0, 0, 0]
native_profile_function,30,none,0,0,0,0,0,[0, 0, 0, 0, 0, 0, 0, 0, 0, 0, 0, 0, 0, 0, 0, 0, 0, 0, 0, 0, 0, 0, 0, 0, 0, 0, 0, 0, 0, 0, 0]
native_profile_function,31,none,0,0,0,0,0,[0, 0, 0, 0, 0, 0, 0, 0, 0, 0, 0, 0, 0, 0, 0, 0, 0, 0, 0, 0, 0, 0, 0, 0, 0, 0, 0, 0, 0, 0, 0]
native_profile_function,32,none,0,0,0,0,0,[0, 0, 0, 0, 0, 0, 0, 0, 0, 0, 0, 0, 0, 0, 0, 0, 0, 0, 0, 0, 0, 0, 0, 0, 0, 0, 0, 0, 0, 0, 0]
native_profile_function,33,none,0,0,0,0,0,[0, 0, 0, 0, 0, 0, 0, 0, 0, 0, 0, 0, 0, 0, 0, 0, 0, 0, 0, 0, 0, 0, 0, 0, 0, 0, 0, 0, 0, 0, 0]
native_profile_function,34,none,0,0,0,0,0,[0, 0, 0, 0, 0, 0, 0, 0, 0, 0, 0, 0, 0, 0, 0, 0, 0, 0, 0, 0, 0, 0, 0, 0, 0, 0, 0, 0, 0, 0, 0]
native_profile_function,35,none,0,0,0,0,0,[0, 0, 0, 0, 0, 0, 0, 0, 0, 0, 0, 0, 0, 0, 0, 0, 0, 0, 0, 0, 0, 0, 0, 0, 0, 0, 0, 0, 0, 0, 0]
native_profile_function,36,none,0,0,0,0,0,[0, 0, 0, 0, 0, 0, 0, 0, 0, 0, 0, 0, 0, 0, 0, 0, 0, 0, 0, 0, 0, 0, 0, 0, 0, 0, 0, 0, 0, 0, 0]
native_profile_function,37,none,0,0,0,0,0,[0, 0, 0, 0, 0, 0, 0, 0, 0, 0, 0, 0, 0, 0, 0, 0, 0, 0, 0, 0, 0, 0, 0, 0, 0, 0, 0, 0, 0, 0, 0]
native_profile_function,38,none,0,0,0,0,0,[0, 0, 0, 0, 0, 0, 0, 0, 0, 0, 0, 0, 0, 0, 0, 0, 0, 0, 0, 0, 0, 0, 0, 0, 0, 0, 0, 0, 0, 0, 0]
native_profile_function,39,none,0,0,0,0,0,[0, 0, 0, 0, 0, 0, 0, 0, 0, 0, 0, 0, 0, 0, 0, 0, 0, 0, 0, 0, 0, 0, 0, 0, 0, 0, 0, 0, 0, 0, 0]
native_profile_function,40,none,0,0,0,0,0,[0, 0, 0, 0, 0, 0, 0, 0, 0, 0, 0, 0, 0, 0, 0, 0, 0, 0, 0, 0, 0, 0, 0, 0, 0, 0, 0, 0, 0, 0, 0]
native_profile_function,41,none,0,0,0,0,0,[0, 0, 0, 0, 0, 0, 0, 0, 0, 0, 0, 0, 0, 0, 0, 0, 0, 0, 0, 0, 0, 0, 0, 0, 0, 0, 0, 0, 0, 0, 0]
native_profile_function,42,none,0,0,0,0,0,[0, 0, 0, 0, 0, 0, 0, 0, 0, 0, 0, 0, 0, 0, 0, 0, 0, 0, 0, 0, 0, 0, 0, 0, 0, 0, 0, 0, 0, 0, 0]
native_profile_function,43,none,0,0,0,0,0,[0, 0, 0, 0, 0, 0, 0, 0, 0, 0, 0, 0, 0, 0, 0, 0, 0, 0, 0, 0, 0, 0, 0, 0, 0, 0, 0, 0, 0, 0, 0]
native_profile_function,44,100858386,207936,54720,87552,0,0,[21888, 32832, 10944, 10944, 0, 10944, 0, 0, 0, 0, 0, 0, 0, 0, 0, 0, 0, 0, 0, 0, 0, 0, 0, 0, 0, 0, 0, 0, 0, 0, 0]
native_profile_function,45,680586835,26100,5800,11600,0,0,[2900, 2900, 0, 2900, 0, 2900, 0, 0, 0, 0, 0, 0, 0, 0, 0, 0, 0, 0, 0, 0, 0, 0, 0, 0, 0, 0, 0, 0, 0, 0, 0]
native_profile_function,46,100858512,14568202,4229478,5639304,0,0,[1409826, 2349710, 939884, 469942, 0, 939884, 0, 0, 0, 0, 0, 0, 0, 0, 0, 0, 0, 0, 0, 0, 0, 0, 0, 0, 0, 0, 0, 0, 0, 0, 0]
native_profile_function,47,541663284,565677,165564,220752,0,0,[55188, 96579, 41391, 13797, 0, 27594, 0, 0, 0, 0, 0, 0, 0, 0, 0, 0, 0, 0, 0, 0, 0, 0, 0, 0, 0, 0, 0, 0, 0, 0, 0]
native_profile_function,48,100858407,10207953,2916558,3888744,0,0,[972186, 1458279, 486093, 486093, 0, 972186, 0, 0, 0, 0, 0, 0, 0, 0, 0, 0, 0, 0, 0, 0, 0, 0, 0, 0, 0, 0, 0, 0, 0, 0, 0]
native_profile_function,49,521158716,233772,66792,89056,0,0,[22264, 33396, 11132, 11132, 0, 22264, 0, 0, 0, 0, 0, 0, 0, 0, 0, 0, 0, 0, 0, 0, 0, 0, 0, 0, 0, 0, 0, 0, 0, 0, 0]
native_profile_function,50,5187,152550,42638,61813,2712,1521,[11500, 23867, 2875, 1682, 1356, 6076, 0, 0, 0, 0, 0, 0, 0, 0, 2712, 0, 0, 0, 2712, 1356, 0, 0, 0, 0, 2875, 5628, 0, 2875, 1356, 1356, 165]
native_profile_function,51,5169,29998284,6429756,12851441,0,156315,[2509378, 2509704, 0, 1254361, 163, 3763407, 0, 0, 0, 0, 1254524, 0, 0, 0, 0, 0, 0, 0, 0, 0, 0, 0, 0, 0, 330, 0, 0, 330, 638353, 790984, 156315]
native_profile_function,52,2062798,21667436,6753158,8074978,0,0,[1867874, 3678320, 0, 28714, 1206964, 2471356, 0, 0, 0, 0, 632196, 0, 0, 0, 0, 0, 0, 0, 0, 0, 0, 0, 0, 0, 0, 0, 0, 0, 0, 0, 0]
native_profile_function,53,53549954,194577564,67482248,68144458,5775888,0,[17724990, 40960984, 5908330, 3152828, 5775888, 9061158, 2887944, 0, 0, 0, 0, 0, 5775888, 2887944, 0, 0, 0, 0, 0, 0, 0, 0, 0, 0, 0, 0, 0, 0, 0, 0, 0]
native_profile_function,54,none,0,0,0,0,0,[0, 0, 0, 0, 0, 0, 0, 0, 0, 0, 0, 0, 0, 0, 0, 0, 0, 0, 0, 0, 0, 0, 0, 0, 0, 0, 0, 0, 0, 0, 0]
native_profile_function,55,1480,252396,53136,106272,0,0,[26568, 26568, 0, 13284, 0, 26568, 0, 0, 0, 0, 13284, 0, 0, 0, 0, 0, 0, 0, 0, 0, 0, 0, 0, 0, 0, 0, 0, 0, 0, 0, 0]
native_profile_function,56,1495,60225952,20617560,20681144,0,0,[5166312, 13713248, 1722104, 884896, 2559312, 3476000, 0, 0, 0, 0, 0, 0, 0, 0, 0, 0, 0, 0, 0, 0, 0, 0, 0, 0, 0, 0, 0, 0, 0, 0, 0]
native_profile_function,57,1091799699,181200,56900,67300,0,0,[16800, 36700, 6700, 3500, 6600, 10200, 0, 0, 0, 0, 0, 0, 0, 0, 0, 0, 0, 0, 0, 0, 0, 0, 0, 0, 0, 0, 0, 0, 0, 0, 0]
native_profile_function,58,165,288887224,67630128,136427600,0,0,[27285520, 27285520, 0, 10086152, 0, 33231392, 0, 0, 0, 0, 10086152, 0, 0, 0, 0, 0, 0, 0, 0, 0, 0, 0, 0, 0, 7113216, 0, 0, 7113216, 0, 0, 0]
native_profile_function,59,521158682,33046,10168,15252,0,0,[2542, 5084, 0, 0, 2542, 5084, 0, 0, 0, 0, 0, 0, 0, 0, 0, 0, 0, 0, 0, 0, 0, 0, 0, 0, 0, 0, 0, 0, 0, 0, 0]
native_profile_function,60,521157722,222950,60025,120050,8575,0,[25725, 17150, 0, 8575, 0, 17150, 8575, 0, 0, 0, 0, 0, 8575, 8575, 0, 0, 0, 0, 0, 0, 0, 0, 0, 0, 8575, 0, 0, 8575, 0, 0, 0]
native_profile_function,61,1379,2157636,580902,1161804,82986,0,[248958, 165972, 0, 82986, 0, 165972, 82986, 0, 0, 0, 0, 0, 82986, 82986, 0, 0, 0, 0, 0, 0, 0, 0, 0, 0, 82986, 0, 0, 82986, 0, 0, 0]
native_profile_function,62,331,493116289,96081838,236450980,0,0,[33909018, 50844666, 5682938, 11290432, 5645216, 28263802, 0, 0, 0, 0, 5645216, 0, 0, 0, 37722, 37722, 0, 0, 37722, 0, 0, 0, 0, 0, 5607494, 47565985, 0, 5607494, 0, 0, 0]
native_profile_function,63,none,0,0,0,0,0,[0, 0, 0, 0, 0, 0, 0, 0, 0, 0, 0, 0, 0, 0, 0, 0, 0, 0, 0, 0, 0, 0, 0, 0, 0, 0, 0, 0, 0, 0, 0]
native_profile_function,64,100858432,10159443,3870264,4354047,0,0,[483783, 1935132, 0, 0, 483783, 1935132, 0, 0, 0, 0, 0, 0, 0, 0, 0, 0, 0, 0, 0, 0, 0, 0, 0, 0, 0, 0, 0, 0, 0, 0, 0]
native_profile_function,65,none,0,0,0,0,0,[0, 0, 0, 0, 0, 0, 0, 0, 0, 0, 0, 0, 0, 0, 0, 0, 0, 0, 0, 0, 0, 0, 0, 0, 0, 0, 0, 0, 0, 0, 0]
native_profile_function,66,none,0,0,0,0,0,[0, 0, 0, 0, 0, 0, 0, 0, 0, 0, 0, 0, 0, 0, 0, 0, 0, 0, 0, 0, 0, 0, 0, 0, 0, 0, 0, 0, 0, 0, 0]
native_profile_function,67,none,0,0,0,0,0,[0, 0, 0, 0, 0, 0, 0, 0, 0, 0, 0, 0, 0, 0, 0, 0, 0, 0, 0, 0, 0, 0, 0, 0, 0, 0, 0, 0, 0, 0, 0]
native_profile_function,68,1398,141466763,57415482,58969147,18415242,0,[9148888, 11436110, 0, 2287222, 0, 9148888, 2287222, 0, 0, 0, 2287222, 0, 2287222, 2287222, 0, 0, 0, 0, 0, 0, 0, 0, 0, 0, 2287222, 15896887, 13840798, 2287222, 0, 0, 0]
native_profile_function,69,521158834,2798228,1007192,1050758,213922,0,[225302, 354046, 32186, 64372, 32186, 160930, 32186, 0, 0, 0, 32186, 0, 32186, 32186, 0, 0, 0, 0, 0, 0, 0, 0, 0, 0, 32186, 181736, 149550, 32186, 0, 0, 0]
native_profile_function,70,521158798,815328,271776,305748,0,0,[67944, 152874, 16986, 16986, 33972, 84930, 0, 0, 0, 0, 0, 0, 0, 0, 0, 0, 0, 0, 0, 0, 0, 0, 0, 0, 0, 0, 0, 0, 0, 0, 0]
native_profile_function,71,none,0,0,0,0,0,[0, 0, 0, 0, 0, 0, 0, 0, 0, 0, 0, 0, 0, 0, 0, 0, 0, 0, 0, 0, 0, 0, 0, 0, 0, 0, 0, 0, 0, 0, 0]
native_profile_function,72,695,69797013,20634665,24886459,1210267,0,[7282548, 11536729, 3030879, 1820662, 612982, 3036128, 605146, 0, 0, 0, 607733, 0, 1210267, 605146, 605121, 0, 0, 0, 605121, 0, 0, 0, 0, 0, 25, 0, 0, 25, 0, 0, 0]
native_profile_function,73,none,0,0,0,0,0,[0, 0, 0, 0, 0, 0, 0, 0, 0, 0, 0, 0, 0, 0, 0, 0, 0, 0, 0, 0, 0, 0, 0, 0, 0, 0, 0, 0, 0, 0, 0]
native_profile_function,74,1424,57250593,17203239,21318395,982484,0,[6087337, 9661531, 1518512, 1530659, 1551156, 3011598, 491242, 0, 0, 0, 995768, 0, 982484, 491242, 0, 0, 0, 0, 0, 0, 0, 0, 0, 0, 0, 0, 0, 0, 0, 0, 0]
native_profile_function,75,541572536,64400,19320,25760,0,0,[6440, 12880, 2576, 1288, 2576, 2576, 0, 0, 0, 0, 0, 0, 0, 0, 0, 0, 0, 0, 0, 0, 0, 0, 0, 0, 0, 0, 0, 0, 0, 0, 0]
native_profile_function,76,2062774,602994,200998,258426,0,0,[57428, 114856, 0, 0, 57428, 57428, 0, 0, 0, 0, 0, 0, 0, 0, 0, 0, 0, 0, 0, 0, 0, 0, 0, 0, 0, 0, 0, 0, 0, 0, 0]
native_profile_function,77,53549926,3575934,1191978,1324420,0,0,[397326, 662210, 0, 0, 264884, 264884, 132442, 0, 0, 0, 0, 0, 0, 132442, 0, 0, 0, 0, 0, 0, 0, 0, 0, 0, 0, 0, 0, 0, 0, 0, 0]
native_profile_function,78,1091799673,2500,900,900,0,0,[200, 500, 0, 0, 200, 300, 0, 0, 0, 0, 0, 0, 0, 0, 0, 0, 0, 0, 0, 0, 0, 0, 0, 0, 0, 0, 0, 0, 0, 0, 0]
native_profile_function,79,541130175,9,2,4,0,0,[1, 1, 0, 1, 0, 1, 0, 0, 0, 0, 0, 0, 0, 0, 0, 0, 0, 0, 0, 0, 0, 0, 0, 0, 0, 0, 0, 0, 0, 0, 0]
native_profile_function,80,541130183,9,2,4,0,0,[1, 1, 0, 1, 0, 1, 0, 0, 0, 0, 0, 0, 0, 0, 0, 0, 0, 0, 0, 0, 0, 0, 0, 0, 0, 0, 0, 0, 0, 0, 0]
native_profile_function,81,521140541,1545815,448280,577489,74136,37068,[148272, 185340, 0, 37068, 37068, 37068, 37068, 0, 0, 0, 0, 0, 74136, 37068, 37068, 0, 0, 0, 37068, 37068, 106369, 3464, 3464, 812, 0, 0, 0, 0, 0, 0, 0]
native_profile_function,82,521153942,214916249,70471019,137686707,1964968,62611147,[2456210, 2947452, 0, 491242, 0, 982484, 0, 0, 0, 0, 0, 0, 0, 0, 0, 0, 0, 0, 0, 0, 0, 0, 0, 0, 1964968, 0, 0, 1964968, 982484, 62960141, 62611147]
native_profile_function,83,16115,537775,129066,258132,0,0,[64533, 64533, 43022, 21511, 0, 21511, 0, 0, 0, 0, 0, 0, 0, 0, 0, 0, 0, 0, 0, 0, 0, 0, 0, 0, 0, 0, 0, 0, 0, 0, 0]
native_profile_function,84,none,0,0,0,0,0,[0, 0, 0, 0, 0, 0, 0, 0, 0, 0, 0, 0, 0, 0, 0, 0, 0, 0, 0, 0, 0, 0, 0, 0, 0, 0, 0, 0, 0, 0, 0]
native_profile_function,85,541666675,1374795,366612,611020,0,0,[152755, 183306, 122204, 30551, 0, 61102, 0, 0, 0, 0, 0, 0, 0, 0, 0, 0, 0, 0, 0, 0, 0, 0, 0, 0, 0, 0, 0, 0, 0, 0, 0]
native_profile_function,86,541666592,29036205,7742988,12904980,0,0,[3226245, 3871494, 2580996, 645249, 0, 1290498, 0, 0, 0, 0, 0, 0, 0, 0, 0, 0, 0, 0, 0, 0, 0, 0, 0, 0, 0, 0, 0, 0, 0, 0, 0]
native_profile_function,87,541666779,898975,231165,410960,0,0,[102740, 128425, 77055, 25685, 0, 25685, 0, 0, 0, 0, 0, 0, 0, 0, 0, 0, 0, 0, 0, 0, 0, 0, 0, 0, 0, 0, 0, 0, 0, 0, 0]
native_profile_function,88,541666718,1011483,245208,490416,0,0,[122604, 122604, 91953, 30651, 0, 30651, 0, 0, 0, 0, 0, 0, 0, 0, 0, 0, 0, 0, 0, 0, 0, 0, 0, 0, 0, 0, 0, 0, 0, 0, 0]
native_profile_function,89,120680282,36855256,9960880,15937408,0,0,[3984352, 4980440, 2988264, 996088, 0, 1992176, 0, 0, 0, 0, 0, 0, 0, 0, 0, 0, 0, 0, 0, 0, 0, 0, 0, 0, 0, 0, 0, 0, 0, 0, 0]
native_profile_function,90,541663422,20159160,5759760,7679680,0,0,[1919920, 2879880, 959960, 959960, 0, 1919920, 0, 0, 0, 0, 0, 0, 0, 0, 0, 0, 0, 0, 0, 0, 0, 0, 0, 0, 0, 0, 0, 0, 0, 0, 0]
native_profile_function,91,541677458,19656063,5616018,7488024,0,0,[1872006, 2808009, 936003, 936003, 0, 1872006, 0, 0, 0, 0, 0, 0, 0, 0, 0, 0, 0, 0, 0, 0, 0, 0, 0, 0, 0, 0, 0, 0, 0, 0, 0]
native_profile_function,92,541663370,58237977,16639422,22185896,0,0,[5546474, 8319711, 2773237, 2773237, 0, 5546474, 0, 0, 0, 0, 0, 0, 0, 0, 0, 0, 0, 0, 0, 0, 0, 0, 0, 0, 0, 0, 0, 0, 0, 0, 0]
native_profile_function,93,none,0,0,0,0,0,[0, 0, 0, 0, 0, 0, 0, 0, 0, 0, 0, 0, 0, 0, 0, 0, 0, 0, 0, 0, 0, 0, 0, 0, 0, 0, 0, 0, 0, 0, 0]
native_profile_function,94,541660495,5271,1506,2008,0,0,[502, 753, 251, 251, 0, 502, 0, 0, 0, 0, 0, 0, 0, 0, 0, 0, 0, 0, 0, 0, 0, 0, 0, 0, 0, 0, 0, 0, 0, 0, 0]
native_profile_function,95,372625156,1647500,395400,790800,0,0,[197700, 197700, 131800, 65900, 0, 65900, 0, 0, 0, 0, 0, 0, 0, 0, 0, 0, 0, 0, 0, 0, 0, 0, 0, 0, 0, 0, 0, 0, 0, 0, 0]
native_profile_function,96,372625170,1647500,395400,790800,0,0,[197700, 197700, 131800, 65900, 0, 65900, 0, 0, 0, 0, 0, 0, 0, 0, 0, 0, 0, 0, 0, 0, 0, 0, 0, 0, 0, 0, 0, 0, 0, 0, 0]
native_profile_function,97,587,67026462,23549838,22342154,0,0,[6642262, 14492208, 0, 0, 5434578, 4226894, 0, 0, 0, 0, 1207684, 0, 0, 0, 0, 0, 0, 0, 0, 0, 0, 0, 0, 0, 0, 0, 0, 0, 0, 0, 0]
native_profile_function,98,372602918,46555200,13093650,19882950,969900,969900,[4364550, 6304350, 1454850, 969900, 0, 1454850, 0, 0, 0, 0, 0, 0, 0, 0, 969900, 0, 0, 0, 969900, 484950, 0, 0, 0, 0, 969900, 0, 0, 969900, 969900, 969900, 484950]
native_profile_function,99,7455,15366350,4302568,6069737,0,0,[1459807, 2612252, 845133, 307362, 153656, 691527, 0, 0, 0, 0, 0, 0, 0, 0, 153656, 153656, 0, 0, 153656, 0, 0, 0, 0, 0, 0, 0, 0, 0, 0, 0, 0]
native_profile_function,100,53549563,270,92,92,18,0,[32, 40, 2, 2, 2, 6, 8, 0, 2, 10, 2, 0, 18, 10, 2, 0, 0, 0, 2, 0, 0, 0, 0, 0, 2, 0, 0, 2, 0, 0, 0]
native_profile_function,101,53550879,97029656,34471062,30002591,6383530,0,[11490354, 16597178, 1276706, 1276706, 1915059, 1915059, 3191765, 0, 0, 2553412, 638353, 0, 5106824, 3191765, 0, 0, 0, 0, 0, 0, 0, 0, 0, 0, 638353, 0, 0, 638353, 0, 0, 0]
native_profile_function,102,53550838,59035322,18742019,24537887,2093606,561853,[6434624, 9651936, 2655459, 1123706, 484950, 1123706, 561853, 0, 0, 0, 0, 0, 1123706, 561853, 638756, 0, 0, 0, 638756, 561853, 0, 0, 0, 0, 969900, 0, 0, 969900, 0, 0, 0]
native_profile_function,103,7418,7301054,1906376,3029917,0,0,[819974, 1277704, 266428, 210133, 172537, 95684, 0, 0, 0, 0, 0, 0, 0, 0, 170876, 37596, 0, 0, 170876, 0, 0, 0, 0, 0, 0, 0, 0, 0, 0, 0, 0]
native_profile_function,104,53696907,1484016,552192,552192,69024,34512,[138048, 276096, 0, 0, 34512, 69024, 34512, 0, 0, 0, 0, 0, 69024, 34512, 69024, 0, 0, 0, 69024, 34512, 0, 0, 0, 0, 0, 0, 0, 0, 0, 0, 0]
native_profile_function,105,389621,59459430,16919350,23082100,1450230,0,[6767740, 9184790, 966820, 966820, 966820, 966820, 966820, 0, 0, 966820, 483410, 0, 1450230, 966820, 1450230, 966820, 0, 0, 1450230, 0, 0, 0, 0, 0, 0, 0, 0, 0, 0, 0, 0]
native_profile_function,106,54015188,18852990,6767740,7734560,966820,483410,[1933640, 2900460, 483410, 0, 483410, 966820, 483410, 0, 0, 0, 0, 0, 966820, 483410, 483410, 0, 0, 0, 483410, 483410, 0, 0, 0, 0, 0, 0, 0, 0, 0, 0, 0]
native_profile_function,107,5164,938001,30,468989,0,0,[12, 15, 0, 3, 6, 6, 0, 0, 0, 0, 0, 0, 0, 0, 3, 0, 0, 156317, 3, 0, 0, 0, 0, 0, 0, 0, 0, 0, 0, 0, 0]
native_profile_function,108,108,32,10,12,0,0,[3, 6, 0, 1, 2, 3, 0, 0, 0, 0, 0, 0, 0, 0, 0, 0, 0, 0, 0, 0, 0, 0, 0, 0, 0, 0, 0, 0, 0, 0, 0]
native_profile_function,109,644,6642262,1207684,3019210,0,0,[1207684, 603842, 0, 603842, 0, 0, 603842, 0, 0, 0, 0, 0, 0, 603842, 0, 0, 0, 0, 0, 0, 0, 0, 0, 0, 0, 0, 0, 0, 0, 0, 0]
native_profile_function,110,206,26961948,7258986,12443976,0,0,[3110994, 4147992, 0, 1036998, 2073996, 2073996, 0, 0, 0, 0, 0, 0, 0, 0, 0, 0, 0, 0, 0, 0, 0, 0, 0, 0, 0, 0, 0, 0, 0, 0, 0]
native_profile_function,111,none,0,0,0,0,0,[0, 0, 0, 0, 0, 0, 0, 0, 0, 0, 0, 0, 0, 0, 0, 0, 0, 0, 0, 0, 0, 0, 0, 0, 0, 0, 0, 0, 0, 0, 0]
native_profile_function,112,247,20391397,9209018,5920083,2631148,0,[1315574, 3288935, 0, 657787, 0, 2631148, 657787, 0, 0, 0, 0, 0, 2631148, 657787, 0, 0, 0, 0, 0, 0, 0, 0, 0, 0, 0, 0, 0, 0, 0, 0, 0]
native_profile_function,113,420,70078725,28031490,25228341,5606298,0,[5606298, 8409447, 0, 2803149, 0, 11212596, 2803149, 0, 0, 0, 0, 0, 5606298, 2803149, 0, 0, 0, 0, 0, 0, 0, 0, 0, 0, 0, 0, 0, 0, 0, 0, 0]
native_profile_function,114,225,54068740,18924059,21627496,2703437,0,[5406874, 5406874, 0, 2703437, 0, 8110311, 2703437, 0, 0, 0, 0, 0, 2703437, 2703437, 0, 0, 0, 0, 0, 0, 0, 0, 0, 0, 0, 0, 0, 0, 0, 0, 0]
native_profile_function,115,116,33,10,12,0,0,[3, 5, 0, 0, 2, 4, 0, 0, 0, 0, 1, 0, 0, 0, 0, 0, 0, 0, 0, 0, 0, 0, 0, 0, 0, 0, 0, 0, 0, 0, 0]
native_profile_function,116,53515623,273762,91254,106463,15209,0,[30418, 30418, 0, 15209, 0, 30418, 15209, 0, 0, 0, 0, 0, 15209, 15209, 0, 0, 0, 0, 0, 0, 0, 0, 0, 0, 0, 0, 0, 0, 0, 0, 0]
native_profile_function,117,53516389,3211,741,1482,0,0,[494, 247, 0, 247, 0, 247, 247, 0, 0, 0, 0, 0, 0, 247, 0, 0, 0, 0, 0, 0, 0, 0, 0, 0, 0, 0, 0, 0, 0, 0, 0]
native_profile_function,118,213,12149665,2209030,5522575,0,0,[2209030, 1104515, 0, 1104515, 0, 0, 1104515, 0, 0, 0, 0, 0, 0, 1104515, 0, 0, 0, 0, 0, 0, 0, 0, 0, 0, 0, 0, 0, 0, 0, 0, 0]
native_profile_function,119,122,51,16,19,0,0,[6, 10, 0, 0, 3, 2, 0, 2, 0, 0, 1, 0, 0, 2, 0, 0, 0, 0, 0, 0, 0, 0, 0, 0, 0, 0, 0, 0, 0, 0, 0]
native_profile_function,120,100859339,5691,813,3252,0,0,[813, 813, 0, 813, 0, 0, 0, 0, 0, 0, 0, 0, 0, 0, 0, 0, 0, 0, 0, 0, 0, 0, 0, 0, 0, 0, 0, 0, 0, 0, 0]
native_profile_function,121,6995,31,9,12,0,0,[3, 4, 0, 0, 2, 4, 0, 0, 0, 0, 1, 0, 0, 0, 0, 0, 0, 0, 0, 0, 0, 0, 0, 0, 0, 0, 0, 0, 0, 0, 0]
native_profile_function,122,128,26,11,8,3,0,[2, 4, 0, 1, 0, 3, 1, 0, 0, 0, 0, 0, 3, 1, 0, 0, 0, 0, 0, 0, 0, 0, 0, 0, 0, 0, 0, 0, 0, 0, 0]
native_profile_function,123,275,113,32,45,0,0,[11, 18, 0, 0, 5, 10, 0, 0, 0, 0, 6, 0, 0, 0, 0, 0, 0, 0, 0, 0, 0, 0, 0, 0, 0, 0, 0, 0, 0, 0, 0]
native_profile_function,124,152,474,150,174,3,0,[48, 75, 0, 0, 27, 45, 0, 0, 3, 0, 18, 0, 3, 3, 0, 0, 0, 0, 0, 0, 0, 0, 0, 0, 0, 0, 0, 0, 0, 0, 0]
native_profile_function,125,1370,19,6,8,0,0,[2, 4, 0, 0, 2, 1, 0, 0, 0, 0, 0, 0, 0, 0, 0, 0, 0, 0, 0, 0, 0, 0, 0, 0, 0, 0, 0, 0, 0, 0, 0]
native_profile_function,126,1358,153,48,57,3,0,[15, 27, 0, 3, 6, 12, 0, 0, 3, 0, 3, 0, 3, 3, 0, 0, 0, 0, 0, 0, 0, 0, 0, 0, 0, 0, 0, 0, 0, 0, 0]
native_profile_function,127,7003,147,46,54,0,0,[14, 25, 0, 0, 8, 14, 0, 0, 0, 0, 6, 0, 0, 0, 0, 0, 0, 0, 0, 0, 0, 0, 0, 0, 0, 0, 0, 0, 0, 0, 0]
native_profile_function,128,100858422,146048,20864,83456,0,0,[20864, 20864, 0, 20864, 0, 0, 0, 0, 0, 0, 0, 0, 0, 0, 0, 0, 0, 0, 0, 0, 0, 0, 0, 0, 0, 0, 0, 0, 0, 0, 0]
native_profile_function,129,280,178,54,68,0,0,[20, 30, 0, 0, 14, 12, 0, 0, 0, 0, 6, 0, 0, 0, 0, 0, 0, 0, 0, 0, 0, 0, 0, 0, 0, 0, 0, 0, 0, 0, 0]
native_profile_function,130,582,1944150,598200,772675,0,0,[199400, 398800, 0, 24925, 124625, 99700, 0, 0, 0, 0, 49850, 0, 0, 0, 0, 0, 0, 0, 0, 0, 0, 0, 0, 0, 0, 0, 0, 0, 0, 0, 0]
native_profile_function,131,195,33,6,15,0,0,[6, 3, 0, 3, 0, 0, 3, 0, 0, 0, 0, 0, 0, 3, 0, 0, 0, 0, 0, 0, 0, 0, 0, 0, 0, 0, 0, 0, 0, 0, 0]
native_profile_function,132,1283,33,6,15,0,0,[6, 3, 0, 3, 0, 0, 3, 0, 0, 0, 0, 0, 0, 3, 0, 0, 0, 0, 0, 0, 0, 0, 0, 0, 0, 0, 0, 0, 0, 0, 0]
native_profile_function,133,1374,94,34,36,0,0,[10, 24, 0, 0, 10, 2, 0, 0, 0, 0, 0, 0, 0, 0, 0, 0, 0, 0, 0, 0, 0, 0, 0, 0, 0, 0, 0, 0, 0, 0, 0]
native_profile_function,134,none,0,0,0,0,0,[0, 0, 0, 0, 0, 0, 0, 0, 0, 0, 0, 0, 0, 0, 0, 0, 0, 0, 0, 0, 0, 0, 0, 0, 0, 0, 0, 0, 0, 0, 0]
native_profile_function,135,7023,46,15,15,1,0,[5, 8, 0, 0, 2, 3, 0, 2, 0, 0, 1, 0, 1, 2, 0, 0, 0, 0, 0, 0, 0, 0, 0, 0, 0, 0, 0, 0, 0, 0, 0]
native_profile_function,136,none,0,0,0,0,0,[0, 0, 0, 0, 0, 0, 0, 0, 0, 0, 0, 0, 0, 0, 0, 0, 0, 0, 0, 0, 0, 0, 0, 0, 0, 0, 0, 0, 0, 0, 0]
native_profile_function,137,100858087,312,105,102,0,0,[30, 69, 0, 3, 21, 18, 0, 0, 0, 0, 6, 0, 0, 0, 0, 0, 0, 0, 0, 0, 0, 0, 0, 0, 0, 0, 0, 0, 0, 0, 0]
native_profile_function,138,none,0,0,0,0,0,[0, 0, 0, 0, 0, 0, 0, 0, 0, 0, 0, 0, 0, 0, 0, 0, 0, 0, 0, 0, 0, 0, 0, 0, 0, 0, 0, 0, 0, 0, 0]
native_profile_function,139,120653902,46,15,15,1,0,[5, 8, 0, 0, 2, 3, 0, 2, 0, 0, 1, 0, 1, 2, 0, 0, 0, 0, 0, 0, 0, 0, 0, 0, 0, 0, 0, 0, 0, 0, 0]
native_profile_function,140,none,0,0,0,0,0,[0, 0, 0, 0, 0, 0, 0, 0, 0, 0, 0, 0, 0, 0, 0, 0, 0, 0, 0, 0, 0, 0, 0, 0, 0, 0, 0, 0, 0, 0, 0]
native_profile_function,141,521140431,109,38,40,0,0,[13, 21, 0, 0, 12, 6, 0, 0, 0, 0, 1, 0, 0, 0, 0, 0, 0, 0, 0, 0, 0, 0, 0, 0, 0, 0, 0, 0, 0, 0, 0]
native_profile_function,142,521174639,177,57,65,0,0,[14, 26, 0, 0, 6, 26, 0, 0, 0, 0, 8, 0, 0, 0, 0, 0, 0, 0, 0, 0, 0, 0, 0, 0, 0, 0, 0, 0, 0, 0, 0]
native_profile_function,143,none,0,0,0,0,0,[0, 0, 0, 0, 0, 0, 0, 0, 0, 0, 0, 0, 0, 0, 0, 0, 0, 0, 0, 0, 0, 0, 0, 0, 0, 0, 0, 0, 0, 0, 0]
native_profile_function,144,285,3313344,1173476,1173476,0,0,[310626, 793822, 0, 34514, 241598, 172570, 0, 0, 0, 0, 34514, 0, 0, 0, 0, 0, 0, 0, 0, 0, 0, 0, 0, 0, 0, 0, 0, 0, 0, 0, 0]
native_profile_function,145,477,22,4,10,0,0,[4, 2, 0, 2, 0, 0, 2, 0, 0, 0, 0, 0, 0, 2, 0, 0, 0, 0, 0, 0, 0, 0, 0, 0, 0, 0, 0, 0, 0, 0, 0]
native_profile_function,146,7156,192,60,70,3,0,[20, 33, 0, 0, 8, 13, 0, 4, 0, 0, 8, 0, 3, 4, 0, 0, 0, 0, 0, 0, 0, 0, 0, 0, 0, 0, 0, 0, 0, 0, 0]
native_profile_function,147,53549552,20,7,7,1,0,[2, 3, 0, 0, 1, 2, 0, 1, 0, 0, 0, 0, 1, 1, 0, 0, 0, 0, 0, 0, 0, 0, 0, 0, 0, 0, 0, 0, 0, 0, 0]
native_profile_function,148,100858098,204,57,78,0,0,[27, 39, 0, 9, 18, 3, 0, 0, 0, 0, 0, 0, 0, 0, 0, 0, 0, 0, 0, 0, 0, 0, 0, 0, 0, 0, 0, 0, 0, 0, 0]
native_profile_function,149,100859521,33,6,15,0,0,[6, 3, 0, 3, 0, 0, 3, 0, 0, 0, 0, 0, 0, 3, 0, 0, 0, 0, 0, 0, 0, 0, 0, 0, 0, 0, 0, 0, 0, 0, 0]
native_profile_function,150,100866370,159,66,60,0,0,[9, 27, 0, 0, 9, 33, 0, 0, 0, 0, 0, 0, 0, 0, 0, 0, 0, 0, 0, 0, 0, 0, 0, 0, 0, 0, 0, 0, 0, 0, 0]
native_profile_function,151,100874580,19539,6075,7392,0,0,[1656, 2613, 0, 6, 750, 2865, 0, 0, 0, 0, 900, 0, 0, 0, 0, 0, 0, 0, 0, 0, 0, 0, 0, 0, 0, 0, 0, 0, 0, 0, 0]
native_profile_function,152,100866297,219,87,69,0,0,[12, 42, 0, 0, 9, 39, 0, 0, 0, 0, 3, 0, 0, 0, 0, 0, 0, 0, 0, 0, 0, 0, 0, 0, 0, 0, 0, 0, 0, 0, 0]
native_profile_function,153,100866311,3333,606,1515,0,0,[606, 303, 0, 303, 0, 0, 303, 0, 0, 0, 0, 0, 0, 303, 0, 0, 0, 0, 0, 0, 0, 0, 0, 0, 0, 0, 0, 0, 0, 0, 0]
native_profile_function,154,100866201,300,114,93,0,0,[21, 66, 0, 3, 15, 36, 0, 0, 0, 0, 3, 0, 0, 0, 0, 0, 0, 0, 0, 0, 0, 0, 0, 0, 0, 0, 0, 0, 0, 0, 0]
native_profile_function,155,100859706,405,147,129,0,0,[36, 87, 0, 6, 27, 36, 0, 0, 0, 0, 3, 0, 0, 0, 0, 0, 0, 0, 0, 0, 0, 0, 0, 0, 0, 0, 0, 0, 0, 0, 0]
native_profile_function,156,100859719,33,6,15,0,0,[6, 3, 0, 3, 0, 0, 3, 0, 0, 0, 0, 0, 0, 3, 0, 0, 0, 0, 0, 0, 0, 0, 0, 0, 0, 0, 0, 0, 0, 0, 0]
native_profile_function,157,100859856,8862,2907,2910,0,0,[765, 1980, 0, 156, 459, 618, 0, 0, 0, 0, 150, 0, 0, 0, 0, 0, 0, 0, 0, 0, 0, 0, 0, 0, 0, 0, 0, 0, 0, 0, 0]
native_profile_function,158,100859629,240,96,75,0,0,[15, 54, 0, 3, 12, 33, 0, 0, 0, 0, 0, 0, 0, 0, 0, 0, 0, 0, 0, 0, 0, 0, 0, 0, 0, 0, 0, 0, 0, 0, 0]
native_profile_function,159,120654035,323,90,119,0,0,[34, 47, 0, 0, 12, 28, 0, 4, 0, 0, 18, 0, 0, 4, 0, 0, 0, 0, 0, 0, 0, 0, 0, 0, 0, 0, 0, 0, 0, 0, 0]
native_profile_function,160,372602388,20,7,7,1,0,[2, 3, 0, 0, 1, 2, 0, 1, 0, 0, 0, 0, 1, 1, 0, 0, 0, 0, 0, 0, 0, 0, 0, 0, 0, 0, 0, 0, 0, 0, 0]
native_profile_function,161,521140530,71,24,25,0,0,[8, 13, 0, 0, 7, 5, 0, 0, 0, 0, 1, 0, 0, 0, 0, 0, 0, 0, 0, 0, 0, 0, 0, 0, 0, 0, 0, 0, 0, 0, 0]
native_profile_function,162,521157704,58,20,22,0,0,[6, 14, 0, 0, 6, 2, 0, 0, 0, 0, 0, 0, 0, 0, 0, 0, 0, 0, 0, 0, 0, 0, 0, 0, 0, 0, 0, 0, 0, 0, 0]
native_profile_function,163,521174647,348,122,110,0,0,[28, 76, 0, 6, 16, 32, 0, 0, 0, 0, 6, 0, 0, 0, 0, 0, 0, 0, 0, 0, 0, 0, 0, 0, 0, 0, 0, 0, 0, 0, 0]
native_profile_function,164,none,0,0,0,0,0,[0, 0, 0, 0, 0, 0, 0, 0, 0, 0, 0, 0, 0, 0, 0, 0, 0, 0, 0, 0, 0, 0, 0, 0, 0, 0, 0, 0, 0, 0, 0]
native_profile_function,165,541130148,57,19,20,0,0,[4, 9, 0, 0, 2, 9, 0, 0, 0, 0, 2, 0, 0, 0, 0, 0, 0, 0, 0, 0, 0, 0, 0, 0, 0, 0, 0, 0, 0, 0, 0]
native_profile_function,166,none,0,0,0,0,0,[0, 0, 0, 0, 0, 0, 0, 0, 0, 0, 0, 0, 0, 0, 0, 0, 0, 0, 0, 0, 0, 0, 0, 0, 0, 0, 0, 0, 0, 0, 0]
native_profile_function,167,541660343,157,51,56,0,0,[18, 30, 0, 0, 14, 8, 0, 0, 0, 0, 4, 0, 0, 0, 0, 0, 0, 0, 0, 0, 0, 0, 0, 0, 0, 0, 0, 0, 0, 0, 0]
native_profile_function,168,none,0,0,0,0,0,[0, 0, 0, 0, 0, 0, 0, 0, 0, 0, 0, 0, 0, 0, 0, 0, 0, 0, 0, 0, 0, 0, 0, 0, 0, 0, 0, 0, 0, 0, 0]
native_profile_function,169,566697402,153,50,58,0,0,[11, 21, 0, 0, 4, 26, 0, 0, 0, 0, 7, 0, 0, 0, 0, 0, 0, 0, 0, 0, 0, 0, 0, 0, 0, 0, 0, 0, 0, 0, 0]
native_profile_function,170,none,0,0,0,0,0,[0, 0, 0, 0, 0, 0, 0, 0, 0, 0, 0, 0, 0, 0, 0, 0, 0, 0, 0, 0, 0, 0, 0, 0, 0, 0, 0, 0, 0, 0, 0]
native_profile_function,171,7160,253,73,96,0,0,[24, 42, 0, 0, 10, 22, 0, 0, 0, 0, 14, 0, 0, 0, 0, 0, 0, 0, 0, 0, 0, 0, 0, 0, 0, 0, 0, 0, 0, 0, 0]
native_profile_function,172,10911,15300,4500,5750,50,0,[1500, 2550, 0, 0, 550, 1250, 0, 150, 0, 0, 800, 0, 50, 150, 0, 0, 0, 0, 0, 0, 0, 0, 0, 0, 0, 0, 0, 0, 0, 0, 0]
native_profile_function,173,10242,913069,271978,330259,0,0,[77708, 135989, 0, 0, 38854, 116562, 0, 0, 0, 0, 38854, 0, 0, 0, 0, 0, 0, 0, 0, 0, 0, 0, 0, 0, 0, 0, 0, 0, 0, 0, 0]
native_profile_function,174,53514326,19,7,7,0,0,[1, 3, 0, 0, 1, 4, 0, 0, 0, 0, 0, 0, 0, 0, 0, 0, 0, 0, 0, 0, 0, 0, 0, 0, 0, 0, 0, 0, 0, 0, 0]
native_profile_function,175,53514099,248,74,96,2,0,[26, 44, 0, 4, 12, 16, 0, 0, 2, 0, 8, 0, 2, 2, 0, 0, 0, 0, 0, 0, 0, 0, 0, 0, 0, 0, 0, 0, 0, 0, 0]
native_profile_function,176,53515941,3604,1102,1300,0,0,[350, 752, 0, 50, 200, 200, 0, 0, 0, 0, 100, 0, 0, 0, 0, 0, 0, 0, 0, 0, 0, 0, 0, 0, 0, 0, 0, 0, 0, 0, 0]
native_profile_function,177,10677,3205620,1049112,1107396,0,0,[330276, 602268, 0, 0, 233136, 233136, 0, 0, 0, 0, 97140, 0, 0, 0, 0, 0, 0, 0, 0, 0, 0, 0, 0, 0, 0, 0, 0, 0, 0, 0, 0]
native_profile_function,178,53549373,31,14,9,4,0,[2, 5, 0, 1, 0, 4, 1, 0, 0, 0, 0, 0, 4, 1, 0, 0, 0, 0, 0, 0, 0, 0, 0, 0, 0, 0, 0, 0, 0, 0, 0]
native_profile_function,179,53549603,183,57,67,3,0,[19, 29, 0, 1, 7, 15, 0, 4, 0, 0, 7, 0, 3, 4, 0, 0, 0, 0, 0, 0, 0, 0, 0, 0, 0, 0, 0, 0, 0, 0, 0]
native_profile_function,180,100859349,438,126,177,0,0,[51, 78, 0, 21, 27, 24, 0, 0, 0, 0, 3, 0, 0, 0, 0, 0, 0, 0, 0, 0, 0, 0, 0, 0, 0, 0, 0, 0, 0, 0, 0]
native_profile_function,181,53549679,515,195,185,0,0,[45, 120, 0, 0, 40, 40, 0, 0, 0, 0, 5, 0, 0, 0, 0, 0, 0, 0, 0, 0, 0, 0, 0, 0, 0, 0, 0, 0, 0, 0, 0]
native_profile_function,182,100858400,1716,525,642,0,0,[198, 345, 0, 66, 132, 72, 0, 0, 0, 0, 0, 0, 0, 0, 0, 0, 0, 0, 0, 0, 0, 0, 0, 0, 0, 0, 0, 0, 0, 0, 0]
native_profile_function,183,none,0,0,0,0,0,[0, 0, 0, 0, 0, 0, 0, 0, 0, 0, 0, 0, 0, 0, 0, 0, 0, 0, 0, 0, 0, 0, 0, 0, 0, 0, 0, 0, 0, 0, 0]
native_profile_function,184,120618582,390,144,144,0,0,[30, 60, 0, 0, 24, 66, 0, 0, 0, 0, 6, 0, 0, 0, 0, 0, 0, 0, 0, 0, 0, 0, 0, 0, 0, 0, 0, 0, 0, 0, 0]
native_profile_function,185,100874599,12000,4500,3900,0,0,[750, 2700, 0, 150, 450, 1500, 0, 0, 0, 0, 150, 0, 0, 0, 0, 0, 0, 0, 0, 0, 0, 0, 0, 0, 0, 0, 0, 0, 0, 0, 0]
native_profile_function,186,120618540,396,162,126,0,0,[18, 78, 0, 6, 12, 78, 0, 0, 0, 0, 0, 0, 0, 0, 0, 0, 0, 0, 0, 0, 0, 0, 0, 0, 0, 0, 0, 0, 0, 0, 0]
native_profile_function,187,100859952,4650,1800,1650,0,0,[300, 900, 0, 0, 300, 750, 0, 0, 0, 0, 0, 0, 0, 0, 0, 0, 0, 0, 0, 0, 0, 0, 0, 0, 0, 0, 0, 0, 0, 0, 0]
native_profile_function,188,120654668,4150,1200,1650,0,0,[450, 800, 0, 100, 250, 200, 0, 0, 0, 0, 100, 0, 0, 0, 0, 0, 0, 0, 0, 0, 0, 0, 0, 0, 0, 0, 0, 0, 0, 0, 0]
native_profile_function,189,120654043,279060,93020,111624,0,0,[18604, 55812, 0, 0, 18604, 37208, 0, 0, 0, 0, 0, 0, 0, 0, 0, 0, 0, 0, 0, 0, 0, 0, 0, 0, 0, 0, 0, 0, 0, 0, 0]
native_profile_function,190,120675189,119,34,45,0,0,[12, 19, 0, 0, 6, 10, 0, 0, 0, 0, 6, 0, 0, 0, 0, 0, 0, 0, 0, 0, 0, 0, 0, 0, 0, 0, 0, 0, 0, 0, 0]
native_profile_function,191,120679643,1028395,300430,392870,0,0,[103995, 173325, 0, 0, 57775, 80885, 0, 0, 0, 0, 46220, 0, 0, 0, 0, 0, 0, 0, 0, 0, 0, 0, 0, 0, 0, 0, 0, 0, 0, 0, 0]
native_profile_function,192,120739114,239,68,88,0,0,[26, 36, 0, 0, 9, 19, 0, 5, 0, 0, 12, 0, 0, 5, 0, 0, 0, 0, 0, 0, 0, 0, 0, 0, 0, 0, 0, 0, 0, 0, 0]
native_profile_function,193,364565599,140,56,48,16,0,[16, 24, 0, 0, 4, 4, 0, 12, 0, 0, 0, 0, 16, 12, 0, 0, 0, 0, 0, 0, 0, 0, 0, 0, 0, 0, 0, 0, 0, 0, 0]
native_profile_function,194,372602194,56,29,14,9,0,[2, 10, 0, 1, 0, 9, 1, 0, 0, 0, 0, 0, 9, 1, 0, 0, 0, 0, 0, 0, 0, 0, 0, 0, 0, 0, 0, 0, 0, 0, 0]
native_profile_function,195,372602439,303,86,113,0,0,[30, 39, 0, 0, 9, 35, 0, 4, 0, 0, 17, 0, 0, 4, 0, 0, 0, 0, 0, 0, 0, 0, 0, 0, 0, 0, 0, 0, 0, 0, 0]
native_profile_function,196,521157708,37530,10008,15012,0,0,[5004, 5004, 0, 0, 2502, 2502, 0, 2502, 0, 0, 0, 0, 0, 2502, 0, 0, 0, 0, 0, 0, 0, 0, 0, 0, 0, 0, 0, 0, 0, 0, 0]
native_profile_function,197,521158708,2012,754,664,0,0,[198, 520, 0, 20, 178, 72, 0, 0, 0, 0, 0, 0, 0, 0, 0, 0, 0, 0, 0, 0, 0, 0, 0, 0, 0, 0, 0, 0, 0, 0, 0]
native_profile_function,198,none,0,0,0,0,0,[0, 0, 0, 0, 0, 0, 0, 0, 0, 0, 0, 0, 0, 0, 0, 0, 0, 0, 0, 0, 0, 0, 0, 0, 0, 0, 0, 0, 0, 0, 0]
native_profile_function,199,540985785,258,98,100,0,0,[20, 40, 0, 0, 16, 44, 0, 0, 0, 0, 4, 0, 0, 0, 0, 0, 0, 0, 0, 0, 0, 0, 0, 0, 0, 0, 0, 0, 0, 0, 0]
native_profile_function,200,540985839,22,4,10,0,0,[4, 2, 0, 2, 0, 0, 2, 0, 0, 0, 0, 0, 0, 2, 0, 0, 0, 0, 0, 0, 0, 0, 0, 0, 0, 0, 0, 0, 0, 0, 0]
native_profile_function,201,540989988,19470,6422,7032,0,0,[1606, 3310, 0, 100, 804, 2410, 0, 0, 0, 0, 702, 0, 0, 0, 0, 0, 0, 0, 0, 0, 0, 0, 0, 0, 0, 0, 0, 0, 0, 0, 0]
native_profile_function,202,540985722,202,88,58,0,0,[6, 46, 0, 0, 4, 40, 0, 0, 0, 0, 2, 0, 0, 0, 0, 0, 0, 0, 0, 0, 0, 0, 0, 0, 0, 0, 0, 0, 0, 0, 0]
native_profile_function,203,540979211,334,130,102,0,0,[24, 74, 0, 4, 18, 40, 0, 0, 0, 0, 2, 0, 0, 0, 0, 0, 0, 0, 0, 0, 0, 0, 0, 0, 0, 0, 0, 0, 0, 0, 0]
native_profile_function,204,540979232,22,4,10,0,0,[4, 2, 0, 2, 0, 0, 2, 0, 0, 0, 0, 0, 0, 2, 0, 0, 0, 0, 0, 0, 0, 0, 0, 0, 0, 0, 0, 0, 0, 0, 0]
native_profile_function,205,540979369,5908,1938,1940,0,0,[510, 1320, 0, 104, 306, 412, 0, 0, 0, 0, 100, 0, 0, 0, 0, 0, 0, 0, 0, 0, 0, 0, 0, 0, 0, 0, 0, 0, 0, 0, 0]
native_profile_function,206,540979065,304,120,94,0,0,[20, 68, 0, 6, 14, 40, 0, 0, 0, 0, 0, 0, 0, 0, 0, 0, 0, 0, 0, 0, 0, 0, 0, 0, 0, 0, 0, 0, 0, 0, 0]
native_profile_function,207,540978939,260,110,76,0,0,[14, 62, 0, 2, 12, 38, 0, 0, 0, 0, 0, 0, 0, 0, 0, 0, 0, 0, 0, 0, 0, 0, 0, 0, 0, 0, 0, 0, 0, 0, 0]
native_profile_function,208,540970685,318,124,102,0,0,[22, 70, 0, 4, 16, 40, 0, 0, 0, 0, 2, 0, 0, 0, 0, 0, 0, 0, 0, 0, 0, 0, 0, 0, 0, 0, 0, 0, 0, 0, 0]
native_profile_function,209,540970706,22,4,10,0,0,[4, 2, 0, 2, 0, 0, 2, 0, 0, 0, 0, 0, 0, 2, 0, 0, 0, 0, 0, 0, 0, 0, 0, 0, 0, 0, 0, 0, 0, 0, 0]
native_profile_function,210,540970825,6760,2318,2224,0,0,[606, 1608, 0, 204, 402, 408, 0, 0, 0, 0, 0, 0, 0, 0, 0, 0, 0, 0, 0, 0, 0, 0, 0, 0, 0, 0, 0, 0, 0, 0, 0]
native_profile_function,211,540970572,94,28,36,0,0,[10, 18, 0, 6, 4, 6, 0, 0, 0, 0, 0, 0, 0, 0, 0, 0, 0, 0, 0, 0, 0, 0, 0, 0, 0, 0, 0, 0, 0, 0, 0]
native_profile_function,212,541130163,109,38,37,2,0,[12, 22, 0, 0, 9, 5, 1, 0, 0, 0, 2, 0, 2, 1, 0, 0, 0, 0, 0, 0, 0, 0, 0, 0, 0, 0, 0, 0, 0, 0, 0]
native_profile_function,213,541134412,409,123,147,0,0,[36, 63, 0, 0, 14, 47, 0, 0, 0, 0, 22, 0, 0, 0, 0, 0, 0, 0, 0, 0, 0, 0, 0, 0, 0, 0, 0, 0, 0, 0, 0]
native_profile_function,214,541660350,58,19,21,0,0,[7, 13, 0, 1, 6, 1, 0, 0, 0, 0, 0, 0, 0, 0, 0, 0, 0, 0, 0, 0, 0, 0, 0, 0, 0, 0, 0, 0, 0, 0, 0]
native_profile_function,215,541660507,11,2,5,0,0,[2, 1, 0, 1, 0, 0, 1, 0, 0, 0, 0, 0, 0, 1, 0, 0, 0, 0, 0, 0, 0, 0, 0, 0, 0, 0, 0, 0, 0, 0, 0]
native_profile_function,216,541660605,561,102,255,0,0,[102, 51, 0, 51, 0, 0, 51, 0, 0, 0, 0, 0, 0, 51, 0, 0, 0, 0, 0, 0, 0, 0, 0, 0, 0, 0, 0, 0, 0, 0, 0]
native_profile_function,217,541660655,27,9,10,0,0,[3, 5, 0, 0, 3, 2, 0, 0, 0, 0, 0, 0, 0, 0, 0, 0, 0, 0, 0, 0, 0, 0, 0, 0, 0, 0, 0, 0, 0, 0, 0]
native_profile_function,218,541675102,7591,2411,2668,0,0,[704, 1306, 0, 0, 402, 754, 0, 0, 0, 0, 302, 0, 0, 0, 0, 0, 0, 0, 0, 0, 0, 0, 0, 0, 0, 0, 0, 0, 0, 0, 0]
native_profile_function,219,566697412,295,100,108,0,0,[28, 55, 0, 0, 19, 27, 0, 0, 0, 0, 9, 0, 0, 0, 0, 0, 0, 0, 0, 0, 0, 0, 0, 0, 0, 0, 0, 0, 0, 0, 0]
native_profile_function,220,none,0,0,0,0,0,[0, 0, 0, 0, 0, 0, 0, 0, 0, 0, 0, 0, 0, 0, 0, 0, 0, 0, 0, 0, 0, 0, 0, 0, 0, 0, 0, 0, 0, 0, 0]
native_profile_function,221,586883486,25,9,9,0,0,[2, 5, 0, 0, 2, 3, 0, 0, 0, 0, 0, 0, 0, 0, 0, 0, 0, 0, 0, 0, 0, 0, 0, 0, 0, 0, 0, 0, 0, 0, 0]
native_profile_function,222,none,0,0,0,0,0,[0, 0, 0, 0, 0, 0, 0, 0, 0, 0, 0, 0, 0, 0, 0, 0, 0, 0, 0, 0, 0, 0, 0, 0, 0, 0, 0, 0, 0, 0, 0]
native_profile_function,223,677628290,179,60,62,0,0,[14, 31, 0, 1, 6, 23, 0, 0, 0, 0, 7, 0, 0, 0, 0, 0, 0, 0, 0, 0, 0, 0, 0, 0, 0, 0, 0, 0, 0, 0, 0]
native_profile_function,224,none,0,0,0,0,0,[0, 0, 0, 0, 0, 0, 0, 0, 0, 0, 0, 0, 0, 0, 0, 0, 0, 0, 0, 0, 0, 0, 0, 0, 0, 0, 0, 0, 0, 0, 0]
native_profile_function,225,7165,6016941,1910140,2292168,0,0,[573042, 1146084, 0, 0, 382028, 477535, 0, 0, 0, 0, 191014, 0, 0, 0, 0, 0, 0, 0, 0, 0, 0, 0, 0, 0, 0, 0, 0, 0, 0, 0, 0]
native_profile_function,226,10159,46,23,12,7,0,[2, 8, 0, 1, 0, 7, 1, 0, 0, 0, 0, 0, 7, 1, 0, 0, 0, 0, 0, 0, 0, 0, 0, 0, 0, 0, 0, 0, 0, 0, 0]
native_profile_function,227,13608,8338813,2318739,3286651,0,0,[975129, 1530317, 0, 285598, 491749, 331058, 0, 0, 0, 0, 197782, 0, 0, 0, 0, 0, 0, 0, 0, 0, 0, 0, 0, 0, 0, 0, 0, 0, 0, 0, 0]
native_profile_function,228,2256523,68442,21472,26169,671,0,[6710, 12749, 0, 0, 3355, 4697, 0, 671, 0, 0, 2684, 0, 671, 671, 0, 0, 0, 0, 0, 0, 0, 0, 0, 0, 0, 0, 0, 0, 0, 0, 0]
native_profile_function,229,2311630,2550,1300,650,400,0,[100, 450, 0, 50, 0, 400, 50, 0, 0, 0, 0, 0, 400, 50, 0, 0, 0, 0, 0, 0, 0, 0, 0, 0, 0, 0, 0, 0, 0, 0, 0]
native_profile_function,230,53516406,1850,750,800,0,0,[100, 350, 0, 0, 100, 350, 0, 0, 0, 0, 0, 0, 0, 0, 0, 0, 0, 0, 0, 0, 0, 0, 0, 0, 0, 0, 0, 0, 0, 0, 0]
native_profile_function,231,10706,427416,77712,194280,0,0,[77712, 38856, 0, 38856, 0, 0, 38856, 0, 0, 0, 0, 0, 0, 38856, 0, 0, 0, 0, 0, 0, 0, 0, 0, 0, 0, 0, 0, 0, 0, 0, 0]
native_profile_function,232,10771,427416,77712,194280,0,0,[77712, 38856, 0, 38856, 0, 0, 38856, 0, 0, 0, 0, 0, 0, 38856, 0, 0, 0, 0, 0, 0, 0, 0, 0, 0, 0, 0, 0, 0, 0, 0, 0]
native_profile_function,233,10861,485700,174852,174852,0,0,[38856, 97140, 0, 0, 38856, 58284, 0, 0, 0, 0, 0, 0, 0, 0, 0, 0, 0, 0, 0, 0, 0, 0, 0, 0, 0, 0, 0, 0, 0, 0, 0]
native_profile_function,234,53549669,36,13,13,1,0,[4, 7, 0, 0, 3, 2, 0, 1, 0, 0, 0, 0, 1, 1, 0, 0, 0, 0, 0, 0, 0, 0, 0, 0, 0, 0, 0, 0, 0, 0, 0]
native_profile_function,235,53558826,14200,4250,5400,50,0,[1300, 2150, 0, 0, 400, 1550, 0, 150, 0, 0, 750, 0, 50, 150, 0, 0, 0, 0, 0, 0, 0, 0, 0, 0, 0, 0, 0, 0, 0, 0, 0]
native_profile_function,236,53554013,1146193,369113,407967,0,0,[97135, 194270, 0, 0, 58281, 135989, 0, 0, 0, 0, 38854, 0, 0, 0, 0, 0, 0, 0, 0, 0, 0, 0, 0, 0, 0, 0, 0, 0, 0, 0, 0]
native_profile_function,237,100591481,324012,99696,124620,0,0,[24924, 49848, 0, 0, 24924, 49848, 0, 0, 0, 0, 0, 0, 0, 0, 0, 0, 0, 0, 0, 0, 0, 0, 0, 0, 0, 0, 0, 0, 0, 0, 0]
native_profile_function,238,100590632,23,9,8,0,0,[1, 4, 0, 0, 1, 5, 0, 0, 0, 0, 0, 0, 0, 0, 0, 0, 0, 0, 0, 0, 0, 0, 0, 0, 0, 0, 0, 0, 0, 0, 0]
native_profile_function,239,100590458,118,36,44,4,0,[10, 16, 0, 0, 2, 14, 0, 0, 2, 0, 6, 0, 4, 2, 0, 0, 0, 0, 0, 0, 0, 0, 0, 0, 0, 0, 0, 0, 0, 0, 0]
native_profile_function,240,100596004,1184,310,512,0,0,[104, 206, 0, 2, 52, 102, 0, 0, 0, 0, 50, 0, 0, 0, 0, 0, 0, 0, 0, 0, 0, 0, 0, 0, 0, 0, 0, 0, 0, 0, 0]
native_profile_function,241,53554508,2506212,835404,835404,0,0,[271992, 466272, 0, 0, 213708, 174852, 0, 0, 0, 0, 58284, 0, 0, 0, 0, 0, 0, 0, 0, 0, 0, 0, 0, 0, 0, 0, 0, 0, 0, 0, 0]
native_profile_function,242,none,0,0,0,0,0,[0, 0, 0, 0, 0, 0, 0, 0, 0, 0, 0, 0, 0, 0, 0, 0, 0, 0, 0, 0, 0, 0, 0, 0, 0, 0, 0, 0, 0, 0, 0]
native_profile_function,243,101708912,2850,900,1200,0,0,[300, 300, 0, 0, 300, 450, 0, 0, 0, 0, 0, 0, 0, 0, 0, 0, 0, 0, 0, 0, 0, 0, 0, 0, 0, 0, 0, 0, 0, 0, 0]
native_profile_function,244,101011527,1136355,206610,516525,0,0,[206610, 103305, 0, 103305, 0, 0, 103305, 0, 0, 0, 0, 0, 0, 103305, 0, 0, 0, 0, 0, 0, 0, 0, 0, 0, 0, 0, 0, 0, 0, 0, 0]
native_profile_function,245,101708759,13200,4950,5250,0,0,[900, 1650, 0, 150, 600, 2850, 0, 0, 0, 0, 150, 0, 0, 0, 0, 0, 0, 0, 0, 0, 0, 0, 0, 0, 0, 0, 0, 0, 0, 0, 0]
native_profile_function,246,101708701,11700,4800,3450,0,0,[600, 2550, 0, 150, 450, 1950, 0, 0, 0, 0, 0, 0, 0, 0, 0, 0, 0, 0, 0, 0, 0, 0, 0, 0, 0, 0, 0, 0, 0, 0, 0]
native_profile_function,247,100876432,18300,6450,5700,0,0,[1350, 3600, 0, 150, 750, 2250, 0, 0, 0, 0, 450, 0, 0, 0, 0, 0, 0, 0, 0, 0, 0, 0, 0, 0, 0, 0, 0, 0, 0, 0, 0]
native_profile_function,248,100876447,7950,2850,3300,0,0,[600, 1200, 0, 0, 450, 1350, 0, 0, 0, 0, 150, 0, 0, 0, 0, 0, 0, 0, 0, 0, 0, 0, 0, 0, 0, 0, 0, 0, 0, 0, 0]
native_profile_function,249,101640297,49749,17304,19467,0,0,[4326, 10815, 0, 0, 4326, 4326, 0, 0, 0, 0, 0, 0, 0, 0, 0, 0, 0, 0, 0, 0, 0, 0, 0, 0, 0, 0, 0, 0, 0, 0, 0]
native_profile_function,250,none,0,0,0,0,0,[0, 0, 0, 0, 0, 0, 0, 0, 0, 0, 0, 0, 0, 0, 0, 0, 0, 0, 0, 0, 0, 0, 0, 0, 0, 0, 0, 0, 0, 0, 0]
native_profile_function,251,101682745,10800,4050,3450,0,0,[600, 2400, 0, 150, 300, 1500, 0, 0, 0, 0, 150, 0, 0, 0, 0, 0, 0, 0, 0, 0, 0, 0, 0, 0, 0, 0, 0, 0, 0, 0, 0]
native_profile_function,252,120605334,462,186,144,0,0,[24, 90, 0, 0, 18, 84, 0, 0, 0, 0, 6, 0, 0, 0, 0, 0, 0, 0, 0, 0, 0, 0, 0, 0, 0, 0, 0, 0, 0, 0, 0]
native_profile_function,253,120605073,648,258,216,0,0,[36, 120, 0, 6, 24, 120, 0, 0, 0, 0, 6, 0, 0, 0, 0, 0, 0, 0, 0, 0, 0, 0, 0, 0, 0, 0, 0, 0, 0, 0, 0]
native_profile_function,254,100876278,18354,6624,6162,0,0,[1506, 3474, 0, 156, 1056, 2244, 0, 0, 0, 0, 294, 0, 0, 0, 0, 0, 0, 0, 0, 0, 0, 0, 0, 0, 0, 0, 0, 0, 0, 0, 0]
native_profile_function,255,100876293,1650,300,750,0,0,[300, 150, 0, 150, 0, 0, 150, 0, 0, 0, 0, 0, 0, 150, 0, 0, 0, 0, 0, 0, 0, 0, 0, 0, 0, 0, 0, 0, 0, 0, 0]
native_profile_function,256,100876166,15000,5700,4950,0,0,[1050, 3150, 0, 150, 750, 1950, 0, 0, 0, 0, 150, 0, 0, 0, 0, 0, 0, 0, 0, 0, 0, 0, 0, 0, 0, 0, 0, 0, 0, 0, 0]
native_profile_function,257,100876180,1650,300,750,0,0,[300, 150, 0, 150, 0, 0, 150, 0, 0, 0, 0, 0, 0, 150, 0, 0, 0, 0, 0, 0, 0, 0, 0, 0, 0, 0, 0, 0, 0, 0, 0]
native_profile_function,258,100874805,17250,6150,5700,0,0,[1350, 3750, 0, 600, 750, 1800, 0, 0, 0, 0, 0, 0, 0, 0, 0, 0, 0, 0, 0, 0, 0, 0, 0, 0, 0, 0, 0, 0, 0, 0, 0]
native_profile_function,259,100874876,203487,69642,66216,0,0,[18567, 46749, 0, 4176, 12378, 12678, 0, 0, 0, 0, 2013, 0, 0, 0, 0, 0, 0, 0, 0, 0, 0, 0, 0, 0, 0, 0, 0, 0, 0, 0, 0]
native_profile_function,260,100874657,20550,7350,6750,0,0,[1800, 4500, 0, 600, 1200, 1800, 0, 0, 0, 0, 0, 0, 0, 0, 0, 0, 0, 0, 0, 0, 0, 0, 0, 0, 0, 0, 0, 0, 0, 0, 0]
native_profile_function,261,120675193,420,112,168,0,0,[56, 56, 0, 0, 28, 28, 0, 28, 0, 0, 0, 0, 0, 28, 0, 0, 0, 0, 0, 0, 0, 0, 0, 0, 0, 0, 0, 0, 0, 0, 0]
native_profile_function,262,120678948,26,11,8,3,0,[2, 4, 0, 1, 0, 3, 1, 0, 0, 0, 0, 0, 3, 1, 0, 0, 0, 0, 0, 0, 0, 0, 0, 0, 0, 0, 0, 0, 0, 0, 0]
native_profile_function,263,120787577,484,160,176,16,0,[52, 84, 0, 0, 20, 28, 0, 16, 0, 0, 16, 0, 16, 16, 0, 0, 0, 0, 0, 0, 0, 0, 0, 0, 0, 0, 0, 0, 0, 0, 0]
native_profile_function,264,351368143,3525,1075,1300,50,0,[375, 575, 0, 0, 150, 250, 0, 75, 0, 0, 150, 0, 50, 75, 0, 0, 0, 0, 0, 0, 0, 0, 0, 0, 0, 0, 0, 0, 0, 0, 0]
native_profile_function,265,364565524,41,20,11,6,0,[2, 7, 0, 1, 0, 6, 1, 0, 0, 0, 0, 0, 6, 1, 0, 0, 0, 0, 0, 0, 0, 0, 0, 0, 0, 0, 0, 0, 0, 0, 0]
native_profile_function,266,120788226,277590,92530,111036,0,0,[18506, 37012, 0, 0, 18506, 55518, 0, 0, 0, 0, 0, 0, 0, 0, 0, 0, 0, 0, 0, 0, 0, 0, 0, 0, 0, 0, 0, 0, 0, 0, 0]
native_profile_function,267,372607425,1000,250,450,0,0,[100, 150, 0, 50, 50, 100, 0, 0, 0, 0, 0, 0, 0, 0, 0, 0, 0, 0, 0, 0, 0, 0, 0, 0, 0, 0, 0, 0, 0, 0, 0]
native_profile_function,268,372602461,353476,130228,130228,0,0,[18604, 74416, 0, 0, 18604, 55812, 0, 0, 0, 0, 0, 0, 0, 0, 0, 0, 0, 0, 0, 0, 0, 0, 0, 0, 0, 0, 0, 0, 0, 0, 0]
native_profile_function,269,372616571,87,24,33,0,0,[8, 11, 0, 0, 3, 11, 0, 0, 0, 0, 5, 0, 0, 0, 0, 0, 0, 0, 0, 0, 0, 0, 0, 0, 0, 0, 0, 0, 0, 0, 0]
native_profile_function,270,372625151,635525,184880,231100,0,0,[69330, 92440, 0, 0, 46220, 57775, 0, 0, 0, 0, 23110, 0, 0, 0, 0, 0, 0, 0, 0, 0, 0, 0, 0, 0, 0, 0, 0, 0, 0, 0, 0]
native_profile_function,271,372656511,213,61,79,0,0,[22, 28, 0, 0, 6, 23, 0, 5, 0, 0, 11, 0, 0, 5, 0, 0, 0, 0, 0, 0, 0, 0, 0, 0, 0, 0, 0, 0, 0, 0, 0]
native_profile_function,272,515278013,156,64,52,16,0,[16, 28, 0, 0, 4, 8, 0, 12, 0, 0, 0, 0, 16, 12, 0, 0, 0, 0, 0, 0, 0, 0, 0, 0, 0, 0, 0, 0, 0, 0, 0]
native_profile_function,273,521157814,45144,10032,20064,0,0,[5016, 5016, 0, 5016, 0, 5016, 0, 0, 0, 0, 0, 0, 0, 0, 0, 0, 0, 0, 0, 0, 0, 0, 0, 0, 0, 0, 0, 0, 0, 0, 0]
native_profile_function,274,521157716,62550,22518,20016,0,0,[5004, 15012, 0, 0, 5004, 5004, 0, 0, 0, 0, 0, 0, 0, 0, 0, 0, 0, 0, 0, 0, 0, 0, 0, 0, 0, 0, 0, 0, 0, 0, 0]
native_profile_function,275,10867,1229579,283749,567498,0,0,[189166, 94583, 0, 94583, 0, 94583, 94583, 0, 0, 0, 0, 0, 0, 94583, 0, 0, 0, 0, 0, 0, 0, 0, 0, 0, 0, 0, 0, 0, 0, 0, 0]
native_profile_function,276,540990014,30200,10268,11476,0,0,[3020, 7248, 0, 604, 2416, 1208, 0, 0, 0, 0, 0, 0, 0, 0, 0, 0, 0, 0, 0, 0, 0, 0, 0, 0, 0, 0, 0, 0, 0, 0, 0]
native_profile_function,277,none,0,0,0,0,0,[0, 0, 0, 0, 0, 0, 0, 0, 0, 0, 0, 0, 0, 0, 0, 0, 0, 0, 0, 0, 0, 0, 0, 0, 0, 0, 0, 0, 0, 0, 0]
native_profile_function,278,none,0,0,0,0,0,[0, 0, 0, 0, 0, 0, 0, 0, 0, 0, 0, 0, 0, 0, 0, 0, 0, 0, 0, 0, 0, 0, 0, 0, 0, 0, 0, 0, 0, 0, 0]
native_profile_function,279,540990262,37900,14100,10500,0,0,[2500, 8700, 0, 0, 1400, 4100, 0, 0, 0, 0, 1100, 0, 0, 0, 0, 0, 0, 0, 0, 0, 0, 0, 0, 0, 0, 0, 0, 0, 0, 0, 0]
native_profile_function,280,14532,49968512,19552896,17380352,4345088,0,[4345088, 6517632, 0, 2172544, 0, 6517632, 2172544, 0, 0, 0, 0, 0, 4345088, 2172544, 0, 0, 0, 0, 0, 0, 0, 0, 0, 0, 0, 0, 0, 0, 0, 0, 0]
native_profile_function,281,540979465,3100,1200,1100,0,0,[200, 600, 0, 0, 200, 500, 0, 0, 0, 0, 0, 0, 0, 0, 0, 0, 0, 0, 0, 0, 0, 0, 0, 0, 0, 0, 0, 0, 0, 0, 0]
native_profile_function,282,540970948,3100,1200,1100,0,0,[200, 600, 0, 0, 200, 500, 0, 0, 0, 0, 0, 0, 0, 0, 0, 0, 0, 0, 0, 0, 0, 0, 0, 0, 0, 0, 0, 0, 0, 0, 0]
native_profile_function,283,541134372,39,11,17,0,0,[3, 5, 0, 0, 1, 6, 0, 0, 0, 0, 2, 0, 0, 0, 0, 0, 0, 0, 0, 0, 0, 0, 0, 0, 0, 0, 0, 0, 0, 0, 0]
native_profile_function,284,541130210,418677,159496,139559,39874,0,[39874, 59811, 0, 19937, 0, 39874, 19937, 0, 0, 0, 0, 0, 39874, 19937, 0, 0, 0, 0, 0, 0, 0, 0, 0, 0, 0, 0, 0, 0, 0, 0, 0]
native_profile_function,285,541130228,2517480,820512,951048,0,0,[279720, 503496, 0, 37296, 205128, 130536, 0, 0, 0, 0, 37296, 0, 0, 0, 0, 0, 0, 0, 0, 0, 0, 0, 0, 0, 0, 0, 0, 0, 0, 0, 0]
native_profile_function,286,none,0,0,0,0,0,[0, 0, 0, 0, 0, 0, 0, 0, 0, 0, 0, 0, 0, 0, 0, 0, 0, 0, 0, 0, 0, 0, 0, 0, 0, 0, 0, 0, 0, 0, 0]
native_profile_function,287,541131306,629,188,234,0,0,[60, 106, 0, 7, 31, 59, 0, 0, 0, 0, 22, 0, 0, 0, 0, 0, 0, 0, 0, 0, 0, 0, 0, 0, 0, 0, 0, 0, 0, 0, 0]
native_profile_function,288,541134424,223,81,66,0,0,[15, 49, 0, 0, 8, 25, 0, 0, 0, 0, 7, 0, 0, 0, 0, 0, 0, 0, 0, 0, 0, 0, 0, 0, 0, 0, 0, 0, 0, 0, 0]
native_profile_function,289,541572183,2850,870,1050,0,0,[270, 510, 0, 0, 150, 240, 0, 0, 0, 0, 120, 0, 0, 0, 0, 0, 0, 0, 0, 0, 0, 0, 0, 0, 0, 0, 0, 0, 0, 0, 0]
native_profile_function,290,541579430,643047,235482,226425,0,0,[72456, 144912, 0, 0, 72456, 27171, 0, 0, 0, 0, 0, 0, 0, 0, 0, 0, 0, 0, 0, 0, 0, 0, 0, 0, 0, 0, 0, 0, 0, 0, 0]
native_profile_function,291,541513824,1131,406,406,0,0,[116, 232, 0, 0, 116, 87, 0, 0, 0, 0, 0, 0, 0, 0, 0, 0, 0, 0, 0, 0, 0, 0, 0, 0, 0, 0, 0, 0, 0, 0, 0]
native_profile_function,292,541593281,562851,166318,203562,0,0,[46299, 83543, 0, 0, 18878, 73208, 0, 0, 0, 0, 27421, 0, 0, 0, 0, 0, 0, 0, 0, 0, 0, 0, 0, 0, 0, 0, 0, 0, 0, 0, 0]
native_profile_function,293,541660259,31,14,9,4,0,[2, 5, 0, 1, 0, 4, 1, 0, 0, 0, 0, 0, 4, 1, 0, 0, 0, 0, 0, 0, 0, 0, 0, 0, 0, 0, 0, 0, 0, 0, 0]
native_profile_function,294,541660457,241502,71030,99442,0,0,[28412, 56824, 0, 0, 28412, 0, 0, 0, 0, 0, 0, 0, 0, 0, 0, 0, 0, 0, 0, 0, 0, 0, 0, 0, 0, 0, 0, 0, 0, 0, 0]
native_profile_function,295,541660819,110,34,41,0,0,[10, 17, 0, 0, 6, 13, 0, 0, 0, 0, 4, 0, 0, 0, 0, 0, 0, 0, 0, 0, 0, 0, 0, 0, 0, 0, 0, 0, 0, 0, 0]
native_profile_function,296,none,0,0,0,0,0,[0, 0, 0, 0, 0, 0, 0, 0, 0, 0, 0, 0, 0, 0, 0, 0, 0, 0, 0, 0, 0, 0, 0, 0, 0, 0, 0, 0, 0, 0, 0]
native_profile_function,297,541675122,15050,5250,4350,0,0,[1350, 3400, 0, 100, 900, 1000, 0, 0, 0, 0, 350, 0, 0, 0, 0, 0, 0, 0, 0, 0, 0, 0, 0, 0, 0, 0, 0, 0, 0, 0, 0]
native_profile_function,298,542522243,550,100,250,0,0,[100, 50, 0, 50, 0, 0, 50, 0, 0, 0, 0, 0, 0, 50, 0, 0, 0, 0, 0, 0, 0, 0, 0, 0, 0, 0, 0, 0, 0, 0, 0]
native_profile_function,299,none,0,0,0,0,0,[0, 0, 0, 0, 0, 0, 0, 0, 0, 0, 0, 0, 0, 0, 0, 0, 0, 0, 0, 0, 0, 0, 0, 0, 0, 0, 0, 0, 0, 0, 0]
native_profile_function,300,586657008,13503,4668,4821,0,0,[1205, 2613, 0, 0, 804, 1302, 0, 0, 0, 0, 401, 0, 0, 0, 0, 0, 0, 0, 0, 0, 0, 0, 0, 0, 0, 0, 0, 0, 0, 0, 0]
native_profile_function,301,586846381,84,32,28,8,0,[8, 12, 0, 4, 0, 8, 4, 0, 0, 0, 0, 0, 8, 4, 0, 0, 0, 0, 0, 0, 0, 0, 0, 0, 0, 0, 0, 0, 0, 0, 0]
native_profile_function,302,586855448,5343,1747,1952,0,0,[463, 979, 0, 50, 258, 561, 0, 0, 0, 0, 155, 0, 0, 0, 0, 0, 0, 0, 0, 0, 0, 0, 0, 0, 0, 0, 0, 0, 0, 0, 0]
native_profile_function,303,586883848,365,109,137,0,0,[32, 56, 0, 0, 15, 43, 0, 0, 0, 0, 17, 0, 0, 0, 0, 0, 0, 0, 0, 0, 0, 0, 0, 0, 0, 0, 0, 0, 0, 0, 0]
native_profile_function,304,677628302,187,61,65,0,0,[15, 35, 0, 0, 7, 20, 0, 0, 0, 0, 8, 0, 0, 0, 0, 0, 0, 0, 0, 0, 0, 0, 0, 0, 0, 0, 0, 0, 0, 0, 0]
native_profile_function,305,679115398,103,36,37,0,0,[8, 20, 0, 0, 5, 12, 0, 0, 0, 0, 3, 0, 0, 0, 0, 0, 0, 0, 0, 0, 0, 0, 0, 0, 0, 0, 0, 0, 0, 0, 0]
native_profile_function,306,1638915975,13244,4515,4420,0,0,[1204, 2907, 0, 101, 803, 906, 0, 0, 0, 0, 300, 0, 0, 0, 0, 0, 0, 0, 0, 0, 0, 0, 0, 0, 0, 0, 0, 0, 0, 0, 0]
native_profile_function,307,1673395970,130,48,44,0,0,[10, 26, 0, 1, 7, 16, 0, 0, 0, 0, 2, 0, 0, 0, 0, 0, 0, 0, 0, 0, 0, 0, 0, 0, 0, 0, 0, 0, 0, 0, 0]
native_profile_function,308,16129,17072,5335,6402,1067,0,[2134, 2134, 0, 1067, 0, 1067, 1067, 0, 0, 0, 0, 0, 1067, 1067, 0, 0, 0, 0, 0, 0, 0, 0, 0, 0, 0, 0, 0, 0, 0, 0, 0]
native_profile_function,309,none,0,0,0,0,0,[0, 0, 0, 0, 0, 0, 0, 0, 0, 0, 0, 0, 0, 0, 0, 0, 0, 0, 0, 0, 0, 0, 0, 0, 0, 0, 0, 0, 0, 0, 0]
native_profile_function,310,none,0,0,0,0,0,[0, 0, 0, 0, 0, 0, 0, 0, 0, 0, 0, 0, 0, 0, 0, 0, 0, 0, 0, 0, 0, 0, 0, 0, 0, 0, 0, 0, 0, 0, 0]
native_profile_function,311,none,0,0,0,0,0,[0, 0, 0, 0, 0, 0, 0, 0, 0, 0, 0, 0, 0, 0, 0, 0, 0, 0, 0, 0, 0, 0, 0, 0, 0, 0, 0, 0, 0, 0, 0]
native_profile_function,312,52804873,99,18,45,0,0,[18, 9, 0, 9, 0, 0, 9, 0, 0, 0, 0, 0, 0, 9, 0, 0, 0, 0, 0, 0, 0, 0, 0, 0, 0, 0, 0, 0, 0, 0, 0]
native_profile_function,313,22767,268338,102224,89446,25556,0,[25556, 38334, 0, 12778, 0, 25556, 12778, 0, 0, 0, 0, 0, 25556, 12778, 0, 0, 0, 0, 0, 0, 0, 0, 0, 0, 0, 0, 0, 0, 0, 0, 0]
native_profile_function,314,389275,48405,18440,16135,4610,0,[4610, 6915, 0, 2305, 0, 4610, 2305, 0, 0, 0, 0, 0, 4610, 2305, 0, 0, 0, 0, 0, 0, 0, 0, 0, 0, 0, 0, 0, 0, 0, 0, 0]
native_profile_function,315,19187,315987,120376,105329,30094,0,[30094, 45141, 0, 15047, 0, 30094, 15047, 0, 0, 0, 0, 0, 30094, 15047, 0, 0, 0, 0, 0, 0, 0, 0, 0, 0, 0, 0, 0, 0, 0, 0, 0]
native_profile_function,316,15362,1072,335,402,67,0,[134, 134, 0, 67, 0, 67, 67, 0, 0, 0, 0, 0, 67, 67, 0, 0, 0, 0, 0, 0, 0, 0, 0, 0, 0, 0, 0, 0, 0, 0, 0]
native_profile_function,317,53392406,275,50,125,0,0,[50, 25, 0, 25, 0, 0, 25, 0, 0, 0, 0, 0, 0, 25, 0, 0, 0, 0, 0, 0, 0, 0, 0, 0, 0, 0, 0, 0, 0, 0, 0]
native_profile_function,318,14450,80912,34232,24896,9336,0,[6224, 12448, 0, 3112, 0, 9336, 3112, 0, 0, 0, 0, 0, 9336, 3112, 0, 0, 0, 0, 0, 0, 0, 0, 0, 0, 0, 0, 0, 0, 0, 0, 0]
native_profile_function,319,14438,33957,6174,15435,0,0,[6174, 3087, 0, 3087, 0, 0, 3087, 0, 0, 0, 0, 0, 0, 3087, 0, 0, 0, 0, 0, 0, 0, 0, 0, 0, 0, 0, 0, 0, 0, 0, 0]
native_profile_function,320,none,0,0,0,0,0,[0, 0, 0, 0, 0, 0, 0, 0, 0, 0, 0, 0, 0, 0, 0, 0, 0, 0, 0, 0, 0, 0, 0, 0, 0, 0, 0, 0, 0, 0, 0]
native_profile_function,321,2267995,14091,5368,4697,1342,0,[1342, 2013, 0, 671, 0, 1342, 671, 0, 0, 0, 0, 0, 1342, 671, 0, 0, 0, 0, 0, 0, 0, 0, 0, 0, 0, 0, 0, 0, 0, 0, 0]
native_profile_function,322,10881,48711406,16063024,17243688,561190,0,[4586660, 9192748, 0, 580618, 2322472, 4006042, 0, 0, 561190, 0, 1122380, 0, 561190, 561190, 0, 0, 0, 0, 0, 0, 0, 0, 0, 0, 0, 0, 0, 0, 0, 0, 0]
native_profile_function,323,53550540,6589983,2196661,2292168,0,0,[764056, 1241591, 0, 0, 668549, 382028, 0, 0, 0, 0, 95507, 0, 0, 0, 0, 0, 0, 0, 0, 0, 0, 0, 0, 0, 0, 0, 0, 0, 0, 0, 0]
native_profile_function,324,53550519,36152000,11476517,12676627,1122394,0,[2883701, 5206205, 0, 0, 619484, 4547863, 0, 0, 561197, 0, 1703020, 0, 1122394, 561197, 0, 0, 0, 0, 0, 0, 0, 0, 0, 0, 0, 0, 0, 0, 0, 0, 0]
native_profile_function,325,53696799,2893802,814955,1132587,0,0,[258198, 428812, 0, 1067, 96846, 323682, 0, 0, 0, 0, 160285, 0, 0, 0, 0, 0, 0, 0, 0, 0, 0, 0, 0, 0, 0, 0, 0, 0, 0, 0, 0]
native_profile_function,326,55514424,45628,14091,17446,671,0,[4026, 7381, 0, 0, 1342, 4697, 0, 671, 0, 0, 2013, 0, 671, 671, 0, 0, 0, 0, 0, 0, 0, 0, 0, 0, 0, 0, 0, 0, 0, 0, 0]
native_profile_function,327,53550788,1050577,191014,477535,0,0,[191014, 95507, 0, 95507, 0, 0, 95507, 0, 0, 0, 0, 0, 0, 95507, 0, 0, 0, 0, 0, 0, 0, 0, 0, 0, 0, 0, 0, 0, 0, 0, 0]
native_profile_function,328,53558782,602268,271992,174852,77712,0,[38856, 97140, 0, 19428, 0, 77712, 19428, 0, 0, 0, 0, 0, 77712, 19428, 0, 0, 0, 0, 0, 0, 0, 0, 0, 0, 0, 0, 0, 0, 0, 0, 0]
native_profile_function,329,101011376,9184545,2889390,3199455,0,0,[928695, 1651080, 0, 0, 619080, 722535, 0, 0, 0, 0, 309615, 0, 0, 0, 0, 0, 0, 0, 0, 0, 0, 0, 0, 0, 0, 0, 0, 0, 0, 0, 0]
native_profile_function,330,101655124,2038695,591321,728013,0,0,[196386, 328752, 0, 32010, 98193, 198549, 0, 0, 0, 0, 66183, 0, 0, 0, 0, 0, 0, 0, 0, 0, 0, 0, 0, 0, 0, 0, 0, 0, 0, 0, 0]
native_profile_function,331,101682792,7050,3000,2700,0,0,[300, 1050, 0, 0, 300, 1800, 0, 0, 0, 0, 0, 0, 0, 0, 0, 0, 0, 0, 0, 0, 0, 0, 0, 0, 0, 0, 0, 0, 0, 0, 0]
native_profile_function,332,101682807,93834,34887,30075,0,0,[6015, 21654, 0, 1203, 3609, 10827, 0, 0, 0, 0, 1203, 0, 0, 0, 0, 0, 0, 0, 0, 0, 0, 0, 0, 0, 0, 0, 0, 0, 0, 0, 0]
native_profile_function,333,101682957,285837,99900,98541,0,0,[25917, 53793, 0, 4068, 17931, 30285, 0, 0, 0, 0, 3918, 0, 0, 0, 0, 0, 0, 0, 0, 0, 0, 0, 0, 0, 0, 0, 0, 0, 0, 0, 0]
native_profile_function,334,100875017,96624,36234,38247,0,0,[6039, 14091, 0, 2013, 4026, 20130, 0, 0, 0, 0, 0, 0, 0, 0, 0, 0, 0, 0, 0, 0, 0, 0, 0, 0, 0, 0, 0, 0, 0, 0, 0]
native_profile_function,335,268680774,609,232,203,58,0,[58, 87, 0, 29, 0, 58, 29, 0, 0, 0, 0, 0, 58, 29, 0, 0, 0, 0, 0, 0, 0, 0, 0, 0, 0, 0, 0, 0, 0, 0, 0]
native_profile_function,336,352439013,650,275,200,75,0,[50, 100, 0, 25, 0, 75, 25, 0, 0, 0, 0, 0, 75, 25, 0, 0, 0, 0, 0, 0, 0, 0, 0, 0, 0, 0, 0, 0, 0, 0, 0]
native_profile_function,337,372616583,532,168,196,0,0,[56, 84, 0, 0, 28, 56, 0, 28, 0, 0, 0, 0, 0, 28, 0, 0, 0, 0, 0, 0, 0, 0, 0, 0, 0, 0, 0, 0, 0, 0, 0]
native_profile_function,338,372698455,348,116,124,16,0,[36, 52, 0, 0, 8, 28, 0, 16, 0, 0, 12, 0, 16, 16, 0, 0, 0, 0, 0, 0, 0, 0, 0, 0, 0, 0, 0, 0, 0, 0, 0]
native_profile_function,339,507129275,2725,825,1000,50,0,[275, 375, 0, 0, 75, 275, 0, 75, 0, 0, 125, 0, 50, 75, 0, 0, 0, 0, 0, 0, 0, 0, 0, 0, 0, 0, 0, 0, 0, 0, 0]
native_profile_function,340,372707600,351614,129542,129542,0,0,[18506, 55518, 0, 0, 18506, 74024, 0, 0, 0, 0, 0, 0, 0, 0, 0, 0, 0, 0, 0, 0, 0, 0, 0, 0, 0, 0, 0, 0, 0, 0, 0]
native_profile_function,341,521157742,471324,167982,162942,5016,0,[47634, 100296, 0, 10020, 32598, 30072, 0, 0, 5016, 0, 0, 0, 5016, 5016, 0, 0, 0, 0, 0, 0, 0, 0, 0, 0, 0, 0, 0, 0, 0, 0, 0]
native_profile_function,342,540990428,15000,4800,6300,0,0,[1200, 1800, 0, 300, 600, 2700, 0, 0, 0, 0, 300, 0, 0, 0, 0, 0, 0, 0, 0, 0, 0, 0, 0, 0, 0, 0, 0, 0, 0, 0, 0]
native_profile_function,343,540990600,1144,208,520,0,0,[208, 104, 0, 104, 0, 0, 104, 0, 0, 0, 0, 0, 0, 104, 0, 0, 0, 0, 0, 0, 0, 0, 0, 0, 0, 0, 0, 0, 0, 0, 0]
native_profile_function,344,540990778,21216,6732,6936,0,0,[2040, 4488, 0, 204, 1224, 1224, 0, 0, 0, 0, 612, 0, 0, 0, 0, 0, 0, 0, 0, 0, 0, 0, 0, 0, 0, 0, 0, 0, 0, 0, 0]
native_profile_function,345,540991286,5950,1750,2450,0,0,[700, 1050, 0, 0, 700, 350, 0, 0, 0, 0, 0, 0, 0, 0, 0, 0, 0, 0, 0, 0, 0, 0, 0, 0, 0, 0, 0, 0, 0, 0, 0]
native_profile_function,346,540991899,21100,8800,8500,0,0,[1000, 2400, 0, 0, 700, 5800, 0, 0, 0, 0, 300, 0, 0, 0, 0, 0, 0, 0, 0, 0, 0, 0, 0, 0, 0, 0, 0, 0, 0, 0, 0]
native_profile_function,347,540991960,4932,1668,2080,0,0,[424, 1012, 0, 0, 312, 444, 0, 0, 0, 0, 112, 0, 0, 0, 0, 0, 0, 0, 0, 0, 0, 0, 0, 0, 0, 0, 0, 0, 0, 0, 0]
native_profile_function,348,540992147,3400,1000,1400,0,0,[400, 600, 0, 0, 400, 200, 0, 0, 0, 0, 0, 0, 0, 0, 0, 0, 0, 0, 0, 0, 0, 0, 0, 0, 0, 0, 0, 0, 0, 0, 0]
native_profile_function,349,540992345,8100,2400,3100,0,0,[900, 1400, 0, 0, 600, 500, 0, 0, 0, 0, 300, 0, 0, 0, 0, 0, 0, 0, 0, 0, 0, 0, 0, 0, 0, 0, 0, 0, 0, 0, 0]
native_profile_function,350,540992586,4600,2300,1200,700,0,[200, 800, 0, 100, 0, 700, 100, 0, 0, 0, 0, 0, 700, 100, 0, 0, 0, 0, 0, 0, 0, 0, 0, 0, 0, 0, 0, 0, 0, 0, 0]
native_profile_function,351,none,0,0,0,0,0,[0, 0, 0, 0, 0, 0, 0, 0, 0, 0, 0, 0, 0, 0, 0, 0, 0, 0, 0, 0, 0, 0, 0, 0, 0, 0, 0, 0, 0, 0, 0]
native_profile_function,352,541134432,109,36,41,0,0,[12, 23, 0, 2, 9, 5, 0, 0, 0, 0, 1, 0, 0, 0, 0, 0, 0, 0, 0, 0, 0, 0, 0, 0, 0, 0, 0, 0, 0, 0, 0]
native_profile_function,353,541287270,29200,8620,10540,0,0,[2396, 4316, 0, 0, 964, 3820, 0, 0, 0, 0, 1432, 0, 0, 0, 0, 0, 0, 0, 0, 0, 0, 0, 0, 0, 0, 0, 0, 0, 0, 0, 0]
native_profile_function,354,541478274,1919,554,708,0,0,[152, 352, 0, 50, 51, 202, 0, 0, 0, 0, 51, 0, 0, 0, 0, 0, 0, 0, 0, 0, 0, 0, 0, 0, 0, 0, 0, 0, 0, 0, 0]
native_profile_function,355,541513791,193,68,75,0,0,[13, 23, 0, 0, 6, 40, 0, 0, 0, 0, 7, 0, 0, 0, 0, 0, 0, 0, 0, 0, 0, 0, 0, 0, 0, 0, 0, 0, 0, 0, 0]
native_profile_function,356,541519561,2069,654,758,0,0,[202, 352, 0, 0, 151, 202, 0, 0, 0, 0, 51, 0, 0, 0, 0, 0, 0, 0, 0, 0, 0, 0, 0, 0, 0, 0, 0, 0, 0, 0, 0]
native_profile_function,357,541556290,65,21,23,0,0,[6, 12, 0, 0, 4, 6, 0, 0, 0, 0, 2, 0, 0, 0, 0, 0, 0, 0, 0, 0, 0, 0, 0, 0, 0, 0, 0, 0, 0, 0, 0]
native_profile_function,358,541572189,1500,420,600,0,0,[120, 180, 0, 0, 60, 240, 0, 0, 0, 0, 60, 0, 0, 0, 0, 0, 0, 0, 0, 0, 0, 0, 0, 0, 0, 0, 0, 0, 0, 0, 0]
native_profile_function,359,none,0,0,0,0,0,[0, 0, 0, 0, 0, 0, 0, 0, 0, 0, 0, 0, 0, 0, 0, 0, 0, 0, 0, 0, 0, 0, 0, 0, 0, 0, 0, 0, 0, 0, 0]
native_profile_function,360,541514061,1480388,445029,554021,0,0,[127153, 236145, 0, 0, 63583, 172549, 0, 0, 0, 0, 63570, 0, 0, 0, 0, 0, 0, 0, 0, 0, 0, 0, 0, 0, 0, 0, 0, 0, 0, 0, 0]
native_profile_function,361,541513963,1566,435,609,0,0,[145, 232, 0, 0, 87, 174, 0, 0, 0, 0, 58, 0, 0, 0, 0, 0, 0, 0, 0, 0, 0, 0, 0, 0, 0, 0, 0, 0, 0, 0, 0]
native_profile_function,362,541660838,27,9,10,0,0,[3, 5, 0, 0, 3, 2, 0, 0, 0, 0, 0, 0, 0, 0, 0, 0, 0, 0, 0, 0, 0, 0, 0, 0, 0, 0, 0, 0, 0, 0, 0]
native_profile_function,363,541666559,2836161,970938,919836,0,0,[357714, 613224, 0, 0, 332163, 51102, 0, 0, 0, 0, 25551, 0, 0, 0, 0, 0, 0, 0, 0, 0, 0, 0, 0, 0, 0, 0, 0, 0, 0, 0, 0]
native_profile_function,364,none,0,0,0,0,0,[0, 0, 0, 0, 0, 0, 0, 0, 0, 0, 0, 0, 0, 0, 0, 0, 0, 0, 0, 0, 0, 0, 0, 0, 0, 0, 0, 0, 0, 0, 0]
native_profile_function,365,541675147,10050,3150,3300,0,0,[1200, 1900, 0, 0, 900, 400, 0, 0, 0, 0, 300, 0, 0, 0, 0, 0, 0, 0, 0, 0, 0, 0, 0, 0, 0, 0, 0, 0, 0, 0, 0]
native_profile_function,366,541678934,10350,3700,3550,0,0,[1300, 2150, 0, 0, 1250, 350, 0, 0, 0, 0, 50, 0, 0, 0, 0, 0, 0, 0, 0, 0, 0, 0, 0, 0, 0, 0, 0, 0, 0, 0, 0]
native_profile_function,367,541679630,1300,550,400,150,0,[100, 200, 0, 50, 0, 150, 50, 0, 0, 0, 0, 0, 150, 50, 0, 0, 0, 0, 0, 0, 0, 0, 0, 0, 0, 0, 0, 0, 0, 0, 0]
native_profile_function,368,541679649,4450,1550,1900,0,0,[300, 500, 0, 0, 150, 950, 0, 0, 0, 0, 150, 0, 0, 0, 0, 0, 0, 0, 0, 0, 0, 0, 0, 0, 0, 0, 0, 0, 0, 0, 0]
native_profile_function,369,542346881,3650,1250,1500,0,0,[300, 550, 0, 0, 200, 550, 0, 0, 0, 0, 100, 0, 0, 0, 0, 0, 0, 0, 0, 0, 0, 0, 0, 0, 0, 0, 0, 0, 0, 0, 0]
native_profile_function,370,542401705,6400,2250,2050,0,0,[500, 1300, 0, 50, 300, 700, 0, 0, 0, 0, 150, 0, 0, 0, 0, 0, 0, 0, 0, 0, 0, 0, 0, 0, 0, 0, 0, 0, 0, 0, 0]
native_profile_function,371,542521077,5750,2350,2450,0,0,[250, 550, 0, 0, 150, 1700, 0, 0, 0, 0, 100, 0, 0, 0, 0, 0, 0, 0, 0, 0, 0, 0, 0, 0, 0, 0, 0, 0, 0, 0, 0]
native_profile_function,372,542521117,5350,1800,2000,0,0,[600, 850, 0, 0, 500, 500, 0, 0, 0, 0, 100, 0, 0, 0, 0, 0, 0, 0, 0, 0, 0, 0, 0, 0, 0, 0, 0, 0, 0, 0, 0]
native_profile_function,373,542522166,1550,700,450,200,0,[100, 250, 0, 50, 0, 200, 50, 0, 0, 0, 0, 0, 200, 50, 0, 0, 0, 0, 0, 0, 0, 0, 0, 0, 0, 0, 0, 0, 0, 0, 0]
native_profile_function,374,541134680,4900,1700,2000,0,0,[400, 600, 0, 0, 300, 900, 0, 0, 0, 0, 100, 0, 0, 0, 0, 0, 0, 0, 0, 0, 0, 0, 0, 0, 0, 0, 0, 0, 0, 0, 0]
native_profile_function,375,542492414,366656,131444,123658,0,0,[31894, 75592, 0, 4068, 23858, 35962, 0, 0, 0, 0, 3968, 0, 0, 0, 0, 0, 0, 0, 0, 0, 0, 0, 0, 0, 0, 0, 0, 0, 0, 0, 0]
native_profile_function,376,586657042,11118,3876,3876,0,0,[1122, 2346, 0, 0, 918, 714, 0, 0, 0, 0, 204, 0, 0, 0, 0, 0, 0, 0, 0, 0, 0, 0, 0, 0, 0, 0, 0, 0, 0, 0, 0]
native_profile_function,377,586658357,5334,2032,1778,508,0,[508, 762, 0, 254, 0, 508, 254, 0, 0, 0, 0, 0, 508, 254, 0, 0, 0, 0, 0, 0, 0, 0, 0, 0, 0, 0, 0, 0, 0, 0, 0]
native_profile_function,378,586658565,3952,1672,1216,456,0,[304, 608, 0, 152, 0, 456, 152, 0, 0, 0, 0, 0, 456, 152, 0, 0, 0, 0, 0, 0, 0, 0, 0, 0, 0, 0, 0, 0, 0, 0, 0]
native_profile_function,379,586861853,286,98,112,0,0,[22, 42, 0, 0, 12, 46, 0, 0, 0, 0, 10, 0, 0, 0, 0, 0, 0, 0, 0, 0, 0, 0, 0, 0, 0, 0, 0, 0, 0, 0, 0]
native_profile_function,380,none,0,0,0,0,0,[0, 0, 0, 0, 0, 0, 0, 0, 0, 0, 0, 0, 0, 0, 0, 0, 0, 0, 0, 0, 0, 0, 0, 0, 0, 0, 0, 0, 0, 0, 0]
native_profile_function,381,586887962,12780,3852,4780,0,0,[1080, 1856, 0, 0, 468, 1684, 0, 0, 0, 0, 612, 0, 0, 0, 0, 0, 0, 0, 0, 0, 0, 0, 0, 0, 0, 0, 0, 0, 0, 0, 0]
native_profile_function,382,677628313,240,89,70,0,0,[18, 56, 0, 1, 12, 22, 0, 0, 0, 0, 5, 0, 0, 0, 0, 0, 0, 0, 0, 0, 0, 0, 0, 0, 0, 0, 0, 0, 0, 0, 0]
native_profile_function,383,678491136,329,107,120,0,0,[28, 57, 0, 0, 14, 37, 0, 0, 0, 0, 14, 0, 0, 0, 0, 0, 0, 0, 0, 0, 0, 0, 0, 0, 0, 0, 0, 0, 0, 0, 0]
native_profile_function,384,none,0,0,0,0,0,[0, 0, 0, 0, 0, 0, 0, 0, 0, 0, 0, 0, 0, 0, 0, 0, 0, 0, 0, 0, 0, 0, 0, 0, 0, 0, 0, 0, 0, 0, 0]
native_profile_function,385,679115311,41,20,11,6,0,[2, 7, 0, 1, 0, 6, 1, 0, 0, 0, 0, 0, 6, 1, 0, 0, 0, 0, 0, 0, 0, 0, 0, 0, 0, 0, 0, 0, 0, 0, 0]
native_profile_function,386,679115408,158,58,51,0,0,[12, 33, 0, 1, 8, 18, 0, 0, 0, 0, 3, 0, 0, 0, 0, 0, 0, 0, 0, 0, 0, 0, 0, 0, 0, 0, 0, 0, 0, 0, 0]
native_profile_function,387,1091799141,11444,4015,3820,0,0,[1004, 2607, 0, 101, 703, 806, 0, 0, 0, 0, 200, 0, 0, 0, 0, 0, 0, 0, 0, 0, 0, 0, 0, 0, 0, 0, 0, 0, 0, 0, 0]
native_profile_function,388,679178585,1612700,548318,612826,0,0,[161270, 387048, 0, 32254, 129016, 64508, 0, 0, 0, 0, 0, 0, 0, 0, 0, 0, 0, 0, 0, 0, 0, 0, 0, 0, 0, 0, 0, 0, 0, 0, 0]
native_profile_function,389,1638916123,20400,7300,6300,0,0,[1600, 4300, 0, 100, 1000, 2100, 0, 0, 0, 0, 500, 0, 0, 0, 0, 0, 0, 0, 0, 0, 0, 0, 0, 0, 0, 0, 0, 0, 0, 0, 0]
native_profile_function,390,1673396108,69,26,26,0,0,[5, 11, 0, 0, 4, 12, 0, 0, 0, 0, 1, 0, 0, 0, 0, 0, 0, 0, 0, 0, 0, 0, 0, 0, 0, 0, 0, 0, 0, 0, 0]
native_profile_function,391,677628741,5533,1006,2515,0,0,[1006, 503, 0, 503, 0, 0, 503, 0, 0, 0, 0, 0, 0, 503, 0, 0, 0, 0, 0, 0, 0, 0, 0, 0, 0, 0, 0, 0, 0, 0, 0]
native_profile_function,392,1673398221,7710,2586,2741,0,0,[728, 1354, 0, 0, 477, 781, 0, 0, 0, 0, 251, 0, 0, 0, 0, 0, 0, 0, 0, 0, 0, 0, 0, 0, 0, 0, 0, 0, 0, 0, 0]
native_profile_function,393,2015658,388331,114215,159901,0,0,[45686, 68529, 0, 0, 45686, 22843, 0, 0, 0, 0, 0, 0, 0, 0, 0, 0, 0, 0, 0, 0, 0, 0, 0, 0, 0, 0, 0, 0, 0, 0, 0]
native_profile_function,394,53696877,202280,68464,74688,0,0,[15560, 28008, 0, 0, 9336, 34232, 0, 0, 0, 0, 6224, 0, 0, 0, 0, 0, 0, 0, 0, 0, 0, 0, 0, 0, 0, 0, 0, 0, 0, 0, 0]
native_profile_function,395,53696818,174272,65352,62240,0,0,[12448, 40456, 0, 3112, 9336, 18672, 0, 0, 0, 0, 0, 0, 0, 0, 0, 0, 0, 0, 0, 0, 0, 0, 0, 0, 0, 0, 0, 0, 0, 0, 0]
native_profile_function,396,101011389,5543493,1742109,2003229,0,0,[450687, 920061, 0, 0, 238578, 686625, 0, 0, 0, 0, 212109, 0, 0, 0, 0, 0, 0, 0, 0, 0, 0, 0, 0, 0, 0, 0, 0, 0, 0, 0, 0]
native_profile_function,397,101011629,10750200,3655068,4085076,0,0,[1075020, 2580048, 0, 215004, 860016, 430008, 0, 0, 0, 0, 0, 0, 0, 0, 0, 0, 0, 0, 0, 0, 0, 0, 0, 0, 0, 0, 0, 0, 0, 0, 0]
native_profile_function,398,101682871,84210,31278,31278,0,0,[7218, 12030, 0, 2406, 4812, 14436, 0, 0, 0, 0, 0, 0, 0, 0, 0, 0, 0, 0, 0, 0, 0, 0, 0, 0, 0, 0, 0, 0, 0, 0, 0]
native_profile_function,399,101683220,154761,52893,54852,0,0,[17631, 33303, 0, 0, 15672, 5877, 0, 0, 0, 0, 1959, 0, 0, 0, 0, 0, 0, 0, 0, 0, 0, 0, 0, 0, 0, 0, 0, 0, 0, 0, 0]
native_profile_function,400,540990464,5700,1800,2400,0,0,[600, 900, 0, 0, 600, 600, 0, 0, 0, 0, 0, 0, 0, 0, 0, 0, 0, 0, 0, 0, 0, 0, 0, 0, 0, 0, 0, 0, 0, 0, 0]
native_profile_function,401,540990483,12000,3600,4800,0,0,[1500, 2400, 0, 300, 1200, 300, 0, 0, 0, 0, 0, 0, 0, 0, 0, 0, 0, 0, 0, 0, 0, 0, 0, 0, 0, 0, 0, 0, 0, 0, 0]
native_profile_function,402,none,0,0,0,0,0,[0, 0, 0, 0, 0, 0, 0, 0, 0, 0, 0, 0, 0, 0, 0, 0, 0, 0, 0, 0, 0, 0, 0, 0, 0, 0, 0, 0, 0, 0, 0]
native_profile_function,403,none,0,0,0,0,0,[0, 0, 0, 0, 0, 0, 0, 0, 0, 0, 0, 0, 0, 0, 0, 0, 0, 0, 0, 0, 0, 0, 0, 0, 0, 0, 0, 0, 0, 0, 0]
native_profile_function,404,540991068,12444,4488,5100,0,0,[1020, 2040, 0, 0, 816, 1836, 0, 0, 0, 0, 204, 0, 0, 0, 0, 0, 0, 0, 0, 0, 0, 0, 0, 0, 0, 0, 0, 0, 0, 0, 0]
native_profile_function,405,540991078,3344,608,1520,0,0,[608, 304, 0, 304, 0, 0, 304, 0, 0, 0, 0, 0, 0, 304, 0, 0, 0, 0, 0, 0, 0, 0, 0, 0, 0, 0, 0, 0, 0, 0, 0]
native_profile_function,406,none,0,0,0,0,0,[0, 0, 0, 0, 0, 0, 0, 0, 0, 0, 0, 0, 0, 0, 0, 0, 0, 0, 0, 0, 0, 0, 0, 0, 0, 0, 0, 0, 0, 0, 0]
native_profile_function,407,541134576,3530,1259,1162,0,0,[353, 804, 0, 52, 301, 204, 0, 0, 0, 0, 0, 0, 0, 0, 0, 0, 0, 0, 0, 0, 0, 0, 0, 0, 0, 0, 0, 0, 0, 0, 0]
native_profile_function,408,541287283,15296,4780,5736,0,0,[1434, 2868, 0, 478, 956, 1434, 0, 0, 0, 0, 0, 0, 0, 0, 0, 0, 0, 0, 0, 0, 0, 0, 0, 0, 0, 0, 0, 0, 0, 0, 0]
native_profile_function,409,541478291,1450,550,550,0,0,[100, 250, 0, 0, 100, 250, 0, 0, 0, 0, 0, 0, 0, 0, 0, 0, 0, 0, 0, 0, 0, 0, 0, 0, 0, 0, 0, 0, 0, 0, 0]
native_profile_function,410,541557099,142,43,53,0,0,[13, 24, 0, 0, 7, 14, 0, 0, 0, 0, 6, 0, 0, 0, 0, 0, 0, 0, 0, 0, 0, 0, 0, 0, 0, 0, 0, 0, 0, 0, 0]
native_profile_function,411,541572200,4500,1380,1800,0,0,[480, 900, 0, 120, 300, 240, 0, 0, 0, 0, 60, 0, 0, 0, 0, 0, 0, 0, 0, 0, 0, 0, 0, 0, 0, 0, 0, 0, 0, 0, 0]
native_profile_function,412,541662367,58,20,21,0,0,[6, 13, 0, 1, 5, 3, 0, 0, 0, 0, 0, 0, 0, 0, 0, 0, 0, 0, 0, 0, 0, 0, 0, 0, 0, 0, 0, 0, 0, 0, 0]
native_profile_function,413,541666697,1042134,306510,429114,0,0,[122604, 214557, 0, 30651, 91953, 30651, 0, 0, 0, 0, 0, 0, 0, 0, 0, 0, 0, 0, 0, 0, 0, 0, 0, 0, 0, 0, 0, 0, 0, 0, 0]
native_profile_function,414,none,0,0,0,0,0,[0, 0, 0, 0, 0, 0, 0, 0, 0, 0, 0, 0, 0, 0, 0, 0, 0, 0, 0, 0, 0, 0, 0, 0, 0, 0, 0, 0, 0, 0, 0]
native_profile_function,415,541675152,8017184,3129156,3190512,0,0,[818080, 2331528, 0, 20452, 797628, 20452, 0, 0, 0, 0, 0, 0, 0, 0, 0, 0, 0, 0, 0, 0, 0, 0, 0, 0, 0, 0, 0, 0, 0, 0, 0]
native_profile_function,416,541676514,129260,39410,49090,0,0,[14750, 24660, 0, 4840, 9910, 6980, 0, 0, 0, 0, 0, 0, 0, 0, 0, 0, 0, 0, 0, 0, 0, 0, 0, 0, 0, 0, 0, 0, 0, 0, 0]
native_profile_function,417,541677406,195600,62592,86064,0,0,[23472, 46944, 0, 0, 23472, 0, 0, 0, 0, 0, 0, 0, 0, 0, 0, 0, 0, 0, 0, 0, 0, 0, 0, 0, 0, 0, 0, 0, 0, 0, 0]
native_profile_function,418,541677486,3900,1200,1500,0,0,[400, 700, 0, 0, 300, 300, 0, 0, 0, 0, 100, 0, 0, 0, 0, 0, 0, 0, 0, 0, 0, 0, 0, 0, 0, 0, 0, 0, 0, 0, 0]
native_profile_function,419,541663383,17523415,5533710,7378280,0,0,[1844570, 3689140, 0, 0, 1844570, 922285, 0, 0, 0, 0, 0, 0, 0, 0, 0, 0, 0, 0, 0, 0, 0, 0, 0, 0, 0, 0, 0, 0, 0, 0, 0]
native_profile_function,420,541678883,2050,1000,550,300,0,[100, 350, 0, 50, 0, 300, 50, 0, 0, 0, 0, 0, 300, 50, 0, 0, 0, 0, 0, 0, 0, 0, 0, 0, 0, 0, 0, 0, 0, 0, 0]
native_profile_function,421,541814594,2029965,653665,688250,0,0,[172025, 378435, 0, 0, 103205, 206460, 0, 0, 0, 0, 68820, 0, 0, 0, 0, 0, 0, 0, 0, 0, 0, 0, 0, 0, 0, 0, 0, 0, 0, 0, 0]
native_profile_function,422,542361718,799819,240508,297463,0,0,[76853, 142315, 0, 0, 44122, 65462, 0, 0, 0, 0, 32731, 0, 0, 0, 0, 0, 0, 0, 0, 0, 0, 0, 0, 0, 0, 0, 0, 0, 0, 0, 0]
native_profile_function,423,none,0,0,0,0,0,[0, 0, 0, 0, 0, 0, 0, 0, 0, 0, 0, 0, 0, 0, 0, 0, 0, 0, 0, 0, 0, 0, 0, 0, 0, 0, 0, 0, 0, 0, 0]
native_profile_function,424,542401973,10850,3650,4050,0,0,[1000, 1800, 0, 0, 650, 1250, 0, 0, 0, 0, 350, 0, 0, 0, 0, 0, 0, 0, 0, 0, 0, 0, 0, 0, 0, 0, 0, 0, 0, 0, 0]
native_profile_function,425,542401988,1100,200,500,0,0,[200, 100, 0, 100, 0, 0, 100, 0, 0, 0, 0, 0, 0, 100, 0, 0, 0, 0, 0, 0, 0, 0, 0, 0, 0, 0, 0, 0, 0, 0, 0]
native_profile_function,426,542402038,100902,31626,36144,0,0,[10542, 19578, 0, 0, 7530, 6024, 0, 0, 0, 0, 3012, 0, 0, 0, 0, 0, 0, 0, 0, 0, 0, 0, 0, 0, 0, 0, 0, 0, 0, 0, 0]
native_profile_function,427,542403191,72822,21984,26106,0,0,[6870, 10992, 0, 0, 4122, 8244, 0, 0, 0, 0, 2748, 0, 0, 0, 0, 0, 0, 0, 0, 0, 0, 0, 0, 0, 0, 0, 0, 0, 0, 0, 0]
native_profile_function,428,542403252,31611,10023,10794,0,0,[3084, 5397, 0, 0, 2313, 3084, 0, 0, 0, 0, 771, 0, 0, 0, 0, 0, 0, 0, 0, 0, 0, 0, 0, 0, 0, 0, 0, 0, 0, 0, 0]
native_profile_function,429,542403514,166203,62182,50025,0,0,[9995, 38877, 0, 1356, 4721, 19287, 0, 0, 0, 0, 3918, 0, 0, 0, 0, 0, 0, 0, 0, 0, 0, 0, 0, 0, 0, 0, 0, 0, 0, 0, 0]
native_profile_function,430,542521852,10250,3400,3500,0,0,[1000, 1800, 0, 0, 750, 1000, 0, 0, 0, 0, 250, 0, 0, 0, 0, 0, 0, 0, 0, 0, 0, 0, 0, 0, 0, 0, 0, 0, 0, 0, 0]
native_profile_function,431,none,0,0,0,0,0,[0, 0, 0, 0, 0, 0, 0, 0, 0, 0, 0, 0, 0, 0, 0, 0, 0, 0, 0, 0, 0, 0, 0, 0, 0, 0, 0, 0, 0, 0, 0]
native_profile_function,432,542410702,593270,202580,188110,0,0,[72350, 115760, 0, 0, 72350, 28940, 0, 0, 0, 0, 0, 0, 0, 0, 0, 0, 0, 0, 0, 0, 0, 0, 0, 0, 0, 0, 0, 0, 0, 0, 0]
native_profile_function,433,none,0,0,0,0,0,[0, 0, 0, 0, 0, 0, 0, 0, 0, 0, 0, 0, 0, 0, 0, 0, 0, 0, 0, 0, 0, 0, 0, 0, 0, 0, 0, 0, 0, 0, 0]
native_profile_function,434,586861929,11757,4148,4352,0,0,[1087, 2269, 0, 198, 790, 1188, 0, 0, 0, 0, 99, 0, 0, 0, 0, 0, 0, 0, 0, 0, 0, 0, 0, 0, 0, 0, 0, 0, 0, 0, 0]
native_profile_function,435,586888179,26806,8072,10204,0,0,[2386, 4264, 0, 0, 1218, 2996, 0, 0, 0, 0, 1168, 0, 0, 0, 0, 0, 0, 0, 0, 0, 0, 0, 0, 0, 0, 0, 0, 0, 0, 0, 0]
native_profile_function,436,678490993,73,27,29,0,0,[6, 14, 0, 0, 5, 9, 0, 0, 0, 0, 1, 0, 0, 0, 0, 0, 0, 0, 0, 0, 0, 0, 0, 0, 0, 0, 0, 0, 0, 0, 0]
native_profile_function,437,678491003,641311,116602,291505,0,0,[116602, 58301, 0, 58301, 0, 0, 58301, 0, 0, 0, 0, 0, 0, 58301, 0, 0, 0, 0, 0, 0, 0, 0, 0, 0, 0, 0, 0, 0, 0, 0, 0]
native_profile_function,438,678414427,124,44,44,0,0,[10, 20, 0, 3, 6, 19, 0, 0, 0, 0, 1, 0, 0, 0, 0, 0, 0, 0, 0, 0, 0, 0, 0, 0, 0, 0, 0, 0, 0, 0, 0]
native_profile_function,439,678414447,167211,30402,76005,0,0,[30402, 15201, 0, 15201, 0, 0, 15201, 0, 0, 0, 0, 0, 0, 15201, 0, 0, 0, 0, 0, 0, 0, 0, 0, 0, 0, 0, 0, 0, 0, 0, 0]
native_profile_function,440,678414530,506,167,171,0,0,[51, 115, 0, 13, 34, 23, 0, 0, 0, 0, 4, 0, 0, 0, 0, 0, 0, 0, 0, 0, 0, 0, 0, 0, 0, 0, 0, 0, 0, 0, 0]
native_profile_function,441,678390761,142,54,43,0,0,[9, 30, 0, 3, 5, 20, 0, 0, 0, 0, 1, 0, 0, 0, 0, 0, 0, 0, 0, 0, 0, 0, 0, 0, 0, 0, 0, 0, 0, 0, 0]
native_profile_function,442,678390856,506,167,171,0,0,[51, 115, 0, 13, 34, 23, 0, 0, 0, 0, 4, 0, 0, 0, 0, 0, 0, 0, 0, 0, 0, 0, 0, 0, 0, 0, 0, 0, 0, 0, 0]
native_profile_function,443,677628343,22,4,10,0,0,[4, 2, 0, 2, 0, 0, 2, 0, 0, 0, 0, 0, 0, 2, 0, 0, 0, 0, 0, 0, 0, 0, 0, 0, 0, 0, 0, 0, 0, 0, 0]
native_profile_function,444,677628414,55011,10002,25005,0,0,[10002, 5001, 0, 5001, 0, 0, 5001, 0, 0, 0, 0, 0, 0, 5001, 0, 0, 0, 0, 0, 0, 0, 0, 0, 0, 0, 0, 0, 0, 0, 0, 0]
native_profile_function,445,678389894,238,93,80,0,0,[16, 44, 0, 3, 11, 39, 0, 0, 0, 0, 2, 0, 0, 0, 0, 0, 0, 0, 0, 0, 0, 0, 0, 0, 0, 0, 0, 0, 0, 0, 0]
native_profile_function,446,678390135,374,119,139,0,0,[39, 75, 0, 9, 26, 23, 0, 0, 0, 0, 4, 0, 0, 0, 0, 0, 0, 0, 0, 0, 0, 0, 0, 0, 0, 0, 0, 0, 0, 0, 0]
native_profile_function,447,678364159,225,97,62,0,0,[9, 52, 0, 2, 6, 40, 0, 0, 0, 0, 1, 0, 0, 0, 0, 0, 0, 0, 0, 0, 0, 0, 0, 0, 0, 0, 0, 0, 0, 0, 0]
native_profile_function,448,678364293,13864,4722,4573,0,0,[1219, 2892, 0, 306, 761, 1221, 0, 0, 0, 0, 152, 0, 0, 0, 0, 0, 0, 0, 0, 0, 0, 0, 0, 0, 0, 0, 0, 0, 0, 0, 0]
native_profile_function,449,678339475,234,98,66,0,0,[11, 54, 0, 3, 7, 38, 0, 0, 0, 0, 1, 0, 0, 0, 0, 0, 0, 0, 0, 0, 0, 0, 0, 0, 0, 0, 0, 0, 0, 0, 0]
native_profile_function,450,678339514,55,10,25,0,0,[10, 5, 0, 5, 0, 0, 5, 0, 0, 0, 0, 0, 0, 5, 0, 0, 0, 0, 0, 0, 0, 0, 0, 0, 0, 0, 0, 0, 0, 0, 0]
native_profile_function,451,678339616,15836,5024,5788,0,0,[1675, 3043, 0, 457, 1066, 1068, 0, 0, 0, 0, 152, 0, 0, 0, 0, 0, 0, 0, 0, 0, 0, 0, 0, 0, 0, 0, 0, 0, 0, 0, 0]
native_profile_function,452,678339359,178,81,49,0,0,[5, 42, 0, 1, 4, 36, 0, 0, 0, 0, 0, 0, 0, 0, 0, 0, 0, 0, 0, 0, 0, 0, 0, 0, 0, 0, 0, 0, 0, 0, 0]
native_profile_function,453,678323654,279,114,80,0,0,[17, 64, 0, 2, 13, 38, 0, 0, 0, 0, 2, 0, 0, 0, 0, 0, 0, 0, 0, 0, 0, 0, 0, 0, 0, 0, 0, 0, 0, 0, 0]
native_profile_function,454,678325778,11,3,5,0,0,[1, 2, 0, 0, 1, 1, 0, 0, 0, 0, 0, 0, 0, 0, 0, 0, 0, 0, 0, 0, 0, 0, 0, 0, 0, 0, 0, 0, 0, 0, 0]
native_profile_function,455,678326578,334,113,116,0,0,[31, 68, 0, 6, 21, 28, 0, 0, 0, 0, 4, 0, 0, 0, 0, 0, 0, 0, 0, 0, 0, 0, 0, 0, 0, 0, 0, 0, 0, 0, 0]
native_profile_function,456,677648921,218,92,62,0,0,[9, 49, 0, 3, 5, 39, 0, 0, 0, 0, 1, 0, 0, 0, 0, 0, 0, 0, 0, 0, 0, 0, 0, 0, 0, 0, 0, 0, 0, 0, 0]
native_profile_function,457,677649036,3878,1283,1237,0,0,[378, 903, 0, 126, 227, 179, 0, 0, 0, 0, 25, 0, 0, 0, 0, 0, 0, 0, 0, 0, 0, 0, 0, 0, 0, 0, 0, 0, 0, 0, 0]
native_profile_function,458,677643427,226,95,64,0,0,[10, 51, 0, 3, 6, 39, 0, 0, 0, 0, 1, 0, 0, 0, 0, 0, 0, 0, 0, 0, 0, 0, 0, 0, 0, 0, 0, 0, 0, 0, 0]
native_profile_function,459,677643467,55011,10002,25005,0,0,[10002, 5001, 0, 5001, 0, 0, 5001, 0, 0, 0, 0, 0, 0, 5001, 0, 0, 0, 0, 0, 0, 0, 0, 0, 0, 0, 0, 0, 0, 0, 0, 0]
native_profile_function,460,677643551,3128,983,1162,0,0,[328, 553, 0, 76, 202, 254, 0, 0, 0, 0, 50, 0, 0, 0, 0, 0, 0, 0, 0, 0, 0, 0, 0, 0, 0, 0, 0, 0, 0, 0, 0]
native_profile_function,461,677628707,270,108,80,0,0,[17, 63, 0, 3, 12, 34, 0, 0, 0, 0, 2, 0, 0, 0, 0, 0, 0, 0, 0, 0, 0, 0, 0, 0, 0, 0, 0, 0, 0, 0, 0]
native_profile_function,462,677628820,195041,35462,88655,0,0,[35462, 17731, 0, 17731, 0, 0, 17731, 0, 0, 0, 0, 0, 0, 17731, 0, 0, 0, 0, 0, 0, 0, 0, 0, 0, 0, 0, 0, 0, 0, 0, 0]
native_profile_function,463,677628895,2528,908,886,0,0,[228, 604, 0, 27, 176, 153, 0, 0, 0, 0, 25, 0, 0, 0, 0, 0, 0, 0, 0, 0, 0, 0, 0, 0, 0, 0, 0, 0, 0, 0, 0]
native_profile_function,464,677637157,3353,1183,1137,0,0,[278, 678, 0, 51, 177, 354, 0, 0, 0, 0, 50, 0, 0, 0, 0, 0, 0, 0, 0, 0, 0, 0, 0, 0, 0, 0, 0, 0, 0, 0, 0]
native_profile_function,465,677628588,164,74,46,0,0,[5, 39, 0, 1, 4, 32, 0, 0, 0, 0, 0, 0, 0, 0, 0, 0, 0, 0, 0, 0, 0, 0, 0, 0, 0, 0, 0, 0, 0, 0, 0]
native_profile_function,466,678504976,5030,1542,1798,0,0,[430, 860, 0, 0, 178, 530, 0, 0, 0, 0, 252, 0, 0, 0, 0, 0, 0, 0, 0, 0, 0, 0, 0, 0, 0, 0, 0, 0, 0, 0, 0]
native_profile_function,467,678505609,1392,467,580,0,0,[140, 275, 0, 28, 108, 110, 0, 0, 0, 0, 4, 0, 0, 0, 0, 0, 0, 0, 0, 0, 0, 0, 0, 0, 0, 0, 0, 0, 0, 0, 0]
native_profile_function,468,678722955,12450,3917,4621,0,0,[1205, 2411, 0, 101, 704, 903, 0, 0, 0, 0, 400, 0, 0, 0, 0, 0, 0, 0, 0, 0, 0, 0, 0, 0, 0, 0, 0, 0, 0, 0, 0]
native_profile_function,469,679152217,55,20,19,0,0,[4, 10, 0, 0, 3, 8, 0, 0, 0, 0, 1, 0, 0, 0, 0, 0, 0, 0, 0, 0, 0, 0, 0, 0, 0, 0, 0, 0, 0, 0, 0]
native_profile_function,470,679152624,377,126,131,0,0,[31, 72, 0, 4, 18, 41, 0, 0, 0, 0, 9, 0, 0, 0, 0, 0, 0, 0, 0, 0, 0, 0, 0, 0, 0, 0, 0, 0, 0, 0, 0]
native_profile_function,471,679115585,182,63,69,0,0,[16, 28, 0, 3, 10, 26, 0, 0, 0, 0, 3, 0, 0, 0, 0, 0, 0, 0, 0, 0, 0, 0, 0, 0, 0, 0, 0, 0, 0, 0, 0]
native_profile_function,472,679115778,9028,2908,3212,0,0,[1003, 1903, 0, 301, 702, 404, 0, 0, 0, 0, 0, 0, 0, 0, 0, 0, 0, 0, 0, 0, 0, 0, 0, 0, 0, 0, 0, 0, 0, 0, 0]
native_profile_function,473,1091799171,19900,6800,7500,0,0,[1800, 3500, 0, 0, 1200, 2200, 0, 0, 0, 0, 600, 0, 0, 0, 0, 0, 0, 0, 0, 0, 0, 0, 0, 0, 0, 0, 0, 0, 0, 0, 0]
native_profile_function,474,1638916131,4800,1600,2000,0,0,[500, 1200, 0, 100, 400, 100, 0, 0, 0, 0, 0, 0, 0, 0, 0, 0, 0, 0, 0, 0, 0, 0, 0, 0, 0, 0, 0, 0, 0, 0, 0]
native_profile_function,475,1638916271,1100,200,500,0,0,[200, 100, 0, 100, 0, 0, 100, 0, 0, 0, 0, 0, 0, 100, 0, 0, 0, 0, 0, 0, 0, 0, 0, 0, 0, 0, 0, 0, 0, 0, 0]
native_profile_function,476,1638916435,18100,6600,6500,0,0,[1300, 3100, 0, 0, 800, 2800, 0, 0, 0, 0, 500, 0, 0, 0, 0, 0, 0, 0, 0, 0, 0, 0, 0, 0, 0, 0, 0, 0, 0, 0, 0]
native_profile_function,477,1638916629,120900,54600,35100,15600,0,[7800, 19500, 0, 3900, 0, 15600, 3900, 0, 0, 0, 0, 0, 15600, 3900, 0, 0, 0, 0, 0, 0, 0, 0, 0, 0, 0, 0, 0, 0, 0, 0, 0]
native_profile_function,478,1638916658,411000,144700,137600,0,0,[33000, 91100, 0, 2600, 20400, 35800, 0, 0, 0, 0, 10000, 0, 0, 0, 0, 0, 0, 0, 0, 0, 0, 0, 0, 0, 0, 0, 0, 0, 0, 0, 0]
native_profile_function,479,1639248006,20300,6700,7400,0,0,[2100, 2900, 0, 0, 1500, 2400, 0, 0, 0, 0, 600, 0, 0, 0, 0, 0, 0, 0, 0, 0, 0, 0, 0, 0, 0, 0, 0, 0, 0, 0, 0]
native_profile_function,480,1673406547,398525,130325,147925,0,0,[40100, 80225, 0, 0, 27575, 25050, 0, 0, 0, 0, 12525, 0, 0, 0, 0, 0, 0, 0, 0, 0, 0, 0, 0, 0, 0, 0, 0, 0, 0, 0, 0]
native_profile_function,481,679153013,3717,1416,1239,354,0,[354, 531, 0, 177, 0, 354, 177, 0, 0, 0, 0, 0, 354, 177, 0, 0, 0, 0, 0, 0, 0, 0, 0, 0, 0, 0, 0, 0, 0, 0, 0]
native_profile_function,482,679216568,6815,2146,2291,0,0,[696, 1247, 0, 0, 435, 493, 0, 0, 0, 0, 261, 0, 0, 0, 0, 0, 0, 0, 0, 0, 0, 0, 0, 0, 0, 0, 0, 0, 0, 0, 0]
native_profile_function,483,none,0,0,0,0,0,[0, 0, 0, 0, 0, 0, 0, 0, 0, 0, 0, 0, 0, 0, 0, 0, 0, 0, 0, 0, 0, 0, 0, 0, 0, 0, 0, 0, 0, 0, 0]
native_profile_function,484,2015674,20916395,6521708,7793824,0,0,[1802634, 3552498, 0, 26385, 1166576, 2385922, 0, 0, 0, 0, 609673, 0, 0, 0, 0, 0, 0, 0, 0, 0, 0, 0, 0, 0, 0, 0, 0, 0, 0, 0, 0]
native_profile_function,485,101013373,3076932,904980,1131225,0,0,[316743, 452490, 0, 90498, 135747, 316743, 0, 0, 0, 0, 90498, 0, 0, 0, 0, 0, 0, 0, 0, 0, 0, 0, 0, 0, 0, 0, 0, 0, 0, 0, 0]
native_profile_function,486,101011421,513480,177384,214728,0,0,[46680, 74688, 0, 0, 37344, 74688, 0, 0, 0, 0, 9336, 0, 0, 0, 0, 0, 0, 0, 0, 0, 0, 0, 0, 0, 0, 0, 0, 0, 0, 0, 0]
native_profile_function,487,101011444,102696,18672,46680,0,0,[18672, 9336, 0, 9336, 0, 0, 9336, 0, 0, 0, 0, 0, 0, 9336, 0, 0, 0, 0, 0, 0, 0, 0, 0, 0, 0, 0, 0, 0, 0, 0, 0]
native_profile_function,488,none,0,0,0,0,0,[0, 0, 0, 0, 0, 0, 0, 0, 0, 0, 0, 0, 0, 0, 0, 0, 0, 0, 0, 0, 0, 0, 0, 0, 0, 0, 0, 0, 0, 0, 0]
native_profile_function,489,101683347,288306,86127,110013,0,0,[28020, 52068, 0, 0, 15996, 22035, 0, 0, 0, 0, 12024, 0, 0, 0, 0, 0, 0, 0, 0, 0, 0, 0, 0, 0, 0, 0, 0, 0, 0, 0, 0]
native_profile_function,490,101687912,131832,36018,51906,0,0,[11970, 18009, 0, 0, 5985, 15996, 0, 0, 0, 0, 5985, 0, 0, 0, 0, 0, 0, 0, 0, 0, 0, 0, 0, 0, 0, 0, 0, 0, 0, 0, 0]
native_profile_function,491,101688013,21549,5877,9795,0,0,[1959, 3918, 0, 0, 1959, 1959, 0, 0, 0, 0, 0, 0, 0, 0, 0, 0, 0, 0, 0, 0, 0, 0, 0, 0, 0, 0, 0, 0, 0, 0, 0]
native_profile_function,492,101688071,186075,54081,67956,0,0,[18009, 28074, 0, 3972, 8052, 19968, 0, 0, 0, 0, 5985, 0, 0, 0, 0, 0, 0, 0, 0, 0, 0, 0, 0, 0, 0, 0, 0, 0, 0, 0, 0]
native_profile_function,493,541134665,5850,2200,2100,0,0,[550, 1300, 0, 0, 500, 450, 0, 0, 0, 0, 50, 0, 0, 0, 0, 0, 0, 0, 0, 0, 0, 0, 0, 0, 0, 0, 0, 0, 0, 0, 0]
native_profile_function,494,541287308,11975,4311,4311,0,0,[958, 2395, 0, 0, 958, 1437, 0, 0, 0, 0, 0, 0, 0, 0, 0, 0, 0, 0, 0, 0, 0, 0, 0, 0, 0, 0, 0, 0, 0, 0, 0]
native_profile_function,495,541557792,39,14,14,0,0,[4, 8, 0, 0, 4, 3, 0, 0, 0, 0, 0, 0, 0, 0, 0, 0, 0, 0, 0, 0, 0, 0, 0, 0, 0, 0, 0, 0, 0, 0, 0]
native_profile_function,496,541572222,12075,4347,4830,0,0,[1127, 3059, 0, 0, 966, 483, 0, 0, 0, 0, 161, 0, 0, 0, 0, 0, 0, 0, 0, 0, 0, 0, 0, 0, 0, 0, 0, 0, 0, 0, 0]
native_profile_function,497,541663258,1508,550,481,0,0,[147, 346, 0, 20, 127, 95, 0, 0, 0, 0, 0, 0, 0, 0, 0, 0, 0, 0, 0, 0, 0, 0, 0, 0, 0, 0, 0, 0, 0, 0, 0]
native_profile_function,498,none,0,0,0,0,0,[0, 0, 0, 0, 0, 0, 0, 0, 0, 0, 0, 0, 0, 0, 0, 0, 0, 0, 0, 0, 0, 0, 0, 0, 0, 0, 0, 0, 0, 0, 0]
native_profile_function,499,541814607,2496945,758721,926494,0,0,[230042, 401717, 0, 0, 125976, 265413, 0, 0, 0, 0, 104066, 0, 0, 0, 0, 0, 0, 0, 0, 0, 0, 0, 0, 0, 0, 0, 0, 0, 0, 0, 0]
native_profile_function,500,541814663,3889600,1322464,1478048,0,0,[388960, 933504, 0, 77792, 311168, 155584, 0, 0, 0, 0, 0, 0, 0, 0, 0, 0, 0, 0, 0, 0, 0, 0, 0, 0, 0, 0, 0, 0, 0, 0, 0]
native_profile_function,501,542402286,666771,254008,222257,63502,0,[63502, 95253, 0, 31751, 0, 63502, 31751, 0, 0, 0, 0, 0, 63502, 31751, 0, 0, 0, 0, 0, 0, 0, 0, 0, 0, 0, 0, 0, 0, 0, 0, 0]
native_profile_function,502,542403866,66300,21196,26520,0,0,[5977, 8689, 0, 653, 3315, 9845, 0, 0, 0, 0, 2009, 0, 0, 0, 0, 0, 0, 0, 0, 0, 0, 0, 0, 0, 0, 0, 0, 0, 0, 0, 0]
native_profile_function,503,542404453,139089,56158,49628,0,0,[8489, 22855, 0, 0, 6530, 27426, 0, 0, 0, 0, 1959, 0, 0, 0, 0, 0, 0, 0, 0, 0, 0, 0, 0, 0, 0, 0, 0, 0, 0, 0, 0]
native_profile_function,504,542404784,38527,13713,13713,0,0,[3265, 7836, 0, 0, 2612, 3918, 0, 0, 0, 0, 653, 0, 0, 0, 0, 0, 0, 0, 0, 0, 0, 0, 0, 0, 0, 0, 0, 0, 0, 0, 0]
native_profile_function,505,542521868,2500,800,1100,0,0,[300, 600, 0, 0, 300, 0, 0, 0, 0, 0, 0, 0, 0, 0, 0, 0, 0, 0, 0, 0, 0, 0, 0, 0, 0, 0, 0, 0, 0, 0, 0]
native_profile_function,506,678442215,184,68,76,0,0,[12, 24, 0, 4, 8, 40, 0, 0, 0, 0, 0, 0, 0, 0, 0, 0, 0, 0, 0, 0, 0, 0, 0, 0, 0, 0, 0, 0, 0, 0, 0]
native_profile_function,507,678414677,19256,6564,6276,0,0,[1836, 4572, 0, 460, 1224, 924, 0, 0, 0, 0, 152, 0, 0, 0, 0, 0, 0, 0, 0, 0, 0, 0, 0, 0, 0, 0, 0, 0, 0, 0, 0]
native_profile_function,508,678398491,184,68,76,0,0,[12, 24, 0, 4, 8, 40, 0, 0, 0, 0, 0, 0, 0, 0, 0, 0, 0, 0, 0, 0, 0, 0, 0, 0, 0, 0, 0, 0, 0, 0, 0]
native_profile_function,509,678391003,13632,4436,5060,0,0,[1380, 2748, 0, 308, 920, 924, 0, 0, 0, 0, 152, 0, 0, 0, 0, 0, 0, 0, 0, 0, 0, 0, 0, 0, 0, 0, 0, 0, 0, 0, 0]
native_profile_function,510,678364430,5320,2128,1824,0,0,[304, 1064, 0, 0, 304, 912, 0, 0, 0, 0, 0, 0, 0, 0, 0, 0, 0, 0, 0, 0, 0, 0, 0, 0, 0, 0, 0, 0, 0, 0, 0]
native_profile_function,511,678325783,844,254,308,0,0,[77, 127, 0, 1, 50, 102, 0, 0, 0, 0, 26, 0, 0, 0, 0, 0, 0, 0, 0, 0, 0, 0, 0, 0, 0, 0, 0, 0, 0, 0, 0]
native_profile_function,512,677675980,1250,475,500,0,0,[75, 175, 0, 25, 50, 275, 0, 0, 0, 0, 0, 0, 0, 0, 0, 0, 0, 0, 0, 0, 0, 0, 0, 0, 0, 0, 0, 0, 0, 0, 0]
native_profile_function,513,677675953,1400,575,425,0,0,[50, 300, 0, 25, 25, 275, 0, 0, 0, 0, 0, 0, 0, 0, 0, 0, 0, 0, 0, 0, 0, 0, 0, 0, 0, 0, 0, 0, 0, 0, 0]
native_profile_function,514,677649208,328300,117750,105350,0,0,[30075, 75075, 0, 5025, 22550, 22650, 0, 0, 0, 0, 2500, 0, 0, 0, 0, 0, 0, 0, 0, 0, 0, 0, 0, 0, 0, 0, 0, 0, 0, 0, 0]
native_profile_function,515,677637326,2350,775,925,0,0,[200, 325, 0, 75, 100, 375, 0, 0, 0, 0, 25, 0, 0, 0, 0, 0, 0, 0, 0, 0, 0, 0, 0, 0, 0, 0, 0, 0, 0, 0, 0]
native_profile_function,516,none,0,0,0,0,0,[0, 0, 0, 0, 0, 0, 0, 0, 0, 0, 0, 0, 0, 0, 0, 0, 0, 0, 0, 0, 0, 0, 0, 0, 0, 0, 0, 0, 0, 0, 0]
native_profile_function,517,none,0,0,0,0,0,[0, 0, 0, 0, 0, 0, 0, 0, 0, 0, 0, 0, 0, 0, 0, 0, 0, 0, 0, 0, 0, 0, 0, 0, 0, 0, 0, 0, 0, 0, 0]
native_profile_function,518,678719098,7676,2525,2929,0,0,[808, 1616, 0, 101, 606, 404, 0, 0, 0, 0, 101, 0, 0, 0, 0, 0, 0, 0, 0, 0, 0, 0, 0, 0, 0, 0, 0, 0, 0, 0, 0]
native_profile_function,519,none,0,0,0,0,0,[0, 0, 0, 0, 0, 0, 0, 0, 0, 0, 0, 0, 0, 0, 0, 0, 0, 0, 0, 0, 0, 0, 0, 0, 0, 0, 0, 0, 0, 0, 0]
native_profile_function,520,679152692,908,320,316,0,0,[80, 160, 0, 0, 56, 108, 0, 0, 0, 0, 24, 0, 0, 0, 0, 0, 0, 0, 0, 0, 0, 0, 0, 0, 0, 0, 0, 0, 0, 0, 0]
native_profile_function,521,679152789,20792,7636,7344,0,0,[1684, 4424, 0, 160, 1220, 2144, 0, 0, 0, 0, 304, 0, 0, 0, 0, 0, 0, 0, 0, 0, 0, 0, 0, 0, 0, 0, 0, 0, 0, 0, 0]
native_profile_function,522,679171067,1947,594,726,0,0,[231, 429, 0, 66, 165, 33, 0, 0, 0, 0, 0, 0, 0, 0, 0, 0, 0, 0, 0, 0, 0, 0, 0, 0, 0, 0, 0, 0, 0, 0, 0]
native_profile_function,523,679178735,44928,17240,14452,0,0,[4012, 12016, 0, 408, 3604, 2020, 0, 0, 0, 0, 0, 0, 0, 0, 0, 0, 0, 0, 0, 0, 0, 0, 0, 0, 0, 0, 0, 0, 0, 0, 0]
native_profile_function,524,none,0,0,0,0,0,[0, 0, 0, 0, 0, 0, 0, 0, 0, 0, 0, 0, 0, 0, 0, 0, 0, 0, 0, 0, 0, 0, 0, 0, 0, 0, 0, 0, 0, 0, 0]
native_profile_function,525,1091801505,85500,28400,29200,0,0,[7800, 16000, 0, 0, 4900, 8000, 0, 0, 0, 0, 2900, 0, 0, 0, 0, 0, 0, 0, 0, 0, 0, 0, 0, 0, 0, 0, 0, 0, 0, 0, 0]
native_profile_function,526,1097265937,6900,1900,2600,0,0,[800, 900, 0, 0, 500, 600, 0, 0, 0, 0, 300, 0, 0, 0, 0, 0, 0, 0, 0, 0, 0, 0, 0, 0, 0, 0, 0, 0, 0, 0, 0]
native_profile_function,527,1097266166,1700,500,700,0,0,[200, 300, 0, 0, 200, 100, 0, 0, 0, 0, 0, 0, 0, 0, 0, 0, 0, 0, 0, 0, 0, 0, 0, 0, 0, 0, 0, 0, 0, 0, 0]
native_profile_function,528,1097268068,143800,46600,53600,0,0,[13400, 26600, 0, 0, 10000, 13400, 0, 0, 0, 0, 3400, 0, 0, 0, 0, 0, 0, 0, 0, 0, 0, 0, 0, 0, 0, 0, 0, 0, 0, 0, 0]
native_profile_function,529,1097270547,274400,75100,102000,0,0,[27600, 41400, 0, 1900, 11000, 24200, 0, 0, 0, 0, 14700, 0, 0, 0, 0, 0, 0, 0, 0, 0, 0, 0, 0, 0, 0, 0, 0, 0, 0, 0, 0]
native_profile_function,530,1638916692,380000,137500,117500,0,0,[25000, 80000, 0, 2500, 12500, 47500, 0, 0, 0, 0, 10000, 0, 0, 0, 0, 0, 0, 0, 0, 0, 0, 0, 0, 0, 0, 0, 0, 0, 0, 0, 0]
native_profile_function,531,1639248043,1100,200,500,0,0,[200, 100, 0, 100, 0, 0, 100, 0, 0, 0, 0, 0, 0, 100, 0, 0, 0, 0, 0, 0, 0, 0, 0, 0, 0, 0, 0, 0, 0, 0, 0]
native_profile_function,532,1639248123,1100,200,500,0,0,[200, 100, 0, 100, 0, 0, 100, 0, 0, 0, 0, 0, 0, 100, 0, 0, 0, 0, 0, 0, 0, 0, 0, 0, 0, 0, 0, 0, 0, 0, 0]
native_profile_function,533,none,0,0,0,0,0,[0, 0, 0, 0, 0, 0, 0, 0, 0, 0, 0, 0, 0, 0, 0, 0, 0, 0, 0, 0, 0, 0, 0, 0, 0, 0, 0, 0, 0, 0, 0]
native_profile_function,534,1091812005,342000,114000,136800,0,0,[22800, 68400, 0, 0, 22800, 45600, 0, 0, 0, 0, 0, 0, 0, 0, 0, 0, 0, 0, 0, 0, 0, 0, 0, 0, 0, 0, 0, 0, 0, 0, 0]
native_profile_function,535,1091814464,661200,228000,228000,0,0,[68400, 136800, 0, 0, 68400, 45600, 0, 0, 0, 0, 0, 0, 0, 0, 0, 0, 0, 0, 0, 0, 0, 0, 0, 0, 0, 0, 0, 0, 0, 0, 0]
native_profile_function,536,1639252651,2700,900,1000,0,0,[300, 500, 0, 0, 300, 200, 0, 0, 0, 0, 0, 0, 0, 0, 0, 0, 0, 0, 0, 0, 0, 0, 0, 0, 0, 0, 0, 0, 0, 0, 0]
native_profile_function,537,1639253128,1600,500,600,100,0,[200, 200, 0, 100, 0, 100, 100, 0, 0, 0, 0, 0, 100, 100, 0, 0, 0, 0, 0, 0, 0, 0, 0, 0, 0, 0, 0, 0, 0, 0, 0]
native_profile_function,538,1673419535,307500,92500,115000,0,0,[35000, 55000, 0, 0, 27500, 17500, 0, 0, 0, 0, 7500, 0, 0, 0, 0, 0, 0, 0, 0, 0, 0, 0, 0, 0, 0, 0, 0, 0, 0, 0, 0]
native_profile_function,539,679216578,1334,435,493,0,0,[145, 261, 0, 29, 116, 87, 0, 0, 0, 0, 0, 0, 0, 0, 0, 0, 0, 0, 0, 0, 0, 0, 0, 0, 0, 0, 0, 0, 0, 0, 0]
native_profile_function,540,679238953,319,58,145,0,0,[58, 29, 0, 29, 0, 0, 29, 0, 0, 0, 0, 0, 0, 29, 0, 0, 0, 0, 0, 0, 0, 0, 0, 0, 0, 0, 0, 0, 0, 0, 0]
native_profile_function,541,679239003,609,203,232,0,0,[58, 116, 0, 0, 58, 58, 0, 0, 0, 0, 0, 0, 0, 0, 0, 0, 0, 0, 0, 0, 0, 0, 0, 0, 0, 0, 0, 0, 0, 0, 0]
native_profile_function,542,680586596,2523,899,928,0,0,[261, 551, 0, 0, 203, 145, 0, 29, 0, 0, 29, 0, 0, 29, 0, 0, 0, 0, 0, 0, 0, 0, 0, 0, 0, 0, 0, 0, 0, 0, 0]
native_profile_function,543,681916923,54490,18511,18149,0,0,[4606, 11066, 0, 478, 2781, 5142, 0, 0, 0, 0, 1347, 0, 0, 0, 0, 0, 0, 0, 0, 0, 0, 0, 0, 0, 0, 0, 0, 0, 0, 0, 0]
native_profile_function,544,945819379,319,58,145,0,0,[58, 29, 0, 29, 0, 0, 29, 0, 0, 0, 0, 0, 0, 29, 0, 0, 0, 0, 0, 0, 0, 0, 0, 0, 0, 0, 0, 0, 0, 0, 0]
native_profile_function,545,945819429,3799,1131,1450,0,0,[406, 638, 0, 29, 261, 290, 0, 0, 0, 0, 116, 0, 0, 0, 0, 0, 0, 0, 0, 0, 0, 0, 0, 0, 0, 0, 0, 0, 0, 0, 0]
native_profile_function,546,101688018,103650,27966,39828,0,0,[9957, 13983, 0, 1959, 4026, 11970, 0, 0, 0, 0, 3972, 0, 0, 0, 0, 0, 0, 0, 0, 0, 0, 0, 0, 0, 0, 0, 0, 0, 0, 0, 0]
native_profile_function,547,541559296,793,256,296,0,0,[74, 146, 0, 0, 55, 74, 0, 0, 0, 0, 19, 0, 0, 0, 0, 0, 0, 0, 0, 0, 0, 0, 0, 0, 0, 0, 0, 0, 0, 0, 0]
native_profile_function,548,541572247,4991,2254,1449,644,0,[322, 805, 0, 161, 0, 644, 161, 0, 0, 0, 0, 0, 644, 161, 0, 0, 0, 0, 0, 0, 0, 0, 0, 0, 0, 0, 0, 0, 0, 0, 0]
native_profile_function,549,541572292,146188,47173,53130,0,0,[13524, 25277, 0, 1610, 7889, 15295, 0, 0, 0, 0, 4025, 0, 0, 0, 0, 0, 0, 0, 0, 0, 0, 0, 0, 0, 0, 0, 0, 0, 0, 0, 0]
native_profile_function,550,541814644,130704,40456,56016,0,0,[9336, 12448, 0, 3112, 3112, 28008, 0, 0, 0, 0, 3112, 0, 0, 0, 0, 0, 0, 0, 0, 0, 0, 0, 0, 0, 0, 0, 0, 0, 0, 0, 0]
native_profile_function,551,541814943,2345,737,804,0,0,[335, 402, 0, 0, 335, 67, 0, 0, 0, 0, 0, 0, 0, 0, 0, 0, 0, 0, 0, 0, 0, 0, 0, 0, 0, 0, 0, 0, 0, 0, 0]
native_profile_function,552,542410932,462637,139664,165851,0,0,[43645, 69832, 0, 0, 26187, 52374, 0, 0, 0, 0, 17458, 0, 0, 0, 0, 0, 0, 0, 0, 0, 0, 0, 0, 0, 0, 0, 0, 0, 0, 0, 0]
native_profile_function,553,542404916,106766,34041,39319,0,0,[9340, 20040, 0, 0, 5332, 9993, 0, 0, 0, 0, 4008, 0, 0, 0, 0, 0, 0, 0, 0, 0, 0, 0, 0, 0, 0, 0, 0, 0, 0, 0, 0]
native_profile_function,554,542419229,37221,13060,12407,0,0,[4571, 7836, 0, 0, 4571, 1306, 0, 0, 0, 0, 0, 0, 0, 0, 0, 0, 0, 0, 0, 0, 0, 0, 0, 0, 0, 0, 0, 0, 0, 0, 0]
native_profile_function,555,678415190,7296,2736,3040,0,0,[456, 912, 0, 152, 304, 1672, 0, 0, 0, 0, 0, 0, 0, 0, 0, 0, 0, 0, 0, 0, 0, 0, 0, 0, 0, 0, 0, 0, 0, 0, 0]
native_profile_function,556,678414830,33720,10360,12746,0,0,[3504, 5790, 0, 914, 2082, 2894, 0, 0, 0, 0, 508, 0, 0, 0, 0, 0, 0, 0, 0, 0, 0, 0, 0, 0, 0, 0, 0, 0, 0, 0, 0]
native_profile_function,557,677649434,140000,55000,52500,0,0,[7500, 22500, 0, 2500, 5000, 30000, 0, 0, 0, 0, 0, 0, 0, 0, 0, 0, 0, 0, 0, 0, 0, 0, 0, 0, 0, 0, 0, 0, 0, 0, 0]
native_profile_function,558,679171141,26323,8522,8950,0,0,[2402, 5396, 0, 724, 1349, 2106, 0, 0, 0, 0, 329, 0, 0, 0, 0, 0, 0, 0, 0, 0, 0, 0, 0, 0, 0, 0, 0, 0, 0, 0, 0]
native_profile_function,559,1091810057,1216400,414800,386800,0,0,[77200, 230000, 0, 0, 30800, 169600, 0, 0, 0, 0, 46400, 0, 0, 0, 0, 0, 0, 0, 0, 0, 0, 0, 0, 0, 0, 0, 0, 0, 0, 0, 0]
native_profile_function,560,1097266117,1100,200,500,0,0,[200, 100, 0, 100, 0, 0, 100, 0, 0, 0, 0, 0, 0, 100, 0, 0, 0, 0, 0, 0, 0, 0, 0, 0, 0, 0, 0, 0, 0, 0, 0]
native_profile_function,561,1097266182,154400,50200,57200,0,0,[16800, 33400, 0, 3500, 13300, 6800, 0, 0, 0, 0, 0, 0, 0, 0, 0, 0, 0, 0, 0, 0, 0, 0, 0, 0, 0, 0, 0, 0, 0, 0, 0]
native_profile_function,562,1097274843,29400,11200,9800,2800,0,[2800, 4200, 0, 1400, 0, 2800, 1400, 0, 0, 0, 0, 0, 2800, 1400, 0, 0, 0, 0, 0, 0, 0, 0, 0, 0, 0, 0, 0, 0, 0, 0, 0]
native_profile_function,563,1638917005,962500,332500,335000,0,0,[90000, 167500, 0, 0, 62500, 105000, 0, 0, 0, 0, 27500, 0, 0, 0, 0, 0, 0, 0, 0, 0, 0, 0, 0, 0, 0, 0, 0, 0, 0, 0, 0]
native_profile_function,564,1638917684,204138,66434,79979,0,0,[19672, 41844, 0, 3709, 13545, 14754, 0, 0, 0, 0, 2418, 0, 0, 0, 0, 0, 0, 0, 0, 0, 0, 0, 0, 0, 0, 0, 0, 0, 0, 0, 0]
native_profile_function,565,1638917978,407500,130000,145000,0,0,[45000, 67500, 0, 0, 32500, 32500, 0, 0, 0, 0, 12500, 0, 0, 0, 0, 0, 0, 0, 0, 0, 0, 0, 0, 0, 0, 0, 0, 0, 0, 0, 0]
native_profile_function,566,1638933751,281900,92000,101700,0,0,[27700, 51800, 0, 6200, 16500, 25000, 0, 0, 0, 0, 5000, 0, 0, 0, 0, 0, 0, 0, 0, 0, 0, 0, 0, 0, 0, 0, 0, 0, 0, 0, 0]
native_profile_function,567,1638934021,52500,20000,17500,5000,0,[5000, 7500, 0, 2500, 0, 5000, 2500, 0, 0, 0, 0, 0, 5000, 2500, 0, 0, 0, 0, 0, 0, 0, 0, 0, 0, 0, 0, 0, 0, 0, 0, 0]
native_profile_function,568,1091812012,24218400,8369900,8788600,0,0,[2688400, 5331200, 0, 373100, 2315300, 1050900, 0, 0, 0, 0, 0, 0, 0, 0, 0, 0, 0, 0, 0, 0, 0, 0, 0, 0, 0, 0, 0, 0, 0, 0, 0]
native_profile_function,569,1091814884,31536825,10133011,11618755,0,0,[3733262, 6684535, 0, 1086958, 2646304, 983307, 0, 0, 0, 0, 0, 0, 0, 0, 0, 0, 0, 0, 0, 0, 0, 0, 0, 0, 0, 0, 0, 0, 0, 0, 0]
native_profile_function,570,1639252815,5800,2000,2100,0,0,[600, 1300, 0, 100, 500, 300, 0, 0, 0, 0, 0, 0, 0, 0, 0, 0, 0, 0, 0, 0, 0, 0, 0, 0, 0, 0, 0, 0, 0, 0, 0]
native_profile_function,571,679238795,1653,580,667,0,0,[145, 290, 0, 0, 116, 203, 0, 0, 0, 0, 29, 0, 0, 0, 0, 0, 0, 0, 0, 0, 0, 0, 0, 0, 0, 0, 0, 0, 0, 0, 0]
native_profile_function,572,679238803,319,58,145,0,0,[58, 29, 0, 29, 0, 0, 29, 0, 0, 0, 0, 0, 0, 29, 0, 0, 0, 0, 0, 0, 0, 0, 0, 0, 0, 0, 0, 0, 0, 0, 0]
native_profile_function,573,679231407,3596,1189,1218,0,0,[377, 725, 0, 87, 261, 232, 0, 0, 0, 0, 29, 0, 0, 0, 0, 0, 0, 0, 0, 0, 0, 0, 0, 0, 0, 0, 0, 0, 0, 0, 0]
native_profile_function,574,679231473,319,58,145,0,0,[58, 29, 0, 29, 0, 0, 29, 0, 0, 0, 0, 0, 0, 29, 0, 0, 0, 0, 0, 0, 0, 0, 0, 0, 0, 0, 0, 0, 0, 0, 0]
native_profile_function,575,679231557,17450,5365,6366,0,0,[1857, 3273, 0, 560, 1120, 1178, 0, 0, 0, 0, 177, 0, 0, 0, 0, 0, 0, 0, 0, 0, 0, 0, 0, 0, 0, 0, 0, 0, 0, 0, 0]
native_profile_function,576,679223872,2146,725,696,0,0,[203, 406, 0, 29, 145, 203, 0, 0, 0, 0, 29, 0, 0, 0, 0, 0, 0, 0, 0, 0, 0, 0, 0, 0, 0, 0, 0, 0, 0, 0, 0]
native_profile_function,577,679223880,319,58,145,0,0,[58, 29, 0, 29, 0, 0, 29, 0, 0, 0, 0, 0, 0, 29, 0, 0, 0, 0, 0, 0, 0, 0, 0, 0, 0, 0, 0, 0, 0, 0, 0]
native_profile_function,578,679216628,2900,899,1044,0,0,[319, 580, 0, 87, 203, 145, 0, 0, 0, 0, 29, 0, 0, 0, 0, 0, 0, 0, 0, 0, 0, 0, 0, 0, 0, 0, 0, 0, 0, 0, 0]
native_profile_function,579,679216634,319,58,145,0,0,[58, 29, 0, 29, 0, 0, 29, 0, 0, 0, 0, 0, 0, 29, 0, 0, 0, 0, 0, 0, 0, 0, 0, 0, 0, 0, 0, 0, 0, 0, 0]
native_profile_function,580,679216735,16684,4982,6337,0,0,[1857, 3096, 0, 560, 1120, 972, 0, 0, 0, 0, 177, 0, 0, 0, 0, 0, 0, 0, 0, 0, 0, 0, 0, 0, 0, 0, 0, 0, 0, 0, 0]
native_profile_function,581,679247255,305283,95903,110548,0,0,[34887, 55216, 0, 0, 26158, 17458, 0, 0, 0, 0, 8729, 0, 0, 0, 0, 0, 0, 0, 0, 0, 0, 0, 0, 0, 0, 0, 0, 0, 0, 0, 0]
native_profile_function,582,680642657,589447,159310,238965,0,0,[47793, 63724, 0, 0, 15931, 95586, 0, 0, 0, 0, 31862, 0, 0, 0, 0, 0, 0, 0, 0, 0, 0, 0, 0, 0, 0, 0, 0, 0, 0, 0, 0]
native_profile_function,583,680586607,725,261,261,0,0,[58, 174, 0, 0, 58, 58, 0, 0, 0, 0, 0, 0, 0, 0, 0, 0, 0, 0, 0, 0, 0, 0, 0, 0, 0, 0, 0, 0, 0, 0, 0]
native_profile_function,584,680631514,609,203,203,0,0,[58, 116, 0, 0, 58, 58, 0, 0, 0, 0, 0, 0, 0, 0, 0, 0, 0, 0, 0, 0, 0, 0, 0, 0, 0, 0, 0, 0, 0, 0, 0]
native_profile_function,585,680764671,218341,72761,69977,0,0,[14558, 40716, 0, 0, 5829, 29145, 0, 0, 0, 0, 8729, 0, 0, 0, 0, 0, 0, 0, 0, 0, 0, 0, 0, 0, 0, 0, 0, 0, 0, 0, 0]
native_profile_function,586,681916952,4797067,1601702,1572770,0,0,[406190, 1032391, 0, 54319, 217889, 378888, 0, 0, 0, 0, 133982, 0, 0, 0, 0, 0, 0, 0, 0, 0, 0, 0, 0, 0, 0, 0, 0, 0, 0, 0, 0]
native_profile_function,587,681975579,33306,10367,12941,0,0,[3592, 6775, 0, 1347, 2245, 1796, 0, 0, 0, 0, 0, 0, 0, 0, 0, 0, 0, 0, 0, 0, 0, 0, 0, 0, 0, 0, 0, 0, 0, 0, 0]
native_profile_function,588,945819530,1334,435,464,0,0,[145, 290, 0, 29, 116, 58, 0, 0, 0, 0, 0, 0, 0, 0, 0, 0, 0, 0, 0, 0, 0, 0, 0, 0, 0, 0, 0, 0, 0, 0, 0]
native_profile_function,589,945824602,319,58,145,0,0,[58, 29, 0, 29, 0, 0, 29, 0, 0, 0, 0, 0, 0, 29, 0, 0, 0, 0, 0, 0, 0, 0, 0, 0, 0, 0, 0, 0, 0, 0, 0]
native_profile_function,590,541572327,111104,37464,40096,0,0,[11648, 25816, 0, 1288, 9072, 3864, 0, 0, 0, 0, 1288, 0, 0, 0, 0, 0, 0, 0, 0, 0, 0, 0, 0, 0, 0, 0, 0, 0, 0, 0, 0]
native_profile_function,591,542404931,53009,17446,19459,0,0,[5368, 9394, 0, 0, 4026, 4697, 0, 0, 0, 0, 1342, 0, 0, 0, 0, 0, 0, 0, 0, 0, 0, 0, 0, 0, 0, 0, 0, 0, 0, 0, 0]
native_profile_function,592,542419246,43944,12006,17302,0,0,[3990, 6003, 0, 0, 1995, 5332, 0, 0, 0, 0, 1995, 0, 0, 0, 0, 0, 0, 0, 0, 0, 0, 0, 0, 0, 0, 0, 0, 0, 0, 0, 0]
native_profile_function,593,542419346,22508,5296,9268,0,0,[3972, 2648, 0, 0, 3972, 0, 0, 0, 0, 0, 0, 0, 0, 0, 0, 0, 0, 0, 0, 0, 0, 0, 0, 0, 0, 0, 0, 0, 0, 0, 0]
native_profile_function,594,542419453,48487,12366,19076,0,0,[4769, 6183, 0, 1324, 1414, 5476, 0, 0, 0, 0, 2031, 0, 0, 0, 0, 0, 0, 0, 0, 0, 0, 0, 0, 0, 0, 0, 0, 0, 0, 0, 0]
native_profile_function,595,542410644,946168,318512,309144,0,0,[103048, 187360, 0, 0, 84312, 56208, 0, 0, 0, 0, 18736, 0, 0, 0, 0, 0, 0, 0, 0, 0, 0, 0, 0, 0, 0, 0, 0, 0, 0, 0, 0]
native_profile_function,596,542419939,308994,104049,113508,0,0,[34683, 66213, 0, 6306, 25224, 12612, 0, 0, 0, 0, 3153, 0, 0, 0, 0, 0, 0, 0, 0, 0, 0, 0, 0, 0, 0, 0, 0, 0, 0, 0, 0]
native_profile_function,597,542420342,98930,32118,34730,0,0,[10029, 18081, 0, 653, 6710, 7998, 0, 0, 0, 0, 2666, 0, 0, 0, 0, 0, 0, 0, 0, 0, 0, 0, 0, 0, 0, 0, 0, 0, 0, 0, 0]
native_profile_function,598,679171259,10199,3948,3619,0,0,[658, 1974, 0, 0, 658, 1645, 0, 0, 0, 0, 0, 0, 0, 0, 0, 0, 0, 0, 0, 0, 0, 0, 0, 0, 0, 0, 0, 0, 0, 0, 0]
native_profile_function,599,none,0,0,0,0,0,[0, 0, 0, 0, 0, 0, 0, 0, 0, 0, 0, 0, 0, 0, 0, 0, 0, 0, 0, 0, 0, 0, 0, 0, 0, 0, 0, 0, 0, 0, 0]
native_profile_function,600,1091810081,2955600,1076400,863600,0,0,[168600, 621800, 0, 0, 63600, 406200, 0, 0, 0, 0, 105000, 0, 0, 0, 0, 0, 0, 0, 0, 0, 0, 0, 0, 0, 0, 0, 0, 0, 0, 0, 0]
native_profile_function,601,1638918256,150000,52500,47500,0,0,[15000, 35000, 0, 2500, 12500, 7500, 0, 0, 0, 0, 0, 0, 0, 0, 0, 0, 0, 0, 0, 0, 0, 0, 0, 0, 0, 0, 0, 0, 0, 0, 0]
native_profile_function,602,1638931433,162500,52500,57500,0,0,[17500, 35000, 0, 5000, 12500, 7500, 0, 0, 0, 0, 0, 0, 0, 0, 0, 0, 0, 0, 0, 0, 0, 0, 0, 0, 0, 0, 0, 0, 0, 0, 0]
native_profile_function,603,1639252947,10800,3800,3700,0,0,[1000, 2200, 0, 300, 700, 1000, 0, 0, 0, 0, 0, 0, 0, 0, 0, 0, 0, 0, 0, 0, 0, 0, 0, 0, 0, 0, 0, 0, 0, 0, 0]
native_profile_function,604,679247314,31900,5800,14500,0,0,[5800, 2900, 0, 2900, 0, 0, 2900, 0, 0, 0, 0, 0, 0, 2900, 0, 0, 0, 0, 0, 0, 0, 0, 0, 0, 0, 0, 0, 0, 0, 0, 0]
native_profile_function,605,679255556,1641400,465700,627600,0,0,[170900, 226900, 0, 0, 94300, 165100, 0, 0, 0, 0, 76600, 0, 0, 0, 0, 0, 0, 0, 0, 0, 0, 0, 0, 0, 0, 0, 0, 0, 0, 0, 0]
native_profile_function,606,680586639,319870,122061,104748,0,0,[29087, 87116, 0, 2958, 26129, 11716, 0, 0, 0, 0, 0, 0, 0, 0, 0, 0, 0, 0, 0, 0, 0, 0, 0, 0, 0, 0, 0, 0, 0, 0, 0]
native_profile_function,607,680631519,559119,152487,254145,0,0,[50829, 101658, 0, 0, 50829, 50829, 0, 0, 0, 0, 0, 0, 0, 0, 0, 0, 0, 0, 0, 0, 0, 0, 0, 0, 0, 0, 0, 0, 0, 0, 0]
native_profile_function,608,680634038,272716,83288,102892,0,0,[30508, 51736, 0, 7656, 18096, 14500, 0, 0, 0, 0, 4756, 0, 0, 0, 0, 0, 0, 0, 0, 0, 0, 0, 0, 0, 0, 0, 0, 0, 0, 0, 0]
native_profile_function,609,680764694,446919,149843,153613,0,0,[45588, 90248, 0, 6235, 32190, 30305, 0, 0, 0, 0, 7163, 0, 0, 0, 0, 0, 0, 0, 0, 0, 0, 0, 0, 0, 0, 0, 0, 0, 0, 0, 0]
native_profile_function,610,681917100,1244750,423215,473005,0,0,[124475, 298740, 0, 24895, 99580, 49790, 0, 0, 0, 0, 0, 0, 0, 0, 0, 0, 0, 0, 0, 0, 0, 0, 0, 0, 0, 0, 0, 0, 0, 0, 0]
native_profile_function,611,681966783,23085,9405,8835,0,0,[1710, 4845, 0, 0, 1710, 3135, 0, 0, 0, 0, 0, 0, 0, 0, 0, 0, 0, 0, 0, 0, 0, 0, 0, 0, 0, 0, 0, 0, 0, 0, 0]
native_profile_function,612,680775951,867698,367103,266984,100119,0,[66746, 133492, 0, 33373, 0, 100119, 33373, 0, 0, 0, 0, 0, 100119, 33373, 0, 0, 0, 0, 0, 0, 0, 0, 0, 0, 0, 0, 0, 0, 0, 0, 0]
native_profile_function,613,681917253,587803,185622,216559,0,0,[61874, 92811, 0, 0, 61874, 61874, 0, 0, 0, 0, 0, 0, 0, 0, 0, 0, 0, 0, 0, 0, 0, 0, 0, 0, 0, 0, 0, 0, 0, 0, 0]
native_profile_function,614,934567850,353829,129978,129978,0,0,[28884, 60175, 0, 0, 21663, 50547, 0, 0, 0, 0, 7221, 0, 0, 0, 0, 0, 0, 0, 0, 0, 0, 0, 0, 0, 0, 0, 0, 0, 0, 0, 0]
native_profile_function,615,934567869,26477,4814,12035,0,0,[4814, 2407, 0, 2407, 0, 0, 2407, 0, 0, 0, 0, 0, 0, 2407, 0, 0, 0, 0, 0, 0, 0, 0, 0, 0, 0, 0, 0, 0, 0, 0, 0]
native_profile_function,616,681917416,2879370,1107450,1082840,0,0,[196880, 492200, 0, 0, 147660, 492200, 0, 0, 0, 0, 49220, 0, 0, 0, 0, 0, 0, 0, 0, 0, 0, 0, 0, 0, 0, 0, 0, 0, 0, 0, 0]
native_profile_function,617,681975639,262216,84788,92600,0,0,[25411, 52503, 0, 6505, 15878, 19804, 0, 0, 0, 0, 3028, 0, 0, 0, 0, 0, 0, 0, 0, 0, 0, 0, 0, 0, 0, 0, 0, 0, 0, 0, 0]
native_profile_function,618,681977476,448185,149355,149515,0,0,[40065, 87400, 0, 0, 25485, 40145, 0, 0, 0, 0, 14580, 0, 0, 0, 0, 0, 0, 0, 0, 0, 0, 0, 0, 0, 0, 0, 0, 0, 0, 0, 0]
native_profile_function,619,945819584,74124,25288,26332,0,0,[7511, 17748, 0, 1914, 5597, 2871, 0, 0, 0, 0, 0, 0, 0, 0, 0, 0, 0, 0, 0, 0, 0, 0, 0, 0, 0, 0, 0, 0, 0, 0, 0]
native_profile_function,620,542409583,8723,2013,3355,0,0,[1342, 1342, 0, 0, 1342, 0, 0, 0, 0, 0, 0, 0, 0, 0, 0, 0, 0, 0, 0, 0, 0, 0, 0, 0, 0, 0, 0, 0, 0, 0, 0]
native_profile_function,621,542409641,38918,13420,14091,0,0,[4026, 8723, 0, 671, 3355, 2013, 0, 0, 0, 0, 0, 0, 0, 0, 0, 0, 0, 0, 0, 0, 0, 0, 0, 0, 0, 0, 0, 0, 0, 0, 0]
native_profile_function,622,542420115,718400,255217,253334,0,0,[66169, 165729, 0, 11977, 48521, 46638, 0, 0, 0, 0, 5671, 0, 0, 0, 0, 0, 0, 0, 0, 0, 0, 0, 0, 0, 0, 0, 0, 0, 0, 0, 0]
native_profile_function,623,542420490,15433,6039,5368,0,0,[671, 2684, 0, 0, 671, 3355, 0, 0, 0, 0, 0, 0, 0, 0, 0, 0, 0, 0, 0, 0, 0, 0, 0, 0, 0, 0, 0, 0, 0, 0, 0]
native_profile_function,624,542420591,50518,14343,20472,0,0,[5458, 8196, 0, 2031, 2738, 4098, 0, 0, 0, 0, 689, 0, 0, 0, 0, 0, 0, 0, 0, 0, 0, 0, 0, 0, 0, 0, 0, 0, 0, 0, 0]
native_profile_function,625,542420660,12749,4026,4697,0,0,[1342, 2013, 0, 0, 1342, 1342, 0, 0, 0, 0, 0, 0, 0, 0, 0, 0, 0, 0, 0, 0, 0, 0, 0, 0, 0, 0, 0, 0, 0, 0, 0]
native_profile_function,626,1091810131,638400,212800,212800,0,0,[60800, 136800, 0, 15200, 45600, 45600, 0, 0, 0, 0, 0, 0, 0, 0, 0, 0, 0, 0, 0, 0, 0, 0, 0, 0, 0, 0, 0, 0, 0, 0, 0]
native_profile_function,627,1091818601,2204000,881600,851200,0,0,[136800, 334400, 0, 0, 106400, 456000, 0, 0, 0, 0, 30400, 0, 0, 0, 0, 0, 0, 0, 0, 0, 0, 0, 0, 0, 0, 0, 0, 0, 0, 0, 0]
native_profile_function,628,1091818884,3274800,1157600,1127000,0,0,[248800, 655000, 0, 25400, 157400, 385800, 0, 0, 0, 0, 66000, 0, 0, 0, 0, 0, 0, 0, 0, 0, 0, 0, 0, 0, 0, 0, 0, 0, 0, 0, 0]
native_profile_function,629,1091818503,2158400,957600,623200,0,0,[76000, 501600, 0, 15200, 60800, 410400, 0, 0, 0, 0, 0, 0, 0, 0, 0, 0, 0, 0, 0, 0, 0, 0, 0, 0, 0, 0, 0, 0, 0, 0, 0]
native_profile_function,630,1638918537,322500,107500,112500,0,0,[35000, 62500, 0, 0, 27500, 20000, 0, 0, 0, 0, 7500, 0, 0, 0, 0, 0, 0, 0, 0, 0, 0, 0, 0, 0, 0, 0, 0, 0, 0, 0, 0]
native_profile_function,631,1638930066,665000,252500,215000,0,0,[57500, 165000, 0, 10000, 47500, 45000, 0, 0, 0, 0, 0, 0, 0, 0, 0, 0, 0, 0, 0, 0, 0, 0, 0, 0, 0, 0, 0, 0, 0, 0, 0]
native_profile_function,632,1638931512,187500,65000,67500,0,0,[20000, 37500, 0, 0, 17500, 12500, 0, 0, 0, 0, 2500, 0, 0, 0, 0, 0, 0, 0, 0, 0, 0, 0, 0, 0, 0, 0, 0, 0, 0, 0, 0]
native_profile_function,633,1638932635,802500,267500,277500,0,0,[72500, 147500, 0, 0, 47500, 80000, 0, 0, 0, 0, 25000, 0, 0, 0, 0, 0, 0, 0, 0, 0, 0, 0, 0, 0, 0, 0, 0, 0, 0, 0, 0]
native_profile_function,634,none,0,0,0,0,0,[0, 0, 0, 0, 0, 0, 0, 0, 0, 0, 0, 0, 0, 0, 0, 0, 0, 0, 0, 0, 0, 0, 0, 0, 0, 0, 0, 0, 0, 0, 0]
native_profile_function,635,679255607,194700,35400,88500,0,0,[35400, 17700, 0, 17700, 0, 0, 17700, 0, 0, 0, 0, 0, 0, 17700, 0, 0, 0, 0, 0, 0, 0, 0, 0, 0, 0, 0, 0, 0, 0, 0, 0]
native_profile_function,636,680631524,60487851,18240316,23854732,0,0,[5512758, 9120158, 0, 50829, 3607400, 7316458, 0, 0, 0, 0, 1854529, 0, 0, 0, 0, 0, 0, 0, 0, 0, 0, 0, 0, 0, 0, 0, 0, 0, 0, 0, 0]
native_profile_function,637,680634121,55332,18792,20880,0,0,[5220, 11484, 0, 0, 4176, 4176, 0, 0, 0, 0, 1044, 0, 0, 0, 0, 0, 0, 0, 0, 0, 0, 0, 0, 0, 0, 0, 0, 0, 0, 0, 0]
native_profile_function,638,680637507,320769,103878,116145,0,0,[35757, 66294, 0, 6786, 25056, 14355, 0, 0, 0, 0, 3915, 0, 0, 0, 0, 0, 0, 0, 0, 0, 0, 0, 0, 0, 0, 0, 0, 0, 0, 0, 0]
native_profile_function,639,680642611,71775,25839,25839,0,0,[5742, 14355, 0, 0, 5742, 8613, 0, 0, 0, 0, 0, 0, 0, 0, 0, 0, 0, 0, 0, 0, 0, 0, 0, 0, 0, 0, 0, 0, 0, 0, 0]
native_profile_function,640,1695289146,21808,7424,9280,0,0,[1856, 2784, 0, 0, 1392, 3712, 0, 0, 0, 0, 464, 0, 0, 0, 0, 0, 0, 0, 0, 0, 0, 0, 0, 0, 0, 0, 0, 0, 0, 0, 0]
native_profile_function,641,1695289155,5104,928,2320,0,0,[928, 464, 0, 464, 0, 0, 464, 0, 0, 0, 0, 0, 0, 464, 0, 0, 0, 0, 0, 0, 0, 0, 0, 0, 0, 0, 0, 0, 0, 0, 0]
native_profile_function,642,680764943,31900,5800,14500,0,0,[5800, 2900, 0, 2900, 0, 0, 2900, 0, 0, 0, 0, 0, 0, 2900, 0, 0, 0, 0, 0, 0, 0, 0, 0, 0, 0, 0, 0, 0, 0, 0, 0]
native_profile_function,643,680765111,3242350,1102399,1232093,0,0,[324235, 778164, 0, 64847, 259388, 129694, 0, 0, 0, 0, 0, 0, 0, 0, 0, 0, 0, 0, 0, 0, 0, 0, 0, 0, 0, 0, 0, 0, 0, 0, 0]
native_profile_function,644,1695288259,64960,21344,23664,0,0,[6960, 14384, 0, 2320, 4640, 2784, 0, 0, 0, 0, 0, 0, 0, 0, 0, 0, 0, 0, 0, 0, 0, 0, 0, 0, 0, 0, 0, 0, 0, 0, 0]
native_profile_function,645,680765046,216804,80388,75516,0,0,[19488, 48720, 0, 0, 17052, 17052, 0, 0, 0, 0, 2436, 0, 0, 0, 0, 0, 0, 0, 0, 0, 0, 0, 0, 0, 0, 0, 0, 0, 0, 0, 0]
native_profile_function,646,680765103,418899,139633,145704,0,0,[36426, 84994, 0, 0, 24284, 36426, 0, 0, 0, 0, 12142, 0, 0, 0, 0, 0, 0, 0, 0, 0, 0, 0, 0, 0, 0, 0, 0, 0, 0, 0, 0]
native_profile_function,647,680773959,443183,139633,163917,0,0,[54639, 97136, 0, 12142, 42497, 6071, 0, 0, 0, 0, 0, 0, 0, 0, 0, 0, 0, 0, 0, 0, 0, 0, 0, 0, 0, 0, 0, 0, 0, 0, 0]
native_profile_function,648,542410532,678128,246950,216931,0,0,[66077, 154836, 0, 9350, 56727, 43395, 0, 0, 0, 0, 0, 0, 0, 0, 0, 0, 0, 0, 0, 0, 0, 0, 0, 0, 0, 0, 0, 0, 0, 0, 0]
native_profile_function,649,542420501,30712,9119,13181,0,0,[2792, 4260, 0, 689, 1414, 4134, 0, 0, 0, 0, 689, 0, 0, 0, 0, 0, 0, 0, 0, 0, 0, 0, 0, 0, 0, 0, 0, 0, 0, 0, 0]
native_profile_function,650,1091810431,1808800,608000,638400,0,0,[212800, 349600, 0, 0, 182400, 91200, 0, 0, 0, 0, 30400, 0, 0, 0, 0, 0, 0, 0, 0, 0, 0, 0, 0, 0, 0, 0, 0, 0, 0, 0, 0]
native_profile_function,651,1091810177,668800,228000,228000,0,0,[60800, 136800, 0, 15200, 45600, 60800, 0, 0, 0, 0, 0, 0, 0, 0, 0, 0, 0, 0, 0, 0, 0, 0, 0, 0, 0, 0, 0, 0, 0, 0, 0]
native_profile_function,652,1091818980,3835400,1295400,1295400,0,0,[330200, 685800, 0, 0, 203200, 431800, 0, 0, 0, 0, 127000, 0, 0, 0, 0, 0, 0, 0, 0, 0, 0, 0, 0, 0, 0, 0, 0, 0, 0, 0, 0]
native_profile_function,653,1091830611,2565400,939800,889000,0,0,[254000, 558800, 0, 0, 228600, 177800, 0, 0, 0, 0, 25400, 0, 0, 0, 0, 0, 0, 0, 0, 0, 0, 0, 0, 0, 0, 0, 0, 0, 0, 0, 0]
native_profile_function,654,none,0,0,0,0,0,[0, 0, 0, 0, 0, 0, 0, 0, 0, 0, 0, 0, 0, 0, 0, 0, 0, 0, 0, 0, 0, 0, 0, 0, 0, 0, 0, 0, 0, 0, 0]
native_profile_function,655,1638932723,1035000,345000,360000,0,0,[85000, 180000, 0, 10000, 50000, 130000, 0, 0, 0, 0, 25000, 0, 0, 0, 0, 0, 0, 0, 0, 0, 0, 0, 0, 0, 0, 0, 0, 0, 0, 0, 0]
native_profile_function,656,680634192,60291,20097,22968,0,0,[5742, 11484, 0, 0, 5742, 5742, 0, 0, 0, 0, 0, 0, 0, 0, 0, 0, 0, 0, 0, 0, 0, 0, 0, 0, 0, 0, 0, 0, 0, 0, 0]
native_profile_function,657,680637590,82215,27405,31059,0,0,[7308, 16443, 0, 0, 5481, 7308, 0, 0, 0, 0, 1827, 0, 0, 0, 0, 0, 0, 0, 0, 0, 0, 0, 0, 0, 0, 0, 0, 0, 0, 0, 0]
native_profile_function,658,680642631,1271369,423547,435610,31862,0,[103053, 217441, 0, 15931, 34733, 142382, 0, 0, 15931, 0, 36458, 0, 31862, 15931, 0, 0, 0, 0, 0, 0, 0, 0, 0, 0, 0, 0, 0, 0, 0, 0, 0]
native_profile_function,659,680772164,37641400,12837000,13378000,0,0,[3814700, 9004600, 0, 975800, 2838900, 1463700, 0, 0, 0, 0, 0, 0, 0, 0, 0, 0, 0, 0, 0, 0, 0, 0, 0, 0, 0, 0, 0, 0, 0, 0, 0]
native_profile_function,660,680769440,16293061,5343757,5779805,0,0,[1319497, 2833420, 0, 194426, 679625, 2031209, 0, 0, 0, 0, 445446, 0, 0, 0, 0, 0, 0, 0, 0, 0, 0, 0, 0, 0, 0, 0, 0, 0, 0, 0, 0]
native_profile_function,661,680774051,32418402,11695515,10818276,0,0,[3152295, 7635626, 0, 459868, 2692427, 1815188, 0, 0, 0, 0, 0, 0, 0, 0, 0, 0, 0, 0, 0, 0, 0, 0, 0, 0, 0, 0, 0, 0, 0, 0, 0]
native_profile_function,662,542410874,120120,32032,48048,0,0,[16016, 16016, 0, 0, 16016, 8008, 0, 0, 0, 0, 0, 0, 0, 0, 0, 0, 0, 0, 0, 0, 0, 0, 0, 0, 0, 0, 0, 0, 0, 0, 0]
native_profile_function,663,1091834119,431800,152400,177800,0,0,[25400, 50800, 0, 0, 25400, 101600, 0, 0, 0, 0, 0, 0, 0, 0, 0, 0, 0, 0, 0, 0, 0, 0, 0, 0, 0, 0, 0, 0, 0, 0, 0]
native_profile_function,664,1091837978,41102200,14558800,12859600,0,0,[2752000, 8154400, 0, 25400, 1800800, 5504000, 0, 0, 0, 0, 925800, 0, 0, 0, 0, 0, 0, 0, 0, 0, 0, 0, 0, 0, 0, 0, 0, 0, 0, 0, 0]
native_profile_function,665,680634210,732598,233914,277327,0,0,[69600, 139200, 0, 12557, 44486, 62785, 0, 0, 0, 0, 12557, 0, 0, 0, 0, 0, 0, 0, 0, 0, 0, 0, 0, 0, 0, 0, 0, 0, 0, 0, 0]
native_profile_function,666,680771862,2521447,806537,873506,0,0,[240119, 481028, 0, 17236, 154334, 205252, 0, 0, 0, 0, 68549, 0, 0, 0, 0, 0, 0, 0, 0, 0, 0, 0, 0, 0, 0, 0, 0, 0, 0, 0, 0]
native_profile_function,667,1091834127,53606200,17209200,20037400,0,0,[4552800, 9955200, 0, 0, 2726600, 5453200, 0, 0, 0, 0, 1826200, 0, 0, 0, 0, 0, 0, 0, 0, 0, 0, 0, 0, 0, 0, 0, 0, 0, 0, 0, 0]
native_profile_function,668,1091837993,81936400,27912400,27912400,0,0,[8103600, 15306800, 0, 0, 6302800, 7203200, 0, 0, 0, 0, 1800800, 0, 0, 0, 0, 0, 0, 0, 0, 0, 0, 0, 0, 0, 0, 0, 0, 0, 0, 0, 0]
native_profile_function,669,680773157,844564,293012,310248,0,0,[68944, 120652, 0, 0, 51708, 137888, 0, 0, 0, 0, 17236, 0, 0, 0, 0, 0, 0, 0, 0, 0, 0, 0, 0, 0, 0, 0, 0, 0, 0, 0, 0]
native_profile_function,670,680773166,189596,34472,86180,0,0,[34472, 17236, 0, 17236, 0, 0, 17236, 0, 0, 0, 0, 0, 0, 17236, 0, 0, 0, 0, 0, 0, 0, 0, 0, 0, 0, 0, 0, 0, 0, 0, 0]
native_profile_function,671,0,160,70,52,23,0,[16, 32, 0, 0, 4, 1, 9, 0, 0, 0, 1, 0, 23, 9, 2, 0, 0, 0, 2, 0, 0, 0, 0, 0, 0, 0, 0, 0, 0, 0, 0]
native_profile_function,672,73,117081082,57161776,58775960,0,0,[0, 0, 0, 0, 0, 55345920, 0, 0, 0, 0, 0, 1143346, 1815857, 1143346, 0, 0, 0, 0, 0, 0, 0, 0, 0, 0, 0, 0, 0, 0, 0, 0, 0]
native_profile_blocks,0,[0, 0, 0, 0]
native_profile_blocks,1,[0, 0, 0, 0]
native_profile_blocks,2,[2, 2]
native_profile_blocks,3,[0]
native_profile_blocks,4,[0, 0]
native_profile_blocks,5,[0]
native_profile_blocks,6,[0, 0]
native_profile_blocks,7,[0, 0]
native_profile_blocks,8,[0, 0]
native_profile_blocks,9,[1369938, 1369938, 674537, 695401, 695401, 20864, 674537, 674537, 674537]
native_profile_blocks,10,[308094, 308094, 23116, 284978, 284978, 284978]
native_profile_blocks,11,[679893, 679893, 631, 679262, 679262, 679262, 679262, 209914, 469348, 209914, 209914, 141763, 68151, 68151, 469348, 0, 469348, 469348]
native_profile_blocks,12,[3133273, 3133273]
native_profile_blocks,13,[1791279, 1791279]
native_profile_blocks,14,[430078, 430078]
native_profile_blocks,15,[19303, 19303]
native_profile_blocks,16,[1692631, 1692631]
native_profile_blocks,17,[3371188, 3371188]
native_profile_blocks,18,[742354, 742354]
native_profile_blocks,19,[836071, 836071, 22107, 813964]
native_profile_blocks,20,[142394]
native_profile_blocks,21,[695401]
native_profile_blocks,22,[23116]
native_profile_blocks,23,[0, 0, 0]
native_profile_blocks,24,[2750, 2750]
native_profile_blocks,25,[0]
native_profile_blocks,26,[286632, 286632]
native_profile_blocks,27,[6224, 6224, 6224]
native_profile_blocks,28,[3112, 3112, 3112, 3112]
native_profile_blocks,29,[0, 0, 0, 0]
native_profile_blocks,30,[0, 0]
native_profile_blocks,31,[0, 0]
native_profile_blocks,32,[0, 0]
native_profile_blocks,33,[0, 0]
native_profile_blocks,34,[0, 0]
native_profile_blocks,35,[0, 0]
native_profile_blocks,36,[0, 0]
native_profile_blocks,37,[0, 0]
native_profile_blocks,38,[0, 0]
native_profile_blocks,39,[0, 0]
native_profile_blocks,40,[0, 0, 0]
native_profile_blocks,41,[0, 0, 0]
native_profile_blocks,42,[0, 0]
native_profile_blocks,43,[0, 0]
native_profile_blocks,44,[10944, 10944]
native_profile_blocks,45,[2900]
native_profile_blocks,46,[469942, 469942, 469942]
native_profile_blocks,47,[13797, 13797, 13797, 13797]
native_profile_blocks,48,[486093, 486093]
native_profile_blocks,49,[11132, 11132]
native_profile_blocks,50,[1519, 1519, 1356, 163, 1356, 1356, 1356, 1356, 1356, 163]
native_profile_blocks,51,[1254524, 1254359, 163, 2, 163, 163, 2, 2]
native_profile_blocks,52,[632196, 28714, 603482, 603482]
native_profile_blocks,53,[3020386, 3020386, 132442, 2887944, 2887944, 2887944, 2887944]
native_profile_blocks,54,[0, 0, 0, 0, 0, 0, 0, 0]
native_profile_blocks,55,[13284, 0, 13284, 0, 0, 0, 0, 0]
native_profile_blocks,56,[869000, 869000, 853104, 15896, 853104, 853104, 853104]
native_profile_blocks,57,[3400, 3400, 100, 3300, 3300, 3300]
native_profile_blocks,58,[10086152, 2972936, 6474863, 638353, 6474863, 638353]
native_profile_blocks,59,[2542]
native_profile_blocks,60,[8575, 8575, 8575]
native_profile_blocks,61,[82986, 82986, 82986]
native_profile_blocks,62,[5645216, 5645216, 5645216, 5645216, 0, 37722, 5607494, 0, 37722, 37722, 5607494, 0, 0, 0, 0]
native_profile_blocks,63,[0]
native_profile_blocks,64,[483783]
native_profile_blocks,65,[0]
native_profile_blocks,66,[0, 0, 0, 0, 0]
native_profile_blocks,67,[0, 0, 0, 0, 0]
native_profile_blocks,68,[2287222, 0, 2287222, 0, 0, 2287222, 2287222, 0, 0, 0]
native_profile_blocks,69,[32186, 32186, 32186, 32186, 0, 0, 32186, 0, 0, 32186, 32186, 0, 0, 0]
native_profile_blocks,70,[16986, 16986, 16986, 16986, 0]
native_profile_blocks,71,[0]
native_profile_blocks,72,[607758, 607758, 607758, 20, 607738, 20, 20, 0, 0, 20, 0, 0, 0, 0, 0, 0, 20, 0, 0, 0, 0, 0, 0, 0, 0, 0, 607738, 607713, 25, 605121, 2592, 0, 605121, 605121, 605121, 605121, 605121, 2592, 0, 0, 0, 0, 0, 0, 0, 25, 25]
native_profile_blocks,73,[0]
native_profile_blocks,74,[516673, 516673, 516673, 516673, 6076, 510597, 510597, 6071, 504526, 491242, 13284, 0, 491242, 0, 0, 491242, 491242, 491242, 0, 0, 0, 0, 0, 0, 13284, 0, 0, 0, 0, 0, 0, 0, 0, 0, 0, 0, 0, 0, 0]
native_profile_blocks,75,[1288, 1288, 1288, 0, 1288, 1288]
native_profile_blocks,76,[28714, 28714]
native_profile_blocks,77,[132442, 132442, 132442]
native_profile_blocks,78,[100, 100]
native_profile_blocks,79,[1]
native_profile_blocks,80,[1]
native_profile_blocks,81,[37068, 37068, 37068, 37068]
native_profile_blocks,82,[491242, 491242, 491242, 491242, 491242]
native_profile_blocks,83,[21511, 21511, 21511]
native_profile_blocks,84,[0, 0, 0, 0, 0]
native_profile_blocks,85,[30551, 30551, 30551, 30551, 30551]
native_profile_blocks,86,[645249, 645249, 645249, 645249, 645249]
native_profile_blocks,87,[25685, 25685, 25685, 25685]
native_profile_blocks,88,[30651, 30651, 30651, 30651]
native_profile_blocks,89,[996088, 996088, 996088, 996088]
native_profile_blocks,90,[959960, 959960]
native_profile_blocks,91,[936003, 936003]
native_profile_blocks,92,[2773237, 2773237]
native_profile_blocks,93,[0, 0]
native_profile_blocks,94,[251, 251]
native_profile_blocks,95,[65900, 65900, 65900]
native_profile_blocks,96,[65900, 65900, 65900]
native_profile_blocks,97,[603842, 603842, 603842, 603842, 603842, 603842, 603842, 0, 603842, 603842, 603842, 603842]
native_profile_blocks,98,[484950, 484950, 484950, 484950, 484950, 0, 484950, 484950, 484950, 484950, 0, 0, 0]
native_profile_blocks,99,[230509, 230509, 76853, 153656, 153656, 153656, 153656, 153656, 153656]
native_profile_blocks,100,[2, 2, 2, 2, 2, 2, 2, 2, 0, 2, 2, 2, 2, 2, 2, 2, 2]
native_profile_blocks,101,[638353, 638353, 638353, 638353, 638353, 638353, 638353, 0, 638353, 0, 0, 0, 0, 638353, 0, 0, 0, 0, 0, 0, 0, 0, 0, 0, 0, 0, 0, 0, 638353, 638353, 638353, 638353, 638353, 638353, 638353, 638353, 638353]
native_profile_blocks,102,[561853, 561853, 561853, 561853, 561853, 76903, 484950, 76903, 76903, 484950, 484950, 484950, 484950, 484950, 484950]
native_profile_blocks,103,[95684, 95684, 95684, 95684, 66, 95618, 66, 66, 66, 95618, 18765, 76853, 18765, 18765, 18765, 18765, 18765, 18765, 18765, 18765]
native_profile_blocks,104,[34512, 34512, 34512, 34512]
native_profile_blocks,105,[483410, 483410, 0, 483410, 483410, 483410, 483410, 483410, 483410, 483410, 0, 483410, 483410, 483410, 483410, 483410, 0, 0, 0, 0, 0, 0, 0, 0, 0, 0, 0, 0]
native_profile_blocks,106,[483410, 483410, 483410, 483410]
native_profile_blocks,107,[3, 3, 3, 3]
native_profile_blocks,108,[1, 1, 1, 0]
native_profile_blocks,109,[603842, 603842]
native_profile_blocks,110,[1036998, 1036998, 0, 1036998]
native_profile_blocks,111,[0, 0]
native_profile_blocks,112,[657787, 657787]
native_profile_blocks,113,[2803149, 2803149]
native_profile_blocks,114,[2703437, 2703437]
native_profile_blocks,115,[1, 1, 0, 1]
native_profile_blocks,116,[15209, 15209]
native_profile_blocks,117,[247, 247]
native_profile_blocks,118,[1104515, 1104515]
native_profile_blocks,119,[1, 1, 1, 1, 0, 1, 1]
native_profile_blocks,120,[813]
native_profile_blocks,121,[1, 1, 0, 1]
native_profile_blocks,122,[1, 1]
native_profile_blocks,123,[1, 1, 0, 1, 1, 1, 0, 1, 1, 1, 0, 1, 1, 1]
native_profile_blocks,124,[3, 3, 3, 3, 3, 3, 0, 3, 3, 3, 0, 3, 3, 3, 3, 3, 3, 0, 3]
native_profile_blocks,125,[1, 1]
native_profile_blocks,126,[3, 3, 0, 3, 3, 3, 0, 0]
native_profile_blocks,127,[1, 1, 1, 1, 0, 1, 0, 1, 0, 1, 0, 1, 0, 1, 0, 1, 1, 1, 1, 0, 1, 0]
native_profile_blocks,128,[20864]
native_profile_blocks,129,[2, 2, 0, 2, 0, 2, 2, 2, 2, 0, 2, 2, 2]
native_profile_blocks,130,[24925, 24925, 0, 24925, 24925, 24925, 24925, 24925, 0, 24925, 0]
native_profile_blocks,131,[3, 3]
native_profile_blocks,132,[3, 3]
native_profile_blocks,133,[2, 2, 2, 2, 2]
native_profile_blocks,134,[0, 0]
native_profile_blocks,135,[1, 1, 1, 0, 1, 1]
native_profile_blocks,136,[0, 0]
native_profile_blocks,137,[3, 3, 3, 3, 3, 0, 3, 3, 3, 3, 0, 3]
native_profile_blocks,138,[0, 0]
native_profile_blocks,139,[1, 1, 1, 0, 1, 1]
native_profile_blocks,140,[0, 0]
native_profile_blocks,141,[1, 1, 1, 1, 1, 1, 1, 1, 1, 1, 1, 1, 1]
native_profile_blocks,142,[1, 1, 0, 1, 0, 1, 1, 0, 1, 0, 1, 1, 1, 0, 1, 0, 1, 1, 0, 1, 0, 1]
native_profile_blocks,143,[0, 0]
native_profile_blocks,144,[34514, 34514, 34514, 34514, 34514, 0, 34514, 34514, 34514, 34514, 0]
native_profile_blocks,145,[2, 2]
native_profile_blocks,146,[1, 1, 0, 1, 1, 1, 1, 0, 1, 1, 1, 1, 1, 0, 1, 1, 1, 1, 1, 0, 1, 1, 1, 1]
native_profile_blocks,147,[1, 1]
native_profile_blocks,148,[3, 3, 3, 3, 3, 0, 3, 0, 3, 3, 0, 3]
native_profile_blocks,149,[3, 3]
native_profile_blocks,150,[3, 3, 3]
native_profile_blocks,151,[153, 3, 150, 3, 0, 3, 0, 150, 150, 0, 150, 144, 6, 144, 144, 144, 144, 0, 144, 6, 6, 6, 0, 6]
native_profile_blocks,152,[3, 3, 3, 0, 3]
native_profile_blocks,153,[303, 303]
native_profile_blocks,154,[3, 3, 0, 3, 0, 0, 0, 0, 0, 3, 3, 0, 3, 3]
native_profile_blocks,155,[3, 3, 3, 0, 3, 3, 3, 3, 3, 0, 3, 3, 0, 3, 3, 0, 0, 0, 0]
native_profile_blocks,156,[3, 3]
native_profile_blocks,157,[153, 153, 3, 150, 150, 144, 6, 6]
native_profile_blocks,158,[3, 3, 0, 3, 3, 3]
native_profile_blocks,159,[1, 1, 1, 0, 1, 1, 1, 0, 1, 1, 1, 1, 0, 1, 1, 1, 1, 0, 1, 1, 1, 0, 1, 1, 1, 0, 1, 1, 1, 1, 0, 1, 1, 1, 0, 1, 1, 1, 0, 1, 1, 1, 1]
native_profile_blocks,160,[1, 1]
native_profile_blocks,161,[1, 1, 1, 1, 1, 1, 1, 1]
native_profile_blocks,162,[2, 2, 2]
native_profile_blocks,163,[2, 2, 0, 2, 0, 2, 2, 2, 2, 2, 2, 0, 2, 2, 0, 2, 0, 2, 2]
native_profile_blocks,164,[0, 0]
native_profile_blocks,165,[1, 1, 1, 0, 1]
native_profile_blocks,166,[0, 0]
native_profile_blocks,167,[1, 1, 1, 1, 0, 1, 1, 1, 1, 1, 1, 0, 1, 1, 0, 1, 1, 1, 1, 0, 1, 1]
native_profile_blocks,168,[0, 0]
native_profile_blocks,169,[1, 1, 0, 1, 0, 1, 1, 0, 1, 0, 1, 1, 1, 1, 0, 1, 0]
native_profile_blocks,170,[0, 0]
native_profile_blocks,171,[1, 1, 0, 1, 1, 1, 0, 1, 1, 1, 0, 1, 1, 1, 0, 1, 1, 1, 0, 1, 1, 1, 0, 1, 1, 1, 0, 1, 1, 1, 1]
native_profile_blocks,172,[50, 50, 0, 50, 50, 50, 0, 50, 50, 50, 0, 50, 50, 50, 0, 50, 50, 50, 0, 50, 50, 50, 50, 0, 50, 50, 50, 50, 0, 50, 50, 50, 50, 0, 50, 50, 50, 50]
native_profile_blocks,173,[19427, 19427, 0, 19427, 19427]
native_profile_blocks,174,[1]
native_profile_blocks,175,[2, 2, 0, 2, 0, 2, 2, 0, 2, 0, 0, 2, 2, 0, 2, 0, 2, 2, 2, 2, 0]
native_profile_blocks,176,[50, 50, 0, 50, 50, 50, 48, 2, 48, 2]
native_profile_blocks,177,[19428, 19428, 19428, 19428, 19428, 0, 19428, 19428, 19428, 19428, 0, 19428, 19428, 19428, 19428, 0, 19428, 19428, 19428, 19428]
native_profile_blocks,178,[1, 1]
native_profile_blocks,179,[1, 1, 1, 1, 1, 1, 0, 1, 0, 1, 1, 1, 1, 0, 1, 1, 1, 1, 1, 0, 1, 1, 1, 0]
native_profile_blocks,180,[3, 3, 3, 3, 0, 3, 3, 0, 3, 3, 3, 0, 3, 3, 0, 3, 3, 0, 3, 3, 0, 3, 3, 0]
native_profile_blocks,181,[5, 5, 5, 5, 5, 5, 5, 5, 5]
native_profile_blocks,182,[24, 24, 3, 21, 21, 21, 21, 21, 0, 0, 21, 21]
native_profile_blocks,183,[0, 0]
native_profile_blocks,184,[6, 6, 6, 0, 6, 6]
native_profile_blocks,185,[150, 150, 150, 150, 0, 150]
native_profile_blocks,186,[6, 6, 0, 6]
native_profile_blocks,187,[150, 150]
native_profile_blocks,188,[50, 50, 0, 50, 0, 50, 50, 0, 50, 0, 0, 50, 50, 0, 50, 0]
native_profile_blocks,189,[18604]
native_profile_blocks,190,[1, 1, 0, 1, 1, 1, 0, 1, 1, 1, 0, 1, 1, 1, 1]
native_profile_blocks,191,[11555, 11555, 0, 11555, 11555, 11555, 0, 11555, 11555, 11555, 11555]
native_profile_blocks,192,[1, 1, 1, 0, 1, 1, 1, 1, 0, 1, 1, 1, 1, 0, 1, 1, 1, 1, 0, 1, 1, 1, 1, 0, 1, 1, 1, 0, 1, 1, 1, 1]
native_profile_blocks,193,[4, 4, 4, 4]
native_profile_blocks,194,[1, 1]
native_profile_blocks,195,[1, 1, 1, 1, 0, 1, 1, 1, 0, 1, 1, 1, 1, 0, 1, 1, 1, 1, 0, 1, 1, 1, 0, 1, 1, 1, 0, 1, 1, 1, 1, 0, 1, 1, 1, 0, 1, 1]
native_profile_blocks,196,[2502, 2502]
native_profile_blocks,197,[18, 18, 16, 2, 16, 16, 16, 16, 16, 16, 16, 16, 16]
native_profile_blocks,198,[0, 0]
native_profile_blocks,199,[2, 2, 2, 2, 2, 0, 2, 2, 2, 0, 2, 2]
native_profile_blocks,200,[2, 2]
native_profile_blocks,201,[102, 2, 100, 2, 100, 100, 0, 100, 0, 100, 100, 0, 100, 0, 100, 0, 100, 0, 100, 100, 100, 100, 0, 100, 100, 0, 0, 0]
native_profile_blocks,202,[2, 2, 0, 2, 0]
native_profile_blocks,203,[2, 2, 2, 0, 2, 2, 2, 2, 2, 0, 2, 2, 0, 2, 2, 0, 0, 0, 0]
native_profile_blocks,204,[2, 2]
native_profile_blocks,205,[102, 102, 2, 100, 100, 96, 4, 4]
native_profile_blocks,206,[2, 2, 0, 2, 2, 2, 0, 2, 2, 2, 0, 2, 2]
native_profile_blocks,207,[2, 2, 2, 2, 2, 0, 2, 2]
native_profile_blocks,208,[2, 2, 2, 0, 2, 2, 2, 2, 0, 2, 2, 0, 2, 2, 0, 0, 0, 0]
native_profile_blocks,209,[2, 2]
native_profile_blocks,210,[102, 102, 2, 100, 100, 100, 0, 100]
native_profile_blocks,211,[2, 2, 0, 2, 2, 2, 0, 0]
native_profile_blocks,212,[1, 1, 1, 1, 1, 1, 1, 0, 1, 0, 1, 1, 1, 1]
native_profile_blocks,213,[1, 1, 0, 1, 1, 1, 0, 1, 1, 1, 0, 1, 1, 1, 0, 1, 1, 1, 0, 1, 1, 1, 1, 1, 0, 1, 1, 1, 1, 0, 1, 1, 1, 0, 1, 1, 1, 0, 1, 1, 1, 0, 1, 1, 1, 1]
native_profile_blocks,214,[1, 1, 1, 1, 1, 0, 1, 1]
native_profile_blocks,215,[1, 1]
native_profile_blocks,216,[51, 51]
native_profile_blocks,217,[1, 1, 1]
native_profile_blocks,218,[51, 1, 50, 1, 0, 1, 0, 50, 50, 0, 50, 50, 50, 50, 50, 50, 0, 50, 50, 0, 50, 50]
native_profile_blocks,219,[1, 1, 0, 1, 0, 1, 1, 0, 1, 1, 1, 1, 1, 1, 1, 1, 1, 1, 1, 1, 1, 1, 1, 1, 0, 1, 1, 1, 0, 1, 1, 1, 1]
native_profile_blocks,220,[0, 0]
native_profile_blocks,221,[1, 1]
native_profile_blocks,222,[0, 0]
native_profile_blocks,223,[1, 1, 0, 1, 1, 1, 1, 0, 1, 1, 1, 1, 0, 1, 1, 1, 0, 1]
native_profile_blocks,224,[0, 0]
native_profile_blocks,225,[95507, 95507, 0, 95507, 95507, 95507, 95507]
native_profile_blocks,226,[1, 1]
native_profile_blocks,227,[34385, 34385, 0, 34385, 34385, 34385, 993, 33392, 993, 0, 993, 993, 993, 993, 993, 33392, 74, 33318, 74, 0, 74, 74, 74, 74, 33318, 0, 33318, 0, 0, 0, 0, 0, 0, 33318, 0, 33318, 0, 0, 33318, 0, 33318, 0, 0, 33318, 9, 33309, 9, 9, 33309, 12778, 20531, 12778, 0, 12778, 12778, 12778, 0, 12778, 12778, 12778, 12778, 20531, 2305, 18226, 2305, 0, 2305, 2305, 2305, 0, 2305, 2305, 2305, 2305, 18226, 15047, 3179, 15047, 0, 15047, 15047, 15047, 0, 15047, 15047, 15047, 15047, 3179, 67, 3112, 67, 0, 67, 67, 67, 67, 3112, 25, 3087, 25, 0, 25, 25, 25, 25, 25, 3087, 0, 3087, 0, 0, 0, 0, 0, 0, 0, 3087, 3069, 18, 3069, 0, 3069, 3069, 3069, 3069, 3069, 18, 18, 0, 18, 0, 18, 18, 18, 18, 18, 0, 0, 0, 0, 0, 0, 0, 0, 0, 0, 0, 0, 0, 0, 0, 0, 0, 0, 0, 0, 0]
native_profile_blocks,228,[671, 671, 0, 671, 671, 671, 671, 0, 671, 671, 671, 671]
native_profile_blocks,229,[50, 50]
native_profile_blocks,230,[50, 50]
native_profile_blocks,231,[38856, 38856]
native_profile_blocks,232,[38856, 38856]
native_profile_blocks,233,[19428, 19428]
native_profile_blocks,234,[1, 1, 1, 1]
native_profile_blocks,235,[50, 50, 50, 0, 50, 50, 50, 0, 50, 50, 50, 0, 50, 50, 50, 0, 50, 50, 50, 0, 50, 50, 50, 50, 0, 50, 50, 50, 50, 0, 50, 50, 50]
native_profile_blocks,236,[19427, 19427, 19427, 0, 19427, 19427]
native_profile_blocks,237,[24924]
native_profile_blocks,238,[1]
native_profile_blocks,239,[2, 0, 2, 2, 0, 2, 2]
native_profile_blocks,240,[50, 48, 2, 2, 0, 2, 0]
native_profile_blocks,241,[19428, 19428, 19428, 19428, 19428, 19428, 0, 19428, 19428, 19428, 19428, 0, 19428, 19428, 19428, 19428]
native_profile_blocks,242,[0, 0]
native_profile_blocks,243,[150, 150]
native_profile_blocks,244,[103305, 103305]
native_profile_blocks,245,[150, 150, 0, 150, 150, 150, 150]
native_profile_blocks,246,[150, 150, 150, 0, 150]
native_profile_blocks,247,[150, 150, 0, 150, 150, 0, 150, 0, 150, 0, 150, 0, 150, 150, 0]
native_profile_blocks,248,[150, 150, 150, 150]
native_profile_blocks,249,[2163, 2163]
native_profile_blocks,250,[0, 0]
native_profile_blocks,251,[150, 150, 150, 150, 0]
native_profile_blocks,252,[6, 6, 6, 0, 6]
native_profile_blocks,253,[6, 6, 0, 6, 6, 6, 6]
native_profile_blocks,254,[150, 150, 150, 0, 150, 150, 144, 6, 144, 144, 144, 0, 144, 6, 6, 0, 6, 6, 6]
native_profile_blocks,255,[150, 150]
native_profile_blocks,256,[150, 150, 150, 0, 150, 150, 150, 0, 150]
native_profile_blocks,257,[150, 150]
native_profile_blocks,258,[150, 150, 0, 150, 150, 150, 0, 150, 0, 150, 150, 0, 150, 0]
native_profile_blocks,259,[2163, 2163, 150, 2013, 2013, 2013, 2013, 2013, 2013, 2013, 0]
native_profile_blocks,260,[150, 150, 0, 150, 150, 0, 150, 150, 150, 0, 150, 150, 150, 0, 150, 150]
native_profile_blocks,261,[28, 28]
native_profile_blocks,262,[1, 1]
native_profile_blocks,263,[4, 4, 4, 4, 4, 0, 4, 4, 4, 4, 0, 4, 4, 4, 4]
native_profile_blocks,264,[25, 25, 0, 25, 25, 25, 25, 25, 0, 25, 25, 25, 25, 0, 25, 25, 25, 25]
native_profile_blocks,265,[1, 1]
native_profile_blocks,266,[18506]
native_profile_blocks,267,[50, 50, 0]
native_profile_blocks,268,[18604]
native_profile_blocks,269,[1, 1, 1, 0, 1, 1, 1, 0, 1, 1]
native_profile_blocks,270,[11555, 11555, 11555, 11555, 0, 11555, 11555]
native_profile_blocks,271,[1, 1, 1, 1, 0, 1, 1, 1, 1, 0, 1, 1, 1, 1, 0, 1, 1, 1, 1, 0, 1, 1, 1, 1, 0, 1, 1]
native_profile_blocks,272,[4, 4, 4, 4]
native_profile_blocks,273,[5016]
native_profile_blocks,274,[2502, 2502]
native_profile_blocks,275,[94583, 94583]
native_profile_blocks,276,[604, 604, 604, 604, 0, 604, 0]
native_profile_blocks,277,[0, 0, 0, 0, 0]
native_profile_blocks,278,[0, 0, 0, 0, 0, 0, 0, 0, 0, 0, 0]
native_profile_blocks,279,[100, 100, 100, 0, 100, 0, 100, 100, 100, 100, 100, 100, 100, 100, 100, 0, 100, 100, 0, 100, 0, 100, 100, 0, 100, 100, 0, 100, 0, 100, 100, 0, 100, 0, 100, 0]
native_profile_blocks,280,[2172544, 2172544]
native_profile_blocks,281,[100, 100]
native_profile_blocks,282,[100, 100]
native_profile_blocks,283,[1, 0, 1, 1]
native_profile_blocks,284,[19937, 19937]
native_profile_blocks,285,[18648, 18648, 18648, 0, 18648, 0, 0, 18648, 18648, 18648, 18648, 18648, 0, 18648, 0, 18648, 18648, 18648, 18648, 18648]
native_profile_blocks,286,[0, 0]
native_profile_blocks,287,[8, 1, 7, 1, 1, 7, 0, 7, 0, 7, 7, 0, 7, 0, 7]
native_profile_blocks,288,[1, 1, 1, 1, 0, 1, 1, 1, 1, 1, 1, 1, 0, 1, 1, 1, 0, 1, 0]
native_profile_blocks,289,[30, 30, 0, 30, 0, 30, 30, 0, 30, 0, 30, 30, 30]
native_profile_blocks,290,[9057, 9057, 9057, 9057, 9057, 9057, 9057, 9057]
native_profile_blocks,291,[29, 29, 29, 29]
native_profile_blocks,292,[9311, 256, 9055, 256, 256, 9055, 0, 9055, 0, 9055]
native_profile_blocks,293,[1, 1]
native_profile_blocks,294,[14206, 14206]
native_profile_blocks,295,[2, 1, 1, 1, 1, 1, 1, 0, 1, 0, 1]
native_profile_blocks,296,[0, 0]
native_profile_blocks,297,[50, 50, 50, 50, 0, 50, 50, 50, 50, 0, 50, 50, 0, 50, 50, 0, 50, 50, 50, 50, 50, 50, 50, 0, 50, 50, 50, 50, 0, 50, 50, 0, 50, 50, 0, 0, 0, 0]
native_profile_blocks,298,[50, 50]
native_profile_blocks,299,[0, 0]
native_profile_blocks,300,[51, 1, 50, 1, 1, 1, 50, 50, 50, 0, 50, 50, 50, 0, 50, 50, 50, 0, 50, 50, 50, 50, 50, 50, 50, 50, 50, 50, 50, 50, 50]
native_profile_blocks,301,[4, 4]
native_profile_blocks,302,[51, 1, 50, 1, 50, 50, 50, 50, 0, 50, 48, 2, 48, 2, 0, 2, 2, 2, 0, 2, 2, 0]
native_profile_blocks,303,[5, 1, 4, 1, 1, 4, 4, 4, 0, 4, 4]
native_profile_blocks,304,[1, 1, 0, 1, 1, 1, 1, 1, 0, 1, 0, 1, 1, 1, 1, 1, 1, 1]
native_profile_blocks,305,[1, 1, 0, 1, 1, 1, 1, 0, 1, 1]
native_profile_blocks,306,[101, 101, 1, 100, 1, 100, 0, 100, 100, 0, 100, 100, 100, 100, 0, 100, 100]
native_profile_blocks,307,[1, 1, 1, 1, 1, 1, 0, 1, 1, 1, 1]
native_profile_blocks,308,[1067, 1067]
native_profile_blocks,309,[0, 0]
native_profile_blocks,310,[0, 0]
native_profile_blocks,311,[0, 0]
native_profile_blocks,312,[9, 9]
native_profile_blocks,313,[12778, 12778]
native_profile_blocks,314,[2305, 2305]
native_profile_blocks,315,[15047, 15047]
native_profile_blocks,316,[67, 67]
native_profile_blocks,317,[25, 25]
native_profile_blocks,318,[3112, 3112]
native_profile_blocks,319,[3087, 3087]
native_profile_blocks,320,[0, 0]
native_profile_blocks,321,[671, 671]
native_profile_blocks,322,[580618, 580618, 19428, 561190, 19428, 19428, 561190, 0, 561190, 561190, 561190, 561190]
native_profile_blocks,323,[95507, 95507, 95507, 95507, 95507, 95507, 0, 95507, 95507]
native_profile_blocks,324,[580626, 19429, 561197, 19429, 19429, 561197, 0, 561197, 561197]
native_profile_blocks,325,[34385, 1067, 3112, 0, 0, 0, 9, 12778, 2305, 15047, 67, 1067, 993, 74, 993, 0, 993, 993, 74, 0, 74, 74, 25, 3087, 0, 0, 0, 0, 0, 12778, 0, 12778, 12778, 12778, 0, 12778, 12778, 2305, 0, 2305, 2305, 2305, 0, 2305, 2305, 15047, 0, 15047, 15047, 15047, 0, 15047, 15047, 67, 0, 67, 67]
native_profile_blocks,326,[671, 671, 671, 0, 671, 671, 671]
native_profile_blocks,327,[95507, 95507]
native_profile_blocks,328,[19428, 19428]
native_profile_blocks,329,[103305, 150, 103155, 103155, 0, 103155, 103155, 103155, 103155, 0, 103155, 103155]
native_profile_blocks,330,[34173, 2163, 32010, 32010, 0, 32010, 0, 32010, 24660, 7350]
native_profile_blocks,331,[150, 150]
native_profile_blocks,332,[1203, 1203, 1203, 1203, 1203, 0]
native_profile_blocks,333,[2109, 2109, 150, 1959, 1959, 1959, 1959, 1959, 1959, 1959, 0, 1959, 0, 1959, 1959, 1944, 15]
native_profile_blocks,334,[2013, 0, 2013, 2013]
native_profile_blocks,335,[29, 29]
native_profile_blocks,336,[25, 25]
native_profile_blocks,337,[28, 28]
native_profile_blocks,338,[4, 4, 4, 4, 4, 4, 0, 4, 4, 4]
native_profile_blocks,339,[25, 25, 25, 0, 25, 25, 25, 25, 25, 0, 25, 25, 25]
native_profile_blocks,340,[18506]
native_profile_blocks,341,[7518, 7518, 2502, 5016, 5016, 5016, 5016, 5016, 5016]
native_profile_blocks,342,[300, 300, 300, 300, 0]
native_profile_blocks,343,[104, 104]
native_profile_blocks,344,[204, 204, 0, 204, 0, 204, 204, 0, 204, 204, 204, 0, 204, 204]
native_profile_blocks,345,[350, 350]
native_profile_blocks,346,[100, 100, 0, 100, 100, 0, 100, 0, 100, 100, 100, 0, 100, 100]
native_profile_blocks,347,[100, 96, 4, 96, 96, 4, 4, 4, 4, 4, 0, 4, 4, 0, 4, 0]
native_profile_blocks,348,[200, 200]
native_profile_blocks,349,[100, 100, 0, 100, 100, 0, 100, 100, 100, 100, 0, 100]
native_profile_blocks,350,[100, 100]
native_profile_blocks,351,[0, 0]
native_profile_blocks,352,[1, 1, 1, 1, 1, 1, 1, 1, 0, 1, 1, 0, 1, 1, 0, 0, 0, 0]
native_profile_blocks,353,[480, 4, 476, 4, 4, 476, 0, 476, 476]
native_profile_blocks,354,[51, 1, 50, 50, 0]
native_profile_blocks,355,[1, 1, 0, 1, 1, 1, 1, 0, 1, 1, 1, 1, 1, 0, 1, 1]
native_profile_blocks,356,[51, 1, 50, 50, 50]
native_profile_blocks,357,[1, 1, 1, 0, 1, 1, 1]
native_profile_blocks,358,[60, 60]
native_profile_blocks,359,[0, 0]
native_profile_blocks,360,[27248, 9087, 18161, 9087, 9087, 18161, 0, 18161, 0, 18161]
native_profile_blocks,361,[58, 29, 29, 29]
native_profile_blocks,362,[1, 1, 1]
native_profile_blocks,363,[25551, 25551, 25551, 25551, 25551, 25551, 25551, 25551, 25551, 0, 25551, 0, 25551, 25551, 25551, 25551]
native_profile_blocks,364,[0, 0]
native_profile_blocks,365,[50, 50, 0, 50, 0, 50, 0, 50, 0, 50, 50, 50, 50, 50, 0, 50, 0, 50, 50, 50, 0, 50, 0, 50, 0, 50, 0, 50, 50, 50, 50, 0, 50, 0, 50, 50]
native_profile_blocks,366,[50, 50, 50, 50, 50, 50, 50, 50, 50, 50, 50, 50, 50, 50, 50, 50, 50, 50, 50, 50, 50, 50, 50, 50, 50, 50]
native_profile_blocks,367,[50, 50]
native_profile_blocks,368,[50, 50, 50, 50, 50, 50]
native_profile_blocks,369,[50, 50, 50, 50, 0, 50, 0, 50]
native_profile_blocks,370,[50, 50, 50, 50, 50, 50, 50, 50, 0, 50, 50]
native_profile_blocks,371,[50, 50, 50, 0, 50, 50]
native_profile_blocks,372,[50, 50, 50, 50, 50, 50, 50, 50, 0, 50, 50, 50, 50]
native_profile_blocks,373,[50, 50]
native_profile_blocks,374,[100, 100, 100, 100]
native_profile_blocks,375,[4018, 4018, 50, 3968, 3968, 3968, 3968, 3968, 3968]
native_profile_blocks,376,[102, 102, 0, 102, 0, 102, 102, 102, 102, 102, 102, 102, 102]
native_profile_blocks,377,[254, 254]
native_profile_blocks,378,[152, 152]
native_profile_blocks,379,[2, 2, 2, 2, 2, 2, 2, 0, 2, 0, 2, 2, 2]
native_profile_blocks,380,[0, 0]
native_profile_blocks,381,[156, 4, 152, 4, 4, 152, 152, 152, 0, 152, 152]
native_profile_blocks,382,[1, 1, 1, 1, 1, 0, 1, 1, 1, 1, 1, 0, 1, 1, 1, 1, 1, 1, 0, 1, 1]
native_profile_blocks,383,[1, 1, 0, 1, 1, 1, 1, 1, 1, 1, 0, 1, 1, 1, 1, 0, 1, 1, 1, 1, 0, 1, 1, 1, 0, 1, 1, 1, 0, 1, 1, 1, 1, 1]
native_profile_blocks,384,[0, 0]
native_profile_blocks,385,[1, 1]
native_profile_blocks,386,[1, 1, 1, 1, 1, 1, 0, 1, 1, 1, 1, 0, 1, 1]
native_profile_blocks,387,[101, 101, 1, 100, 1, 100, 0, 100, 100, 100, 100, 0, 100, 100]
native_profile_blocks,388,[32254, 32254, 32254, 32254, 0, 32254, 0]
native_profile_blocks,389,[100, 100, 0, 100, 0, 100, 100, 100, 100, 100, 0, 100, 100, 100, 100, 100, 0, 100, 100, 100]
native_profile_blocks,390,[1, 1, 1, 0, 1, 1]
native_profile_blocks,391,[503, 503]
native_profile_blocks,392,[26, 1, 25, 1, 25, 25, 25, 0, 25, 25, 25, 0, 25, 25, 25, 25, 0, 25, 25, 0, 25, 25, 25, 25, 25, 25, 25, 25, 25, 25, 25, 25, 25, 0, 25, 0, 25]
native_profile_blocks,393,[22843, 22843]
native_profile_blocks,394,[3112, 3112, 3112, 0, 3112, 3112]
native_profile_blocks,395,[3112, 3112, 3112, 18, 3094]
native_profile_blocks,396,[103155, 3201, 9336, 0, 0, 0, 27, 38334, 6915, 45141, 201, 75, 9261, 0, 75, 9261, 0, 0, 0, 0, 0, 0, 45141, 0, 45141, 0, 45141, 0, 45141, 0, 45141]
native_profile_blocks,397,[215004, 215004, 215004, 215004, 0, 215004, 0]
native_profile_blocks,398,[1203, 1203, 1203, 1203, 1203, 1203, 0]
native_profile_blocks,399,[1959, 1959, 1959, 0, 1959, 0, 1959, 1959, 1959, 1959, 1959]
native_profile_blocks,400,[300, 300]
native_profile_blocks,401,[300, 300, 0, 300, 300, 300]
native_profile_blocks,402,[0, 0]
native_profile_blocks,403,[0, 0]
native_profile_blocks,404,[204, 204, 204, 0, 204, 204]
native_profile_blocks,405,[304, 304]
native_profile_blocks,406,[0, 0]
native_profile_blocks,407,[51, 51, 1, 50, 50, 50, 50, 50]
native_profile_blocks,408,[478, 478, 478, 0, 0]
native_profile_blocks,409,[50, 50]
native_profile_blocks,410,[2, 1, 1, 1, 1, 1, 1, 0, 1, 1, 1, 0, 1, 1]
native_profile_blocks,411,[60, 60, 0, 60, 0, 60, 60, 60, 60, 0, 60, 0]
native_profile_blocks,412,[1, 1, 1, 1, 1, 0, 1]
native_profile_blocks,413,[30651, 30651, 0, 30651, 0, 30651]
native_profile_blocks,414,[0, 0]
native_profile_blocks,415,[20452, 20452, 20452, 20452, 20452, 20452, 20452, 20452, 20452, 20452, 20452, 20452, 20452, 20452, 20452, 20452, 20452, 20452, 20452, 20452, 20452, 20452, 20452, 20452, 20452, 20452, 20452, 20452, 20452, 20452, 20452, 20452, 20452, 20452, 20452, 20452, 20452, 20452, 0, 20452, 20452, 0]
native_profile_blocks,416,[3490, 3490, 1350, 2140, 2140, 2140]
native_profile_blocks,417,[7824, 7824, 7824]
native_profile_blocks,418,[100, 100, 0, 100, 0, 100]
native_profile_blocks,419,[922285, 922285]
native_profile_blocks,420,[50, 50]
native_profile_blocks,421,[34435, 50, 34385, 34385, 0, 34385, 0, 34385]
native_profile_blocks,422,[11391, 721, 10670, 721, 10670, 0, 10670, 0, 10670, 0, 10670, 0, 10670]
native_profile_blocks,423,[0, 0]
native_profile_blocks,424,[50, 50, 50, 0, 50, 50, 0, 50, 50, 0, 50, 50, 0, 50, 50, 0, 50, 50, 50, 50, 50, 50, 50, 0, 50, 50]
native_profile_blocks,425,[100, 100]
native_profile_blocks,426,[1506, 1506, 0, 1506, 1506, 1506, 0, 1506, 1506]
native_profile_blocks,427,[1374, 1374, 1374, 1374, 1374]
native_profile_blocks,428,[771, 771, 771, 771]
native_profile_blocks,429,[703, 703, 50, 653, 50, 653, 653, 653, 653, 653, 0, 653, 653, 0, 653, 653, 653, 653, 653, 0]
native_profile_blocks,430,[150, 50, 100, 0, 100, 0, 100, 100, 100, 100, 100, 100]
native_profile_blocks,431,[0, 0]
native_profile_blocks,432,[14470, 14470, 14470, 14470, 14470]
native_profile_blocks,433,[0, 0, 0, 0, 0]
native_profile_blocks,434,[99, 99, 99, 0, 99, 99, 99, 99, 2, 97, 2, 2, 97, 97, 97]
native_profile_blocks,435,[406, 152, 254, 152, 152, 254, 254, 254, 0, 254, 254]
native_profile_blocks,436,[1, 1, 1, 0, 1, 1, 1]
native_profile_blocks,437,[58301, 58301]
native_profile_blocks,438,[1, 1, 1, 0, 1, 1, 1, 0, 1, 0, 1, 1, 0, 1, 0, 0]
native_profile_blocks,439,[15201, 15201]
native_profile_blocks,440,[5, 5, 1, 4, 4, 4, 4, 4, 4, 4, 0, 4, 0, 4, 4]
native_profile_blocks,441,[1, 1, 0, 1, 1, 1, 0, 1, 0, 1, 1, 0, 1, 0, 0]
native_profile_blocks,442,[5, 5, 1, 4, 4, 4, 4, 4, 4, 4, 0, 4, 0, 4, 4]
native_profile_blocks,443,[2, 2]
native_profile_blocks,444,[5001, 5001]
native_profile_blocks,445,[1, 1, 1, 0, 1, 1, 1, 1, 1, 0, 1, 1, 1, 1, 0, 1, 0, 1, 1, 0, 1, 0, 0]
native_profile_blocks,446,[5, 5, 1, 4, 4, 4, 4, 4, 0, 4, 4]
native_profile_blocks,447,[1, 1, 0, 1, 1, 1, 0, 1, 1, 0, 1, 1, 0, 0, 0, 0]
native_profile_blocks,448,[153, 153, 1, 152, 152, 152, 152, 152, 9, 143]
native_profile_blocks,449,[1, 1, 1, 0, 1, 1, 1, 1, 0, 1, 0, 1, 1, 0, 1, 0, 0]
native_profile_blocks,450,[5, 5]
native_profile_blocks,451,[153, 153, 1, 152, 152, 152, 152, 152, 152, 152, 0, 0, 152, 152]
native_profile_blocks,452,[1, 1, 1, 0, 1, 0, 1]
native_profile_blocks,453,[1, 1, 0, 1, 1, 1, 1, 1, 1, 0, 1, 1, 1, 1, 1, 0, 1, 1, 0, 1, 1, 0, 0, 0, 0]
native_profile_blocks,454,[1]
native_profile_blocks,455,[5, 5, 1, 4, 4, 4, 4, 4]
native_profile_blocks,456,[1, 1, 0, 1, 1, 1, 0, 1, 0, 1, 1, 0, 1, 0, 0]
native_profile_blocks,457,[26, 26, 1, 25, 25, 25, 25, 25, 25, 25, 0, 25, 25, 0, 25, 0, 25, 25, 0, 25]
native_profile_blocks,458,[1, 1, 1, 0, 1, 1, 1, 0, 1, 0, 1, 1, 0, 1, 0, 0]
native_profile_blocks,459,[5001, 5001]
native_profile_blocks,460,[26, 26, 1, 25, 25, 25, 25, 25, 25, 25, 25, 25, 0, 0, 25, 25]
native_profile_blocks,461,[1, 1, 1, 0, 1, 1, 1, 1, 1, 0, 1, 1, 1, 1, 1, 0, 1, 0, 1, 1, 0, 1, 0, 0]
native_profile_blocks,462,[17731, 17731]
native_profile_blocks,463,[26, 26, 25, 1, 25, 25, 25, 25, 25, 25]
native_profile_blocks,464,[26, 26, 1, 25, 25, 25, 25, 25, 25, 25, 0, 25, 25]
native_profile_blocks,465,[1, 1, 0, 1, 1, 1]
native_profile_blocks,466,[26, 1, 25, 1, 0, 1, 1, 0, 25, 25, 0, 25, 25, 25, 0, 25, 25, 25, 0, 25, 25, 25, 0, 25, 25, 25, 25]
native_profile_blocks,467,[26, 26, 25, 1, 25, 25, 1, 0, 1, 0, 1, 0, 1, 0, 1, 1, 0, 1, 0, 1, 1, 1, 0, 1, 1, 0]
native_profile_blocks,468,[101, 101, 1, 100, 1, 1, 100, 0, 100, 100, 100, 100, 0, 100, 100, 100, 100]
native_profile_blocks,469,[1, 1, 0, 1, 1]
native_profile_blocks,470,[5, 1, 4, 1, 4, 4, 4, 0, 4, 0, 4]
native_profile_blocks,471,[1, 1, 1, 0, 1, 1, 1, 1, 1, 1, 0, 1, 1, 1, 0, 1, 0, 1, 1, 0, 1, 0, 0]
native_profile_blocks,472,[101, 101, 1, 100, 100, 100, 100, 100, 100, 0, 0, 100, 100]
native_profile_blocks,473,[100, 100, 100, 0, 100, 100, 100, 100, 100, 0, 100, 100, 100, 0, 100, 100, 100, 100, 100, 0, 100, 100]
native_profile_blocks,474,[100, 100, 100, 100, 0, 100, 0]
native_profile_blocks,475,[100, 100]
native_profile_blocks,476,[100, 100, 100, 0, 100, 100, 0, 100, 100, 100, 0, 100, 100, 100, 0, 100, 100]
native_profile_blocks,477,[3900, 3900]
native_profile_blocks,478,[2600, 2600, 100, 2500, 100, 100, 2500, 0, 2500, 2500, 2500, 2500, 2500, 0, 2500, 2500, 2500, 2500]
native_profile_blocks,479,[100, 100, 100, 100, 100, 100, 0, 100, 100, 100, 100, 100, 0, 100, 100, 0, 100, 0, 100, 100, 100, 100, 100, 100, 100]
native_profile_blocks,480,[2525, 25, 2500, 25, 25, 2500, 0, 2500, 2500, 0, 2500, 2500, 2500, 2500, 2500, 2500, 2500, 2500, 2500, 2500, 2500]
native_profile_blocks,481,[177, 177]
native_profile_blocks,482,[29, 29, 0, 29, 29, 29, 29, 29, 29, 29, 29, 0, 29, 29, 0, 29, 29, 0, 29, 29, 29, 0, 29, 29, 29, 29, 29, 29, 0, 29]
native_profile_blocks,483,[0, 0]
native_profile_blocks,484,[609673, 26385, 583288, 583288]
native_profile_blocks,485,[45249, 45249, 0, 45249, 0, 45249, 0, 45249, 0, 45249, 41202, 4047]
native_profile_blocks,486,[9336, 9336, 9336, 9336, 0, 9336]
native_profile_blocks,487,[9336, 9336]
native_profile_blocks,488,[0, 0]
native_profile_blocks,489,[3972, 1959, 2013, 1959, 2013, 2013, 0, 2013, 0, 2013, 0, 2013, 0, 2013, 0, 2013, 0, 2013, 2013]
native_profile_blocks,490,[3972, 1959, 2013, 2013, 2013]
native_profile_blocks,491,[1959]
native_profile_blocks,492,[3972, 1959, 2013, 2013, 2013, 2013, 2013, 0, 2013]
native_profile_blocks,493,[50, 50, 50, 50, 50, 50, 50, 50, 50, 50, 50]
native_profile_blocks,494,[479, 479]
native_profile_blocks,495,[1, 1, 1, 1]
native_profile_blocks,496,[161, 161, 161, 161, 161, 161, 161]
native_profile_blocks,497,[19, 19, 1, 18, 18, 18, 18, 18, 18]
native_profile_blocks,498,[0, 0]
native_profile_blocks,499,[34385, 1067, 3112, 0, 0, 0, 9, 12778, 2305, 15047, 67, 1067, 25, 3087, 0, 25, 25, 3087, 3087, 0, 0, 0, 0, 0, 0, 0, 9, 9, 12778, 0, 12778, 0, 12778, 0, 12778, 0, 12778, 2305, 0, 2305, 0, 2305, 0, 2305, 0, 2305, 15047, 0, 15047, 0, 15047, 0, 15047, 0, 15047, 67, 0, 67, 0, 67]
native_profile_blocks,500,[77792, 77792, 77792, 77792, 0, 77792, 0]
native_profile_blocks,501,[31751, 31751]
native_profile_blocks,502,[653, 653, 653, 653, 653, 653, 603, 50, 603, 603, 50, 50, 0, 50, 50]
native_profile_blocks,503,[653, 653, 653, 653, 653, 653, 653, 0, 653, 653, 0, 653, 653, 653, 653]
native_profile_blocks,504,[653, 653, 653, 0, 653, 653]
native_profile_blocks,505,[100, 100, 100]
native_profile_blocks,506,[4, 0, 4, 4]
native_profile_blocks,507,[156, 156, 4, 152, 152, 152, 152, 152, 152, 152, 0, 152, 0, 152, 152]
native_profile_blocks,508,[4, 0, 4, 4]
native_profile_blocks,509,[156, 156, 4, 152, 152, 152, 152, 152, 0, 152, 152]
native_profile_blocks,510,[152, 152]
native_profile_blocks,511,[26, 1, 25, 25]
native_profile_blocks,512,[25, 0, 25, 25]
native_profile_blocks,513,[25, 25, 0]
native_profile_blocks,514,[2525, 2525, 25, 2500, 2500, 2500, 2500, 2500, 2500, 2500, 2500, 2500, 2500, 0, 0]
native_profile_blocks,515,[25, 25, 0, 25, 25, 25, 25, 0, 0, 25, 25]
native_profile_blocks,516,[0, 0]
native_profile_blocks,517,[0, 0]
native_profile_blocks,518,[101, 101, 0, 101, 0, 101, 101, 101, 101, 101]
native_profile_blocks,519,[0, 0]
native_profile_blocks,520,[4, 4, 4, 0, 4, 4, 4, 4, 4, 4, 4, 4, 0, 4, 4, 0, 4, 4, 4, 4, 4, 0, 4, 0, 4]
native_profile_blocks,521,[156, 156, 152, 4, 152, 152, 152, 152, 152, 152, 152, 152]
native_profile_blocks,522,[33, 33, 33, 33, 0, 33, 33, 0, 33, 0, 0, 0]
native_profile_blocks,523,[404, 404, 400, 4, 400, 400, 400, 400, 400, 400, 400]
native_profile_blocks,524,[0, 0]
native_profile_blocks,525,[500, 100, 400, 400, 0, 400, 400, 400, 0, 400, 400, 400, 400, 400, 400, 400, 0, 400, 400, 400, 400, 0, 400, 400]
native_profile_blocks,526,[100, 100, 0, 100, 0, 100, 0, 100, 100, 100, 100]
native_profile_blocks,527,[100, 100]
native_profile_blocks,528,[3400, 100, 3300, 3300, 3300]
native_profile_blocks,529,[3400, 100, 3300, 100, 3300, 0, 3300, 3300, 0, 3300, 1900, 1400, 1400, 1400, 1400]
native_profile_blocks,530,[2500, 2500, 2500, 0, 2500, 2500, 0, 2500, 2500, 2500, 0, 2500, 2500]
native_profile_blocks,531,[100, 100]
native_profile_blocks,532,[100, 100]
native_profile_blocks,533,[0, 0]
native_profile_blocks,534,[22800]
native_profile_blocks,535,[22800, 22800, 22800]
native_profile_blocks,536,[100, 100, 100]
native_profile_blocks,537,[100, 100]
native_profile_blocks,538,[7500, 2500, 5000, 5000, 5000, 5000, 5000]
native_profile_blocks,539,[29, 29, 29, 0, 29, 0, 29]
native_profile_blocks,540,[29, 29]
native_profile_blocks,541,[29, 29]
native_profile_blocks,542,[29, 29, 29, 29, 29, 29, 29, 0, 29, 29]
native_profile_blocks,543,[478, 478, 29, 449, 29, 449, 0, 449, 449, 449, 449, 0, 449, 449]
native_profile_blocks,544,[29, 29]
native_profile_blocks,545,[58, 29, 29, 29, 29, 29, 29, 29, 0, 29, 29, 29, 29, 0, 29, 0]
native_profile_blocks,546,[3972, 1959, 2013, 2013]
native_profile_blocks,547,[19, 1, 18, 18, 18]
native_profile_blocks,548,[161, 161]
native_profile_blocks,549,[1449, 1449, 1449, 1288, 161, 1288, 1288, 1288, 1288, 1288, 1288]
native_profile_blocks,550,[3112, 18, 3094, 18, 3094]
native_profile_blocks,551,[67, 67, 67, 67, 67]
native_profile_blocks,552,[8729, 8729, 8729, 8729, 8729]
native_profile_blocks,553,[1324, 653, 671, 653, 671, 0, 671, 671, 671, 0, 671, 671, 0, 671, 671, 671]
native_profile_blocks,554,[653, 653, 653, 653, 653, 653, 653]
native_profile_blocks,555,[152, 0, 152, 152]
native_profile_blocks,556,[406, 406, 152, 254, 254, 254, 254, 254, 254, 254, 254, 0, 0, 254, 254]
native_profile_blocks,557,[2500, 0, 2500, 2500]
native_profile_blocks,558,[362, 362, 33, 329, 329, 329, 329, 71, 258]
native_profile_blocks,559,[15600, 400, 15200, 400, 0, 0, 15200, 15200, 0, 15200]
native_profile_blocks,560,[100, 100]
native_profile_blocks,561,[3400, 3400, 100, 3300, 3300, 3300]
native_profile_blocks,562,[1400, 1400]
native_profile_blocks,563,[2500, 2500, 2500, 0, 2500, 2500, 2500, 2500, 2500, 2500, 0, 2500, 2500, 2500, 0, 2500, 2500, 2500, 0, 2500, 2500, 2500, 2500, 2500, 2500, 0, 2500, 2500, 2500, 2500, 2500, 0, 2500, 2500, 2500, 2500, 2500, 0, 2500, 2500, 2500, 2500, 2500]
native_profile_blocks,564,[3709, 3709, 2500, 1209, 2500, 0, 1209, 0, 1209, 1209, 0, 1209, 0, 1209]
native_profile_blocks,565,[2500, 2500, 2500, 2500, 0, 2500, 2500, 2500, 2500, 2500, 2500, 0, 2500, 2500, 2500, 2500, 2500, 0, 2500, 2500, 0, 2500]
native_profile_blocks,566,[2500, 2500, 2500, 2500, 2500, 0, 2500, 2500, 2500, 1300, 1200, 1300, 1300, 1300, 1300]
native_profile_blocks,567,[2500, 2500]
native_profile_blocks,568,[350300, 350300, 22800, 327500, 327500, 327500, 327500, 327500, 327500]
native_profile_blocks,569,[327769, 327769, 20183, 307586, 307586, 2617, 304969, 304969, 304969, 304969, 304969, 304969, 304969, 146634, 158335]
native_profile_blocks,570,[100, 100, 100, 100, 100, 0, 100]
native_profile_blocks,571,[29, 29, 29, 0, 29, 29]
native_profile_blocks,572,[29, 29]
native_profile_blocks,573,[29, 29, 29, 29, 29, 29, 0, 29, 29, 29, 0, 29, 0, 29, 29, 0, 29, 0, 0]
native_profile_blocks,574,[29, 29]
native_profile_blocks,575,[206, 206, 29, 177, 177, 177, 177, 177, 177, 0, 0, 177, 177]
native_profile_blocks,576,[29, 29, 29, 0, 29, 29, 29, 29, 0]
native_profile_blocks,577,[29, 29]
native_profile_blocks,578,[29, 29, 29, 0, 29, 29, 29, 29, 0, 29, 0, 29, 29, 0, 29, 0, 0]
native_profile_blocks,579,[29, 29]
native_profile_blocks,580,[206, 206, 29, 177, 177, 177, 177, 177, 177, 0, 0, 177, 177]
native_profile_blocks,581,[2929, 29, 2900, 29, 2900, 2900, 2900, 2900, 2900, 0, 2900, 2900, 2900, 2900, 0, 2900]
native_profile_blocks,582,[15931, 15931, 15931]
native_profile_blocks,583,[29, 29]
native_profile_blocks,584,[29, 29]
native_profile_blocks,585,[2929, 29, 2900, 2900, 2900, 0, 2900]
native_profile_blocks,586,[27466, 164, 27302, 164, 285, 27017, 285, 0, 285, 0, 285, 285, 285, 170, 115, 170, 115, 27017, 27017, 27017, 27017, 27017, 2407, 24610, 2407, 2407, 2407, 0, 2407, 2407, 24610, 0, 24610, 0, 24610, 24610, 12684, 11926, 12684, 11926]
native_profile_blocks,587,[449, 449, 449, 449, 0, 449, 0, 449, 449, 40, 409]
native_profile_blocks,588,[29, 29, 29, 29, 29, 0]
native_profile_blocks,589,[29, 29]
native_profile_blocks,590,[1288, 1288, 1288, 1288, 1288, 1232, 56, 1232, 1232, 1232, 56, 56, 56, 56]
native_profile_blocks,591,[671, 671, 671, 671, 0, 671, 671, 671, 671]
native_profile_blocks,592,[1324, 653, 671, 671, 671]
native_profile_blocks,593,[1324, 1324, 1324]
native_profile_blocks,594,[2031, 1324, 707, 707]
native_profile_blocks,595,[9368, 9368, 9368, 9368, 9368, 9368, 9368, 9368, 9368, 9368, 9368]
native_profile_blocks,596,[3153, 3153, 3153, 3153, 3153, 3153, 0, 3153, 3153, 3153, 3153, 3153]
native_profile_blocks,597,[1324, 653, 671, 671, 671, 671, 671, 671, 671, 671, 671, 671, 671, 671]
native_profile_blocks,598,[329, 329]
native_profile_blocks,599,[0, 0]
native_profile_blocks,600,[15200, 15200, 15200, 15200, 15200, 15200, 0, 15200, 15200, 0, 15200, 1400, 13800, 1400, 1400, 13800]
native_profile_blocks,601,[2500, 2500, 2500, 2500, 0, 2500, 2500]
native_profile_blocks,602,[2500, 2500, 2500, 2500, 2500, 0, 2500, 0, 2500, 0]
native_profile_blocks,603,[200, 200, 100, 100, 100, 100, 100, 100]
native_profile_blocks,604,[2900, 2900]
native_profile_blocks,605,[20600, 2900, 17700, 2900, 0, 2900, 0, 17700, 17700, 17700, 17700, 17700, 17700, 0, 17700]
native_profile_blocks,606,[2929, 2929, 2900, 29, 2900, 2900, 2900, 2900, 2900, 2900, 2900]
native_profile_blocks,607,[50829]
native_profile_blocks,608,[2900, 2900, 0, 2900, 0, 0, 2900, 2900, 1856, 1044, 0, 1856, 1856, 0, 1044, 1044, 1044, 1044, 1044, 1044, 1044, 1044, 1044]
native_profile_blocks,609,[2900, 2900, 2900, 2900, 2900, 0, 2900, 2900, 2900, 2900, 2871, 29, 2871, 2871, 2871, 464, 2407, 464, 0, 464, 464, 0, 464, 464, 0, 464, 464, 464, 464, 464, 0, 464]
native_profile_blocks,610,[24895, 24895, 24895, 24895, 0, 24895, 0]
native_profile_blocks,611,[285, 285, 285, 285, 285, 285]
native_profile_blocks,612,[33373, 33373]
native_profile_blocks,613,[30937, 30937]
native_profile_blocks,614,[2407, 2407, 2407, 0, 2407, 2407, 0, 2407, 2407, 2407, 2407, 2407, 2407, 2407]
native_profile_blocks,615,[2407, 2407]
native_profile_blocks,616,[24610, 24610, 24610, 0, 24610, 24610, 24610, 24610, 24610]
native_profile_blocks,617,[3437, 3437, 409, 3028, 3028, 3028, 3028, 40, 2988, 2988]
native_profile_blocks,618,[3675, 40, 3635, 3635, 3635, 0, 3635, 3635, 0, 3635, 3635, 3635, 3635, 3635]
native_profile_blocks,619,[957, 957, 29, 928, 928, 928, 928, 928, 928, 0]
native_profile_blocks,620,[671, 671]
native_profile_blocks,621,[671, 671, 671, 671, 671, 0, 671]
native_profile_blocks,622,[8824, 8824, 3153, 5671, 5671, 5671, 5671, 5671, 5671, 5671, 5671]
native_profile_blocks,623,[671]
native_profile_blocks,624,[1360, 1360, 671, 689, 0, 689, 689]
native_profile_blocks,625,[671, 671]
native_profile_blocks,626,[15200, 15200, 15200, 0, 15200]
native_profile_blocks,627,[15200, 15200, 15200, 0, 15200, 15200, 15200, 0, 15200, 15200, 15200]
native_profile_blocks,628,[40600, 15200, 25400, 15200, 25400, 25400, 25400, 0, 25400, 25400, 25400]
native_profile_blocks,629,[15200, 15200, 15200, 0, 15200, 0, 15200]
native_profile_blocks,630,[2500, 2500, 2500, 0, 2500, 2500, 0, 2500, 0, 2500, 0, 2500, 0, 2500, 2500, 2500, 2500, 2500, 2500]
native_profile_blocks,631,[7500, 7500, 5000, 2500, 5000, 5000, 5000, 5000, 5000, 5000, 5000]
native_profile_blocks,632,[2500, 2500, 2500, 0, 2500, 2500, 2500, 2500, 2500]
native_profile_blocks,633,[7500, 2500, 5000, 2500, 0, 0, 5000, 5000, 5000, 5000, 5000, 5000, 0, 5000, 0, 5000, 5000, 5000, 5000]
native_profile_blocks,634,[0, 0]
native_profile_blocks,635,[17700, 17700]
native_profile_blocks,636,[1854529, 50829, 1803700, 1803700]
native_profile_blocks,637,[1044, 1044, 1044, 1044, 1044]
native_profile_blocks,638,[2871, 2871, 0, 2871, 0, 0, 2871, 2871, 1044, 1827, 0, 1044, 1044, 0, 1827, 1827, 1827, 1827, 1827, 1827, 1827, 1827, 1827]
native_profile_blocks,639,[2871, 2871]
native_profile_blocks,640,[464, 464, 464, 0, 464]
native_profile_blocks,641,[464, 464]
native_profile_blocks,642,[2900, 2900]
native_profile_blocks,643,[64847, 64847, 64847, 64847, 0, 64847, 0]
native_profile_blocks,644,[928, 928, 464, 464, 464, 464, 464, 464, 464, 464, 464, 0, 464, 464, 0]
native_profile_blocks,645,[2436, 2436, 2436, 2436, 0, 2436, 2436, 2436, 2436]
native_profile_blocks,646,[6071, 6071, 0, 6071, 6071, 0, 6071, 6071]
native_profile_blocks,647,[6071, 6071, 6071, 6071, 6071, 0, 6071, 6071, 0, 6071, 6071, 0, 0, 0, 0]
native_profile_blocks,648,[8679, 8679, 671, 8008, 8008, 8008, 8008, 8008, 8008]
native_profile_blocks,649,[689, 0, 689, 689, 671, 18, 18, 18]
native_profile_blocks,650,[15200, 15200, 15200, 0, 15200, 15200, 0, 15200, 0, 15200, 15200, 15200, 15200, 15200, 15200, 15200, 15200]
native_profile_blocks,651,[15200, 15200, 0, 15200, 15200]
native_profile_blocks,652,[25400, 25400, 25400, 0, 25400, 25400, 25400, 25400, 0, 25400, 0, 25400, 25400, 25400, 0, 25400, 25400]
native_profile_blocks,653,[25400, 25400, 25400, 25400, 25400, 25400, 0, 25400, 25400, 25400, 25400]
native_profile_blocks,654,[0, 0]
native_profile_blocks,655,[15000, 5000, 10000, 10000, 10000, 5000, 5000, 5000, 5000, 5000, 5000, 5000]
native_profile_blocks,656,[2871, 2871]
native_profile_blocks,657,[1827, 1827, 1827, 1827]
native_profile_blocks,658,[18802, 1146, 17656, 1725, 15931, 15931, 8061, 7870, 8061, 7870]
native_profile_blocks,659,[487900, 487900, 17700, 470200, 470200, 470200, 470200, 470200, 470200, 0]
native_profile_blocks,660,[200497, 6071, 194426, 6071, 194426, 194426, 16841, 177585, 16841, 0, 16841, 16841, 16841, 0, 16841, 16841, 16841, 0, 16841, 16841, 177585]
native_profile_blocks,661,[453797, 453797, 6071, 447726, 447726, 447726, 447726, 447726]
native_profile_blocks,662,[8008, 8008]
native_profile_blocks,663,[25400]
native_profile_blocks,664,[925800, 25400, 900400, 900400]
native_profile_blocks,665,[12557, 0, 12557, 12557, 2871, 9686, 9686, 9686]
native_profile_blocks,666,[34077, 16841, 17236, 16841, 17236, 0, 17236, 17236, 0, 17236, 17236, 17236, 17236, 17236, 0, 17236]
native_profile_blocks,667,[925800, 25400, 900400, 0, 900400, 900400, 900400]
native_profile_blocks,668,[900400, 900400, 900400, 900400, 900400, 900400, 900400, 900400, 900400]
native_profile_blocks,669,[17236, 17236, 17236, 0, 17236]
native_profile_blocks,670,[17236, 17236]
native_profile_blocks,671,[1, 1, 1, 1, 1, 1, 1, 1, 1, 1, 1, 1, 1, 1, 1, 0, 1]
native_profile_complete,true,1703268652,360337913,58068278,64855726,123136765,1633.202316007,[303848647, 55345920, 0, 1143346, 0],[303848647, 493886956, 58963045, 80800583, 75065002, 301742966, 22543217, 4470, 1143346, 3520242, 37512228, 1143346, 38390193, 24834379, 4618482, 1195794, 0, 156317, 4618482, 1603149, 106369, 3464, 3464, 812, 19678032, 63650236, 13990348, 19678032, 2592093, 64722381, 63252577]
test ixby::paged_exec::profile_tests::streaming_native_execution_profile ... ok

test result: ok. 1 passed; 0 failed; 0 ignored; 0 measured; 380 filtered out; finished in 1636.04s
