
running 1 test
native_profile_source,6cb98536ddf8ed1af36775fffea7fd92588cae535626e2ab6273e3a76027fae7,84418860c872d76e77c9b7fa466d091a6f995cd1ed7a1872fb5349131aea17c3,246c11e011f9a481b944ee3cdc7dc14d57b28f467e9bb6f442c30baa433a0766,203923,672
native_profile_window,window-000000000000.ixqp,0,100000,0,24172
native_profile_progress,100000,24172,3260,36,4839,2.198397496,[20120, 32543, 4029, 6207, 5023, 20166, 1855, 5, 80, 0, 2096, 80, 3096, 2020, 713, 374, 0, 2, 713, 34, 0, 0, 0, 0, 112, 409, 141, 112, 34, 34, 2]
native_profile_progress,200000,48599,6389,36,7979,3.647257019,[40398, 65223, 8139, 12538, 10119, 40544, 3750, 5, 163, 0, 4200, 163, 6308, 4081, 1372, 745, 0, 2, 1372, 34, 0, 0, 0, 0, 112, 409, 141, 112, 34, 34, 2]
native_profile_progress,300000,72935,9534,36,11136,4.958794051,[60662, 97915, 12280, 18764, 15186, 60883, 5667, 5, 240, 0, 6346, 240, 9530, 6152, 2061, 1128, 0, 2, 2061, 34, 0, 0, 0, 0, 112, 409, 141, 112, 34, 34, 2]
native_profile_progress,400000,97332,12677,36,14382,6.132602749,[80926, 130594, 16384, 25069, 20273, 81260, 7571, 5, 322, 2, 8461, 322, 12755, 8220, 2727, 1502, 0, 2, 2727, 34, 0, 0, 0, 0, 112, 409, 141, 112, 34, 34, 2]
native_profile_progress,500000,121691,15815,36,17532,7.336060918,[101196, 163289, 20521, 31322, 25346, 101604, 9481, 5, 400, 2, 10597, 400, 15971, 10286, 3409, 1882, 0, 2, 3409, 34, 0, 0, 0, 0, 112, 409, 141, 112, 34, 34, 2]
native_profile_window,window-000000500000.ixqp,500000,600000,121691,146042
native_profile_progress,600000,146042,18951,36,20678,8.965195815,[121468, 195985, 24665, 37562, 30418, 121942, 11394, 5, 477, 2, 12738, 477, 19182, 12352, 4095, 2263, 0, 2, 4095, 34, 0, 0, 0, 0, 112, 409, 141, 112, 34, 34, 2]
native_profile_progress,700000,170373,22101,36,23842,10.568533542,[141724, 228677, 28804, 43783, 35485, 142284, 13312, 5, 555, 2, 14883, 555, 22412, 14427, 4783, 2646, 0, 2, 4783, 34, 0, 0, 0, 0, 112, 409, 141, 112, 34, 34, 2]
native_profile_progress,800000,194705,25277,36,27031,12.037102378,[161970, 261310, 32897, 49995, 40549, 162656, 15246, 5, 634, 12, 17044, 634, 25667, 16519, 5475, 3032, 0, 2, 5475, 34, 0, 0, 0, 0, 112, 409, 141, 112, 34, 34, 2]
native_profile_progress,900000,218981,28461,36,30227,13.420663817,[182190, 293968, 37016, 56154, 45608, 183037, 17185, 5, 713, 12, 19214, 713, 28930, 18616, 6170, 3419, 0, 2, 6170, 34, 0, 0, 0, 0, 112, 409, 141, 112, 34, 34, 2]
native_profile_progress,1000000,243298,31618,36,33396,14.797569262,[202438, 326646, 41149, 62357, 50673, 203397, 19108, 5, 791, 12, 21370, 791, 32165, 20695, 6860, 3803, 0, 2, 6860, 34, 0, 0, 0, 0, 112, 409, 141, 112, 34, 34, 2]
native_profile_function,0,none,0,0,0,0,0,[0, 0, 0, 0, 0, 0, 0, 0, 0, 0, 0, 0, 0, 0, 0, 0, 0, 0, 0, 0, 0, 0, 0, 0, 0, 0, 0, 0, 0, 0, 0]
native_profile_function,1,none,0,0,0,0,0,[0, 0, 0, 0, 0, 0, 0, 0, 0, 0, 0, 0, 0, 0, 0, 0, 0, 0, 0, 0, 0, 0, 0, 0, 0, 0, 0, 0, 0, 0, 0]
native_profile_function,2,66,34,8,16,0,0,[4, 4, 2, 2, 0, 2, 0, 0, 0, 0, 0, 0, 0, 0, 0, 0, 0, 0, 0, 0, 0, 0, 0, 0, 0, 0, 0, 0, 0, 0, 0]
native_profile_function,3,none,0,0,0,0,0,[0, 0, 0, 0, 0, 0, 0, 0, 0, 0, 0, 0, 0, 0, 0, 0, 0, 0, 0, 0, 0, 0, 0, 0, 0, 0, 0, 0, 0, 0, 0]
native_profile_function,4,none,0,0,0,0,0,[0, 0, 0, 0, 0, 0, 0, 0, 0, 0, 0, 0, 0, 0, 0, 0, 0, 0, 0, 0, 0, 0, 0, 0, 0, 0, 0, 0, 0, 0, 0]
native_profile_function,5,none,0,0,0,0,0,[0, 0, 0, 0, 0, 0, 0, 0, 0, 0, 0, 0, 0, 0, 0, 0, 0, 0, 0, 0, 0, 0, 0, 0, 0, 0, 0, 0, 0, 0, 0]
native_profile_function,6,none,0,0,0,0,0,[0, 0, 0, 0, 0, 0, 0, 0, 0, 0, 0, 0, 0, 0, 0, 0, 0, 0, 0, 0, 0, 0, 0, 0, 0, 0, 0, 0, 0, 0, 0]
native_profile_function,7,none,0,0,0,0,0,[0, 0, 0, 0, 0, 0, 0, 0, 0, 0, 0, 0, 0, 0, 0, 0, 0, 0, 0, 0, 0, 0, 0, 0, 0, 0, 0, 0, 0, 0, 0]
native_profile_function,8,none,0,0,0,0,0,[0, 0, 0, 0, 0, 0, 0, 0, 0, 0, 0, 0, 0, 0, 0, 0, 0, 0, 0, 0, 0, 0, 0, 0, 0, 0, 0, 0, 0, 0, 0]
native_profile_function,9,none,0,0,0,0,0,[0, 0, 0, 0, 0, 0, 0, 0, 0, 0, 0, 0, 0, 0, 0, 0, 0, 0, 0, 0, 0, 0, 0, 0, 0, 0, 0, 0, 0, 0, 0]
native_profile_function,10,none,0,0,0,0,0,[0, 0, 0, 0, 0, 0, 0, 0, 0, 0, 0, 0, 0, 0, 0, 0, 0, 0, 0, 0, 0, 0, 0, 0, 0, 0, 0, 0, 0, 0, 0]
native_profile_function,11,none,0,0,0,0,0,[0, 0, 0, 0, 0, 0, 0, 0, 0, 0, 0, 0, 0, 0, 0, 0, 0, 0, 0, 0, 0, 0, 0, 0, 0, 0, 0, 0, 0, 0, 0]
native_profile_function,12,379,47922,13692,18256,0,0,[4564, 6846, 2282, 2282, 0, 4564, 0, 0, 0, 0, 0, 0, 0, 0, 0, 0, 0, 0, 0, 0, 0, 0, 0, 0, 0, 0, 0, 0, 0, 0, 0]
native_profile_function,13,10821,16548,4728,6304,0,0,[1576, 2364, 788, 788, 0, 1576, 0, 0, 0, 0, 0, 0, 0, 0, 0, 0, 0, 0, 0, 0, 0, 0, 0, 0, 0, 0, 0, 0, 0, 0, 0]
native_profile_function,14,none,0,0,0,0,0,[0, 0, 0, 0, 0, 0, 0, 0, 0, 0, 0, 0, 0, 0, 0, 0, 0, 0, 0, 0, 0, 0, 0, 0, 0, 0, 0, 0, 0, 0, 0]
native_profile_function,15,none,0,0,0,0,0,[0, 0, 0, 0, 0, 0, 0, 0, 0, 0, 0, 0, 0, 0, 0, 0, 0, 0, 0, 0, 0, 0, 0, 0, 0, 0, 0, 0, 0, 0, 0]
native_profile_function,16,none,0,0,0,0,0,[0, 0, 0, 0, 0, 0, 0, 0, 0, 0, 0, 0, 0, 0, 0, 0, 0, 0, 0, 0, 0, 0, 0, 0, 0, 0, 0, 0, 0, 0, 0]
native_profile_function,17,850,16590,4740,6320,0,0,[1580, 2370, 790, 790, 0, 1580, 0, 0, 0, 0, 0, 0, 0, 0, 0, 0, 0, 0, 0, 0, 0, 0, 0, 0, 0, 0, 0, 0, 0, 0, 0]
native_profile_function,18,312,16569,4734,6312,0,0,[1578, 2367, 789, 789, 0, 1578, 0, 0, 0, 0, 0, 0, 0, 0, 0, 0, 0, 0, 0, 0, 0, 0, 0, 0, 0, 0, 0, 0, 0, 0, 0]
native_profile_function,19,180,41972,10493,17988,0,0,[4497, 5996, 1499, 2998, 0, 2998, 0, 0, 0, 0, 0, 0, 0, 0, 0, 0, 0, 0, 0, 0, 0, 0, 0, 0, 0, 0, 0, 0, 0, 0, 0]
native_profile_function,20,none,0,0,0,0,0,[0, 0, 0, 0, 0, 0, 0, 0, 0, 0, 0, 0, 0, 0, 0, 0, 0, 0, 0, 0, 0, 0, 0, 0, 0, 0, 0, 0, 0, 0, 0]
native_profile_function,21,none,0,0,0,0,0,[0, 0, 0, 0, 0, 0, 0, 0, 0, 0, 0, 0, 0, 0, 0, 0, 0, 0, 0, 0, 0, 0, 0, 0, 0, 0, 0, 0, 0, 0, 0]
native_profile_function,22,none,0,0,0,0,0,[0, 0, 0, 0, 0, 0, 0, 0, 0, 0, 0, 0, 0, 0, 0, 0, 0, 0, 0, 0, 0, 0, 0, 0, 0, 0, 0, 0, 0, 0, 0]
native_profile_function,23,none,0,0,0,0,0,[0, 0, 0, 0, 0, 0, 0, 0, 0, 0, 0, 0, 0, 0, 0, 0, 0, 0, 0, 0, 0, 0, 0, 0, 0, 0, 0, 0, 0, 0, 0]
native_profile_function,24,none,0,0,0,0,0,[0, 0, 0, 0, 0, 0, 0, 0, 0, 0, 0, 0, 0, 0, 0, 0, 0, 0, 0, 0, 0, 0, 0, 0, 0, 0, 0, 0, 0, 0, 0]
native_profile_function,25,none,0,0,0,0,0,[0, 0, 0, 0, 0, 0, 0, 0, 0, 0, 0, 0, 0, 0, 0, 0, 0, 0, 0, 0, 0, 0, 0, 0, 0, 0, 0, 0, 0, 0, 0]
native_profile_function,26,465,134321,38378,51170,0,0,[12793, 19188, 6396, 6396, 0, 12794, 0, 0, 0, 0, 0, 0, 0, 0, 0, 0, 0, 0, 0, 0, 0, 0, 0, 0, 0, 0, 0, 0, 0, 0, 0]
native_profile_function,27,none,0,0,0,0,0,[0, 0, 0, 0, 0, 0, 0, 0, 0, 0, 0, 0, 0, 0, 0, 0, 0, 0, 0, 0, 0, 0, 0, 0, 0, 0, 0, 0, 0, 0, 0]
native_profile_function,28,none,0,0,0,0,0,[0, 0, 0, 0, 0, 0, 0, 0, 0, 0, 0, 0, 0, 0, 0, 0, 0, 0, 0, 0, 0, 0, 0, 0, 0, 0, 0, 0, 0, 0, 0]
native_profile_function,29,none,0,0,0,0,0,[0, 0, 0, 0, 0, 0, 0, 0, 0, 0, 0, 0, 0, 0, 0, 0, 0, 0, 0, 0, 0, 0, 0, 0, 0, 0, 0, 0, 0, 0, 0]
native_profile_function,30,none,0,0,0,0,0,[0, 0, 0, 0, 0, 0, 0, 0, 0, 0, 0, 0, 0, 0, 0, 0, 0, 0, 0, 0, 0, 0, 0, 0, 0, 0, 0, 0, 0, 0, 0]
native_profile_function,31,none,0,0,0,0,0,[0, 0, 0, 0, 0, 0, 0, 0, 0, 0, 0, 0, 0, 0, 0, 0, 0, 0, 0, 0, 0, 0, 0, 0, 0, 0, 0, 0, 0, 0, 0]
native_profile_function,32,none,0,0,0,0,0,[0, 0, 0, 0, 0, 0, 0, 0, 0, 0, 0, 0, 0, 0, 0, 0, 0, 0, 0, 0, 0, 0, 0, 0, 0, 0, 0, 0, 0, 0, 0]
native_profile_function,33,none,0,0,0,0,0,[0, 0, 0, 0, 0, 0, 0, 0, 0, 0, 0, 0, 0, 0, 0, 0, 0, 0, 0, 0, 0, 0, 0, 0, 0, 0, 0, 0, 0, 0, 0]
native_profile_function,34,none,0,0,0,0,0,[0, 0, 0, 0, 0, 0, 0, 0, 0, 0, 0, 0, 0, 0, 0, 0, 0, 0, 0, 0, 0, 0, 0, 0, 0, 0, 0, 0, 0, 0, 0]
native_profile_function,35,none,0,0,0,0,0,[0, 0, 0, 0, 0, 0, 0, 0, 0, 0, 0, 0, 0, 0, 0, 0, 0, 0, 0, 0, 0, 0, 0, 0, 0, 0, 0, 0, 0, 0, 0]
native_profile_function,36,none,0,0,0,0,0,[0, 0, 0, 0, 0, 0, 0, 0, 0, 0, 0, 0, 0, 0, 0, 0, 0, 0, 0, 0, 0, 0, 0, 0, 0, 0, 0, 0, 0, 0, 0]
native_profile_function,37,none,0,0,0,0,0,[0, 0, 0, 0, 0, 0, 0, 0, 0, 0, 0, 0, 0, 0, 0, 0, 0, 0, 0, 0, 0, 0, 0, 0, 0, 0, 0, 0, 0, 0, 0]
native_profile_function,38,none,0,0,0,0,0,[0, 0, 0, 0, 0, 0, 0, 0, 0, 0, 0, 0, 0, 0, 0, 0, 0, 0, 0, 0, 0, 0, 0, 0, 0, 0, 0, 0, 0, 0, 0]
native_profile_function,39,none,0,0,0,0,0,[0, 0, 0, 0, 0, 0, 0, 0, 0, 0, 0, 0, 0, 0, 0, 0, 0, 0, 0, 0, 0, 0, 0, 0, 0, 0, 0, 0, 0, 0, 0]
native_profile_function,40,none,0,0,0,0,0,[0, 0, 0, 0, 0, 0, 0, 0, 0, 0, 0, 0, 0, 0, 0, 0, 0, 0, 0, 0, 0, 0, 0, 0, 0, 0, 0, 0, 0, 0, 0]
native_profile_function,41,none,0,0,0,0,0,[0, 0, 0, 0, 0, 0, 0, 0, 0, 0, 0, 0, 0, 0, 0, 0, 0, 0, 0, 0, 0, 0, 0, 0, 0, 0, 0, 0, 0, 0, 0]
native_profile_function,42,none,0,0,0,0,0,[0, 0, 0, 0, 0, 0, 0, 0, 0, 0, 0, 0, 0, 0, 0, 0, 0, 0, 0, 0, 0, 0, 0, 0, 0, 0, 0, 0, 0, 0, 0]
native_profile_function,43,none,0,0,0,0,0,[0, 0, 0, 0, 0, 0, 0, 0, 0, 0, 0, 0, 0, 0, 0, 0, 0, 0, 0, 0, 0, 0, 0, 0, 0, 0, 0, 0, 0, 0, 0]
native_profile_function,44,none,0,0,0,0,0,[0, 0, 0, 0, 0, 0, 0, 0, 0, 0, 0, 0, 0, 0, 0, 0, 0, 0, 0, 0, 0, 0, 0, 0, 0, 0, 0, 0, 0, 0, 0]
native_profile_function,45,none,0,0,0,0,0,[0, 0, 0, 0, 0, 0, 0, 0, 0, 0, 0, 0, 0, 0, 0, 0, 0, 0, 0, 0, 0, 0, 0, 0, 0, 0, 0, 0, 0, 0, 0]
native_profile_function,46,none,0,0,0,0,0,[0, 0, 0, 0, 0, 0, 0, 0, 0, 0, 0, 0, 0, 0, 0, 0, 0, 0, 0, 0, 0, 0, 0, 0, 0, 0, 0, 0, 0, 0, 0]
native_profile_function,47,none,0,0,0,0,0,[0, 0, 0, 0, 0, 0, 0, 0, 0, 0, 0, 0, 0, 0, 0, 0, 0, 0, 0, 0, 0, 0, 0, 0, 0, 0, 0, 0, 0, 0, 0]
native_profile_function,48,none,0,0,0,0,0,[0, 0, 0, 0, 0, 0, 0, 0, 0, 0, 0, 0, 0, 0, 0, 0, 0, 0, 0, 0, 0, 0, 0, 0, 0, 0, 0, 0, 0, 0, 0]
native_profile_function,49,none,0,0,0,0,0,[0, 0, 0, 0, 0, 0, 0, 0, 0, 0, 0, 0, 0, 0, 0, 0, 0, 0, 0, 0, 0, 0, 0, 0, 0, 0, 0, 0, 0, 0, 0]
native_profile_function,50,5187,3986,1033,1685,68,36,[276, 583, 69, 36, 34, 140, 0, 0, 0, 0, 0, 0, 0, 0, 68, 0, 0, 0, 68, 34, 0, 0, 0, 0, 69, 238, 0, 69, 34, 34, 2]
native_profile_function,51,5169,31396,7475,13459,0,0,[2990, 2992, 0, 1493, 1, 4481, 0, 0, 0, 0, 1494, 0, 0, 0, 0, 0, 0, 0, 0, 0, 0, 0, 0, 0, 2, 0, 0, 2, 0, 0, 0]
native_profile_function,52,none,0,0,0,0,0,[0, 0, 0, 0, 0, 0, 0, 0, 0, 0, 0, 0, 0, 0, 0, 0, 0, 0, 0, 0, 0, 0, 0, 0, 0, 0, 0, 0, 0, 0, 0]
native_profile_function,53,none,0,0,0,0,0,[0, 0, 0, 0, 0, 0, 0, 0, 0, 0, 0, 0, 0, 0, 0, 0, 0, 0, 0, 0, 0, 0, 0, 0, 0, 0, 0, 0, 0, 0, 0]
native_profile_function,54,none,0,0,0,0,0,[0, 0, 0, 0, 0, 0, 0, 0, 0, 0, 0, 0, 0, 0, 0, 0, 0, 0, 0, 0, 0, 0, 0, 0, 0, 0, 0, 0, 0, 0, 0]
native_profile_function,55,1480,38,8,16,0,0,[4, 4, 0, 2, 0, 4, 0, 0, 0, 0, 2, 0, 0, 0, 0, 0, 0, 0, 0, 0, 0, 0, 0, 0, 0, 0, 0, 0, 0, 0, 0]
native_profile_function,56,1495,2374,810,818,0,0,[204, 536, 68, 37, 99, 140, 0, 0, 0, 0, 0, 0, 0, 0, 0, 0, 0, 0, 0, 0, 0, 0, 0, 0, 0, 0, 0, 0, 0, 0, 0]
native_profile_function,57,none,0,0,0,0,0,[0, 0, 0, 0, 0, 0, 0, 0, 0, 0, 0, 0, 0, 0, 0, 0, 0, 0, 0, 0, 0, 0, 0, 0, 0, 0, 0, 0, 0, 0, 0]
native_profile_function,58,165,105924,27628,46060,0,0,[9212, 9212, 0, 4604, 0, 18412, 0, 0, 0, 0, 4604, 0, 0, 0, 0, 0, 0, 0, 0, 0, 0, 0, 0, 0, 4, 0, 0, 4, 0, 0, 0]
native_profile_function,59,none,0,0,0,0,0,[0, 0, 0, 0, 0, 0, 0, 0, 0, 0, 0, 0, 0, 0, 0, 0, 0, 0, 0, 0, 0, 0, 0, 0, 0, 0, 0, 0, 0, 0, 0]
native_profile_function,60,none,0,0,0,0,0,[0, 0, 0, 0, 0, 0, 0, 0, 0, 0, 0, 0, 0, 0, 0, 0, 0, 0, 0, 0, 0, 0, 0, 0, 0, 0, 0, 0, 0, 0, 0]
native_profile_function,61,1379,26,7,14,1,0,[3, 2, 0, 1, 0, 2, 1, 0, 0, 0, 0, 0, 1, 1, 0, 0, 0, 0, 0, 0, 0, 0, 0, 0, 1, 0, 0, 1, 0, 0, 0]
native_profile_function,62,331,59998,16437,24657,0,0,[5753, 8219, 1643, 1644, 822, 4931, 0, 0, 0, 0, 822, 0, 0, 0, 821, 821, 0, 0, 821, 0, 0, 0, 0, 0, 1, 1, 0, 1, 0, 0, 0]
native_profile_function,63,none,0,0,0,0,0,[0, 0, 0, 0, 0, 0, 0, 0, 0, 0, 0, 0, 0, 0, 0, 0, 0, 0, 0, 0, 0, 0, 0, 0, 0, 0, 0, 0, 0, 0, 0]
native_profile_function,64,none,0,0,0,0,0,[0, 0, 0, 0, 0, 0, 0, 0, 0, 0, 0, 0, 0, 0, 0, 0, 0, 0, 0, 0, 0, 0, 0, 0, 0, 0, 0, 0, 0, 0, 0]
native_profile_function,65,none,0,0,0,0,0,[0, 0, 0, 0, 0, 0, 0, 0, 0, 0, 0, 0, 0, 0, 0, 0, 0, 0, 0, 0, 0, 0, 0, 0, 0, 0, 0, 0, 0, 0, 0]
native_profile_function,66,none,0,0,0,0,0,[0, 0, 0, 0, 0, 0, 0, 0, 0, 0, 0, 0, 0, 0, 0, 0, 0, 0, 0, 0, 0, 0, 0, 0, 0, 0, 0, 0, 0, 0, 0]
native_profile_function,67,none,0,0,0,0,0,[0, 0, 0, 0, 0, 0, 0, 0, 0, 0, 0, 0, 0, 0, 0, 0, 0, 0, 0, 0, 0, 0, 0, 0, 0, 0, 0, 0, 0, 0, 0]
native_profile_function,68,1398,1945,737,825,211,0,[140, 175, 0, 35, 0, 140, 35, 0, 0, 0, 35, 0, 35, 35, 0, 0, 0, 0, 0, 0, 0, 0, 0, 0, 35, 170, 141, 35, 0, 0, 0]
native_profile_function,69,none,0,0,0,0,0,[0, 0, 0, 0, 0, 0, 0, 0, 0, 0, 0, 0, 0, 0, 0, 0, 0, 0, 0, 0, 0, 0, 0, 0, 0, 0, 0, 0, 0, 0, 0]
native_profile_function,70,none,0,0,0,0,0,[0, 0, 0, 0, 0, 0, 0, 0, 0, 0, 0, 0, 0, 0, 0, 0, 0, 0, 0, 0, 0, 0, 0, 0, 0, 0, 0, 0, 0, 0, 0]
native_profile_function,71,none,0,0,0,0,0,[0, 0, 0, 0, 0, 0, 0, 0, 0, 0, 0, 0, 0, 0, 0, 0, 0, 0, 0, 0, 0, 0, 0, 0, 0, 0, 0, 0, 0, 0, 0]
native_profile_function,72,695,171695,50762,61213,2986,0,[17916, 28367, 7465, 4479, 1493, 7465, 1493, 0, 0, 0, 1493, 0, 2986, 1493, 1493, 0, 0, 0, 1493, 0, 0, 0, 0, 0, 0, 0, 0, 0, 0, 0, 0]
native_profile_function,73,none,0,0,0,0,0,[0, 0, 0, 0, 0, 0, 0, 0, 0, 0, 0, 0, 0, 0, 0, 0, 0, 0, 0, 0, 0, 0, 0, 0, 0, 0, 0, 0, 0, 0, 0]
native_profile_function,74,1424,166,48,64,0,0,[18, 32, 4, 4, 8, 6, 0, 0, 0, 0, 2, 0, 0, 0, 0, 0, 0, 0, 0, 0, 0, 0, 0, 0, 0, 0, 0, 0, 0, 0, 0]
native_profile_function,75,none,0,0,0,0,0,[0, 0, 0, 0, 0, 0, 0, 0, 0, 0, 0, 0, 0, 0, 0, 0, 0, 0, 0, 0, 0, 0, 0, 0, 0, 0, 0, 0, 0, 0, 0]
native_profile_function,76,none,0,0,0,0,0,[0, 0, 0, 0, 0, 0, 0, 0, 0, 0, 0, 0, 0, 0, 0, 0, 0, 0, 0, 0, 0, 0, 0, 0, 0, 0, 0, 0, 0, 0, 0]
native_profile_function,77,none,0,0,0,0,0,[0, 0, 0, 0, 0, 0, 0, 0, 0, 0, 0, 0, 0, 0, 0, 0, 0, 0, 0, 0, 0, 0, 0, 0, 0, 0, 0, 0, 0, 0, 0]
native_profile_function,78,none,0,0,0,0,0,[0, 0, 0, 0, 0, 0, 0, 0, 0, 0, 0, 0, 0, 0, 0, 0, 0, 0, 0, 0, 0, 0, 0, 0, 0, 0, 0, 0, 0, 0, 0]
native_profile_function,79,none,0,0,0,0,0,[0, 0, 0, 0, 0, 0, 0, 0, 0, 0, 0, 0, 0, 0, 0, 0, 0, 0, 0, 0, 0, 0, 0, 0, 0, 0, 0, 0, 0, 0, 0]
native_profile_function,80,none,0,0,0,0,0,[0, 0, 0, 0, 0, 0, 0, 0, 0, 0, 0, 0, 0, 0, 0, 0, 0, 0, 0, 0, 0, 0, 0, 0, 0, 0, 0, 0, 0, 0, 0]
native_profile_function,81,none,0,0,0,0,0,[0, 0, 0, 0, 0, 0, 0, 0, 0, 0, 0, 0, 0, 0, 0, 0, 0, 0, 0, 0, 0, 0, 0, 0, 0, 0, 0, 0, 0, 0, 0]
native_profile_function,82,none,0,0,0,0,0,[0, 0, 0, 0, 0, 0, 0, 0, 0, 0, 0, 0, 0, 0, 0, 0, 0, 0, 0, 0, 0, 0, 0, 0, 0, 0, 0, 0, 0, 0, 0]
native_profile_function,83,16115,500,120,240,0,0,[60, 60, 40, 20, 0, 20, 0, 0, 0, 0, 0, 0, 0, 0, 0, 0, 0, 0, 0, 0, 0, 0, 0, 0, 0, 0, 0, 0, 0, 0, 0]
native_profile_function,84,none,0,0,0,0,0,[0, 0, 0, 0, 0, 0, 0, 0, 0, 0, 0, 0, 0, 0, 0, 0, 0, 0, 0, 0, 0, 0, 0, 0, 0, 0, 0, 0, 0, 0, 0]
native_profile_function,85,none,0,0,0,0,0,[0, 0, 0, 0, 0, 0, 0, 0, 0, 0, 0, 0, 0, 0, 0, 0, 0, 0, 0, 0, 0, 0, 0, 0, 0, 0, 0, 0, 0, 0, 0]
native_profile_function,86,none,0,0,0,0,0,[0, 0, 0, 0, 0, 0, 0, 0, 0, 0, 0, 0, 0, 0, 0, 0, 0, 0, 0, 0, 0, 0, 0, 0, 0, 0, 0, 0, 0, 0, 0]
native_profile_function,87,none,0,0,0,0,0,[0, 0, 0, 0, 0, 0, 0, 0, 0, 0, 0, 0, 0, 0, 0, 0, 0, 0, 0, 0, 0, 0, 0, 0, 0, 0, 0, 0, 0, 0, 0]
native_profile_function,88,none,0,0,0,0,0,[0, 0, 0, 0, 0, 0, 0, 0, 0, 0, 0, 0, 0, 0, 0, 0, 0, 0, 0, 0, 0, 0, 0, 0, 0, 0, 0, 0, 0, 0, 0]
native_profile_function,89,none,0,0,0,0,0,[0, 0, 0, 0, 0, 0, 0, 0, 0, 0, 0, 0, 0, 0, 0, 0, 0, 0, 0, 0, 0, 0, 0, 0, 0, 0, 0, 0, 0, 0, 0]
native_profile_function,90,none,0,0,0,0,0,[0, 0, 0, 0, 0, 0, 0, 0, 0, 0, 0, 0, 0, 0, 0, 0, 0, 0, 0, 0, 0, 0, 0, 0, 0, 0, 0, 0, 0, 0, 0]
native_profile_function,91,none,0,0,0,0,0,[0, 0, 0, 0, 0, 0, 0, 0, 0, 0, 0, 0, 0, 0, 0, 0, 0, 0, 0, 0, 0, 0, 0, 0, 0, 0, 0, 0, 0, 0, 0]
native_profile_function,92,none,0,0,0,0,0,[0, 0, 0, 0, 0, 0, 0, 0, 0, 0, 0, 0, 0, 0, 0, 0, 0, 0, 0, 0, 0, 0, 0, 0, 0, 0, 0, 0, 0, 0, 0]
native_profile_function,93,none,0,0,0,0,0,[0, 0, 0, 0, 0, 0, 0, 0, 0, 0, 0, 0, 0, 0, 0, 0, 0, 0, 0, 0, 0, 0, 0, 0, 0, 0, 0, 0, 0, 0, 0]
native_profile_function,94,none,0,0,0,0,0,[0, 0, 0, 0, 0, 0, 0, 0, 0, 0, 0, 0, 0, 0, 0, 0, 0, 0, 0, 0, 0, 0, 0, 0, 0, 0, 0, 0, 0, 0, 0]
native_profile_function,95,none,0,0,0,0,0,[0, 0, 0, 0, 0, 0, 0, 0, 0, 0, 0, 0, 0, 0, 0, 0, 0, 0, 0, 0, 0, 0, 0, 0, 0, 0, 0, 0, 0, 0, 0]
native_profile_function,96,none,0,0,0,0,0,[0, 0, 0, 0, 0, 0, 0, 0, 0, 0, 0, 0, 0, 0, 0, 0, 0, 0, 0, 0, 0, 0, 0, 0, 0, 0, 0, 0, 0, 0, 0]
native_profile_function,97,587,165723,58227,55241,0,0,[16423, 35832, 0, 0, 13437, 10451, 0, 0, 0, 0, 2986, 0, 0, 0, 0, 0, 0, 0, 0, 0, 0, 0, 0, 0, 0, 0, 0, 0, 0, 0, 0]
native_profile_function,98,none,0,0,0,0,0,[0, 0, 0, 0, 0, 0, 0, 0, 0, 0, 0, 0, 0, 0, 0, 0, 0, 0, 0, 0, 0, 0, 0, 0, 0, 0, 0, 0, 0, 0, 0]
native_profile_function,99,7455,296915,83136,117282,0,0,[28207, 50475, 16330, 5939, 2969, 13362, 0, 0, 0, 0, 0, 0, 0, 0, 2969, 2969, 0, 0, 2969, 0, 0, 0, 0, 0, 0, 0, 0, 0, 0, 0, 0]
native_profile_function,100,none,0,0,0,0,0,[0, 0, 0, 0, 0, 0, 0, 0, 0, 0, 0, 0, 0, 0, 0, 0, 0, 0, 0, 0, 0, 0, 0, 0, 0, 0, 0, 0, 0, 0, 0]
native_profile_function,101,none,0,0,0,0,0,[0, 0, 0, 0, 0, 0, 0, 0, 0, 0, 0, 0, 0, 0, 0, 0, 0, 0, 0, 0, 0, 0, 0, 0, 0, 0, 0, 0, 0, 0, 0]
native_profile_function,102,none,0,0,0,0,0,[0, 0, 0, 0, 0, 0, 0, 0, 0, 0, 0, 0, 0, 0, 0, 0, 0, 0, 0, 0, 0, 0, 0, 0, 0, 0, 0, 0, 0, 0, 0]
native_profile_function,103,7418,90656,23778,37156,0,0,[10403, 16346, 2972, 2972, 2971, 1486, 0, 0, 0, 0, 0, 0, 0, 0, 1488, 1, 0, 0, 1488, 0, 0, 0, 0, 0, 0, 0, 0, 0, 0, 0, 0]
native_profile_function,104,none,0,0,0,0,0,[0, 0, 0, 0, 0, 0, 0, 0, 0, 0, 0, 0, 0, 0, 0, 0, 0, 0, 0, 0, 0, 0, 0, 0, 0, 0, 0, 0, 0, 0, 0]
native_profile_function,105,389621,738,210,287,18,0,[84, 114, 12, 12, 12, 12, 12, 0, 0, 12, 6, 0, 18, 12, 18, 12, 0, 0, 18, 0, 0, 0, 0, 0, 0, 0, 0, 0, 0, 0, 0]
native_profile_function,106,none,0,0,0,0,0,[0, 0, 0, 0, 0, 0, 0, 0, 0, 0, 0, 0, 0, 0, 0, 0, 0, 0, 0, 0, 0, 0, 0, 0, 0, 0, 0, 0, 0, 0, 0]
native_profile_function,107,5164,45,10,19,0,0,[4, 5, 0, 1, 2, 2, 0, 0, 0, 0, 0, 0, 0, 0, 1, 0, 0, 2, 1, 0, 0, 0, 0, 0, 0, 0, 0, 0, 0, 0, 0]
native_profile_function,108,108,16,7,5,0,0,[1, 3, 0, 0, 1, 3, 0, 0, 0, 0, 0, 0, 0, 0, 0, 0, 0, 0, 0, 0, 0, 0, 0, 0, 0, 0, 0, 0, 0, 0, 0]
native_profile_function,109,644,16423,2986,7465,0,0,[2986, 1493, 0, 1493, 0, 0, 1493, 0, 0, 0, 0, 0, 0, 1493, 0, 0, 0, 0, 0, 0, 0, 0, 0, 0, 0, 0, 0, 0, 0, 0, 0]
native_profile_function,110,206,39052,10514,18024,0,0,[4506, 6008, 0, 1502, 3004, 3004, 0, 0, 0, 0, 0, 0, 0, 0, 0, 0, 0, 0, 0, 0, 0, 0, 0, 0, 0, 0, 0, 0, 0, 0, 0]
native_profile_function,111,none,0,0,0,0,0,[0, 0, 0, 0, 0, 0, 0, 0, 0, 0, 0, 0, 0, 0, 0, 0, 0, 0, 0, 0, 0, 0, 0, 0, 0, 0, 0, 0, 0, 0, 0]
native_profile_function,112,247,70866,32004,20574,9144,0,[4572, 11430, 0, 2286, 0, 9144, 2286, 0, 0, 0, 0, 0, 9144, 2286, 0, 0, 0, 0, 0, 0, 0, 0, 0, 0, 0, 0, 0, 0, 0, 0, 0]
native_profile_function,113,420,113975,45590,41031,9118,0,[9118, 13677, 0, 4559, 0, 18236, 4559, 0, 0, 0, 0, 0, 9118, 4559, 0, 0, 0, 0, 0, 0, 0, 0, 0, 0, 0, 0, 0, 0, 0, 0, 0]
native_profile_function,114,225,121280,42448,48512,6064,0,[12128, 12128, 0, 6064, 0, 18192, 6064, 0, 0, 0, 0, 0, 6064, 6064, 0, 0, 0, 0, 0, 0, 0, 0, 0, 0, 0, 0, 0, 0, 0, 0, 0]
native_profile_function,115,116,33,10,12,0,0,[3, 5, 0, 0, 2, 4, 0, 0, 0, 0, 1, 0, 0, 0, 0, 0, 0, 0, 0, 0, 0, 0, 0, 0, 0, 0, 0, 0, 0, 0, 0]
native_profile_function,116,none,0,0,0,0,0,[0, 0, 0, 0, 0, 0, 0, 0, 0, 0, 0, 0, 0, 0, 0, 0, 0, 0, 0, 0, 0, 0, 0, 0, 0, 0, 0, 0, 0, 0, 0]
native_profile_function,117,none,0,0,0,0,0,[0, 0, 0, 0, 0, 0, 0, 0, 0, 0, 0, 0, 0, 0, 0, 0, 0, 0, 0, 0, 0, 0, 0, 0, 0, 0, 0, 0, 0, 0, 0]
native_profile_function,118,213,16544,3008,7520,0,0,[3008, 1504, 0, 1504, 0, 0, 1504, 0, 0, 0, 0, 0, 0, 1504, 0, 0, 0, 0, 0, 0, 0, 0, 0, 0, 0, 0, 0, 0, 0, 0, 0]
native_profile_function,119,122,51,16,19,0,0,[6, 10, 0, 0, 3, 2, 0, 2, 0, 0, 1, 0, 0, 2, 0, 0, 0, 0, 0, 0, 0, 0, 0, 0, 0, 0, 0, 0, 0, 0, 0]
native_profile_function,120,none,0,0,0,0,0,[0, 0, 0, 0, 0, 0, 0, 0, 0, 0, 0, 0, 0, 0, 0, 0, 0, 0, 0, 0, 0, 0, 0, 0, 0, 0, 0, 0, 0, 0, 0]
native_profile_function,121,6995,16,7,5,0,0,[1, 3, 0, 0, 1, 3, 0, 0, 0, 0, 0, 0, 0, 0, 0, 0, 0, 0, 0, 0, 0, 0, 0, 0, 0, 0, 0, 0, 0, 0, 0]
native_profile_function,122,128,26,11,8,3,0,[2, 4, 0, 1, 0, 3, 1, 0, 0, 0, 0, 0, 3, 1, 0, 0, 0, 0, 0, 0, 0, 0, 0, 0, 0, 0, 0, 0, 0, 0, 0]
native_profile_function,123,275,113,32,45,0,0,[11, 18, 0, 0, 5, 10, 0, 0, 0, 0, 6, 0, 0, 0, 0, 0, 0, 0, 0, 0, 0, 0, 0, 0, 0, 0, 0, 0, 0, 0, 0]
native_profile_function,124,152,237,78,85,2,0,[24, 39, 0, 0, 14, 22, 0, 0, 2, 0, 8, 0, 2, 2, 0, 0, 0, 0, 0, 0, 0, 0, 0, 0, 0, 0, 0, 0, 0, 0, 0]
native_profile_function,125,1370,19,6,8,0,0,[2, 4, 0, 0, 2, 1, 0, 0, 0, 0, 0, 0, 0, 0, 0, 0, 0, 0, 0, 0, 0, 0, 0, 0, 0, 0, 0, 0, 0, 0, 0]
native_profile_function,126,1358,51,16,19,1,0,[5, 9, 0, 1, 2, 4, 0, 0, 1, 0, 1, 0, 1, 1, 0, 0, 0, 0, 0, 0, 0, 0, 0, 0, 0, 0, 0, 0, 0, 0, 0]
native_profile_function,127,7003,44,15,18,0,0,[3, 4, 0, 0, 1, 10, 0, 0, 0, 0, 2, 0, 0, 0, 0, 0, 0, 0, 0, 0, 0, 0, 0, 0, 0, 0, 0, 0, 0, 0, 0]
native_profile_function,128,none,0,0,0,0,0,[0, 0, 0, 0, 0, 0, 0, 0, 0, 0, 0, 0, 0, 0, 0, 0, 0, 0, 0, 0, 0, 0, 0, 0, 0, 0, 0, 0, 0, 0, 0]
native_profile_function,129,280,178,54,68,0,0,[20, 30, 0, 0, 14, 12, 0, 0, 0, 0, 6, 0, 0, 0, 0, 0, 0, 0, 0, 0, 0, 0, 0, 0, 0, 0, 0, 0, 0, 0, 0]
native_profile_function,130,582,78,24,31,0,0,[8, 16, 0, 1, 5, 4, 0, 0, 0, 0, 2, 0, 0, 0, 0, 0, 0, 0, 0, 0, 0, 0, 0, 0, 0, 0, 0, 0, 0, 0, 0]
native_profile_function,131,195,22,4,10,0,0,[4, 2, 0, 2, 0, 0, 2, 0, 0, 0, 0, 0, 0, 2, 0, 0, 0, 0, 0, 0, 0, 0, 0, 0, 0, 0, 0, 0, 0, 0, 0]
native_profile_function,132,1283,11,2,5,0,0,[2, 1, 0, 1, 0, 0, 1, 0, 0, 0, 0, 0, 0, 1, 0, 0, 0, 0, 0, 0, 0, 0, 0, 0, 0, 0, 0, 0, 0, 0, 0]
native_profile_function,133,1374,47,17,18,0,0,[5, 12, 0, 0, 5, 1, 0, 0, 0, 0, 0, 0, 0, 0, 0, 0, 0, 0, 0, 0, 0, 0, 0, 0, 0, 0, 0, 0, 0, 0, 0]
native_profile_function,134,none,0,0,0,0,0,[0, 0, 0, 0, 0, 0, 0, 0, 0, 0, 0, 0, 0, 0, 0, 0, 0, 0, 0, 0, 0, 0, 0, 0, 0, 0, 0, 0, 0, 0, 0]
native_profile_function,135,7023,18,7,6,0,0,[2, 3, 0, 0, 1, 2, 0, 1, 0, 0, 0, 0, 0, 1, 0, 0, 0, 0, 0, 0, 0, 0, 0, 0, 0, 0, 0, 0, 0, 0, 0]
native_profile_function,136,none,0,0,0,0,0,[0, 0, 0, 0, 0, 0, 0, 0, 0, 0, 0, 0, 0, 0, 0, 0, 0, 0, 0, 0, 0, 0, 0, 0, 0, 0, 0, 0, 0, 0, 0]
native_profile_function,137,none,0,0,0,0,0,[0, 0, 0, 0, 0, 0, 0, 0, 0, 0, 0, 0, 0, 0, 0, 0, 0, 0, 0, 0, 0, 0, 0, 0, 0, 0, 0, 0, 0, 0, 0]
native_profile_function,138,none,0,0,0,0,0,[0, 0, 0, 0, 0, 0, 0, 0, 0, 0, 0, 0, 0, 0, 0, 0, 0, 0, 0, 0, 0, 0, 0, 0, 0, 0, 0, 0, 0, 0, 0]
native_profile_function,139,none,0,0,0,0,0,[0, 0, 0, 0, 0, 0, 0, 0, 0, 0, 0, 0, 0, 0, 0, 0, 0, 0, 0, 0, 0, 0, 0, 0, 0, 0, 0, 0, 0, 0, 0]
native_profile_function,140,none,0,0,0,0,0,[0, 0, 0, 0, 0, 0, 0, 0, 0, 0, 0, 0, 0, 0, 0, 0, 0, 0, 0, 0, 0, 0, 0, 0, 0, 0, 0, 0, 0, 0, 0]
native_profile_function,141,none,0,0,0,0,0,[0, 0, 0, 0, 0, 0, 0, 0, 0, 0, 0, 0, 0, 0, 0, 0, 0, 0, 0, 0, 0, 0, 0, 0, 0, 0, 0, 0, 0, 0, 0]
native_profile_function,142,none,0,0,0,0,0,[0, 0, 0, 0, 0, 0, 0, 0, 0, 0, 0, 0, 0, 0, 0, 0, 0, 0, 0, 0, 0, 0, 0, 0, 0, 0, 0, 0, 0, 0, 0]
native_profile_function,143,none,0,0,0,0,0,[0, 0, 0, 0, 0, 0, 0, 0, 0, 0, 0, 0, 0, 0, 0, 0, 0, 0, 0, 0, 0, 0, 0, 0, 0, 0, 0, 0, 0, 0, 0]
native_profile_function,144,285,75744,26826,26826,0,0,[7101, 18147, 0, 789, 5523, 3945, 0, 0, 0, 0, 789, 0, 0, 0, 0, 0, 0, 0, 0, 0, 0, 0, 0, 0, 0, 0, 0, 0, 0, 0, 0]
native_profile_function,145,477,22,4,10,0,0,[4, 2, 0, 2, 0, 0, 2, 0, 0, 0, 0, 0, 0, 2, 0, 0, 0, 0, 0, 0, 0, 0, 0, 0, 0, 0, 0, 0, 0, 0, 0]
native_profile_function,146,7156,44,13,17,0,0,[5, 6, 0, 0, 2, 4, 0, 1, 0, 0, 2, 0, 0, 1, 0, 0, 0, 0, 0, 0, 0, 0, 0, 0, 0, 0, 0, 0, 0, 0, 0]
native_profile_function,147,none,0,0,0,0,0,[0, 0, 0, 0, 0, 0, 0, 0, 0, 0, 0, 0, 0, 0, 0, 0, 0, 0, 0, 0, 0, 0, 0, 0, 0, 0, 0, 0, 0, 0, 0]
native_profile_function,148,none,0,0,0,0,0,[0, 0, 0, 0, 0, 0, 0, 0, 0, 0, 0, 0, 0, 0, 0, 0, 0, 0, 0, 0, 0, 0, 0, 0, 0, 0, 0, 0, 0, 0, 0]
native_profile_function,149,none,0,0,0,0,0,[0, 0, 0, 0, 0, 0, 0, 0, 0, 0, 0, 0, 0, 0, 0, 0, 0, 0, 0, 0, 0, 0, 0, 0, 0, 0, 0, 0, 0, 0, 0]
native_profile_function,150,none,0,0,0,0,0,[0, 0, 0, 0, 0, 0, 0, 0, 0, 0, 0, 0, 0, 0, 0, 0, 0, 0, 0, 0, 0, 0, 0, 0, 0, 0, 0, 0, 0, 0, 0]
native_profile_function,151,none,0,0,0,0,0,[0, 0, 0, 0, 0, 0, 0, 0, 0, 0, 0, 0, 0, 0, 0, 0, 0, 0, 0, 0, 0, 0, 0, 0, 0, 0, 0, 0, 0, 0, 0]
native_profile_function,152,none,0,0,0,0,0,[0, 0, 0, 0, 0, 0, 0, 0, 0, 0, 0, 0, 0, 0, 0, 0, 0, 0, 0, 0, 0, 0, 0, 0, 0, 0, 0, 0, 0, 0, 0]
native_profile_function,153,none,0,0,0,0,0,[0, 0, 0, 0, 0, 0, 0, 0, 0, 0, 0, 0, 0, 0, 0, 0, 0, 0, 0, 0, 0, 0, 0, 0, 0, 0, 0, 0, 0, 0, 0]
native_profile_function,154,none,0,0,0,0,0,[0, 0, 0, 0, 0, 0, 0, 0, 0, 0, 0, 0, 0, 0, 0, 0, 0, 0, 0, 0, 0, 0, 0, 0, 0, 0, 0, 0, 0, 0, 0]
native_profile_function,155,none,0,0,0,0,0,[0, 0, 0, 0, 0, 0, 0, 0, 0, 0, 0, 0, 0, 0, 0, 0, 0, 0, 0, 0, 0, 0, 0, 0, 0, 0, 0, 0, 0, 0, 0]
native_profile_function,156,none,0,0,0,0,0,[0, 0, 0, 0, 0, 0, 0, 0, 0, 0, 0, 0, 0, 0, 0, 0, 0, 0, 0, 0, 0, 0, 0, 0, 0, 0, 0, 0, 0, 0, 0]
native_profile_function,157,none,0,0,0,0,0,[0, 0, 0, 0, 0, 0, 0, 0, 0, 0, 0, 0, 0, 0, 0, 0, 0, 0, 0, 0, 0, 0, 0, 0, 0, 0, 0, 0, 0, 0, 0]
native_profile_function,158,none,0,0,0,0,0,[0, 0, 0, 0, 0, 0, 0, 0, 0, 0, 0, 0, 0, 0, 0, 0, 0, 0, 0, 0, 0, 0, 0, 0, 0, 0, 0, 0, 0, 0, 0]
native_profile_function,159,none,0,0,0,0,0,[0, 0, 0, 0, 0, 0, 0, 0, 0, 0, 0, 0, 0, 0, 0, 0, 0, 0, 0, 0, 0, 0, 0, 0, 0, 0, 0, 0, 0, 0, 0]
native_profile_function,160,none,0,0,0,0,0,[0, 0, 0, 0, 0, 0, 0, 0, 0, 0, 0, 0, 0, 0, 0, 0, 0, 0, 0, 0, 0, 0, 0, 0, 0, 0, 0, 0, 0, 0, 0]
native_profile_function,161,none,0,0,0,0,0,[0, 0, 0, 0, 0, 0, 0, 0, 0, 0, 0, 0, 0, 0, 0, 0, 0, 0, 0, 0, 0, 0, 0, 0, 0, 0, 0, 0, 0, 0, 0]
native_profile_function,162,none,0,0,0,0,0,[0, 0, 0, 0, 0, 0, 0, 0, 0, 0, 0, 0, 0, 0, 0, 0, 0, 0, 0, 0, 0, 0, 0, 0, 0, 0, 0, 0, 0, 0, 0]
native_profile_function,163,none,0,0,0,0,0,[0, 0, 0, 0, 0, 0, 0, 0, 0, 0, 0, 0, 0, 0, 0, 0, 0, 0, 0, 0, 0, 0, 0, 0, 0, 0, 0, 0, 0, 0, 0]
native_profile_function,164,none,0,0,0,0,0,[0, 0, 0, 0, 0, 0, 0, 0, 0, 0, 0, 0, 0, 0, 0, 0, 0, 0, 0, 0, 0, 0, 0, 0, 0, 0, 0, 0, 0, 0, 0]
native_profile_function,165,none,0,0,0,0,0,[0, 0, 0, 0, 0, 0, 0, 0, 0, 0, 0, 0, 0, 0, 0, 0, 0, 0, 0, 0, 0, 0, 0, 0, 0, 0, 0, 0, 0, 0, 0]
native_profile_function,166,none,0,0,0,0,0,[0, 0, 0, 0, 0, 0, 0, 0, 0, 0, 0, 0, 0, 0, 0, 0, 0, 0, 0, 0, 0, 0, 0, 0, 0, 0, 0, 0, 0, 0, 0]
native_profile_function,167,none,0,0,0,0,0,[0, 0, 0, 0, 0, 0, 0, 0, 0, 0, 0, 0, 0, 0, 0, 0, 0, 0, 0, 0, 0, 0, 0, 0, 0, 0, 0, 0, 0, 0, 0]
native_profile_function,168,none,0,0,0,0,0,[0, 0, 0, 0, 0, 0, 0, 0, 0, 0, 0, 0, 0, 0, 0, 0, 0, 0, 0, 0, 0, 0, 0, 0, 0, 0, 0, 0, 0, 0, 0]
native_profile_function,169,none,0,0,0,0,0,[0, 0, 0, 0, 0, 0, 0, 0, 0, 0, 0, 0, 0, 0, 0, 0, 0, 0, 0, 0, 0, 0, 0, 0, 0, 0, 0, 0, 0, 0, 0]
native_profile_function,170,none,0,0,0,0,0,[0, 0, 0, 0, 0, 0, 0, 0, 0, 0, 0, 0, 0, 0, 0, 0, 0, 0, 0, 0, 0, 0, 0, 0, 0, 0, 0, 0, 0, 0, 0]
native_profile_function,171,7160,253,73,96,0,0,[24, 42, 0, 0, 10, 22, 0, 0, 0, 0, 14, 0, 0, 0, 0, 0, 0, 0, 0, 0, 0, 0, 0, 0, 0, 0, 0, 0, 0, 0, 0]
native_profile_function,172,10911,166,46,66,0,0,[17, 23, 0, 0, 6, 16, 0, 1, 0, 0, 10, 0, 0, 1, 0, 0, 0, 0, 0, 0, 0, 0, 0, 0, 0, 0, 0, 0, 0, 0, 0]
native_profile_function,173,10242,94,28,34,0,0,[8, 14, 0, 0, 4, 12, 0, 0, 0, 0, 4, 0, 0, 0, 0, 0, 0, 0, 0, 0, 0, 0, 0, 0, 0, 0, 0, 0, 0, 0, 0]
native_profile_function,174,none,0,0,0,0,0,[0, 0, 0, 0, 0, 0, 0, 0, 0, 0, 0, 0, 0, 0, 0, 0, 0, 0, 0, 0, 0, 0, 0, 0, 0, 0, 0, 0, 0, 0, 0]
native_profile_function,175,none,0,0,0,0,0,[0, 0, 0, 0, 0, 0, 0, 0, 0, 0, 0, 0, 0, 0, 0, 0, 0, 0, 0, 0, 0, 0, 0, 0, 0, 0, 0, 0, 0, 0, 0]
native_profile_function,176,none,0,0,0,0,0,[0, 0, 0, 0, 0, 0, 0, 0, 0, 0, 0, 0, 0, 0, 0, 0, 0, 0, 0, 0, 0, 0, 0, 0, 0, 0, 0, 0, 0, 0, 0]
native_profile_function,177,10677,224,76,72,0,0,[24, 40, 0, 0, 18, 18, 0, 0, 0, 0, 6, 0, 0, 0, 0, 0, 0, 0, 0, 0, 0, 0, 0, 0, 0, 0, 0, 0, 0, 0, 0]
native_profile_function,178,none,0,0,0,0,0,[0, 0, 0, 0, 0, 0, 0, 0, 0, 0, 0, 0, 0, 0, 0, 0, 0, 0, 0, 0, 0, 0, 0, 0, 0, 0, 0, 0, 0, 0, 0]
native_profile_function,179,none,0,0,0,0,0,[0, 0, 0, 0, 0, 0, 0, 0, 0, 0, 0, 0, 0, 0, 0, 0, 0, 0, 0, 0, 0, 0, 0, 0, 0, 0, 0, 0, 0, 0, 0]
native_profile_function,180,none,0,0,0,0,0,[0, 0, 0, 0, 0, 0, 0, 0, 0, 0, 0, 0, 0, 0, 0, 0, 0, 0, 0, 0, 0, 0, 0, 0, 0, 0, 0, 0, 0, 0, 0]
native_profile_function,181,none,0,0,0,0,0,[0, 0, 0, 0, 0, 0, 0, 0, 0, 0, 0, 0, 0, 0, 0, 0, 0, 0, 0, 0, 0, 0, 0, 0, 0, 0, 0, 0, 0, 0, 0]
native_profile_function,182,none,0,0,0,0,0,[0, 0, 0, 0, 0, 0, 0, 0, 0, 0, 0, 0, 0, 0, 0, 0, 0, 0, 0, 0, 0, 0, 0, 0, 0, 0, 0, 0, 0, 0, 0]
native_profile_function,183,none,0,0,0,0,0,[0, 0, 0, 0, 0, 0, 0, 0, 0, 0, 0, 0, 0, 0, 0, 0, 0, 0, 0, 0, 0, 0, 0, 0, 0, 0, 0, 0, 0, 0, 0]
native_profile_function,184,none,0,0,0,0,0,[0, 0, 0, 0, 0, 0, 0, 0, 0, 0, 0, 0, 0, 0, 0, 0, 0, 0, 0, 0, 0, 0, 0, 0, 0, 0, 0, 0, 0, 0, 0]
native_profile_function,185,none,0,0,0,0,0,[0, 0, 0, 0, 0, 0, 0, 0, 0, 0, 0, 0, 0, 0, 0, 0, 0, 0, 0, 0, 0, 0, 0, 0, 0, 0, 0, 0, 0, 0, 0]
native_profile_function,186,none,0,0,0,0,0,[0, 0, 0, 0, 0, 0, 0, 0, 0, 0, 0, 0, 0, 0, 0, 0, 0, 0, 0, 0, 0, 0, 0, 0, 0, 0, 0, 0, 0, 0, 0]
native_profile_function,187,none,0,0,0,0,0,[0, 0, 0, 0, 0, 0, 0, 0, 0, 0, 0, 0, 0, 0, 0, 0, 0, 0, 0, 0, 0, 0, 0, 0, 0, 0, 0, 0, 0, 0, 0]
native_profile_function,188,none,0,0,0,0,0,[0, 0, 0, 0, 0, 0, 0, 0, 0, 0, 0, 0, 0, 0, 0, 0, 0, 0, 0, 0, 0, 0, 0, 0, 0, 0, 0, 0, 0, 0, 0]
native_profile_function,189,none,0,0,0,0,0,[0, 0, 0, 0, 0, 0, 0, 0, 0, 0, 0, 0, 0, 0, 0, 0, 0, 0, 0, 0, 0, 0, 0, 0, 0, 0, 0, 0, 0, 0, 0]
native_profile_function,190,none,0,0,0,0,0,[0, 0, 0, 0, 0, 0, 0, 0, 0, 0, 0, 0, 0, 0, 0, 0, 0, 0, 0, 0, 0, 0, 0, 0, 0, 0, 0, 0, 0, 0, 0]
native_profile_function,191,none,0,0,0,0,0,[0, 0, 0, 0, 0, 0, 0, 0, 0, 0, 0, 0, 0, 0, 0, 0, 0, 0, 0, 0, 0, 0, 0, 0, 0, 0, 0, 0, 0, 0, 0]
native_profile_function,192,none,0,0,0,0,0,[0, 0, 0, 0, 0, 0, 0, 0, 0, 0, 0, 0, 0, 0, 0, 0, 0, 0, 0, 0, 0, 0, 0, 0, 0, 0, 0, 0, 0, 0, 0]
native_profile_function,193,none,0,0,0,0,0,[0, 0, 0, 0, 0, 0, 0, 0, 0, 0, 0, 0, 0, 0, 0, 0, 0, 0, 0, 0, 0, 0, 0, 0, 0, 0, 0, 0, 0, 0, 0]
native_profile_function,194,none,0,0,0,0,0,[0, 0, 0, 0, 0, 0, 0, 0, 0, 0, 0, 0, 0, 0, 0, 0, 0, 0, 0, 0, 0, 0, 0, 0, 0, 0, 0, 0, 0, 0, 0]
native_profile_function,195,none,0,0,0,0,0,[0, 0, 0, 0, 0, 0, 0, 0, 0, 0, 0, 0, 0, 0, 0, 0, 0, 0, 0, 0, 0, 0, 0, 0, 0, 0, 0, 0, 0, 0, 0]
native_profile_function,196,none,0,0,0,0,0,[0, 0, 0, 0, 0, 0, 0, 0, 0, 0, 0, 0, 0, 0, 0, 0, 0, 0, 0, 0, 0, 0, 0, 0, 0, 0, 0, 0, 0, 0, 0]
native_profile_function,197,none,0,0,0,0,0,[0, 0, 0, 0, 0, 0, 0, 0, 0, 0, 0, 0, 0, 0, 0, 0, 0, 0, 0, 0, 0, 0, 0, 0, 0, 0, 0, 0, 0, 0, 0]
native_profile_function,198,none,0,0,0,0,0,[0, 0, 0, 0, 0, 0, 0, 0, 0, 0, 0, 0, 0, 0, 0, 0, 0, 0, 0, 0, 0, 0, 0, 0, 0, 0, 0, 0, 0, 0, 0]
native_profile_function,199,none,0,0,0,0,0,[0, 0, 0, 0, 0, 0, 0, 0, 0, 0, 0, 0, 0, 0, 0, 0, 0, 0, 0, 0, 0, 0, 0, 0, 0, 0, 0, 0, 0, 0, 0]
native_profile_function,200,none,0,0,0,0,0,[0, 0, 0, 0, 0, 0, 0, 0, 0, 0, 0, 0, 0, 0, 0, 0, 0, 0, 0, 0, 0, 0, 0, 0, 0, 0, 0, 0, 0, 0, 0]
native_profile_function,201,none,0,0,0,0,0,[0, 0, 0, 0, 0, 0, 0, 0, 0, 0, 0, 0, 0, 0, 0, 0, 0, 0, 0, 0, 0, 0, 0, 0, 0, 0, 0, 0, 0, 0, 0]
native_profile_function,202,none,0,0,0,0,0,[0, 0, 0, 0, 0, 0, 0, 0, 0, 0, 0, 0, 0, 0, 0, 0, 0, 0, 0, 0, 0, 0, 0, 0, 0, 0, 0, 0, 0, 0, 0]
native_profile_function,203,none,0,0,0,0,0,[0, 0, 0, 0, 0, 0, 0, 0, 0, 0, 0, 0, 0, 0, 0, 0, 0, 0, 0, 0, 0, 0, 0, 0, 0, 0, 0, 0, 0, 0, 0]
native_profile_function,204,none,0,0,0,0,0,[0, 0, 0, 0, 0, 0, 0, 0, 0, 0, 0, 0, 0, 0, 0, 0, 0, 0, 0, 0, 0, 0, 0, 0, 0, 0, 0, 0, 0, 0, 0]
native_profile_function,205,none,0,0,0,0,0,[0, 0, 0, 0, 0, 0, 0, 0, 0, 0, 0, 0, 0, 0, 0, 0, 0, 0, 0, 0, 0, 0, 0, 0, 0, 0, 0, 0, 0, 0, 0]
native_profile_function,206,none,0,0,0,0,0,[0, 0, 0, 0, 0, 0, 0, 0, 0, 0, 0, 0, 0, 0, 0, 0, 0, 0, 0, 0, 0, 0, 0, 0, 0, 0, 0, 0, 0, 0, 0]
native_profile_function,207,none,0,0,0,0,0,[0, 0, 0, 0, 0, 0, 0, 0, 0, 0, 0, 0, 0, 0, 0, 0, 0, 0, 0, 0, 0, 0, 0, 0, 0, 0, 0, 0, 0, 0, 0]
native_profile_function,208,none,0,0,0,0,0,[0, 0, 0, 0, 0, 0, 0, 0, 0, 0, 0, 0, 0, 0, 0, 0, 0, 0, 0, 0, 0, 0, 0, 0, 0, 0, 0, 0, 0, 0, 0]
native_profile_function,209,none,0,0,0,0,0,[0, 0, 0, 0, 0, 0, 0, 0, 0, 0, 0, 0, 0, 0, 0, 0, 0, 0, 0, 0, 0, 0, 0, 0, 0, 0, 0, 0, 0, 0, 0]
native_profile_function,210,none,0,0,0,0,0,[0, 0, 0, 0, 0, 0, 0, 0, 0, 0, 0, 0, 0, 0, 0, 0, 0, 0, 0, 0, 0, 0, 0, 0, 0, 0, 0, 0, 0, 0, 0]
native_profile_function,211,none,0,0,0,0,0,[0, 0, 0, 0, 0, 0, 0, 0, 0, 0, 0, 0, 0, 0, 0, 0, 0, 0, 0, 0, 0, 0, 0, 0, 0, 0, 0, 0, 0, 0, 0]
native_profile_function,212,none,0,0,0,0,0,[0, 0, 0, 0, 0, 0, 0, 0, 0, 0, 0, 0, 0, 0, 0, 0, 0, 0, 0, 0, 0, 0, 0, 0, 0, 0, 0, 0, 0, 0, 0]
native_profile_function,213,none,0,0,0,0,0,[0, 0, 0, 0, 0, 0, 0, 0, 0, 0, 0, 0, 0, 0, 0, 0, 0, 0, 0, 0, 0, 0, 0, 0, 0, 0, 0, 0, 0, 0, 0]
native_profile_function,214,none,0,0,0,0,0,[0, 0, 0, 0, 0, 0, 0, 0, 0, 0, 0, 0, 0, 0, 0, 0, 0, 0, 0, 0, 0, 0, 0, 0, 0, 0, 0, 0, 0, 0, 0]
native_profile_function,215,none,0,0,0,0,0,[0, 0, 0, 0, 0, 0, 0, 0, 0, 0, 0, 0, 0, 0, 0, 0, 0, 0, 0, 0, 0, 0, 0, 0, 0, 0, 0, 0, 0, 0, 0]
native_profile_function,216,none,0,0,0,0,0,[0, 0, 0, 0, 0, 0, 0, 0, 0, 0, 0, 0, 0, 0, 0, 0, 0, 0, 0, 0, 0, 0, 0, 0, 0, 0, 0, 0, 0, 0, 0]
native_profile_function,217,none,0,0,0,0,0,[0, 0, 0, 0, 0, 0, 0, 0, 0, 0, 0, 0, 0, 0, 0, 0, 0, 0, 0, 0, 0, 0, 0, 0, 0, 0, 0, 0, 0, 0, 0]
native_profile_function,218,none,0,0,0,0,0,[0, 0, 0, 0, 0, 0, 0, 0, 0, 0, 0, 0, 0, 0, 0, 0, 0, 0, 0, 0, 0, 0, 0, 0, 0, 0, 0, 0, 0, 0, 0]
native_profile_function,219,none,0,0,0,0,0,[0, 0, 0, 0, 0, 0, 0, 0, 0, 0, 0, 0, 0, 0, 0, 0, 0, 0, 0, 0, 0, 0, 0, 0, 0, 0, 0, 0, 0, 0, 0]
native_profile_function,220,none,0,0,0,0,0,[0, 0, 0, 0, 0, 0, 0, 0, 0, 0, 0, 0, 0, 0, 0, 0, 0, 0, 0, 0, 0, 0, 0, 0, 0, 0, 0, 0, 0, 0, 0]
native_profile_function,221,none,0,0,0,0,0,[0, 0, 0, 0, 0, 0, 0, 0, 0, 0, 0, 0, 0, 0, 0, 0, 0, 0, 0, 0, 0, 0, 0, 0, 0, 0, 0, 0, 0, 0, 0]
native_profile_function,222,none,0,0,0,0,0,[0, 0, 0, 0, 0, 0, 0, 0, 0, 0, 0, 0, 0, 0, 0, 0, 0, 0, 0, 0, 0, 0, 0, 0, 0, 0, 0, 0, 0, 0, 0]
native_profile_function,223,none,0,0,0,0,0,[0, 0, 0, 0, 0, 0, 0, 0, 0, 0, 0, 0, 0, 0, 0, 0, 0, 0, 0, 0, 0, 0, 0, 0, 0, 0, 0, 0, 0, 0, 0]
native_profile_function,224,none,0,0,0,0,0,[0, 0, 0, 0, 0, 0, 0, 0, 0, 0, 0, 0, 0, 0, 0, 0, 0, 0, 0, 0, 0, 0, 0, 0, 0, 0, 0, 0, 0, 0, 0]
native_profile_function,225,7165,93618,29720,35664,0,0,[8916, 17832, 0, 0, 5944, 7430, 0, 0, 0, 0, 2972, 0, 0, 0, 0, 0, 0, 0, 0, 0, 0, 0, 0, 0, 0, 0, 0, 0, 0, 0, 0]
native_profile_function,226,10159,46,23,12,7,0,[2, 8, 0, 1, 0, 7, 1, 0, 0, 0, 0, 0, 7, 1, 0, 0, 0, 0, 0, 0, 0, 0, 0, 0, 0, 0, 0, 0, 0, 0, 0]
native_profile_function,227,13608,188690,52486,74361,0,0,[22029, 34585, 0, 6394, 11105, 7582, 0, 0, 0, 0, 4530, 0, 0, 0, 0, 0, 0, 0, 0, 0, 0, 0, 0, 0, 0, 0, 0, 0, 0, 0, 0]
native_profile_function,228,none,0,0,0,0,0,[0, 0, 0, 0, 0, 0, 0, 0, 0, 0, 0, 0, 0, 0, 0, 0, 0, 0, 0, 0, 0, 0, 0, 0, 0, 0, 0, 0, 0, 0, 0]
native_profile_function,229,none,0,0,0,0,0,[0, 0, 0, 0, 0, 0, 0, 0, 0, 0, 0, 0, 0, 0, 0, 0, 0, 0, 0, 0, 0, 0, 0, 0, 0, 0, 0, 0, 0, 0, 0]
native_profile_function,230,none,0,0,0,0,0,[0, 0, 0, 0, 0, 0, 0, 0, 0, 0, 0, 0, 0, 0, 0, 0, 0, 0, 0, 0, 0, 0, 0, 0, 0, 0, 0, 0, 0, 0, 0]
native_profile_function,231,10706,22,4,10,0,0,[4, 2, 0, 2, 0, 0, 2, 0, 0, 0, 0, 0, 0, 2, 0, 0, 0, 0, 0, 0, 0, 0, 0, 0, 0, 0, 0, 0, 0, 0, 0]
native_profile_function,232,10771,22,4,10,0,0,[4, 2, 0, 2, 0, 0, 2, 0, 0, 0, 0, 0, 0, 2, 0, 0, 0, 0, 0, 0, 0, 0, 0, 0, 0, 0, 0, 0, 0, 0, 0]
native_profile_function,233,10861,50,18,18,0,0,[4, 10, 0, 0, 4, 6, 0, 0, 0, 0, 0, 0, 0, 0, 0, 0, 0, 0, 0, 0, 0, 0, 0, 0, 0, 0, 0, 0, 0, 0, 0]
native_profile_function,234,none,0,0,0,0,0,[0, 0, 0, 0, 0, 0, 0, 0, 0, 0, 0, 0, 0, 0, 0, 0, 0, 0, 0, 0, 0, 0, 0, 0, 0, 0, 0, 0, 0, 0, 0]
native_profile_function,235,none,0,0,0,0,0,[0, 0, 0, 0, 0, 0, 0, 0, 0, 0, 0, 0, 0, 0, 0, 0, 0, 0, 0, 0, 0, 0, 0, 0, 0, 0, 0, 0, 0, 0, 0]
native_profile_function,236,none,0,0,0,0,0,[0, 0, 0, 0, 0, 0, 0, 0, 0, 0, 0, 0, 0, 0, 0, 0, 0, 0, 0, 0, 0, 0, 0, 0, 0, 0, 0, 0, 0, 0, 0]
native_profile_function,237,none,0,0,0,0,0,[0, 0, 0, 0, 0, 0, 0, 0, 0, 0, 0, 0, 0, 0, 0, 0, 0, 0, 0, 0, 0, 0, 0, 0, 0, 0, 0, 0, 0, 0, 0]
native_profile_function,238,none,0,0,0,0,0,[0, 0, 0, 0, 0, 0, 0, 0, 0, 0, 0, 0, 0, 0, 0, 0, 0, 0, 0, 0, 0, 0, 0, 0, 0, 0, 0, 0, 0, 0, 0]
native_profile_function,239,none,0,0,0,0,0,[0, 0, 0, 0, 0, 0, 0, 0, 0, 0, 0, 0, 0, 0, 0, 0, 0, 0, 0, 0, 0, 0, 0, 0, 0, 0, 0, 0, 0, 0, 0]
native_profile_function,240,none,0,0,0,0,0,[0, 0, 0, 0, 0, 0, 0, 0, 0, 0, 0, 0, 0, 0, 0, 0, 0, 0, 0, 0, 0, 0, 0, 0, 0, 0, 0, 0, 0, 0, 0]
native_profile_function,241,none,0,0,0,0,0,[0, 0, 0, 0, 0, 0, 0, 0, 0, 0, 0, 0, 0, 0, 0, 0, 0, 0, 0, 0, 0, 0, 0, 0, 0, 0, 0, 0, 0, 0, 0]
native_profile_function,242,none,0,0,0,0,0,[0, 0, 0, 0, 0, 0, 0, 0, 0, 0, 0, 0, 0, 0, 0, 0, 0, 0, 0, 0, 0, 0, 0, 0, 0, 0, 0, 0, 0, 0, 0]
native_profile_function,243,none,0,0,0,0,0,[0, 0, 0, 0, 0, 0, 0, 0, 0, 0, 0, 0, 0, 0, 0, 0, 0, 0, 0, 0, 0, 0, 0, 0, 0, 0, 0, 0, 0, 0, 0]
native_profile_function,244,none,0,0,0,0,0,[0, 0, 0, 0, 0, 0, 0, 0, 0, 0, 0, 0, 0, 0, 0, 0, 0, 0, 0, 0, 0, 0, 0, 0, 0, 0, 0, 0, 0, 0, 0]
native_profile_function,245,none,0,0,0,0,0,[0, 0, 0, 0, 0, 0, 0, 0, 0, 0, 0, 0, 0, 0, 0, 0, 0, 0, 0, 0, 0, 0, 0, 0, 0, 0, 0, 0, 0, 0, 0]
native_profile_function,246,none,0,0,0,0,0,[0, 0, 0, 0, 0, 0, 0, 0, 0, 0, 0, 0, 0, 0, 0, 0, 0, 0, 0, 0, 0, 0, 0, 0, 0, 0, 0, 0, 0, 0, 0]
native_profile_function,247,none,0,0,0,0,0,[0, 0, 0, 0, 0, 0, 0, 0, 0, 0, 0, 0, 0, 0, 0, 0, 0, 0, 0, 0, 0, 0, 0, 0, 0, 0, 0, 0, 0, 0, 0]
native_profile_function,248,none,0,0,0,0,0,[0, 0, 0, 0, 0, 0, 0, 0, 0, 0, 0, 0, 0, 0, 0, 0, 0, 0, 0, 0, 0, 0, 0, 0, 0, 0, 0, 0, 0, 0, 0]
native_profile_function,249,none,0,0,0,0,0,[0, 0, 0, 0, 0, 0, 0, 0, 0, 0, 0, 0, 0, 0, 0, 0, 0, 0, 0, 0, 0, 0, 0, 0, 0, 0, 0, 0, 0, 0, 0]
native_profile_function,250,none,0,0,0,0,0,[0, 0, 0, 0, 0, 0, 0, 0, 0, 0, 0, 0, 0, 0, 0, 0, 0, 0, 0, 0, 0, 0, 0, 0, 0, 0, 0, 0, 0, 0, 0]
native_profile_function,251,none,0,0,0,0,0,[0, 0, 0, 0, 0, 0, 0, 0, 0, 0, 0, 0, 0, 0, 0, 0, 0, 0, 0, 0, 0, 0, 0, 0, 0, 0, 0, 0, 0, 0, 0]
native_profile_function,252,none,0,0,0,0,0,[0, 0, 0, 0, 0, 0, 0, 0, 0, 0, 0, 0, 0, 0, 0, 0, 0, 0, 0, 0, 0, 0, 0, 0, 0, 0, 0, 0, 0, 0, 0]
native_profile_function,253,none,0,0,0,0,0,[0, 0, 0, 0, 0, 0, 0, 0, 0, 0, 0, 0, 0, 0, 0, 0, 0, 0, 0, 0, 0, 0, 0, 0, 0, 0, 0, 0, 0, 0, 0]
native_profile_function,254,none,0,0,0,0,0,[0, 0, 0, 0, 0, 0, 0, 0, 0, 0, 0, 0, 0, 0, 0, 0, 0, 0, 0, 0, 0, 0, 0, 0, 0, 0, 0, 0, 0, 0, 0]
native_profile_function,255,none,0,0,0,0,0,[0, 0, 0, 0, 0, 0, 0, 0, 0, 0, 0, 0, 0, 0, 0, 0, 0, 0, 0, 0, 0, 0, 0, 0, 0, 0, 0, 0, 0, 0, 0]
native_profile_function,256,none,0,0,0,0,0,[0, 0, 0, 0, 0, 0, 0, 0, 0, 0, 0, 0, 0, 0, 0, 0, 0, 0, 0, 0, 0, 0, 0, 0, 0, 0, 0, 0, 0, 0, 0]
native_profile_function,257,none,0,0,0,0,0,[0, 0, 0, 0, 0, 0, 0, 0, 0, 0, 0, 0, 0, 0, 0, 0, 0, 0, 0, 0, 0, 0, 0, 0, 0, 0, 0, 0, 0, 0, 0]
native_profile_function,258,none,0,0,0,0,0,[0, 0, 0, 0, 0, 0, 0, 0, 0, 0, 0, 0, 0, 0, 0, 0, 0, 0, 0, 0, 0, 0, 0, 0, 0, 0, 0, 0, 0, 0, 0]
native_profile_function,259,none,0,0,0,0,0,[0, 0, 0, 0, 0, 0, 0, 0, 0, 0, 0, 0, 0, 0, 0, 0, 0, 0, 0, 0, 0, 0, 0, 0, 0, 0, 0, 0, 0, 0, 0]
native_profile_function,260,none,0,0,0,0,0,[0, 0, 0, 0, 0, 0, 0, 0, 0, 0, 0, 0, 0, 0, 0, 0, 0, 0, 0, 0, 0, 0, 0, 0, 0, 0, 0, 0, 0, 0, 0]
native_profile_function,261,none,0,0,0,0,0,[0, 0, 0, 0, 0, 0, 0, 0, 0, 0, 0, 0, 0, 0, 0, 0, 0, 0, 0, 0, 0, 0, 0, 0, 0, 0, 0, 0, 0, 0, 0]
native_profile_function,262,none,0,0,0,0,0,[0, 0, 0, 0, 0, 0, 0, 0, 0, 0, 0, 0, 0, 0, 0, 0, 0, 0, 0, 0, 0, 0, 0, 0, 0, 0, 0, 0, 0, 0, 0]
native_profile_function,263,none,0,0,0,0,0,[0, 0, 0, 0, 0, 0, 0, 0, 0, 0, 0, 0, 0, 0, 0, 0, 0, 0, 0, 0, 0, 0, 0, 0, 0, 0, 0, 0, 0, 0, 0]
native_profile_function,264,none,0,0,0,0,0,[0, 0, 0, 0, 0, 0, 0, 0, 0, 0, 0, 0, 0, 0, 0, 0, 0, 0, 0, 0, 0, 0, 0, 0, 0, 0, 0, 0, 0, 0, 0]
native_profile_function,265,none,0,0,0,0,0,[0, 0, 0, 0, 0, 0, 0, 0, 0, 0, 0, 0, 0, 0, 0, 0, 0, 0, 0, 0, 0, 0, 0, 0, 0, 0, 0, 0, 0, 0, 0]
native_profile_function,266,none,0,0,0,0,0,[0, 0, 0, 0, 0, 0, 0, 0, 0, 0, 0, 0, 0, 0, 0, 0, 0, 0, 0, 0, 0, 0, 0, 0, 0, 0, 0, 0, 0, 0, 0]
native_profile_function,267,none,0,0,0,0,0,[0, 0, 0, 0, 0, 0, 0, 0, 0, 0, 0, 0, 0, 0, 0, 0, 0, 0, 0, 0, 0, 0, 0, 0, 0, 0, 0, 0, 0, 0, 0]
native_profile_function,268,none,0,0,0,0,0,[0, 0, 0, 0, 0, 0, 0, 0, 0, 0, 0, 0, 0, 0, 0, 0, 0, 0, 0, 0, 0, 0, 0, 0, 0, 0, 0, 0, 0, 0, 0]
native_profile_function,269,none,0,0,0,0,0,[0, 0, 0, 0, 0, 0, 0, 0, 0, 0, 0, 0, 0, 0, 0, 0, 0, 0, 0, 0, 0, 0, 0, 0, 0, 0, 0, 0, 0, 0, 0]
native_profile_function,270,none,0,0,0,0,0,[0, 0, 0, 0, 0, 0, 0, 0, 0, 0, 0, 0, 0, 0, 0, 0, 0, 0, 0, 0, 0, 0, 0, 0, 0, 0, 0, 0, 0, 0, 0]
native_profile_function,271,none,0,0,0,0,0,[0, 0, 0, 0, 0, 0, 0, 0, 0, 0, 0, 0, 0, 0, 0, 0, 0, 0, 0, 0, 0, 0, 0, 0, 0, 0, 0, 0, 0, 0, 0]
native_profile_function,272,none,0,0,0,0,0,[0, 0, 0, 0, 0, 0, 0, 0, 0, 0, 0, 0, 0, 0, 0, 0, 0, 0, 0, 0, 0, 0, 0, 0, 0, 0, 0, 0, 0, 0, 0]
native_profile_function,273,none,0,0,0,0,0,[0, 0, 0, 0, 0, 0, 0, 0, 0, 0, 0, 0, 0, 0, 0, 0, 0, 0, 0, 0, 0, 0, 0, 0, 0, 0, 0, 0, 0, 0, 0]
native_profile_function,274,none,0,0,0,0,0,[0, 0, 0, 0, 0, 0, 0, 0, 0, 0, 0, 0, 0, 0, 0, 0, 0, 0, 0, 0, 0, 0, 0, 0, 0, 0, 0, 0, 0, 0, 0]
native_profile_function,275,10867,26,6,12,0,0,[4, 2, 0, 2, 0, 2, 2, 0, 0, 0, 0, 0, 0, 2, 0, 0, 0, 0, 0, 0, 0, 0, 0, 0, 0, 0, 0, 0, 0, 0, 0]
native_profile_function,276,none,0,0,0,0,0,[0, 0, 0, 0, 0, 0, 0, 0, 0, 0, 0, 0, 0, 0, 0, 0, 0, 0, 0, 0, 0, 0, 0, 0, 0, 0, 0, 0, 0, 0, 0]
native_profile_function,277,none,0,0,0,0,0,[0, 0, 0, 0, 0, 0, 0, 0, 0, 0, 0, 0, 0, 0, 0, 0, 0, 0, 0, 0, 0, 0, 0, 0, 0, 0, 0, 0, 0, 0, 0]
native_profile_function,278,none,0,0,0,0,0,[0, 0, 0, 0, 0, 0, 0, 0, 0, 0, 0, 0, 0, 0, 0, 0, 0, 0, 0, 0, 0, 0, 0, 0, 0, 0, 0, 0, 0, 0, 0]
native_profile_function,279,none,0,0,0,0,0,[0, 0, 0, 0, 0, 0, 0, 0, 0, 0, 0, 0, 0, 0, 0, 0, 0, 0, 0, 0, 0, 0, 0, 0, 0, 0, 0, 0, 0, 0, 0]
native_profile_function,280,14532,18078,7074,6288,1572,0,[1572, 2358, 0, 786, 0, 2358, 786, 0, 0, 0, 0, 0, 1572, 786, 0, 0, 0, 0, 0, 0, 0, 0, 0, 0, 0, 0, 0, 0, 0, 0, 0]
native_profile_function,281,none,0,0,0,0,0,[0, 0, 0, 0, 0, 0, 0, 0, 0, 0, 0, 0, 0, 0, 0, 0, 0, 0, 0, 0, 0, 0, 0, 0, 0, 0, 0, 0, 0, 0, 0]
native_profile_function,282,none,0,0,0,0,0,[0, 0, 0, 0, 0, 0, 0, 0, 0, 0, 0, 0, 0, 0, 0, 0, 0, 0, 0, 0, 0, 0, 0, 0, 0, 0, 0, 0, 0, 0, 0]
native_profile_function,283,none,0,0,0,0,0,[0, 0, 0, 0, 0, 0, 0, 0, 0, 0, 0, 0, 0, 0, 0, 0, 0, 0, 0, 0, 0, 0, 0, 0, 0, 0, 0, 0, 0, 0, 0]
native_profile_function,284,none,0,0,0,0,0,[0, 0, 0, 0, 0, 0, 0, 0, 0, 0, 0, 0, 0, 0, 0, 0, 0, 0, 0, 0, 0, 0, 0, 0, 0, 0, 0, 0, 0, 0, 0]
native_profile_function,285,none,0,0,0,0,0,[0, 0, 0, 0, 0, 0, 0, 0, 0, 0, 0, 0, 0, 0, 0, 0, 0, 0, 0, 0, 0, 0, 0, 0, 0, 0, 0, 0, 0, 0, 0]
native_profile_function,286,none,0,0,0,0,0,[0, 0, 0, 0, 0, 0, 0, 0, 0, 0, 0, 0, 0, 0, 0, 0, 0, 0, 0, 0, 0, 0, 0, 0, 0, 0, 0, 0, 0, 0, 0]
native_profile_function,287,none,0,0,0,0,0,[0, 0, 0, 0, 0, 0, 0, 0, 0, 0, 0, 0, 0, 0, 0, 0, 0, 0, 0, 0, 0, 0, 0, 0, 0, 0, 0, 0, 0, 0, 0]
native_profile_function,288,none,0,0,0,0,0,[0, 0, 0, 0, 0, 0, 0, 0, 0, 0, 0, 0, 0, 0, 0, 0, 0, 0, 0, 0, 0, 0, 0, 0, 0, 0, 0, 0, 0, 0, 0]
native_profile_function,289,none,0,0,0,0,0,[0, 0, 0, 0, 0, 0, 0, 0, 0, 0, 0, 0, 0, 0, 0, 0, 0, 0, 0, 0, 0, 0, 0, 0, 0, 0, 0, 0, 0, 0, 0]
native_profile_function,290,none,0,0,0,0,0,[0, 0, 0, 0, 0, 0, 0, 0, 0, 0, 0, 0, 0, 0, 0, 0, 0, 0, 0, 0, 0, 0, 0, 0, 0, 0, 0, 0, 0, 0, 0]
native_profile_function,291,none,0,0,0,0,0,[0, 0, 0, 0, 0, 0, 0, 0, 0, 0, 0, 0, 0, 0, 0, 0, 0, 0, 0, 0, 0, 0, 0, 0, 0, 0, 0, 0, 0, 0, 0]
native_profile_function,292,none,0,0,0,0,0,[0, 0, 0, 0, 0, 0, 0, 0, 0, 0, 0, 0, 0, 0, 0, 0, 0, 0, 0, 0, 0, 0, 0, 0, 0, 0, 0, 0, 0, 0, 0]
native_profile_function,293,none,0,0,0,0,0,[0, 0, 0, 0, 0, 0, 0, 0, 0, 0, 0, 0, 0, 0, 0, 0, 0, 0, 0, 0, 0, 0, 0, 0, 0, 0, 0, 0, 0, 0, 0]
native_profile_function,294,none,0,0,0,0,0,[0, 0, 0, 0, 0, 0, 0, 0, 0, 0, 0, 0, 0, 0, 0, 0, 0, 0, 0, 0, 0, 0, 0, 0, 0, 0, 0, 0, 0, 0, 0]
native_profile_function,295,none,0,0,0,0,0,[0, 0, 0, 0, 0, 0, 0, 0, 0, 0, 0, 0, 0, 0, 0, 0, 0, 0, 0, 0, 0, 0, 0, 0, 0, 0, 0, 0, 0, 0, 0]
native_profile_function,296,none,0,0,0,0,0,[0, 0, 0, 0, 0, 0, 0, 0, 0, 0, 0, 0, 0, 0, 0, 0, 0, 0, 0, 0, 0, 0, 0, 0, 0, 0, 0, 0, 0, 0, 0]
native_profile_function,297,none,0,0,0,0,0,[0, 0, 0, 0, 0, 0, 0, 0, 0, 0, 0, 0, 0, 0, 0, 0, 0, 0, 0, 0, 0, 0, 0, 0, 0, 0, 0, 0, 0, 0, 0]
native_profile_function,298,none,0,0,0,0,0,[0, 0, 0, 0, 0, 0, 0, 0, 0, 0, 0, 0, 0, 0, 0, 0, 0, 0, 0, 0, 0, 0, 0, 0, 0, 0, 0, 0, 0, 0, 0]
native_profile_function,299,none,0,0,0,0,0,[0, 0, 0, 0, 0, 0, 0, 0, 0, 0, 0, 0, 0, 0, 0, 0, 0, 0, 0, 0, 0, 0, 0, 0, 0, 0, 0, 0, 0, 0, 0]
native_profile_function,300,none,0,0,0,0,0,[0, 0, 0, 0, 0, 0, 0, 0, 0, 0, 0, 0, 0, 0, 0, 0, 0, 0, 0, 0, 0, 0, 0, 0, 0, 0, 0, 0, 0, 0, 0]
native_profile_function,301,none,0,0,0,0,0,[0, 0, 0, 0, 0, 0, 0, 0, 0, 0, 0, 0, 0, 0, 0, 0, 0, 0, 0, 0, 0, 0, 0, 0, 0, 0, 0, 0, 0, 0, 0]
native_profile_function,302,none,0,0,0,0,0,[0, 0, 0, 0, 0, 0, 0, 0, 0, 0, 0, 0, 0, 0, 0, 0, 0, 0, 0, 0, 0, 0, 0, 0, 0, 0, 0, 0, 0, 0, 0]
native_profile_function,303,none,0,0,0,0,0,[0, 0, 0, 0, 0, 0, 0, 0, 0, 0, 0, 0, 0, 0, 0, 0, 0, 0, 0, 0, 0, 0, 0, 0, 0, 0, 0, 0, 0, 0, 0]
native_profile_function,304,none,0,0,0,0,0,[0, 0, 0, 0, 0, 0, 0, 0, 0, 0, 0, 0, 0, 0, 0, 0, 0, 0, 0, 0, 0, 0, 0, 0, 0, 0, 0, 0, 0, 0, 0]
native_profile_function,305,none,0,0,0,0,0,[0, 0, 0, 0, 0, 0, 0, 0, 0, 0, 0, 0, 0, 0, 0, 0, 0, 0, 0, 0, 0, 0, 0, 0, 0, 0, 0, 0, 0, 0, 0]
native_profile_function,306,none,0,0,0,0,0,[0, 0, 0, 0, 0, 0, 0, 0, 0, 0, 0, 0, 0, 0, 0, 0, 0, 0, 0, 0, 0, 0, 0, 0, 0, 0, 0, 0, 0, 0, 0]
native_profile_function,307,none,0,0,0,0,0,[0, 0, 0, 0, 0, 0, 0, 0, 0, 0, 0, 0, 0, 0, 0, 0, 0, 0, 0, 0, 0, 0, 0, 0, 0, 0, 0, 0, 0, 0, 0]
native_profile_function,308,16129,416,130,156,26,0,[52, 52, 0, 26, 0, 26, 26, 0, 0, 0, 0, 0, 26, 26, 0, 0, 0, 0, 0, 0, 0, 0, 0, 0, 0, 0, 0, 0, 0, 0, 0]
native_profile_function,309,none,0,0,0,0,0,[0, 0, 0, 0, 0, 0, 0, 0, 0, 0, 0, 0, 0, 0, 0, 0, 0, 0, 0, 0, 0, 0, 0, 0, 0, 0, 0, 0, 0, 0, 0]
native_profile_function,310,none,0,0,0,0,0,[0, 0, 0, 0, 0, 0, 0, 0, 0, 0, 0, 0, 0, 0, 0, 0, 0, 0, 0, 0, 0, 0, 0, 0, 0, 0, 0, 0, 0, 0, 0]
native_profile_function,311,none,0,0,0,0,0,[0, 0, 0, 0, 0, 0, 0, 0, 0, 0, 0, 0, 0, 0, 0, 0, 0, 0, 0, 0, 0, 0, 0, 0, 0, 0, 0, 0, 0, 0, 0]
native_profile_function,312,none,0,0,0,0,0,[0, 0, 0, 0, 0, 0, 0, 0, 0, 0, 0, 0, 0, 0, 0, 0, 0, 0, 0, 0, 0, 0, 0, 0, 0, 0, 0, 0, 0, 0, 0]
native_profile_function,313,22767,7791,2968,2597,742,0,[742, 1113, 0, 371, 0, 742, 371, 0, 0, 0, 0, 0, 742, 371, 0, 0, 0, 0, 0, 0, 0, 0, 0, 0, 0, 0, 0, 0, 0, 0, 0]
native_profile_function,314,389275,105,40,35,10,0,[10, 15, 0, 5, 0, 10, 5, 0, 0, 0, 0, 0, 10, 5, 0, 0, 0, 0, 0, 0, 0, 0, 0, 0, 0, 0, 0, 0, 0, 0, 0]
native_profile_function,315,19187,6636,2528,2212,632,0,[632, 948, 0, 316, 0, 632, 316, 0, 0, 0, 0, 0, 632, 316, 0, 0, 0, 0, 0, 0, 0, 0, 0, 0, 0, 0, 0, 0, 0, 0, 0]
native_profile_function,316,15362,16,5,6,1,0,[2, 2, 0, 1, 0, 1, 1, 0, 0, 0, 0, 0, 1, 1, 0, 0, 0, 0, 0, 0, 0, 0, 0, 0, 0, 0, 0, 0, 0, 0, 0]
native_profile_function,317,none,0,0,0,0,0,[0, 0, 0, 0, 0, 0, 0, 0, 0, 0, 0, 0, 0, 0, 0, 0, 0, 0, 0, 0, 0, 0, 0, 0, 0, 0, 0, 0, 0, 0, 0]
native_profile_function,318,14450,1742,737,536,201,0,[134, 268, 0, 67, 0, 201, 67, 0, 0, 0, 0, 0, 201, 67, 0, 0, 0, 0, 0, 0, 0, 0, 0, 0, 0, 0, 0, 0, 0, 0, 0]
native_profile_function,319,14438,737,134,335,0,0,[134, 67, 0, 67, 0, 0, 67, 0, 0, 0, 0, 0, 0, 67, 0, 0, 0, 0, 0, 0, 0, 0, 0, 0, 0, 0, 0, 0, 0, 0, 0]
native_profile_function,320,none,0,0,0,0,0,[0, 0, 0, 0, 0, 0, 0, 0, 0, 0, 0, 0, 0, 0, 0, 0, 0, 0, 0, 0, 0, 0, 0, 0, 0, 0, 0, 0, 0, 0, 0]
native_profile_function,321,none,0,0,0,0,0,[0, 0, 0, 0, 0, 0, 0, 0, 0, 0, 0, 0, 0, 0, 0, 0, 0, 0, 0, 0, 0, 0, 0, 0, 0, 0, 0, 0, 0, 0, 0]
native_profile_function,322,10881,66874,22032,23604,788,0,[6294, 12586, 0, 788, 3146, 5510, 0, 0, 788, 0, 1572, 0, 788, 788, 0, 0, 0, 0, 0, 0, 0, 0, 0, 0, 0, 0, 0, 0, 0, 0, 0]
native_profile_function,323,none,0,0,0,0,0,[0, 0, 0, 0, 0, 0, 0, 0, 0, 0, 0, 0, 0, 0, 0, 0, 0, 0, 0, 0, 0, 0, 0, 0, 0, 0, 0, 0, 0, 0, 0]
native_profile_function,324,none,0,0,0,0,0,[0, 0, 0, 0, 0, 0, 0, 0, 0, 0, 0, 0, 0, 0, 0, 0, 0, 0, 0, 0, 0, 0, 0, 0, 0, 0, 0, 0, 0, 0, 0]
native_profile_function,325,none,0,0,0,0,0,[0, 0, 0, 0, 0, 0, 0, 0, 0, 0, 0, 0, 0, 0, 0, 0, 0, 0, 0, 0, 0, 0, 0, 0, 0, 0, 0, 0, 0, 0, 0]
native_profile_function,326,none,0,0,0,0,0,[0, 0, 0, 0, 0, 0, 0, 0, 0, 0, 0, 0, 0, 0, 0, 0, 0, 0, 0, 0, 0, 0, 0, 0, 0, 0, 0, 0, 0, 0, 0]
native_profile_function,327,none,0,0,0,0,0,[0, 0, 0, 0, 0, 0, 0, 0, 0, 0, 0, 0, 0, 0, 0, 0, 0, 0, 0, 0, 0, 0, 0, 0, 0, 0, 0, 0, 0, 0, 0]
native_profile_function,328,none,0,0,0,0,0,[0, 0, 0, 0, 0, 0, 0, 0, 0, 0, 0, 0, 0, 0, 0, 0, 0, 0, 0, 0, 0, 0, 0, 0, 0, 0, 0, 0, 0, 0, 0]
native_profile_function,329,none,0,0,0,0,0,[0, 0, 0, 0, 0, 0, 0, 0, 0, 0, 0, 0, 0, 0, 0, 0, 0, 0, 0, 0, 0, 0, 0, 0, 0, 0, 0, 0, 0, 0, 0]
native_profile_function,330,none,0,0,0,0,0,[0, 0, 0, 0, 0, 0, 0, 0, 0, 0, 0, 0, 0, 0, 0, 0, 0, 0, 0, 0, 0, 0, 0, 0, 0, 0, 0, 0, 0, 0, 0]
native_profile_function,331,none,0,0,0,0,0,[0, 0, 0, 0, 0, 0, 0, 0, 0, 0, 0, 0, 0, 0, 0, 0, 0, 0, 0, 0, 0, 0, 0, 0, 0, 0, 0, 0, 0, 0, 0]
native_profile_function,332,none,0,0,0,0,0,[0, 0, 0, 0, 0, 0, 0, 0, 0, 0, 0, 0, 0, 0, 0, 0, 0, 0, 0, 0, 0, 0, 0, 0, 0, 0, 0, 0, 0, 0, 0]
native_profile_function,333,none,0,0,0,0,0,[0, 0, 0, 0, 0, 0, 0, 0, 0, 0, 0, 0, 0, 0, 0, 0, 0, 0, 0, 0, 0, 0, 0, 0, 0, 0, 0, 0, 0, 0, 0]
native_profile_function,334,none,0,0,0,0,0,[0, 0, 0, 0, 0, 0, 0, 0, 0, 0, 0, 0, 0, 0, 0, 0, 0, 0, 0, 0, 0, 0, 0, 0, 0, 0, 0, 0, 0, 0, 0]
native_profile_function,335,none,0,0,0,0,0,[0, 0, 0, 0, 0, 0, 0, 0, 0, 0, 0, 0, 0, 0, 0, 0, 0, 0, 0, 0, 0, 0, 0, 0, 0, 0, 0, 0, 0, 0, 0]
native_profile_function,336,none,0,0,0,0,0,[0, 0, 0, 0, 0, 0, 0, 0, 0, 0, 0, 0, 0, 0, 0, 0, 0, 0, 0, 0, 0, 0, 0, 0, 0, 0, 0, 0, 0, 0, 0]
native_profile_function,337,none,0,0,0,0,0,[0, 0, 0, 0, 0, 0, 0, 0, 0, 0, 0, 0, 0, 0, 0, 0, 0, 0, 0, 0, 0, 0, 0, 0, 0, 0, 0, 0, 0, 0, 0]
native_profile_function,338,none,0,0,0,0,0,[0, 0, 0, 0, 0, 0, 0, 0, 0, 0, 0, 0, 0, 0, 0, 0, 0, 0, 0, 0, 0, 0, 0, 0, 0, 0, 0, 0, 0, 0, 0]
native_profile_function,339,none,0,0,0,0,0,[0, 0, 0, 0, 0, 0, 0, 0, 0, 0, 0, 0, 0, 0, 0, 0, 0, 0, 0, 0, 0, 0, 0, 0, 0, 0, 0, 0, 0, 0, 0]
native_profile_function,340,none,0,0,0,0,0,[0, 0, 0, 0, 0, 0, 0, 0, 0, 0, 0, 0, 0, 0, 0, 0, 0, 0, 0, 0, 0, 0, 0, 0, 0, 0, 0, 0, 0, 0, 0]
native_profile_function,341,none,0,0,0,0,0,[0, 0, 0, 0, 0, 0, 0, 0, 0, 0, 0, 0, 0, 0, 0, 0, 0, 0, 0, 0, 0, 0, 0, 0, 0, 0, 0, 0, 0, 0, 0]
native_profile_function,342,none,0,0,0,0,0,[0, 0, 0, 0, 0, 0, 0, 0, 0, 0, 0, 0, 0, 0, 0, 0, 0, 0, 0, 0, 0, 0, 0, 0, 0, 0, 0, 0, 0, 0, 0]
native_profile_function,343,none,0,0,0,0,0,[0, 0, 0, 0, 0, 0, 0, 0, 0, 0, 0, 0, 0, 0, 0, 0, 0, 0, 0, 0, 0, 0, 0, 0, 0, 0, 0, 0, 0, 0, 0]
native_profile_function,344,none,0,0,0,0,0,[0, 0, 0, 0, 0, 0, 0, 0, 0, 0, 0, 0, 0, 0, 0, 0, 0, 0, 0, 0, 0, 0, 0, 0, 0, 0, 0, 0, 0, 0, 0]
native_profile_function,345,none,0,0,0,0,0,[0, 0, 0, 0, 0, 0, 0, 0, 0, 0, 0, 0, 0, 0, 0, 0, 0, 0, 0, 0, 0, 0, 0, 0, 0, 0, 0, 0, 0, 0, 0]
native_profile_function,346,none,0,0,0,0,0,[0, 0, 0, 0, 0, 0, 0, 0, 0, 0, 0, 0, 0, 0, 0, 0, 0, 0, 0, 0, 0, 0, 0, 0, 0, 0, 0, 0, 0, 0, 0]
native_profile_function,347,none,0,0,0,0,0,[0, 0, 0, 0, 0, 0, 0, 0, 0, 0, 0, 0, 0, 0, 0, 0, 0, 0, 0, 0, 0, 0, 0, 0, 0, 0, 0, 0, 0, 0, 0]
native_profile_function,348,none,0,0,0,0,0,[0, 0, 0, 0, 0, 0, 0, 0, 0, 0, 0, 0, 0, 0, 0, 0, 0, 0, 0, 0, 0, 0, 0, 0, 0, 0, 0, 0, 0, 0, 0]
native_profile_function,349,none,0,0,0,0,0,[0, 0, 0, 0, 0, 0, 0, 0, 0, 0, 0, 0, 0, 0, 0, 0, 0, 0, 0, 0, 0, 0, 0, 0, 0, 0, 0, 0, 0, 0, 0]
native_profile_function,350,none,0,0,0,0,0,[0, 0, 0, 0, 0, 0, 0, 0, 0, 0, 0, 0, 0, 0, 0, 0, 0, 0, 0, 0, 0, 0, 0, 0, 0, 0, 0, 0, 0, 0, 0]
native_profile_function,351,none,0,0,0,0,0,[0, 0, 0, 0, 0, 0, 0, 0, 0, 0, 0, 0, 0, 0, 0, 0, 0, 0, 0, 0, 0, 0, 0, 0, 0, 0, 0, 0, 0, 0, 0]
native_profile_function,352,none,0,0,0,0,0,[0, 0, 0, 0, 0, 0, 0, 0, 0, 0, 0, 0, 0, 0, 0, 0, 0, 0, 0, 0, 0, 0, 0, 0, 0, 0, 0, 0, 0, 0, 0]
native_profile_function,353,none,0,0,0,0,0,[0, 0, 0, 0, 0, 0, 0, 0, 0, 0, 0, 0, 0, 0, 0, 0, 0, 0, 0, 0, 0, 0, 0, 0, 0, 0, 0, 0, 0, 0, 0]
native_profile_function,354,none,0,0,0,0,0,[0, 0, 0, 0, 0, 0, 0, 0, 0, 0, 0, 0, 0, 0, 0, 0, 0, 0, 0, 0, 0, 0, 0, 0, 0, 0, 0, 0, 0, 0, 0]
native_profile_function,355,none,0,0,0,0,0,[0, 0, 0, 0, 0, 0, 0, 0, 0, 0, 0, 0, 0, 0, 0, 0, 0, 0, 0, 0, 0, 0, 0, 0, 0, 0, 0, 0, 0, 0, 0]
native_profile_function,356,none,0,0,0,0,0,[0, 0, 0, 0, 0, 0, 0, 0, 0, 0, 0, 0, 0, 0, 0, 0, 0, 0, 0, 0, 0, 0, 0, 0, 0, 0, 0, 0, 0, 0, 0]
native_profile_function,357,none,0,0,0,0,0,[0, 0, 0, 0, 0, 0, 0, 0, 0, 0, 0, 0, 0, 0, 0, 0, 0, 0, 0, 0, 0, 0, 0, 0, 0, 0, 0, 0, 0, 0, 0]
native_profile_function,358,none,0,0,0,0,0,[0, 0, 0, 0, 0, 0, 0, 0, 0, 0, 0, 0, 0, 0, 0, 0, 0, 0, 0, 0, 0, 0, 0, 0, 0, 0, 0, 0, 0, 0, 0]
native_profile_function,359,none,0,0,0,0,0,[0, 0, 0, 0, 0, 0, 0, 0, 0, 0, 0, 0, 0, 0, 0, 0, 0, 0, 0, 0, 0, 0, 0, 0, 0, 0, 0, 0, 0, 0, 0]
native_profile_function,360,none,0,0,0,0,0,[0, 0, 0, 0, 0, 0, 0, 0, 0, 0, 0, 0, 0, 0, 0, 0, 0, 0, 0, 0, 0, 0, 0, 0, 0, 0, 0, 0, 0, 0, 0]
native_profile_function,361,none,0,0,0,0,0,[0, 0, 0, 0, 0, 0, 0, 0, 0, 0, 0, 0, 0, 0, 0, 0, 0, 0, 0, 0, 0, 0, 0, 0, 0, 0, 0, 0, 0, 0, 0]
native_profile_function,362,none,0,0,0,0,0,[0, 0, 0, 0, 0, 0, 0, 0, 0, 0, 0, 0, 0, 0, 0, 0, 0, 0, 0, 0, 0, 0, 0, 0, 0, 0, 0, 0, 0, 0, 0]
native_profile_function,363,none,0,0,0,0,0,[0, 0, 0, 0, 0, 0, 0, 0, 0, 0, 0, 0, 0, 0, 0, 0, 0, 0, 0, 0, 0, 0, 0, 0, 0, 0, 0, 0, 0, 0, 0]
native_profile_function,364,none,0,0,0,0,0,[0, 0, 0, 0, 0, 0, 0, 0, 0, 0, 0, 0, 0, 0, 0, 0, 0, 0, 0, 0, 0, 0, 0, 0, 0, 0, 0, 0, 0, 0, 0]
native_profile_function,365,none,0,0,0,0,0,[0, 0, 0, 0, 0, 0, 0, 0, 0, 0, 0, 0, 0, 0, 0, 0, 0, 0, 0, 0, 0, 0, 0, 0, 0, 0, 0, 0, 0, 0, 0]
native_profile_function,366,none,0,0,0,0,0,[0, 0, 0, 0, 0, 0, 0, 0, 0, 0, 0, 0, 0, 0, 0, 0, 0, 0, 0, 0, 0, 0, 0, 0, 0, 0, 0, 0, 0, 0, 0]
native_profile_function,367,none,0,0,0,0,0,[0, 0, 0, 0, 0, 0, 0, 0, 0, 0, 0, 0, 0, 0, 0, 0, 0, 0, 0, 0, 0, 0, 0, 0, 0, 0, 0, 0, 0, 0, 0]
native_profile_function,368,none,0,0,0,0,0,[0, 0, 0, 0, 0, 0, 0, 0, 0, 0, 0, 0, 0, 0, 0, 0, 0, 0, 0, 0, 0, 0, 0, 0, 0, 0, 0, 0, 0, 0, 0]
native_profile_function,369,none,0,0,0,0,0,[0, 0, 0, 0, 0, 0, 0, 0, 0, 0, 0, 0, 0, 0, 0, 0, 0, 0, 0, 0, 0, 0, 0, 0, 0, 0, 0, 0, 0, 0, 0]
native_profile_function,370,none,0,0,0,0,0,[0, 0, 0, 0, 0, 0, 0, 0, 0, 0, 0, 0, 0, 0, 0, 0, 0, 0, 0, 0, 0, 0, 0, 0, 0, 0, 0, 0, 0, 0, 0]
native_profile_function,371,none,0,0,0,0,0,[0, 0, 0, 0, 0, 0, 0, 0, 0, 0, 0, 0, 0, 0, 0, 0, 0, 0, 0, 0, 0, 0, 0, 0, 0, 0, 0, 0, 0, 0, 0]
native_profile_function,372,none,0,0,0,0,0,[0, 0, 0, 0, 0, 0, 0, 0, 0, 0, 0, 0, 0, 0, 0, 0, 0, 0, 0, 0, 0, 0, 0, 0, 0, 0, 0, 0, 0, 0, 0]
native_profile_function,373,none,0,0,0,0,0,[0, 0, 0, 0, 0, 0, 0, 0, 0, 0, 0, 0, 0, 0, 0, 0, 0, 0, 0, 0, 0, 0, 0, 0, 0, 0, 0, 0, 0, 0, 0]
native_profile_function,374,none,0,0,0,0,0,[0, 0, 0, 0, 0, 0, 0, 0, 0, 0, 0, 0, 0, 0, 0, 0, 0, 0, 0, 0, 0, 0, 0, 0, 0, 0, 0, 0, 0, 0, 0]
native_profile_function,375,none,0,0,0,0,0,[0, 0, 0, 0, 0, 0, 0, 0, 0, 0, 0, 0, 0, 0, 0, 0, 0, 0, 0, 0, 0, 0, 0, 0, 0, 0, 0, 0, 0, 0, 0]
native_profile_function,376,none,0,0,0,0,0,[0, 0, 0, 0, 0, 0, 0, 0, 0, 0, 0, 0, 0, 0, 0, 0, 0, 0, 0, 0, 0, 0, 0, 0, 0, 0, 0, 0, 0, 0, 0]
native_profile_function,377,none,0,0,0,0,0,[0, 0, 0, 0, 0, 0, 0, 0, 0, 0, 0, 0, 0, 0, 0, 0, 0, 0, 0, 0, 0, 0, 0, 0, 0, 0, 0, 0, 0, 0, 0]
native_profile_function,378,none,0,0,0,0,0,[0, 0, 0, 0, 0, 0, 0, 0, 0, 0, 0, 0, 0, 0, 0, 0, 0, 0, 0, 0, 0, 0, 0, 0, 0, 0, 0, 0, 0, 0, 0]
native_profile_function,379,none,0,0,0,0,0,[0, 0, 0, 0, 0, 0, 0, 0, 0, 0, 0, 0, 0, 0, 0, 0, 0, 0, 0, 0, 0, 0, 0, 0, 0, 0, 0, 0, 0, 0, 0]
native_profile_function,380,none,0,0,0,0,0,[0, 0, 0, 0, 0, 0, 0, 0, 0, 0, 0, 0, 0, 0, 0, 0, 0, 0, 0, 0, 0, 0, 0, 0, 0, 0, 0, 0, 0, 0, 0]
native_profile_function,381,none,0,0,0,0,0,[0, 0, 0, 0, 0, 0, 0, 0, 0, 0, 0, 0, 0, 0, 0, 0, 0, 0, 0, 0, 0, 0, 0, 0, 0, 0, 0, 0, 0, 0, 0]
native_profile_function,382,none,0,0,0,0,0,[0, 0, 0, 0, 0, 0, 0, 0, 0, 0, 0, 0, 0, 0, 0, 0, 0, 0, 0, 0, 0, 0, 0, 0, 0, 0, 0, 0, 0, 0, 0]
native_profile_function,383,none,0,0,0,0,0,[0, 0, 0, 0, 0, 0, 0, 0, 0, 0, 0, 0, 0, 0, 0, 0, 0, 0, 0, 0, 0, 0, 0, 0, 0, 0, 0, 0, 0, 0, 0]
native_profile_function,384,none,0,0,0,0,0,[0, 0, 0, 0, 0, 0, 0, 0, 0, 0, 0, 0, 0, 0, 0, 0, 0, 0, 0, 0, 0, 0, 0, 0, 0, 0, 0, 0, 0, 0, 0]
native_profile_function,385,none,0,0,0,0,0,[0, 0, 0, 0, 0, 0, 0, 0, 0, 0, 0, 0, 0, 0, 0, 0, 0, 0, 0, 0, 0, 0, 0, 0, 0, 0, 0, 0, 0, 0, 0]
native_profile_function,386,none,0,0,0,0,0,[0, 0, 0, 0, 0, 0, 0, 0, 0, 0, 0, 0, 0, 0, 0, 0, 0, 0, 0, 0, 0, 0, 0, 0, 0, 0, 0, 0, 0, 0, 0]
native_profile_function,387,none,0,0,0,0,0,[0, 0, 0, 0, 0, 0, 0, 0, 0, 0, 0, 0, 0, 0, 0, 0, 0, 0, 0, 0, 0, 0, 0, 0, 0, 0, 0, 0, 0, 0, 0]
native_profile_function,388,none,0,0,0,0,0,[0, 0, 0, 0, 0, 0, 0, 0, 0, 0, 0, 0, 0, 0, 0, 0, 0, 0, 0, 0, 0, 0, 0, 0, 0, 0, 0, 0, 0, 0, 0]
native_profile_function,389,none,0,0,0,0,0,[0, 0, 0, 0, 0, 0, 0, 0, 0, 0, 0, 0, 0, 0, 0, 0, 0, 0, 0, 0, 0, 0, 0, 0, 0, 0, 0, 0, 0, 0, 0]
native_profile_function,390,none,0,0,0,0,0,[0, 0, 0, 0, 0, 0, 0, 0, 0, 0, 0, 0, 0, 0, 0, 0, 0, 0, 0, 0, 0, 0, 0, 0, 0, 0, 0, 0, 0, 0, 0]
native_profile_function,391,none,0,0,0,0,0,[0, 0, 0, 0, 0, 0, 0, 0, 0, 0, 0, 0, 0, 0, 0, 0, 0, 0, 0, 0, 0, 0, 0, 0, 0, 0, 0, 0, 0, 0, 0]
native_profile_function,392,none,0,0,0,0,0,[0, 0, 0, 0, 0, 0, 0, 0, 0, 0, 0, 0, 0, 0, 0, 0, 0, 0, 0, 0, 0, 0, 0, 0, 0, 0, 0, 0, 0, 0, 0]
native_profile_function,393,none,0,0,0,0,0,[0, 0, 0, 0, 0, 0, 0, 0, 0, 0, 0, 0, 0, 0, 0, 0, 0, 0, 0, 0, 0, 0, 0, 0, 0, 0, 0, 0, 0, 0, 0]
native_profile_function,394,none,0,0,0,0,0,[0, 0, 0, 0, 0, 0, 0, 0, 0, 0, 0, 0, 0, 0, 0, 0, 0, 0, 0, 0, 0, 0, 0, 0, 0, 0, 0, 0, 0, 0, 0]
native_profile_function,395,none,0,0,0,0,0,[0, 0, 0, 0, 0, 0, 0, 0, 0, 0, 0, 0, 0, 0, 0, 0, 0, 0, 0, 0, 0, 0, 0, 0, 0, 0, 0, 0, 0, 0, 0]
native_profile_function,396,none,0,0,0,0,0,[0, 0, 0, 0, 0, 0, 0, 0, 0, 0, 0, 0, 0, 0, 0, 0, 0, 0, 0, 0, 0, 0, 0, 0, 0, 0, 0, 0, 0, 0, 0]
native_profile_function,397,none,0,0,0,0,0,[0, 0, 0, 0, 0, 0, 0, 0, 0, 0, 0, 0, 0, 0, 0, 0, 0, 0, 0, 0, 0, 0, 0, 0, 0, 0, 0, 0, 0, 0, 0]
native_profile_function,398,none,0,0,0,0,0,[0, 0, 0, 0, 0, 0, 0, 0, 0, 0, 0, 0, 0, 0, 0, 0, 0, 0, 0, 0, 0, 0, 0, 0, 0, 0, 0, 0, 0, 0, 0]
native_profile_function,399,none,0,0,0,0,0,[0, 0, 0, 0, 0, 0, 0, 0, 0, 0, 0, 0, 0, 0, 0, 0, 0, 0, 0, 0, 0, 0, 0, 0, 0, 0, 0, 0, 0, 0, 0]
native_profile_function,400,none,0,0,0,0,0,[0, 0, 0, 0, 0, 0, 0, 0, 0, 0, 0, 0, 0, 0, 0, 0, 0, 0, 0, 0, 0, 0, 0, 0, 0, 0, 0, 0, 0, 0, 0]
native_profile_function,401,none,0,0,0,0,0,[0, 0, 0, 0, 0, 0, 0, 0, 0, 0, 0, 0, 0, 0, 0, 0, 0, 0, 0, 0, 0, 0, 0, 0, 0, 0, 0, 0, 0, 0, 0]
native_profile_function,402,none,0,0,0,0,0,[0, 0, 0, 0, 0, 0, 0, 0, 0, 0, 0, 0, 0, 0, 0, 0, 0, 0, 0, 0, 0, 0, 0, 0, 0, 0, 0, 0, 0, 0, 0]
native_profile_function,403,none,0,0,0,0,0,[0, 0, 0, 0, 0, 0, 0, 0, 0, 0, 0, 0, 0, 0, 0, 0, 0, 0, 0, 0, 0, 0, 0, 0, 0, 0, 0, 0, 0, 0, 0]
native_profile_function,404,none,0,0,0,0,0,[0, 0, 0, 0, 0, 0, 0, 0, 0, 0, 0, 0, 0, 0, 0, 0, 0, 0, 0, 0, 0, 0, 0, 0, 0, 0, 0, 0, 0, 0, 0]
native_profile_function,405,none,0,0,0,0,0,[0, 0, 0, 0, 0, 0, 0, 0, 0, 0, 0, 0, 0, 0, 0, 0, 0, 0, 0, 0, 0, 0, 0, 0, 0, 0, 0, 0, 0, 0, 0]
native_profile_function,406,none,0,0,0,0,0,[0, 0, 0, 0, 0, 0, 0, 0, 0, 0, 0, 0, 0, 0, 0, 0, 0, 0, 0, 0, 0, 0, 0, 0, 0, 0, 0, 0, 0, 0, 0]
native_profile_function,407,none,0,0,0,0,0,[0, 0, 0, 0, 0, 0, 0, 0, 0, 0, 0, 0, 0, 0, 0, 0, 0, 0, 0, 0, 0, 0, 0, 0, 0, 0, 0, 0, 0, 0, 0]
native_profile_function,408,none,0,0,0,0,0,[0, 0, 0, 0, 0, 0, 0, 0, 0, 0, 0, 0, 0, 0, 0, 0, 0, 0, 0, 0, 0, 0, 0, 0, 0, 0, 0, 0, 0, 0, 0]
native_profile_function,409,none,0,0,0,0,0,[0, 0, 0, 0, 0, 0, 0, 0, 0, 0, 0, 0, 0, 0, 0, 0, 0, 0, 0, 0, 0, 0, 0, 0, 0, 0, 0, 0, 0, 0, 0]
native_profile_function,410,none,0,0,0,0,0,[0, 0, 0, 0, 0, 0, 0, 0, 0, 0, 0, 0, 0, 0, 0, 0, 0, 0, 0, 0, 0, 0, 0, 0, 0, 0, 0, 0, 0, 0, 0]
native_profile_function,411,none,0,0,0,0,0,[0, 0, 0, 0, 0, 0, 0, 0, 0, 0, 0, 0, 0, 0, 0, 0, 0, 0, 0, 0, 0, 0, 0, 0, 0, 0, 0, 0, 0, 0, 0]
native_profile_function,412,none,0,0,0,0,0,[0, 0, 0, 0, 0, 0, 0, 0, 0, 0, 0, 0, 0, 0, 0, 0, 0, 0, 0, 0, 0, 0, 0, 0, 0, 0, 0, 0, 0, 0, 0]
native_profile_function,413,none,0,0,0,0,0,[0, 0, 0, 0, 0, 0, 0, 0, 0, 0, 0, 0, 0, 0, 0, 0, 0, 0, 0, 0, 0, 0, 0, 0, 0, 0, 0, 0, 0, 0, 0]
native_profile_function,414,none,0,0,0,0,0,[0, 0, 0, 0, 0, 0, 0, 0, 0, 0, 0, 0, 0, 0, 0, 0, 0, 0, 0, 0, 0, 0, 0, 0, 0, 0, 0, 0, 0, 0, 0]
native_profile_function,415,none,0,0,0,0,0,[0, 0, 0, 0, 0, 0, 0, 0, 0, 0, 0, 0, 0, 0, 0, 0, 0, 0, 0, 0, 0, 0, 0, 0, 0, 0, 0, 0, 0, 0, 0]
native_profile_function,416,none,0,0,0,0,0,[0, 0, 0, 0, 0, 0, 0, 0, 0, 0, 0, 0, 0, 0, 0, 0, 0, 0, 0, 0, 0, 0, 0, 0, 0, 0, 0, 0, 0, 0, 0]
native_profile_function,417,none,0,0,0,0,0,[0, 0, 0, 0, 0, 0, 0, 0, 0, 0, 0, 0, 0, 0, 0, 0, 0, 0, 0, 0, 0, 0, 0, 0, 0, 0, 0, 0, 0, 0, 0]
native_profile_function,418,none,0,0,0,0,0,[0, 0, 0, 0, 0, 0, 0, 0, 0, 0, 0, 0, 0, 0, 0, 0, 0, 0, 0, 0, 0, 0, 0, 0, 0, 0, 0, 0, 0, 0, 0]
native_profile_function,419,none,0,0,0,0,0,[0, 0, 0, 0, 0, 0, 0, 0, 0, 0, 0, 0, 0, 0, 0, 0, 0, 0, 0, 0, 0, 0, 0, 0, 0, 0, 0, 0, 0, 0, 0]
native_profile_function,420,none,0,0,0,0,0,[0, 0, 0, 0, 0, 0, 0, 0, 0, 0, 0, 0, 0, 0, 0, 0, 0, 0, 0, 0, 0, 0, 0, 0, 0, 0, 0, 0, 0, 0, 0]
native_profile_function,421,none,0,0,0,0,0,[0, 0, 0, 0, 0, 0, 0, 0, 0, 0, 0, 0, 0, 0, 0, 0, 0, 0, 0, 0, 0, 0, 0, 0, 0, 0, 0, 0, 0, 0, 0]
native_profile_function,422,none,0,0,0,0,0,[0, 0, 0, 0, 0, 0, 0, 0, 0, 0, 0, 0, 0, 0, 0, 0, 0, 0, 0, 0, 0, 0, 0, 0, 0, 0, 0, 0, 0, 0, 0]
native_profile_function,423,none,0,0,0,0,0,[0, 0, 0, 0, 0, 0, 0, 0, 0, 0, 0, 0, 0, 0, 0, 0, 0, 0, 0, 0, 0, 0, 0, 0, 0, 0, 0, 0, 0, 0, 0]
native_profile_function,424,none,0,0,0,0,0,[0, 0, 0, 0, 0, 0, 0, 0, 0, 0, 0, 0, 0, 0, 0, 0, 0, 0, 0, 0, 0, 0, 0, 0, 0, 0, 0, 0, 0, 0, 0]
native_profile_function,425,none,0,0,0,0,0,[0, 0, 0, 0, 0, 0, 0, 0, 0, 0, 0, 0, 0, 0, 0, 0, 0, 0, 0, 0, 0, 0, 0, 0, 0, 0, 0, 0, 0, 0, 0]
native_profile_function,426,none,0,0,0,0,0,[0, 0, 0, 0, 0, 0, 0, 0, 0, 0, 0, 0, 0, 0, 0, 0, 0, 0, 0, 0, 0, 0, 0, 0, 0, 0, 0, 0, 0, 0, 0]
native_profile_function,427,none,0,0,0,0,0,[0, 0, 0, 0, 0, 0, 0, 0, 0, 0, 0, 0, 0, 0, 0, 0, 0, 0, 0, 0, 0, 0, 0, 0, 0, 0, 0, 0, 0, 0, 0]
native_profile_function,428,none,0,0,0,0,0,[0, 0, 0, 0, 0, 0, 0, 0, 0, 0, 0, 0, 0, 0, 0, 0, 0, 0, 0, 0, 0, 0, 0, 0, 0, 0, 0, 0, 0, 0, 0]
native_profile_function,429,none,0,0,0,0,0,[0, 0, 0, 0, 0, 0, 0, 0, 0, 0, 0, 0, 0, 0, 0, 0, 0, 0, 0, 0, 0, 0, 0, 0, 0, 0, 0, 0, 0, 0, 0]
native_profile_function,430,none,0,0,0,0,0,[0, 0, 0, 0, 0, 0, 0, 0, 0, 0, 0, 0, 0, 0, 0, 0, 0, 0, 0, 0, 0, 0, 0, 0, 0, 0, 0, 0, 0, 0, 0]
native_profile_function,431,none,0,0,0,0,0,[0, 0, 0, 0, 0, 0, 0, 0, 0, 0, 0, 0, 0, 0, 0, 0, 0, 0, 0, 0, 0, 0, 0, 0, 0, 0, 0, 0, 0, 0, 0]
native_profile_function,432,none,0,0,0,0,0,[0, 0, 0, 0, 0, 0, 0, 0, 0, 0, 0, 0, 0, 0, 0, 0, 0, 0, 0, 0, 0, 0, 0, 0, 0, 0, 0, 0, 0, 0, 0]
native_profile_function,433,none,0,0,0,0,0,[0, 0, 0, 0, 0, 0, 0, 0, 0, 0, 0, 0, 0, 0, 0, 0, 0, 0, 0, 0, 0, 0, 0, 0, 0, 0, 0, 0, 0, 0, 0]
native_profile_function,434,none,0,0,0,0,0,[0, 0, 0, 0, 0, 0, 0, 0, 0, 0, 0, 0, 0, 0, 0, 0, 0, 0, 0, 0, 0, 0, 0, 0, 0, 0, 0, 0, 0, 0, 0]
native_profile_function,435,none,0,0,0,0,0,[0, 0, 0, 0, 0, 0, 0, 0, 0, 0, 0, 0, 0, 0, 0, 0, 0, 0, 0, 0, 0, 0, 0, 0, 0, 0, 0, 0, 0, 0, 0]
native_profile_function,436,none,0,0,0,0,0,[0, 0, 0, 0, 0, 0, 0, 0, 0, 0, 0, 0, 0, 0, 0, 0, 0, 0, 0, 0, 0, 0, 0, 0, 0, 0, 0, 0, 0, 0, 0]
native_profile_function,437,none,0,0,0,0,0,[0, 0, 0, 0, 0, 0, 0, 0, 0, 0, 0, 0, 0, 0, 0, 0, 0, 0, 0, 0, 0, 0, 0, 0, 0, 0, 0, 0, 0, 0, 0]
native_profile_function,438,none,0,0,0,0,0,[0, 0, 0, 0, 0, 0, 0, 0, 0, 0, 0, 0, 0, 0, 0, 0, 0, 0, 0, 0, 0, 0, 0, 0, 0, 0, 0, 0, 0, 0, 0]
native_profile_function,439,none,0,0,0,0,0,[0, 0, 0, 0, 0, 0, 0, 0, 0, 0, 0, 0, 0, 0, 0, 0, 0, 0, 0, 0, 0, 0, 0, 0, 0, 0, 0, 0, 0, 0, 0]
native_profile_function,440,none,0,0,0,0,0,[0, 0, 0, 0, 0, 0, 0, 0, 0, 0, 0, 0, 0, 0, 0, 0, 0, 0, 0, 0, 0, 0, 0, 0, 0, 0, 0, 0, 0, 0, 0]
native_profile_function,441,none,0,0,0,0,0,[0, 0, 0, 0, 0, 0, 0, 0, 0, 0, 0, 0, 0, 0, 0, 0, 0, 0, 0, 0, 0, 0, 0, 0, 0, 0, 0, 0, 0, 0, 0]
native_profile_function,442,none,0,0,0,0,0,[0, 0, 0, 0, 0, 0, 0, 0, 0, 0, 0, 0, 0, 0, 0, 0, 0, 0, 0, 0, 0, 0, 0, 0, 0, 0, 0, 0, 0, 0, 0]
native_profile_function,443,none,0,0,0,0,0,[0, 0, 0, 0, 0, 0, 0, 0, 0, 0, 0, 0, 0, 0, 0, 0, 0, 0, 0, 0, 0, 0, 0, 0, 0, 0, 0, 0, 0, 0, 0]
native_profile_function,444,none,0,0,0,0,0,[0, 0, 0, 0, 0, 0, 0, 0, 0, 0, 0, 0, 0, 0, 0, 0, 0, 0, 0, 0, 0, 0, 0, 0, 0, 0, 0, 0, 0, 0, 0]
native_profile_function,445,none,0,0,0,0,0,[0, 0, 0, 0, 0, 0, 0, 0, 0, 0, 0, 0, 0, 0, 0, 0, 0, 0, 0, 0, 0, 0, 0, 0, 0, 0, 0, 0, 0, 0, 0]
native_profile_function,446,none,0,0,0,0,0,[0, 0, 0, 0, 0, 0, 0, 0, 0, 0, 0, 0, 0, 0, 0, 0, 0, 0, 0, 0, 0, 0, 0, 0, 0, 0, 0, 0, 0, 0, 0]
native_profile_function,447,none,0,0,0,0,0,[0, 0, 0, 0, 0, 0, 0, 0, 0, 0, 0, 0, 0, 0, 0, 0, 0, 0, 0, 0, 0, 0, 0, 0, 0, 0, 0, 0, 0, 0, 0]
native_profile_function,448,none,0,0,0,0,0,[0, 0, 0, 0, 0, 0, 0, 0, 0, 0, 0, 0, 0, 0, 0, 0, 0, 0, 0, 0, 0, 0, 0, 0, 0, 0, 0, 0, 0, 0, 0]
native_profile_function,449,none,0,0,0,0,0,[0, 0, 0, 0, 0, 0, 0, 0, 0, 0, 0, 0, 0, 0, 0, 0, 0, 0, 0, 0, 0, 0, 0, 0, 0, 0, 0, 0, 0, 0, 0]
native_profile_function,450,none,0,0,0,0,0,[0, 0, 0, 0, 0, 0, 0, 0, 0, 0, 0, 0, 0, 0, 0, 0, 0, 0, 0, 0, 0, 0, 0, 0, 0, 0, 0, 0, 0, 0, 0]
native_profile_function,451,none,0,0,0,0,0,[0, 0, 0, 0, 0, 0, 0, 0, 0, 0, 0, 0, 0, 0, 0, 0, 0, 0, 0, 0, 0, 0, 0, 0, 0, 0, 0, 0, 0, 0, 0]
native_profile_function,452,none,0,0,0,0,0,[0, 0, 0, 0, 0, 0, 0, 0, 0, 0, 0, 0, 0, 0, 0, 0, 0, 0, 0, 0, 0, 0, 0, 0, 0, 0, 0, 0, 0, 0, 0]
native_profile_function,453,none,0,0,0,0,0,[0, 0, 0, 0, 0, 0, 0, 0, 0, 0, 0, 0, 0, 0, 0, 0, 0, 0, 0, 0, 0, 0, 0, 0, 0, 0, 0, 0, 0, 0, 0]
native_profile_function,454,none,0,0,0,0,0,[0, 0, 0, 0, 0, 0, 0, 0, 0, 0, 0, 0, 0, 0, 0, 0, 0, 0, 0, 0, 0, 0, 0, 0, 0, 0, 0, 0, 0, 0, 0]
native_profile_function,455,none,0,0,0,0,0,[0, 0, 0, 0, 0, 0, 0, 0, 0, 0, 0, 0, 0, 0, 0, 0, 0, 0, 0, 0, 0, 0, 0, 0, 0, 0, 0, 0, 0, 0, 0]
native_profile_function,456,none,0,0,0,0,0,[0, 0, 0, 0, 0, 0, 0, 0, 0, 0, 0, 0, 0, 0, 0, 0, 0, 0, 0, 0, 0, 0, 0, 0, 0, 0, 0, 0, 0, 0, 0]
native_profile_function,457,none,0,0,0,0,0,[0, 0, 0, 0, 0, 0, 0, 0, 0, 0, 0, 0, 0, 0, 0, 0, 0, 0, 0, 0, 0, 0, 0, 0, 0, 0, 0, 0, 0, 0, 0]
native_profile_function,458,none,0,0,0,0,0,[0, 0, 0, 0, 0, 0, 0, 0, 0, 0, 0, 0, 0, 0, 0, 0, 0, 0, 0, 0, 0, 0, 0, 0, 0, 0, 0, 0, 0, 0, 0]
native_profile_function,459,none,0,0,0,0,0,[0, 0, 0, 0, 0, 0, 0, 0, 0, 0, 0, 0, 0, 0, 0, 0, 0, 0, 0, 0, 0, 0, 0, 0, 0, 0, 0, 0, 0, 0, 0]
native_profile_function,460,none,0,0,0,0,0,[0, 0, 0, 0, 0, 0, 0, 0, 0, 0, 0, 0, 0, 0, 0, 0, 0, 0, 0, 0, 0, 0, 0, 0, 0, 0, 0, 0, 0, 0, 0]
native_profile_function,461,none,0,0,0,0,0,[0, 0, 0, 0, 0, 0, 0, 0, 0, 0, 0, 0, 0, 0, 0, 0, 0, 0, 0, 0, 0, 0, 0, 0, 0, 0, 0, 0, 0, 0, 0]
native_profile_function,462,none,0,0,0,0,0,[0, 0, 0, 0, 0, 0, 0, 0, 0, 0, 0, 0, 0, 0, 0, 0, 0, 0, 0, 0, 0, 0, 0, 0, 0, 0, 0, 0, 0, 0, 0]
native_profile_function,463,none,0,0,0,0,0,[0, 0, 0, 0, 0, 0, 0, 0, 0, 0, 0, 0, 0, 0, 0, 0, 0, 0, 0, 0, 0, 0, 0, 0, 0, 0, 0, 0, 0, 0, 0]
native_profile_function,464,none,0,0,0,0,0,[0, 0, 0, 0, 0, 0, 0, 0, 0, 0, 0, 0, 0, 0, 0, 0, 0, 0, 0, 0, 0, 0, 0, 0, 0, 0, 0, 0, 0, 0, 0]
native_profile_function,465,none,0,0,0,0,0,[0, 0, 0, 0, 0, 0, 0, 0, 0, 0, 0, 0, 0, 0, 0, 0, 0, 0, 0, 0, 0, 0, 0, 0, 0, 0, 0, 0, 0, 0, 0]
native_profile_function,466,none,0,0,0,0,0,[0, 0, 0, 0, 0, 0, 0, 0, 0, 0, 0, 0, 0, 0, 0, 0, 0, 0, 0, 0, 0, 0, 0, 0, 0, 0, 0, 0, 0, 0, 0]
native_profile_function,467,none,0,0,0,0,0,[0, 0, 0, 0, 0, 0, 0, 0, 0, 0, 0, 0, 0, 0, 0, 0, 0, 0, 0, 0, 0, 0, 0, 0, 0, 0, 0, 0, 0, 0, 0]
native_profile_function,468,none,0,0,0,0,0,[0, 0, 0, 0, 0, 0, 0, 0, 0, 0, 0, 0, 0, 0, 0, 0, 0, 0, 0, 0, 0, 0, 0, 0, 0, 0, 0, 0, 0, 0, 0]
native_profile_function,469,none,0,0,0,0,0,[0, 0, 0, 0, 0, 0, 0, 0, 0, 0, 0, 0, 0, 0, 0, 0, 0, 0, 0, 0, 0, 0, 0, 0, 0, 0, 0, 0, 0, 0, 0]
native_profile_function,470,none,0,0,0,0,0,[0, 0, 0, 0, 0, 0, 0, 0, 0, 0, 0, 0, 0, 0, 0, 0, 0, 0, 0, 0, 0, 0, 0, 0, 0, 0, 0, 0, 0, 0, 0]
native_profile_function,471,none,0,0,0,0,0,[0, 0, 0, 0, 0, 0, 0, 0, 0, 0, 0, 0, 0, 0, 0, 0, 0, 0, 0, 0, 0, 0, 0, 0, 0, 0, 0, 0, 0, 0, 0]
native_profile_function,472,none,0,0,0,0,0,[0, 0, 0, 0, 0, 0, 0, 0, 0, 0, 0, 0, 0, 0, 0, 0, 0, 0, 0, 0, 0, 0, 0, 0, 0, 0, 0, 0, 0, 0, 0]
native_profile_function,473,none,0,0,0,0,0,[0, 0, 0, 0, 0, 0, 0, 0, 0, 0, 0, 0, 0, 0, 0, 0, 0, 0, 0, 0, 0, 0, 0, 0, 0, 0, 0, 0, 0, 0, 0]
native_profile_function,474,none,0,0,0,0,0,[0, 0, 0, 0, 0, 0, 0, 0, 0, 0, 0, 0, 0, 0, 0, 0, 0, 0, 0, 0, 0, 0, 0, 0, 0, 0, 0, 0, 0, 0, 0]
native_profile_function,475,none,0,0,0,0,0,[0, 0, 0, 0, 0, 0, 0, 0, 0, 0, 0, 0, 0, 0, 0, 0, 0, 0, 0, 0, 0, 0, 0, 0, 0, 0, 0, 0, 0, 0, 0]
native_profile_function,476,none,0,0,0,0,0,[0, 0, 0, 0, 0, 0, 0, 0, 0, 0, 0, 0, 0, 0, 0, 0, 0, 0, 0, 0, 0, 0, 0, 0, 0, 0, 0, 0, 0, 0, 0]
native_profile_function,477,none,0,0,0,0,0,[0, 0, 0, 0, 0, 0, 0, 0, 0, 0, 0, 0, 0, 0, 0, 0, 0, 0, 0, 0, 0, 0, 0, 0, 0, 0, 0, 0, 0, 0, 0]
native_profile_function,478,none,0,0,0,0,0,[0, 0, 0, 0, 0, 0, 0, 0, 0, 0, 0, 0, 0, 0, 0, 0, 0, 0, 0, 0, 0, 0, 0, 0, 0, 0, 0, 0, 0, 0, 0]
native_profile_function,479,none,0,0,0,0,0,[0, 0, 0, 0, 0, 0, 0, 0, 0, 0, 0, 0, 0, 0, 0, 0, 0, 0, 0, 0, 0, 0, 0, 0, 0, 0, 0, 0, 0, 0, 0]
native_profile_function,480,none,0,0,0,0,0,[0, 0, 0, 0, 0, 0, 0, 0, 0, 0, 0, 0, 0, 0, 0, 0, 0, 0, 0, 0, 0, 0, 0, 0, 0, 0, 0, 0, 0, 0, 0]
native_profile_function,481,none,0,0,0,0,0,[0, 0, 0, 0, 0, 0, 0, 0, 0, 0, 0, 0, 0, 0, 0, 0, 0, 0, 0, 0, 0, 0, 0, 0, 0, 0, 0, 0, 0, 0, 0]
native_profile_function,482,none,0,0,0,0,0,[0, 0, 0, 0, 0, 0, 0, 0, 0, 0, 0, 0, 0, 0, 0, 0, 0, 0, 0, 0, 0, 0, 0, 0, 0, 0, 0, 0, 0, 0, 0]
native_profile_function,483,none,0,0,0,0,0,[0, 0, 0, 0, 0, 0, 0, 0, 0, 0, 0, 0, 0, 0, 0, 0, 0, 0, 0, 0, 0, 0, 0, 0, 0, 0, 0, 0, 0, 0, 0]
native_profile_function,484,none,0,0,0,0,0,[0, 0, 0, 0, 0, 0, 0, 0, 0, 0, 0, 0, 0, 0, 0, 0, 0, 0, 0, 0, 0, 0, 0, 0, 0, 0, 0, 0, 0, 0, 0]
native_profile_function,485,none,0,0,0,0,0,[0, 0, 0, 0, 0, 0, 0, 0, 0, 0, 0, 0, 0, 0, 0, 0, 0, 0, 0, 0, 0, 0, 0, 0, 0, 0, 0, 0, 0, 0, 0]
native_profile_function,486,none,0,0,0,0,0,[0, 0, 0, 0, 0, 0, 0, 0, 0, 0, 0, 0, 0, 0, 0, 0, 0, 0, 0, 0, 0, 0, 0, 0, 0, 0, 0, 0, 0, 0, 0]
native_profile_function,487,none,0,0,0,0,0,[0, 0, 0, 0, 0, 0, 0, 0, 0, 0, 0, 0, 0, 0, 0, 0, 0, 0, 0, 0, 0, 0, 0, 0, 0, 0, 0, 0, 0, 0, 0]
native_profile_function,488,none,0,0,0,0,0,[0, 0, 0, 0, 0, 0, 0, 0, 0, 0, 0, 0, 0, 0, 0, 0, 0, 0, 0, 0, 0, 0, 0, 0, 0, 0, 0, 0, 0, 0, 0]
native_profile_function,489,none,0,0,0,0,0,[0, 0, 0, 0, 0, 0, 0, 0, 0, 0, 0, 0, 0, 0, 0, 0, 0, 0, 0, 0, 0, 0, 0, 0, 0, 0, 0, 0, 0, 0, 0]
native_profile_function,490,none,0,0,0,0,0,[0, 0, 0, 0, 0, 0, 0, 0, 0, 0, 0, 0, 0, 0, 0, 0, 0, 0, 0, 0, 0, 0, 0, 0, 0, 0, 0, 0, 0, 0, 0]
native_profile_function,491,none,0,0,0,0,0,[0, 0, 0, 0, 0, 0, 0, 0, 0, 0, 0, 0, 0, 0, 0, 0, 0, 0, 0, 0, 0, 0, 0, 0, 0, 0, 0, 0, 0, 0, 0]
native_profile_function,492,none,0,0,0,0,0,[0, 0, 0, 0, 0, 0, 0, 0, 0, 0, 0, 0, 0, 0, 0, 0, 0, 0, 0, 0, 0, 0, 0, 0, 0, 0, 0, 0, 0, 0, 0]
native_profile_function,493,none,0,0,0,0,0,[0, 0, 0, 0, 0, 0, 0, 0, 0, 0, 0, 0, 0, 0, 0, 0, 0, 0, 0, 0, 0, 0, 0, 0, 0, 0, 0, 0, 0, 0, 0]
native_profile_function,494,none,0,0,0,0,0,[0, 0, 0, 0, 0, 0, 0, 0, 0, 0, 0, 0, 0, 0, 0, 0, 0, 0, 0, 0, 0, 0, 0, 0, 0, 0, 0, 0, 0, 0, 0]
native_profile_function,495,none,0,0,0,0,0,[0, 0, 0, 0, 0, 0, 0, 0, 0, 0, 0, 0, 0, 0, 0, 0, 0, 0, 0, 0, 0, 0, 0, 0, 0, 0, 0, 0, 0, 0, 0]
native_profile_function,496,none,0,0,0,0,0,[0, 0, 0, 0, 0, 0, 0, 0, 0, 0, 0, 0, 0, 0, 0, 0, 0, 0, 0, 0, 0, 0, 0, 0, 0, 0, 0, 0, 0, 0, 0]
native_profile_function,497,none,0,0,0,0,0,[0, 0, 0, 0, 0, 0, 0, 0, 0, 0, 0, 0, 0, 0, 0, 0, 0, 0, 0, 0, 0, 0, 0, 0, 0, 0, 0, 0, 0, 0, 0]
native_profile_function,498,none,0,0,0,0,0,[0, 0, 0, 0, 0, 0, 0, 0, 0, 0, 0, 0, 0, 0, 0, 0, 0, 0, 0, 0, 0, 0, 0, 0, 0, 0, 0, 0, 0, 0, 0]
native_profile_function,499,none,0,0,0,0,0,[0, 0, 0, 0, 0, 0, 0, 0, 0, 0, 0, 0, 0, 0, 0, 0, 0, 0, 0, 0, 0, 0, 0, 0, 0, 0, 0, 0, 0, 0, 0]
native_profile_function,500,none,0,0,0,0,0,[0, 0, 0, 0, 0, 0, 0, 0, 0, 0, 0, 0, 0, 0, 0, 0, 0, 0, 0, 0, 0, 0, 0, 0, 0, 0, 0, 0, 0, 0, 0]
native_profile_function,501,none,0,0,0,0,0,[0, 0, 0, 0, 0, 0, 0, 0, 0, 0, 0, 0, 0, 0, 0, 0, 0, 0, 0, 0, 0, 0, 0, 0, 0, 0, 0, 0, 0, 0, 0]
native_profile_function,502,none,0,0,0,0,0,[0, 0, 0, 0, 0, 0, 0, 0, 0, 0, 0, 0, 0, 0, 0, 0, 0, 0, 0, 0, 0, 0, 0, 0, 0, 0, 0, 0, 0, 0, 0]
native_profile_function,503,none,0,0,0,0,0,[0, 0, 0, 0, 0, 0, 0, 0, 0, 0, 0, 0, 0, 0, 0, 0, 0, 0, 0, 0, 0, 0, 0, 0, 0, 0, 0, 0, 0, 0, 0]
native_profile_function,504,none,0,0,0,0,0,[0, 0, 0, 0, 0, 0, 0, 0, 0, 0, 0, 0, 0, 0, 0, 0, 0, 0, 0, 0, 0, 0, 0, 0, 0, 0, 0, 0, 0, 0, 0]
native_profile_function,505,none,0,0,0,0,0,[0, 0, 0, 0, 0, 0, 0, 0, 0, 0, 0, 0, 0, 0, 0, 0, 0, 0, 0, 0, 0, 0, 0, 0, 0, 0, 0, 0, 0, 0, 0]
native_profile_function,506,none,0,0,0,0,0,[0, 0, 0, 0, 0, 0, 0, 0, 0, 0, 0, 0, 0, 0, 0, 0, 0, 0, 0, 0, 0, 0, 0, 0, 0, 0, 0, 0, 0, 0, 0]
native_profile_function,507,none,0,0,0,0,0,[0, 0, 0, 0, 0, 0, 0, 0, 0, 0, 0, 0, 0, 0, 0, 0, 0, 0, 0, 0, 0, 0, 0, 0, 0, 0, 0, 0, 0, 0, 0]
native_profile_function,508,none,0,0,0,0,0,[0, 0, 0, 0, 0, 0, 0, 0, 0, 0, 0, 0, 0, 0, 0, 0, 0, 0, 0, 0, 0, 0, 0, 0, 0, 0, 0, 0, 0, 0, 0]
native_profile_function,509,none,0,0,0,0,0,[0, 0, 0, 0, 0, 0, 0, 0, 0, 0, 0, 0, 0, 0, 0, 0, 0, 0, 0, 0, 0, 0, 0, 0, 0, 0, 0, 0, 0, 0, 0]
native_profile_function,510,none,0,0,0,0,0,[0, 0, 0, 0, 0, 0, 0, 0, 0, 0, 0, 0, 0, 0, 0, 0, 0, 0, 0, 0, 0, 0, 0, 0, 0, 0, 0, 0, 0, 0, 0]
native_profile_function,511,none,0,0,0,0,0,[0, 0, 0, 0, 0, 0, 0, 0, 0, 0, 0, 0, 0, 0, 0, 0, 0, 0, 0, 0, 0, 0, 0, 0, 0, 0, 0, 0, 0, 0, 0]
native_profile_function,512,none,0,0,0,0,0,[0, 0, 0, 0, 0, 0, 0, 0, 0, 0, 0, 0, 0, 0, 0, 0, 0, 0, 0, 0, 0, 0, 0, 0, 0, 0, 0, 0, 0, 0, 0]
native_profile_function,513,none,0,0,0,0,0,[0, 0, 0, 0, 0, 0, 0, 0, 0, 0, 0, 0, 0, 0, 0, 0, 0, 0, 0, 0, 0, 0, 0, 0, 0, 0, 0, 0, 0, 0, 0]
native_profile_function,514,none,0,0,0,0,0,[0, 0, 0, 0, 0, 0, 0, 0, 0, 0, 0, 0, 0, 0, 0, 0, 0, 0, 0, 0, 0, 0, 0, 0, 0, 0, 0, 0, 0, 0, 0]
native_profile_function,515,none,0,0,0,0,0,[0, 0, 0, 0, 0, 0, 0, 0, 0, 0, 0, 0, 0, 0, 0, 0, 0, 0, 0, 0, 0, 0, 0, 0, 0, 0, 0, 0, 0, 0, 0]
native_profile_function,516,none,0,0,0,0,0,[0, 0, 0, 0, 0, 0, 0, 0, 0, 0, 0, 0, 0, 0, 0, 0, 0, 0, 0, 0, 0, 0, 0, 0, 0, 0, 0, 0, 0, 0, 0]
native_profile_function,517,none,0,0,0,0,0,[0, 0, 0, 0, 0, 0, 0, 0, 0, 0, 0, 0, 0, 0, 0, 0, 0, 0, 0, 0, 0, 0, 0, 0, 0, 0, 0, 0, 0, 0, 0]
native_profile_function,518,none,0,0,0,0,0,[0, 0, 0, 0, 0, 0, 0, 0, 0, 0, 0, 0, 0, 0, 0, 0, 0, 0, 0, 0, 0, 0, 0, 0, 0, 0, 0, 0, 0, 0, 0]
native_profile_function,519,none,0,0,0,0,0,[0, 0, 0, 0, 0, 0, 0, 0, 0, 0, 0, 0, 0, 0, 0, 0, 0, 0, 0, 0, 0, 0, 0, 0, 0, 0, 0, 0, 0, 0, 0]
native_profile_function,520,none,0,0,0,0,0,[0, 0, 0, 0, 0, 0, 0, 0, 0, 0, 0, 0, 0, 0, 0, 0, 0, 0, 0, 0, 0, 0, 0, 0, 0, 0, 0, 0, 0, 0, 0]
native_profile_function,521,none,0,0,0,0,0,[0, 0, 0, 0, 0, 0, 0, 0, 0, 0, 0, 0, 0, 0, 0, 0, 0, 0, 0, 0, 0, 0, 0, 0, 0, 0, 0, 0, 0, 0, 0]
native_profile_function,522,none,0,0,0,0,0,[0, 0, 0, 0, 0, 0, 0, 0, 0, 0, 0, 0, 0, 0, 0, 0, 0, 0, 0, 0, 0, 0, 0, 0, 0, 0, 0, 0, 0, 0, 0]
native_profile_function,523,none,0,0,0,0,0,[0, 0, 0, 0, 0, 0, 0, 0, 0, 0, 0, 0, 0, 0, 0, 0, 0, 0, 0, 0, 0, 0, 0, 0, 0, 0, 0, 0, 0, 0, 0]
native_profile_function,524,none,0,0,0,0,0,[0, 0, 0, 0, 0, 0, 0, 0, 0, 0, 0, 0, 0, 0, 0, 0, 0, 0, 0, 0, 0, 0, 0, 0, 0, 0, 0, 0, 0, 0, 0]
native_profile_function,525,none,0,0,0,0,0,[0, 0, 0, 0, 0, 0, 0, 0, 0, 0, 0, 0, 0, 0, 0, 0, 0, 0, 0, 0, 0, 0, 0, 0, 0, 0, 0, 0, 0, 0, 0]
native_profile_function,526,none,0,0,0,0,0,[0, 0, 0, 0, 0, 0, 0, 0, 0, 0, 0, 0, 0, 0, 0, 0, 0, 0, 0, 0, 0, 0, 0, 0, 0, 0, 0, 0, 0, 0, 0]
native_profile_function,527,none,0,0,0,0,0,[0, 0, 0, 0, 0, 0, 0, 0, 0, 0, 0, 0, 0, 0, 0, 0, 0, 0, 0, 0, 0, 0, 0, 0, 0, 0, 0, 0, 0, 0, 0]
native_profile_function,528,none,0,0,0,0,0,[0, 0, 0, 0, 0, 0, 0, 0, 0, 0, 0, 0, 0, 0, 0, 0, 0, 0, 0, 0, 0, 0, 0, 0, 0, 0, 0, 0, 0, 0, 0]
native_profile_function,529,none,0,0,0,0,0,[0, 0, 0, 0, 0, 0, 0, 0, 0, 0, 0, 0, 0, 0, 0, 0, 0, 0, 0, 0, 0, 0, 0, 0, 0, 0, 0, 0, 0, 0, 0]
native_profile_function,530,none,0,0,0,0,0,[0, 0, 0, 0, 0, 0, 0, 0, 0, 0, 0, 0, 0, 0, 0, 0, 0, 0, 0, 0, 0, 0, 0, 0, 0, 0, 0, 0, 0, 0, 0]
native_profile_function,531,none,0,0,0,0,0,[0, 0, 0, 0, 0, 0, 0, 0, 0, 0, 0, 0, 0, 0, 0, 0, 0, 0, 0, 0, 0, 0, 0, 0, 0, 0, 0, 0, 0, 0, 0]
native_profile_function,532,none,0,0,0,0,0,[0, 0, 0, 0, 0, 0, 0, 0, 0, 0, 0, 0, 0, 0, 0, 0, 0, 0, 0, 0, 0, 0, 0, 0, 0, 0, 0, 0, 0, 0, 0]
native_profile_function,533,none,0,0,0,0,0,[0, 0, 0, 0, 0, 0, 0, 0, 0, 0, 0, 0, 0, 0, 0, 0, 0, 0, 0, 0, 0, 0, 0, 0, 0, 0, 0, 0, 0, 0, 0]
native_profile_function,534,none,0,0,0,0,0,[0, 0, 0, 0, 0, 0, 0, 0, 0, 0, 0, 0, 0, 0, 0, 0, 0, 0, 0, 0, 0, 0, 0, 0, 0, 0, 0, 0, 0, 0, 0]
native_profile_function,535,none,0,0,0,0,0,[0, 0, 0, 0, 0, 0, 0, 0, 0, 0, 0, 0, 0, 0, 0, 0, 0, 0, 0, 0, 0, 0, 0, 0, 0, 0, 0, 0, 0, 0, 0]
native_profile_function,536,none,0,0,0,0,0,[0, 0, 0, 0, 0, 0, 0, 0, 0, 0, 0, 0, 0, 0, 0, 0, 0, 0, 0, 0, 0, 0, 0, 0, 0, 0, 0, 0, 0, 0, 0]
native_profile_function,537,none,0,0,0,0,0,[0, 0, 0, 0, 0, 0, 0, 0, 0, 0, 0, 0, 0, 0, 0, 0, 0, 0, 0, 0, 0, 0, 0, 0, 0, 0, 0, 0, 0, 0, 0]
native_profile_function,538,none,0,0,0,0,0,[0, 0, 0, 0, 0, 0, 0, 0, 0, 0, 0, 0, 0, 0, 0, 0, 0, 0, 0, 0, 0, 0, 0, 0, 0, 0, 0, 0, 0, 0, 0]
native_profile_function,539,none,0,0,0,0,0,[0, 0, 0, 0, 0, 0, 0, 0, 0, 0, 0, 0, 0, 0, 0, 0, 0, 0, 0, 0, 0, 0, 0, 0, 0, 0, 0, 0, 0, 0, 0]
native_profile_function,540,none,0,0,0,0,0,[0, 0, 0, 0, 0, 0, 0, 0, 0, 0, 0, 0, 0, 0, 0, 0, 0, 0, 0, 0, 0, 0, 0, 0, 0, 0, 0, 0, 0, 0, 0]
native_profile_function,541,none,0,0,0,0,0,[0, 0, 0, 0, 0, 0, 0, 0, 0, 0, 0, 0, 0, 0, 0, 0, 0, 0, 0, 0, 0, 0, 0, 0, 0, 0, 0, 0, 0, 0, 0]
native_profile_function,542,none,0,0,0,0,0,[0, 0, 0, 0, 0, 0, 0, 0, 0, 0, 0, 0, 0, 0, 0, 0, 0, 0, 0, 0, 0, 0, 0, 0, 0, 0, 0, 0, 0, 0, 0]
native_profile_function,543,none,0,0,0,0,0,[0, 0, 0, 0, 0, 0, 0, 0, 0, 0, 0, 0, 0, 0, 0, 0, 0, 0, 0, 0, 0, 0, 0, 0, 0, 0, 0, 0, 0, 0, 0]
native_profile_function,544,none,0,0,0,0,0,[0, 0, 0, 0, 0, 0, 0, 0, 0, 0, 0, 0, 0, 0, 0, 0, 0, 0, 0, 0, 0, 0, 0, 0, 0, 0, 0, 0, 0, 0, 0]
native_profile_function,545,none,0,0,0,0,0,[0, 0, 0, 0, 0, 0, 0, 0, 0, 0, 0, 0, 0, 0, 0, 0, 0, 0, 0, 0, 0, 0, 0, 0, 0, 0, 0, 0, 0, 0, 0]
native_profile_function,546,none,0,0,0,0,0,[0, 0, 0, 0, 0, 0, 0, 0, 0, 0, 0, 0, 0, 0, 0, 0, 0, 0, 0, 0, 0, 0, 0, 0, 0, 0, 0, 0, 0, 0, 0]
native_profile_function,547,none,0,0,0,0,0,[0, 0, 0, 0, 0, 0, 0, 0, 0, 0, 0, 0, 0, 0, 0, 0, 0, 0, 0, 0, 0, 0, 0, 0, 0, 0, 0, 0, 0, 0, 0]
native_profile_function,548,none,0,0,0,0,0,[0, 0, 0, 0, 0, 0, 0, 0, 0, 0, 0, 0, 0, 0, 0, 0, 0, 0, 0, 0, 0, 0, 0, 0, 0, 0, 0, 0, 0, 0, 0]
native_profile_function,549,none,0,0,0,0,0,[0, 0, 0, 0, 0, 0, 0, 0, 0, 0, 0, 0, 0, 0, 0, 0, 0, 0, 0, 0, 0, 0, 0, 0, 0, 0, 0, 0, 0, 0, 0]
native_profile_function,550,none,0,0,0,0,0,[0, 0, 0, 0, 0, 0, 0, 0, 0, 0, 0, 0, 0, 0, 0, 0, 0, 0, 0, 0, 0, 0, 0, 0, 0, 0, 0, 0, 0, 0, 0]
native_profile_function,551,none,0,0,0,0,0,[0, 0, 0, 0, 0, 0, 0, 0, 0, 0, 0, 0, 0, 0, 0, 0, 0, 0, 0, 0, 0, 0, 0, 0, 0, 0, 0, 0, 0, 0, 0]
native_profile_function,552,none,0,0,0,0,0,[0, 0, 0, 0, 0, 0, 0, 0, 0, 0, 0, 0, 0, 0, 0, 0, 0, 0, 0, 0, 0, 0, 0, 0, 0, 0, 0, 0, 0, 0, 0]
native_profile_function,553,none,0,0,0,0,0,[0, 0, 0, 0, 0, 0, 0, 0, 0, 0, 0, 0, 0, 0, 0, 0, 0, 0, 0, 0, 0, 0, 0, 0, 0, 0, 0, 0, 0, 0, 0]
native_profile_function,554,none,0,0,0,0,0,[0, 0, 0, 0, 0, 0, 0, 0, 0, 0, 0, 0, 0, 0, 0, 0, 0, 0, 0, 0, 0, 0, 0, 0, 0, 0, 0, 0, 0, 0, 0]
native_profile_function,555,none,0,0,0,0,0,[0, 0, 0, 0, 0, 0, 0, 0, 0, 0, 0, 0, 0, 0, 0, 0, 0, 0, 0, 0, 0, 0, 0, 0, 0, 0, 0, 0, 0, 0, 0]
native_profile_function,556,none,0,0,0,0,0,[0, 0, 0, 0, 0, 0, 0, 0, 0, 0, 0, 0, 0, 0, 0, 0, 0, 0, 0, 0, 0, 0, 0, 0, 0, 0, 0, 0, 0, 0, 0]
native_profile_function,557,none,0,0,0,0,0,[0, 0, 0, 0, 0, 0, 0, 0, 0, 0, 0, 0, 0, 0, 0, 0, 0, 0, 0, 0, 0, 0, 0, 0, 0, 0, 0, 0, 0, 0, 0]
native_profile_function,558,none,0,0,0,0,0,[0, 0, 0, 0, 0, 0, 0, 0, 0, 0, 0, 0, 0, 0, 0, 0, 0, 0, 0, 0, 0, 0, 0, 0, 0, 0, 0, 0, 0, 0, 0]
native_profile_function,559,none,0,0,0,0,0,[0, 0, 0, 0, 0, 0, 0, 0, 0, 0, 0, 0, 0, 0, 0, 0, 0, 0, 0, 0, 0, 0, 0, 0, 0, 0, 0, 0, 0, 0, 0]
native_profile_function,560,none,0,0,0,0,0,[0, 0, 0, 0, 0, 0, 0, 0, 0, 0, 0, 0, 0, 0, 0, 0, 0, 0, 0, 0, 0, 0, 0, 0, 0, 0, 0, 0, 0, 0, 0]
native_profile_function,561,none,0,0,0,0,0,[0, 0, 0, 0, 0, 0, 0, 0, 0, 0, 0, 0, 0, 0, 0, 0, 0, 0, 0, 0, 0, 0, 0, 0, 0, 0, 0, 0, 0, 0, 0]
native_profile_function,562,none,0,0,0,0,0,[0, 0, 0, 0, 0, 0, 0, 0, 0, 0, 0, 0, 0, 0, 0, 0, 0, 0, 0, 0, 0, 0, 0, 0, 0, 0, 0, 0, 0, 0, 0]
native_profile_function,563,none,0,0,0,0,0,[0, 0, 0, 0, 0, 0, 0, 0, 0, 0, 0, 0, 0, 0, 0, 0, 0, 0, 0, 0, 0, 0, 0, 0, 0, 0, 0, 0, 0, 0, 0]
native_profile_function,564,none,0,0,0,0,0,[0, 0, 0, 0, 0, 0, 0, 0, 0, 0, 0, 0, 0, 0, 0, 0, 0, 0, 0, 0, 0, 0, 0, 0, 0, 0, 0, 0, 0, 0, 0]
native_profile_function,565,none,0,0,0,0,0,[0, 0, 0, 0, 0, 0, 0, 0, 0, 0, 0, 0, 0, 0, 0, 0, 0, 0, 0, 0, 0, 0, 0, 0, 0, 0, 0, 0, 0, 0, 0]
native_profile_function,566,none,0,0,0,0,0,[0, 0, 0, 0, 0, 0, 0, 0, 0, 0, 0, 0, 0, 0, 0, 0, 0, 0, 0, 0, 0, 0, 0, 0, 0, 0, 0, 0, 0, 0, 0]
native_profile_function,567,none,0,0,0,0,0,[0, 0, 0, 0, 0, 0, 0, 0, 0, 0, 0, 0, 0, 0, 0, 0, 0, 0, 0, 0, 0, 0, 0, 0, 0, 0, 0, 0, 0, 0, 0]
native_profile_function,568,none,0,0,0,0,0,[0, 0, 0, 0, 0, 0, 0, 0, 0, 0, 0, 0, 0, 0, 0, 0, 0, 0, 0, 0, 0, 0, 0, 0, 0, 0, 0, 0, 0, 0, 0]
native_profile_function,569,none,0,0,0,0,0,[0, 0, 0, 0, 0, 0, 0, 0, 0, 0, 0, 0, 0, 0, 0, 0, 0, 0, 0, 0, 0, 0, 0, 0, 0, 0, 0, 0, 0, 0, 0]
native_profile_function,570,none,0,0,0,0,0,[0, 0, 0, 0, 0, 0, 0, 0, 0, 0, 0, 0, 0, 0, 0, 0, 0, 0, 0, 0, 0, 0, 0, 0, 0, 0, 0, 0, 0, 0, 0]
native_profile_function,571,none,0,0,0,0,0,[0, 0, 0, 0, 0, 0, 0, 0, 0, 0, 0, 0, 0, 0, 0, 0, 0, 0, 0, 0, 0, 0, 0, 0, 0, 0, 0, 0, 0, 0, 0]
native_profile_function,572,none,0,0,0,0,0,[0, 0, 0, 0, 0, 0, 0, 0, 0, 0, 0, 0, 0, 0, 0, 0, 0, 0, 0, 0, 0, 0, 0, 0, 0, 0, 0, 0, 0, 0, 0]
native_profile_function,573,none,0,0,0,0,0,[0, 0, 0, 0, 0, 0, 0, 0, 0, 0, 0, 0, 0, 0, 0, 0, 0, 0, 0, 0, 0, 0, 0, 0, 0, 0, 0, 0, 0, 0, 0]
native_profile_function,574,none,0,0,0,0,0,[0, 0, 0, 0, 0, 0, 0, 0, 0, 0, 0, 0, 0, 0, 0, 0, 0, 0, 0, 0, 0, 0, 0, 0, 0, 0, 0, 0, 0, 0, 0]
native_profile_function,575,none,0,0,0,0,0,[0, 0, 0, 0, 0, 0, 0, 0, 0, 0, 0, 0, 0, 0, 0, 0, 0, 0, 0, 0, 0, 0, 0, 0, 0, 0, 0, 0, 0, 0, 0]
native_profile_function,576,none,0,0,0,0,0,[0, 0, 0, 0, 0, 0, 0, 0, 0, 0, 0, 0, 0, 0, 0, 0, 0, 0, 0, 0, 0, 0, 0, 0, 0, 0, 0, 0, 0, 0, 0]
native_profile_function,577,none,0,0,0,0,0,[0, 0, 0, 0, 0, 0, 0, 0, 0, 0, 0, 0, 0, 0, 0, 0, 0, 0, 0, 0, 0, 0, 0, 0, 0, 0, 0, 0, 0, 0, 0]
native_profile_function,578,none,0,0,0,0,0,[0, 0, 0, 0, 0, 0, 0, 0, 0, 0, 0, 0, 0, 0, 0, 0, 0, 0, 0, 0, 0, 0, 0, 0, 0, 0, 0, 0, 0, 0, 0]
native_profile_function,579,none,0,0,0,0,0,[0, 0, 0, 0, 0, 0, 0, 0, 0, 0, 0, 0, 0, 0, 0, 0, 0, 0, 0, 0, 0, 0, 0, 0, 0, 0, 0, 0, 0, 0, 0]
native_profile_function,580,none,0,0,0,0,0,[0, 0, 0, 0, 0, 0, 0, 0, 0, 0, 0, 0, 0, 0, 0, 0, 0, 0, 0, 0, 0, 0, 0, 0, 0, 0, 0, 0, 0, 0, 0]
native_profile_function,581,none,0,0,0,0,0,[0, 0, 0, 0, 0, 0, 0, 0, 0, 0, 0, 0, 0, 0, 0, 0, 0, 0, 0, 0, 0, 0, 0, 0, 0, 0, 0, 0, 0, 0, 0]
native_profile_function,582,none,0,0,0,0,0,[0, 0, 0, 0, 0, 0, 0, 0, 0, 0, 0, 0, 0, 0, 0, 0, 0, 0, 0, 0, 0, 0, 0, 0, 0, 0, 0, 0, 0, 0, 0]
native_profile_function,583,none,0,0,0,0,0,[0, 0, 0, 0, 0, 0, 0, 0, 0, 0, 0, 0, 0, 0, 0, 0, 0, 0, 0, 0, 0, 0, 0, 0, 0, 0, 0, 0, 0, 0, 0]
native_profile_function,584,none,0,0,0,0,0,[0, 0, 0, 0, 0, 0, 0, 0, 0, 0, 0, 0, 0, 0, 0, 0, 0, 0, 0, 0, 0, 0, 0, 0, 0, 0, 0, 0, 0, 0, 0]
native_profile_function,585,none,0,0,0,0,0,[0, 0, 0, 0, 0, 0, 0, 0, 0, 0, 0, 0, 0, 0, 0, 0, 0, 0, 0, 0, 0, 0, 0, 0, 0, 0, 0, 0, 0, 0, 0]
native_profile_function,586,none,0,0,0,0,0,[0, 0, 0, 0, 0, 0, 0, 0, 0, 0, 0, 0, 0, 0, 0, 0, 0, 0, 0, 0, 0, 0, 0, 0, 0, 0, 0, 0, 0, 0, 0]
native_profile_function,587,none,0,0,0,0,0,[0, 0, 0, 0, 0, 0, 0, 0, 0, 0, 0, 0, 0, 0, 0, 0, 0, 0, 0, 0, 0, 0, 0, 0, 0, 0, 0, 0, 0, 0, 0]
native_profile_function,588,none,0,0,0,0,0,[0, 0, 0, 0, 0, 0, 0, 0, 0, 0, 0, 0, 0, 0, 0, 0, 0, 0, 0, 0, 0, 0, 0, 0, 0, 0, 0, 0, 0, 0, 0]
native_profile_function,589,none,0,0,0,0,0,[0, 0, 0, 0, 0, 0, 0, 0, 0, 0, 0, 0, 0, 0, 0, 0, 0, 0, 0, 0, 0, 0, 0, 0, 0, 0, 0, 0, 0, 0, 0]
native_profile_function,590,none,0,0,0,0,0,[0, 0, 0, 0, 0, 0, 0, 0, 0, 0, 0, 0, 0, 0, 0, 0, 0, 0, 0, 0, 0, 0, 0, 0, 0, 0, 0, 0, 0, 0, 0]
native_profile_function,591,none,0,0,0,0,0,[0, 0, 0, 0, 0, 0, 0, 0, 0, 0, 0, 0, 0, 0, 0, 0, 0, 0, 0, 0, 0, 0, 0, 0, 0, 0, 0, 0, 0, 0, 0]
native_profile_function,592,none,0,0,0,0,0,[0, 0, 0, 0, 0, 0, 0, 0, 0, 0, 0, 0, 0, 0, 0, 0, 0, 0, 0, 0, 0, 0, 0, 0, 0, 0, 0, 0, 0, 0, 0]
native_profile_function,593,none,0,0,0,0,0,[0, 0, 0, 0, 0, 0, 0, 0, 0, 0, 0, 0, 0, 0, 0, 0, 0, 0, 0, 0, 0, 0, 0, 0, 0, 0, 0, 0, 0, 0, 0]
native_profile_function,594,none,0,0,0,0,0,[0, 0, 0, 0, 0, 0, 0, 0, 0, 0, 0, 0, 0, 0, 0, 0, 0, 0, 0, 0, 0, 0, 0, 0, 0, 0, 0, 0, 0, 0, 0]
native_profile_function,595,none,0,0,0,0,0,[0, 0, 0, 0, 0, 0, 0, 0, 0, 0, 0, 0, 0, 0, 0, 0, 0, 0, 0, 0, 0, 0, 0, 0, 0, 0, 0, 0, 0, 0, 0]
native_profile_function,596,none,0,0,0,0,0,[0, 0, 0, 0, 0, 0, 0, 0, 0, 0, 0, 0, 0, 0, 0, 0, 0, 0, 0, 0, 0, 0, 0, 0, 0, 0, 0, 0, 0, 0, 0]
native_profile_function,597,none,0,0,0,0,0,[0, 0, 0, 0, 0, 0, 0, 0, 0, 0, 0, 0, 0, 0, 0, 0, 0, 0, 0, 0, 0, 0, 0, 0, 0, 0, 0, 0, 0, 0, 0]
native_profile_function,598,none,0,0,0,0,0,[0, 0, 0, 0, 0, 0, 0, 0, 0, 0, 0, 0, 0, 0, 0, 0, 0, 0, 0, 0, 0, 0, 0, 0, 0, 0, 0, 0, 0, 0, 0]
native_profile_function,599,none,0,0,0,0,0,[0, 0, 0, 0, 0, 0, 0, 0, 0, 0, 0, 0, 0, 0, 0, 0, 0, 0, 0, 0, 0, 0, 0, 0, 0, 0, 0, 0, 0, 0, 0]
native_profile_function,600,none,0,0,0,0,0,[0, 0, 0, 0, 0, 0, 0, 0, 0, 0, 0, 0, 0, 0, 0, 0, 0, 0, 0, 0, 0, 0, 0, 0, 0, 0, 0, 0, 0, 0, 0]
native_profile_function,601,none,0,0,0,0,0,[0, 0, 0, 0, 0, 0, 0, 0, 0, 0, 0, 0, 0, 0, 0, 0, 0, 0, 0, 0, 0, 0, 0, 0, 0, 0, 0, 0, 0, 0, 0]
native_profile_function,602,none,0,0,0,0,0,[0, 0, 0, 0, 0, 0, 0, 0, 0, 0, 0, 0, 0, 0, 0, 0, 0, 0, 0, 0, 0, 0, 0, 0, 0, 0, 0, 0, 0, 0, 0]
native_profile_function,603,none,0,0,0,0,0,[0, 0, 0, 0, 0, 0, 0, 0, 0, 0, 0, 0, 0, 0, 0, 0, 0, 0, 0, 0, 0, 0, 0, 0, 0, 0, 0, 0, 0, 0, 0]
native_profile_function,604,none,0,0,0,0,0,[0, 0, 0, 0, 0, 0, 0, 0, 0, 0, 0, 0, 0, 0, 0, 0, 0, 0, 0, 0, 0, 0, 0, 0, 0, 0, 0, 0, 0, 0, 0]
native_profile_function,605,none,0,0,0,0,0,[0, 0, 0, 0, 0, 0, 0, 0, 0, 0, 0, 0, 0, 0, 0, 0, 0, 0, 0, 0, 0, 0, 0, 0, 0, 0, 0, 0, 0, 0, 0]
native_profile_function,606,none,0,0,0,0,0,[0, 0, 0, 0, 0, 0, 0, 0, 0, 0, 0, 0, 0, 0, 0, 0, 0, 0, 0, 0, 0, 0, 0, 0, 0, 0, 0, 0, 0, 0, 0]
native_profile_function,607,none,0,0,0,0,0,[0, 0, 0, 0, 0, 0, 0, 0, 0, 0, 0, 0, 0, 0, 0, 0, 0, 0, 0, 0, 0, 0, 0, 0, 0, 0, 0, 0, 0, 0, 0]
native_profile_function,608,none,0,0,0,0,0,[0, 0, 0, 0, 0, 0, 0, 0, 0, 0, 0, 0, 0, 0, 0, 0, 0, 0, 0, 0, 0, 0, 0, 0, 0, 0, 0, 0, 0, 0, 0]
native_profile_function,609,none,0,0,0,0,0,[0, 0, 0, 0, 0, 0, 0, 0, 0, 0, 0, 0, 0, 0, 0, 0, 0, 0, 0, 0, 0, 0, 0, 0, 0, 0, 0, 0, 0, 0, 0]
native_profile_function,610,none,0,0,0,0,0,[0, 0, 0, 0, 0, 0, 0, 0, 0, 0, 0, 0, 0, 0, 0, 0, 0, 0, 0, 0, 0, 0, 0, 0, 0, 0, 0, 0, 0, 0, 0]
native_profile_function,611,none,0,0,0,0,0,[0, 0, 0, 0, 0, 0, 0, 0, 0, 0, 0, 0, 0, 0, 0, 0, 0, 0, 0, 0, 0, 0, 0, 0, 0, 0, 0, 0, 0, 0, 0]
native_profile_function,612,none,0,0,0,0,0,[0, 0, 0, 0, 0, 0, 0, 0, 0, 0, 0, 0, 0, 0, 0, 0, 0, 0, 0, 0, 0, 0, 0, 0, 0, 0, 0, 0, 0, 0, 0]
native_profile_function,613,none,0,0,0,0,0,[0, 0, 0, 0, 0, 0, 0, 0, 0, 0, 0, 0, 0, 0, 0, 0, 0, 0, 0, 0, 0, 0, 0, 0, 0, 0, 0, 0, 0, 0, 0]
native_profile_function,614,none,0,0,0,0,0,[0, 0, 0, 0, 0, 0, 0, 0, 0, 0, 0, 0, 0, 0, 0, 0, 0, 0, 0, 0, 0, 0, 0, 0, 0, 0, 0, 0, 0, 0, 0]
native_profile_function,615,none,0,0,0,0,0,[0, 0, 0, 0, 0, 0, 0, 0, 0, 0, 0, 0, 0, 0, 0, 0, 0, 0, 0, 0, 0, 0, 0, 0, 0, 0, 0, 0, 0, 0, 0]
native_profile_function,616,none,0,0,0,0,0,[0, 0, 0, 0, 0, 0, 0, 0, 0, 0, 0, 0, 0, 0, 0, 0, 0, 0, 0, 0, 0, 0, 0, 0, 0, 0, 0, 0, 0, 0, 0]
native_profile_function,617,none,0,0,0,0,0,[0, 0, 0, 0, 0, 0, 0, 0, 0, 0, 0, 0, 0, 0, 0, 0, 0, 0, 0, 0, 0, 0, 0, 0, 0, 0, 0, 0, 0, 0, 0]
native_profile_function,618,none,0,0,0,0,0,[0, 0, 0, 0, 0, 0, 0, 0, 0, 0, 0, 0, 0, 0, 0, 0, 0, 0, 0, 0, 0, 0, 0, 0, 0, 0, 0, 0, 0, 0, 0]
native_profile_function,619,none,0,0,0,0,0,[0, 0, 0, 0, 0, 0, 0, 0, 0, 0, 0, 0, 0, 0, 0, 0, 0, 0, 0, 0, 0, 0, 0, 0, 0, 0, 0, 0, 0, 0, 0]
native_profile_function,620,none,0,0,0,0,0,[0, 0, 0, 0, 0, 0, 0, 0, 0, 0, 0, 0, 0, 0, 0, 0, 0, 0, 0, 0, 0, 0, 0, 0, 0, 0, 0, 0, 0, 0, 0]
native_profile_function,621,none,0,0,0,0,0,[0, 0, 0, 0, 0, 0, 0, 0, 0, 0, 0, 0, 0, 0, 0, 0, 0, 0, 0, 0, 0, 0, 0, 0, 0, 0, 0, 0, 0, 0, 0]
native_profile_function,622,none,0,0,0,0,0,[0, 0, 0, 0, 0, 0, 0, 0, 0, 0, 0, 0, 0, 0, 0, 0, 0, 0, 0, 0, 0, 0, 0, 0, 0, 0, 0, 0, 0, 0, 0]
native_profile_function,623,none,0,0,0,0,0,[0, 0, 0, 0, 0, 0, 0, 0, 0, 0, 0, 0, 0, 0, 0, 0, 0, 0, 0, 0, 0, 0, 0, 0, 0, 0, 0, 0, 0, 0, 0]
native_profile_function,624,none,0,0,0,0,0,[0, 0, 0, 0, 0, 0, 0, 0, 0, 0, 0, 0, 0, 0, 0, 0, 0, 0, 0, 0, 0, 0, 0, 0, 0, 0, 0, 0, 0, 0, 0]
native_profile_function,625,none,0,0,0,0,0,[0, 0, 0, 0, 0, 0, 0, 0, 0, 0, 0, 0, 0, 0, 0, 0, 0, 0, 0, 0, 0, 0, 0, 0, 0, 0, 0, 0, 0, 0, 0]
native_profile_function,626,none,0,0,0,0,0,[0, 0, 0, 0, 0, 0, 0, 0, 0, 0, 0, 0, 0, 0, 0, 0, 0, 0, 0, 0, 0, 0, 0, 0, 0, 0, 0, 0, 0, 0, 0]
native_profile_function,627,none,0,0,0,0,0,[0, 0, 0, 0, 0, 0, 0, 0, 0, 0, 0, 0, 0, 0, 0, 0, 0, 0, 0, 0, 0, 0, 0, 0, 0, 0, 0, 0, 0, 0, 0]
native_profile_function,628,none,0,0,0,0,0,[0, 0, 0, 0, 0, 0, 0, 0, 0, 0, 0, 0, 0, 0, 0, 0, 0, 0, 0, 0, 0, 0, 0, 0, 0, 0, 0, 0, 0, 0, 0]
native_profile_function,629,none,0,0,0,0,0,[0, 0, 0, 0, 0, 0, 0, 0, 0, 0, 0, 0, 0, 0, 0, 0, 0, 0, 0, 0, 0, 0, 0, 0, 0, 0, 0, 0, 0, 0, 0]
native_profile_function,630,none,0,0,0,0,0,[0, 0, 0, 0, 0, 0, 0, 0, 0, 0, 0, 0, 0, 0, 0, 0, 0, 0, 0, 0, 0, 0, 0, 0, 0, 0, 0, 0, 0, 0, 0]
native_profile_function,631,none,0,0,0,0,0,[0, 0, 0, 0, 0, 0, 0, 0, 0, 0, 0, 0, 0, 0, 0, 0, 0, 0, 0, 0, 0, 0, 0, 0, 0, 0, 0, 0, 0, 0, 0]
native_profile_function,632,none,0,0,0,0,0,[0, 0, 0, 0, 0, 0, 0, 0, 0, 0, 0, 0, 0, 0, 0, 0, 0, 0, 0, 0, 0, 0, 0, 0, 0, 0, 0, 0, 0, 0, 0]
native_profile_function,633,none,0,0,0,0,0,[0, 0, 0, 0, 0, 0, 0, 0, 0, 0, 0, 0, 0, 0, 0, 0, 0, 0, 0, 0, 0, 0, 0, 0, 0, 0, 0, 0, 0, 0, 0]
native_profile_function,634,none,0,0,0,0,0,[0, 0, 0, 0, 0, 0, 0, 0, 0, 0, 0, 0, 0, 0, 0, 0, 0, 0, 0, 0, 0, 0, 0, 0, 0, 0, 0, 0, 0, 0, 0]
native_profile_function,635,none,0,0,0,0,0,[0, 0, 0, 0, 0, 0, 0, 0, 0, 0, 0, 0, 0, 0, 0, 0, 0, 0, 0, 0, 0, 0, 0, 0, 0, 0, 0, 0, 0, 0, 0]
native_profile_function,636,none,0,0,0,0,0,[0, 0, 0, 0, 0, 0, 0, 0, 0, 0, 0, 0, 0, 0, 0, 0, 0, 0, 0, 0, 0, 0, 0, 0, 0, 0, 0, 0, 0, 0, 0]
native_profile_function,637,none,0,0,0,0,0,[0, 0, 0, 0, 0, 0, 0, 0, 0, 0, 0, 0, 0, 0, 0, 0, 0, 0, 0, 0, 0, 0, 0, 0, 0, 0, 0, 0, 0, 0, 0]
native_profile_function,638,none,0,0,0,0,0,[0, 0, 0, 0, 0, 0, 0, 0, 0, 0, 0, 0, 0, 0, 0, 0, 0, 0, 0, 0, 0, 0, 0, 0, 0, 0, 0, 0, 0, 0, 0]
native_profile_function,639,none,0,0,0,0,0,[0, 0, 0, 0, 0, 0, 0, 0, 0, 0, 0, 0, 0, 0, 0, 0, 0, 0, 0, 0, 0, 0, 0, 0, 0, 0, 0, 0, 0, 0, 0]
native_profile_function,640,none,0,0,0,0,0,[0, 0, 0, 0, 0, 0, 0, 0, 0, 0, 0, 0, 0, 0, 0, 0, 0, 0, 0, 0, 0, 0, 0, 0, 0, 0, 0, 0, 0, 0, 0]
native_profile_function,641,none,0,0,0,0,0,[0, 0, 0, 0, 0, 0, 0, 0, 0, 0, 0, 0, 0, 0, 0, 0, 0, 0, 0, 0, 0, 0, 0, 0, 0, 0, 0, 0, 0, 0, 0]
native_profile_function,642,none,0,0,0,0,0,[0, 0, 0, 0, 0, 0, 0, 0, 0, 0, 0, 0, 0, 0, 0, 0, 0, 0, 0, 0, 0, 0, 0, 0, 0, 0, 0, 0, 0, 0, 0]
native_profile_function,643,none,0,0,0,0,0,[0, 0, 0, 0, 0, 0, 0, 0, 0, 0, 0, 0, 0, 0, 0, 0, 0, 0, 0, 0, 0, 0, 0, 0, 0, 0, 0, 0, 0, 0, 0]
native_profile_function,644,none,0,0,0,0,0,[0, 0, 0, 0, 0, 0, 0, 0, 0, 0, 0, 0, 0, 0, 0, 0, 0, 0, 0, 0, 0, 0, 0, 0, 0, 0, 0, 0, 0, 0, 0]
native_profile_function,645,none,0,0,0,0,0,[0, 0, 0, 0, 0, 0, 0, 0, 0, 0, 0, 0, 0, 0, 0, 0, 0, 0, 0, 0, 0, 0, 0, 0, 0, 0, 0, 0, 0, 0, 0]
native_profile_function,646,none,0,0,0,0,0,[0, 0, 0, 0, 0, 0, 0, 0, 0, 0, 0, 0, 0, 0, 0, 0, 0, 0, 0, 0, 0, 0, 0, 0, 0, 0, 0, 0, 0, 0, 0]
native_profile_function,647,none,0,0,0,0,0,[0, 0, 0, 0, 0, 0, 0, 0, 0, 0, 0, 0, 0, 0, 0, 0, 0, 0, 0, 0, 0, 0, 0, 0, 0, 0, 0, 0, 0, 0, 0]
native_profile_function,648,none,0,0,0,0,0,[0, 0, 0, 0, 0, 0, 0, 0, 0, 0, 0, 0, 0, 0, 0, 0, 0, 0, 0, 0, 0, 0, 0, 0, 0, 0, 0, 0, 0, 0, 0]
native_profile_function,649,none,0,0,0,0,0,[0, 0, 0, 0, 0, 0, 0, 0, 0, 0, 0, 0, 0, 0, 0, 0, 0, 0, 0, 0, 0, 0, 0, 0, 0, 0, 0, 0, 0, 0, 0]
native_profile_function,650,none,0,0,0,0,0,[0, 0, 0, 0, 0, 0, 0, 0, 0, 0, 0, 0, 0, 0, 0, 0, 0, 0, 0, 0, 0, 0, 0, 0, 0, 0, 0, 0, 0, 0, 0]
native_profile_function,651,none,0,0,0,0,0,[0, 0, 0, 0, 0, 0, 0, 0, 0, 0, 0, 0, 0, 0, 0, 0, 0, 0, 0, 0, 0, 0, 0, 0, 0, 0, 0, 0, 0, 0, 0]
native_profile_function,652,none,0,0,0,0,0,[0, 0, 0, 0, 0, 0, 0, 0, 0, 0, 0, 0, 0, 0, 0, 0, 0, 0, 0, 0, 0, 0, 0, 0, 0, 0, 0, 0, 0, 0, 0]
native_profile_function,653,none,0,0,0,0,0,[0, 0, 0, 0, 0, 0, 0, 0, 0, 0, 0, 0, 0, 0, 0, 0, 0, 0, 0, 0, 0, 0, 0, 0, 0, 0, 0, 0, 0, 0, 0]
native_profile_function,654,none,0,0,0,0,0,[0, 0, 0, 0, 0, 0, 0, 0, 0, 0, 0, 0, 0, 0, 0, 0, 0, 0, 0, 0, 0, 0, 0, 0, 0, 0, 0, 0, 0, 0, 0]
native_profile_function,655,none,0,0,0,0,0,[0, 0, 0, 0, 0, 0, 0, 0, 0, 0, 0, 0, 0, 0, 0, 0, 0, 0, 0, 0, 0, 0, 0, 0, 0, 0, 0, 0, 0, 0, 0]
native_profile_function,656,none,0,0,0,0,0,[0, 0, 0, 0, 0, 0, 0, 0, 0, 0, 0, 0, 0, 0, 0, 0, 0, 0, 0, 0, 0, 0, 0, 0, 0, 0, 0, 0, 0, 0, 0]
native_profile_function,657,none,0,0,0,0,0,[0, 0, 0, 0, 0, 0, 0, 0, 0, 0, 0, 0, 0, 0, 0, 0, 0, 0, 0, 0, 0, 0, 0, 0, 0, 0, 0, 0, 0, 0, 0]
native_profile_function,658,none,0,0,0,0,0,[0, 0, 0, 0, 0, 0, 0, 0, 0, 0, 0, 0, 0, 0, 0, 0, 0, 0, 0, 0, 0, 0, 0, 0, 0, 0, 0, 0, 0, 0, 0]
native_profile_function,659,none,0,0,0,0,0,[0, 0, 0, 0, 0, 0, 0, 0, 0, 0, 0, 0, 0, 0, 0, 0, 0, 0, 0, 0, 0, 0, 0, 0, 0, 0, 0, 0, 0, 0, 0]
native_profile_function,660,none,0,0,0,0,0,[0, 0, 0, 0, 0, 0, 0, 0, 0, 0, 0, 0, 0, 0, 0, 0, 0, 0, 0, 0, 0, 0, 0, 0, 0, 0, 0, 0, 0, 0, 0]
native_profile_function,661,none,0,0,0,0,0,[0, 0, 0, 0, 0, 0, 0, 0, 0, 0, 0, 0, 0, 0, 0, 0, 0, 0, 0, 0, 0, 0, 0, 0, 0, 0, 0, 0, 0, 0, 0]
native_profile_function,662,none,0,0,0,0,0,[0, 0, 0, 0, 0, 0, 0, 0, 0, 0, 0, 0, 0, 0, 0, 0, 0, 0, 0, 0, 0, 0, 0, 0, 0, 0, 0, 0, 0, 0, 0]
native_profile_function,663,none,0,0,0,0,0,[0, 0, 0, 0, 0, 0, 0, 0, 0, 0, 0, 0, 0, 0, 0, 0, 0, 0, 0, 0, 0, 0, 0, 0, 0, 0, 0, 0, 0, 0, 0]
native_profile_function,664,none,0,0,0,0,0,[0, 0, 0, 0, 0, 0, 0, 0, 0, 0, 0, 0, 0, 0, 0, 0, 0, 0, 0, 0, 0, 0, 0, 0, 0, 0, 0, 0, 0, 0, 0]
native_profile_function,665,none,0,0,0,0,0,[0, 0, 0, 0, 0, 0, 0, 0, 0, 0, 0, 0, 0, 0, 0, 0, 0, 0, 0, 0, 0, 0, 0, 0, 0, 0, 0, 0, 0, 0, 0]
native_profile_function,666,none,0,0,0,0,0,[0, 0, 0, 0, 0, 0, 0, 0, 0, 0, 0, 0, 0, 0, 0, 0, 0, 0, 0, 0, 0, 0, 0, 0, 0, 0, 0, 0, 0, 0, 0]
native_profile_function,667,none,0,0,0,0,0,[0, 0, 0, 0, 0, 0, 0, 0, 0, 0, 0, 0, 0, 0, 0, 0, 0, 0, 0, 0, 0, 0, 0, 0, 0, 0, 0, 0, 0, 0, 0]
native_profile_function,668,none,0,0,0,0,0,[0, 0, 0, 0, 0, 0, 0, 0, 0, 0, 0, 0, 0, 0, 0, 0, 0, 0, 0, 0, 0, 0, 0, 0, 0, 0, 0, 0, 0, 0, 0]
native_profile_function,669,none,0,0,0,0,0,[0, 0, 0, 0, 0, 0, 0, 0, 0, 0, 0, 0, 0, 0, 0, 0, 0, 0, 0, 0, 0, 0, 0, 0, 0, 0, 0, 0, 0, 0, 0]
native_profile_function,670,none,0,0,0,0,0,[0, 0, 0, 0, 0, 0, 0, 0, 0, 0, 0, 0, 0, 0, 0, 0, 0, 0, 0, 0, 0, 0, 0, 0, 0, 0, 0, 0, 0, 0, 0]
native_profile_function,671,0,143,67,45,23,0,[14, 30, 0, 0, 3, 0, 9, 0, 0, 0, 0, 0, 23, 9, 2, 0, 0, 0, 2, 0, 0, 0, 0, 0, 0, 0, 0, 0, 0, 0, 0]
native_profile_function,672,73,84095,40861,42443,0,0,[0, 0, 0, 0, 0, 40070, 0, 0, 0, 0, 0, 791, 791, 791, 0, 0, 0, 0, 0, 0, 0, 0, 0, 0, 0, 0, 0, 0, 0, 0, 0]
native_profile_blocks,0,[0, 0, 0, 0]
native_profile_blocks,1,[0, 0, 0, 0]
native_profile_blocks,2,[2, 2]
native_profile_blocks,3,[0]
native_profile_blocks,4,[0, 0]
native_profile_blocks,5,[0]
native_profile_blocks,6,[0, 0]
native_profile_blocks,7,[0, 0]
native_profile_blocks,8,[0, 0]
native_profile_blocks,9,[0, 0, 0, 0, 0, 0, 0, 0, 0]
native_profile_blocks,10,[0, 0, 0, 0, 0, 0]
native_profile_blocks,11,[0, 0, 0, 0, 0, 0, 0, 0, 0, 0, 0, 0, 0, 0, 0, 0, 0, 0]
native_profile_blocks,12,[2282, 2282]
native_profile_blocks,13,[788, 788]
native_profile_blocks,14,[0, 0]
native_profile_blocks,15,[0, 0]
native_profile_blocks,16,[0, 0]
native_profile_blocks,17,[790, 790]
native_profile_blocks,18,[789, 789]
native_profile_blocks,19,[1499, 1499, 0, 1499]
native_profile_blocks,20,[0]
native_profile_blocks,21,[0]
native_profile_blocks,22,[0]
native_profile_blocks,23,[0, 0, 0]
native_profile_blocks,24,[0, 0]
native_profile_blocks,25,[0]
native_profile_blocks,26,[6397, 6396]
native_profile_blocks,27,[0, 0, 0]
native_profile_blocks,28,[0, 0, 0, 0]
native_profile_blocks,29,[0, 0, 0, 0]
native_profile_blocks,30,[0, 0]
native_profile_blocks,31,[0, 0]
native_profile_blocks,32,[0, 0]
native_profile_blocks,33,[0, 0]
native_profile_blocks,34,[0, 0]
native_profile_blocks,35,[0, 0]
native_profile_blocks,36,[0, 0]
native_profile_blocks,37,[0, 0]
native_profile_blocks,38,[0, 0]
native_profile_blocks,39,[0, 0]
native_profile_blocks,40,[0, 0, 0]
native_profile_blocks,41,[0, 0, 0]
native_profile_blocks,42,[0, 0]
native_profile_blocks,43,[0, 0]
native_profile_blocks,44,[0, 0]
native_profile_blocks,45,[0]
native_profile_blocks,46,[0, 0, 0]
native_profile_blocks,47,[0, 0, 0, 0]
native_profile_blocks,48,[0, 0]
native_profile_blocks,49,[0, 0]
native_profile_blocks,50,[35, 35, 34, 1, 34, 34, 34, 34, 34, 1]
native_profile_blocks,51,[1494, 1493, 1, 0, 1, 1, 0, 0]
native_profile_blocks,52,[0, 0, 0, 0]
native_profile_blocks,53,[0, 0, 0, 0, 0, 0, 0]
native_profile_blocks,54,[0, 0, 0, 0, 0, 0, 0, 0]
native_profile_blocks,55,[2, 0, 2, 0, 0, 0, 0, 0]
native_profile_blocks,56,[35, 35, 33, 2, 33, 33, 33]
native_profile_blocks,57,[0, 0, 0, 0, 0, 0]
native_profile_blocks,58,[4604, 4600, 4, 0, 4, 0]
native_profile_blocks,59,[0]
native_profile_blocks,60,[0, 0, 0]
native_profile_blocks,61,[1, 1, 1]
native_profile_blocks,62,[822, 822, 822, 822, 0, 821, 1, 0, 821, 821, 1, 0, 0, 0, 0]
native_profile_blocks,63,[0]
native_profile_blocks,64,[0]
native_profile_blocks,65,[0]
native_profile_blocks,66,[0, 0, 0, 0, 0]
native_profile_blocks,67,[0, 0, 0, 0, 0]
native_profile_blocks,68,[35, 0, 35, 0, 0, 35, 35, 0, 0, 0]
native_profile_blocks,69,[0, 0, 0, 0, 0, 0, 0, 0, 0, 0, 0, 0, 0, 0]
native_profile_blocks,70,[0, 0, 0, 0, 0]
native_profile_blocks,71,[0]
native_profile_blocks,72,[1493, 1493, 1493, 0, 1493, 0, 0, 0, 0, 0, 0, 0, 0, 0, 0, 0, 0, 0, 0, 0, 0, 0, 0, 0, 0, 0, 1493, 1493, 0, 1493, 0, 0, 1493, 1493, 1493, 1493, 1493, 0, 0, 0, 0, 0, 0, 0, 0, 0, 0]
native_profile_blocks,73,[0]
native_profile_blocks,74,[2, 2, 2, 2, 0, 2, 2, 0, 2, 0, 2, 0, 0, 0, 0, 0, 0, 0, 0, 0, 0, 0, 0, 0, 2, 0, 0, 0, 0, 0, 0, 0, 0, 0, 0, 0, 0, 0, 0]
native_profile_blocks,75,[0, 0, 0, 0, 0, 0]
native_profile_blocks,76,[0, 0]
native_profile_blocks,77,[0, 0, 0]
native_profile_blocks,78,[0, 0]
native_profile_blocks,79,[0]
native_profile_blocks,80,[0]
native_profile_blocks,81,[0, 0, 0, 0]
native_profile_blocks,82,[0, 0, 0, 0, 0]
native_profile_blocks,83,[20, 20, 20]
native_profile_blocks,84,[0, 0, 0, 0, 0]
native_profile_blocks,85,[0, 0, 0, 0, 0]
native_profile_blocks,86,[0, 0, 0, 0, 0]
native_profile_blocks,87,[0, 0, 0, 0]
native_profile_blocks,88,[0, 0, 0, 0]
native_profile_blocks,89,[0, 0, 0, 0]
native_profile_blocks,90,[0, 0]
native_profile_blocks,91,[0, 0]
native_profile_blocks,92,[0, 0]
native_profile_blocks,93,[0, 0]
native_profile_blocks,94,[0, 0]
native_profile_blocks,95,[0, 0, 0]
native_profile_blocks,96,[0, 0, 0]
native_profile_blocks,97,[1493, 1493, 1493, 1493, 1493, 1493, 1493, 0, 1493, 1493, 1493, 1493]
native_profile_blocks,98,[0, 0, 0, 0, 0, 0, 0, 0, 0, 0, 0, 0, 0]
native_profile_blocks,99,[4454, 4454, 1485, 2969, 2969, 2969, 2969, 2969, 2969]
native_profile_blocks,100,[0, 0, 0, 0, 0, 0, 0, 0, 0, 0, 0, 0, 0, 0, 0, 0, 0]
native_profile_blocks,101,[0, 0, 0, 0, 0, 0, 0, 0, 0, 0, 0, 0, 0, 0, 0, 0, 0, 0, 0, 0, 0, 0, 0, 0, 0, 0, 0, 0, 0, 0, 0, 0, 0, 0, 0, 0, 0]
native_profile_blocks,102,[0, 0, 0, 0, 0, 0, 0, 0, 0, 0, 0, 0, 0, 0, 0]
native_profile_blocks,103,[1486, 1486, 1486, 1486, 1, 1485, 1, 1, 1, 1485, 0, 1485, 0, 0, 0, 0, 0, 0, 0, 0]
native_profile_blocks,104,[0, 0, 0, 0]
native_profile_blocks,105,[6, 6, 0, 6, 6, 6, 6, 6, 6, 6, 0, 6, 6, 6, 6, 6, 0, 0, 0, 0, 0, 0, 0, 0, 0, 0, 0, 0]
native_profile_blocks,106,[0, 0, 0, 0]
native_profile_blocks,107,[1, 1, 1, 1]
native_profile_blocks,108,[1, 0, 0, 0]
native_profile_blocks,109,[1493, 1493]
native_profile_blocks,110,[1502, 1502, 0, 1502]
native_profile_blocks,111,[0, 0]
native_profile_blocks,112,[2286, 2286]
native_profile_blocks,113,[4559, 4559]
native_profile_blocks,114,[6064, 6064]
native_profile_blocks,115,[1, 1, 0, 1]
native_profile_blocks,116,[0, 0]
native_profile_blocks,117,[0, 0]
native_profile_blocks,118,[1504, 1504]
native_profile_blocks,119,[1, 1, 1, 1, 0, 1, 1]
native_profile_blocks,120,[0]
native_profile_blocks,121,[1, 0, 0, 0]
native_profile_blocks,122,[1, 1]
native_profile_blocks,123,[1, 1, 0, 1, 1, 1, 0, 1, 1, 1, 0, 1, 1, 1]
native_profile_blocks,124,[2, 2, 2, 2, 2, 2, 0, 2, 2, 1, 0, 1, 1, 1, 1, 1, 1, 0, 1]
native_profile_blocks,125,[1, 1]
native_profile_blocks,126,[1, 1, 0, 1, 1, 1, 0, 0]
native_profile_blocks,127,[1, 1, 1, 0, 0, 0, 0, 0, 0, 0, 0, 0, 0, 0, 0, 0, 0, 0, 0, 0, 0, 0]
native_profile_blocks,128,[0]
native_profile_blocks,129,[2, 2, 0, 2, 0, 2, 2, 2, 2, 0, 2, 2, 2]
native_profile_blocks,130,[1, 1, 0, 1, 1, 1, 1, 1, 0, 1, 0]
native_profile_blocks,131,[2, 2]
native_profile_blocks,132,[1, 1]
native_profile_blocks,133,[1, 1, 1, 1, 1]
native_profile_blocks,134,[0, 0]
native_profile_blocks,135,[1, 1, 0, 0, 0, 0]
native_profile_blocks,136,[0, 0]
native_profile_blocks,137,[0, 0, 0, 0, 0, 0, 0, 0, 0, 0, 0, 0]
native_profile_blocks,138,[0, 0]
native_profile_blocks,139,[0, 0, 0, 0, 0, 0]
native_profile_blocks,140,[0, 0]
native_profile_blocks,141,[0, 0, 0, 0, 0, 0, 0, 0, 0, 0, 0, 0, 0]
native_profile_blocks,142,[0, 0, 0, 0, 0, 0, 0, 0, 0, 0, 0, 0, 0, 0, 0, 0, 0, 0, 0, 0, 0, 0]
native_profile_blocks,143,[0, 0]
native_profile_blocks,144,[789, 789, 789, 789, 789, 0, 789, 789, 789, 789, 0]
native_profile_blocks,145,[2, 2]
native_profile_blocks,146,[1, 1, 0, 1, 1, 1, 0, 0, 0, 0, 0, 0, 0, 0, 0, 0, 0, 0, 0, 0, 0, 0, 0, 0]
native_profile_blocks,147,[0, 0]
native_profile_blocks,148,[0, 0, 0, 0, 0, 0, 0, 0, 0, 0, 0, 0]
native_profile_blocks,149,[0, 0]
native_profile_blocks,150,[0, 0, 0]
native_profile_blocks,151,[0, 0, 0, 0, 0, 0, 0, 0, 0, 0, 0, 0, 0, 0, 0, 0, 0, 0, 0, 0, 0, 0, 0, 0]
native_profile_blocks,152,[0, 0, 0, 0, 0]
native_profile_blocks,153,[0, 0]
native_profile_blocks,154,[0, 0, 0, 0, 0, 0, 0, 0, 0, 0, 0, 0, 0, 0]
native_profile_blocks,155,[0, 0, 0, 0, 0, 0, 0, 0, 0, 0, 0, 0, 0, 0, 0, 0, 0, 0, 0]
native_profile_blocks,156,[0, 0]
native_profile_blocks,157,[0, 0, 0, 0, 0, 0, 0, 0]
native_profile_blocks,158,[0, 0, 0, 0, 0, 0]
native_profile_blocks,159,[0, 0, 0, 0, 0, 0, 0, 0, 0, 0, 0, 0, 0, 0, 0, 0, 0, 0, 0, 0, 0, 0, 0, 0, 0, 0, 0, 0, 0, 0, 0, 0, 0, 0, 0, 0, 0, 0, 0, 0, 0, 0, 0]
native_profile_blocks,160,[0, 0]
native_profile_blocks,161,[0, 0, 0, 0, 0, 0, 0, 0]
native_profile_blocks,162,[0, 0, 0]
native_profile_blocks,163,[0, 0, 0, 0, 0, 0, 0, 0, 0, 0, 0, 0, 0, 0, 0, 0, 0, 0, 0]
native_profile_blocks,164,[0, 0]
native_profile_blocks,165,[0, 0, 0, 0, 0]
native_profile_blocks,166,[0, 0]
native_profile_blocks,167,[0, 0, 0, 0, 0, 0, 0, 0, 0, 0, 0, 0, 0, 0, 0, 0, 0, 0, 0, 0, 0, 0]
native_profile_blocks,168,[0, 0]
native_profile_blocks,169,[0, 0, 0, 0, 0, 0, 0, 0, 0, 0, 0, 0, 0, 0, 0, 0, 0]
native_profile_blocks,170,[0, 0]
native_profile_blocks,171,[1, 1, 0, 1, 1, 1, 0, 1, 1, 1, 0, 1, 1, 1, 0, 1, 1, 1, 0, 1, 1, 1, 0, 1, 1, 1, 0, 1, 1, 1, 1]
native_profile_blocks,172,[1, 1, 0, 1, 1, 1, 0, 1, 1, 1, 0, 1, 1, 1, 0, 1, 1, 1, 0, 1, 1, 1, 0, 0, 0, 0, 0, 0, 0, 0, 0, 0, 0, 0, 0, 0, 0, 0]
native_profile_blocks,173,[2, 2, 0, 2, 2]
native_profile_blocks,174,[0]
native_profile_blocks,175,[0, 0, 0, 0, 0, 0, 0, 0, 0, 0, 0, 0, 0, 0, 0, 0, 0, 0, 0, 0, 0]
native_profile_blocks,176,[0, 0, 0, 0, 0, 0, 0, 0, 0, 0]
native_profile_blocks,177,[2, 2, 2, 2, 2, 0, 2, 2, 2, 2, 0, 2, 2, 2, 0, 0, 0, 0, 0, 0]
native_profile_blocks,178,[0, 0]
native_profile_blocks,179,[0, 0, 0, 0, 0, 0, 0, 0, 0, 0, 0, 0, 0, 0, 0, 0, 0, 0, 0, 0, 0, 0, 0, 0]
native_profile_blocks,180,[0, 0, 0, 0, 0, 0, 0, 0, 0, 0, 0, 0, 0, 0, 0, 0, 0, 0, 0, 0, 0, 0, 0, 0]
native_profile_blocks,181,[0, 0, 0, 0, 0, 0, 0, 0, 0]
native_profile_blocks,182,[0, 0, 0, 0, 0, 0, 0, 0, 0, 0, 0, 0]
native_profile_blocks,183,[0, 0]
native_profile_blocks,184,[0, 0, 0, 0, 0, 0]
native_profile_blocks,185,[0, 0, 0, 0, 0, 0]
native_profile_blocks,186,[0, 0, 0, 0]
native_profile_blocks,187,[0, 0]
native_profile_blocks,188,[0, 0, 0, 0, 0, 0, 0, 0, 0, 0, 0, 0, 0, 0, 0, 0]
native_profile_blocks,189,[0]
native_profile_blocks,190,[0, 0, 0, 0, 0, 0, 0, 0, 0, 0, 0, 0, 0, 0, 0]
native_profile_blocks,191,[0, 0, 0, 0, 0, 0, 0, 0, 0, 0, 0]
native_profile_blocks,192,[0, 0, 0, 0, 0, 0, 0, 0, 0, 0, 0, 0, 0, 0, 0, 0, 0, 0, 0, 0, 0, 0, 0, 0, 0, 0, 0, 0, 0, 0, 0, 0]
native_profile_blocks,193,[0, 0, 0, 0]
native_profile_blocks,194,[0, 0]
native_profile_blocks,195,[0, 0, 0, 0, 0, 0, 0, 0, 0, 0, 0, 0, 0, 0, 0, 0, 0, 0, 0, 0, 0, 0, 0, 0, 0, 0, 0, 0, 0, 0, 0, 0, 0, 0, 0, 0, 0, 0]
native_profile_blocks,196,[0, 0]
native_profile_blocks,197,[0, 0, 0, 0, 0, 0, 0, 0, 0, 0, 0, 0, 0]
native_profile_blocks,198,[0, 0]
native_profile_blocks,199,[0, 0, 0, 0, 0, 0, 0, 0, 0, 0, 0, 0]
native_profile_blocks,200,[0, 0]
native_profile_blocks,201,[0, 0, 0, 0, 0, 0, 0, 0, 0, 0, 0, 0, 0, 0, 0, 0, 0, 0, 0, 0, 0, 0, 0, 0, 0, 0, 0, 0]
native_profile_blocks,202,[0, 0, 0, 0, 0]
native_profile_blocks,203,[0, 0, 0, 0, 0, 0, 0, 0, 0, 0, 0, 0, 0, 0, 0, 0, 0, 0, 0]
native_profile_blocks,204,[0, 0]
native_profile_blocks,205,[0, 0, 0, 0, 0, 0, 0, 0]
native_profile_blocks,206,[0, 0, 0, 0, 0, 0, 0, 0, 0, 0, 0, 0, 0]
native_profile_blocks,207,[0, 0, 0, 0, 0, 0, 0, 0]
native_profile_blocks,208,[0, 0, 0, 0, 0, 0, 0, 0, 0, 0, 0, 0, 0, 0, 0, 0, 0, 0]
native_profile_blocks,209,[0, 0]
native_profile_blocks,210,[0, 0, 0, 0, 0, 0, 0, 0]
native_profile_blocks,211,[0, 0, 0, 0, 0, 0, 0, 0]
native_profile_blocks,212,[0, 0, 0, 0, 0, 0, 0, 0, 0, 0, 0, 0, 0, 0]
native_profile_blocks,213,[0, 0, 0, 0, 0, 0, 0, 0, 0, 0, 0, 0, 0, 0, 0, 0, 0, 0, 0, 0, 0, 0, 0, 0, 0, 0, 0, 0, 0, 0, 0, 0, 0, 0, 0, 0, 0, 0, 0, 0, 0, 0, 0, 0, 0, 0]
native_profile_blocks,214,[0, 0, 0, 0, 0, 0, 0, 0]
native_profile_blocks,215,[0, 0]
native_profile_blocks,216,[0, 0]
native_profile_blocks,217,[0, 0, 0]
native_profile_blocks,218,[0, 0, 0, 0, 0, 0, 0, 0, 0, 0, 0, 0, 0, 0, 0, 0, 0, 0, 0, 0, 0, 0]
native_profile_blocks,219,[0, 0, 0, 0, 0, 0, 0, 0, 0, 0, 0, 0, 0, 0, 0, 0, 0, 0, 0, 0, 0, 0, 0, 0, 0, 0, 0, 0, 0, 0, 0, 0, 0]
native_profile_blocks,220,[0, 0]
native_profile_blocks,221,[0, 0]
native_profile_blocks,222,[0, 0]
native_profile_blocks,223,[0, 0, 0, 0, 0, 0, 0, 0, 0, 0, 0, 0, 0, 0, 0, 0, 0, 0]
native_profile_blocks,224,[0, 0]
native_profile_blocks,225,[1486, 1486, 0, 1486, 1486, 1486, 1486]
native_profile_blocks,226,[1, 1]
native_profile_blocks,227,[787, 787, 0, 787, 787, 786, 20, 766, 20, 0, 20, 20, 20, 20, 20, 766, 6, 760, 6, 0, 6, 6, 6, 6, 760, 0, 760, 0, 0, 0, 0, 0, 0, 760, 0, 760, 0, 0, 760, 0, 760, 0, 0, 760, 0, 760, 0, 0, 760, 371, 389, 371, 0, 371, 371, 371, 0, 371, 371, 371, 371, 389, 5, 384, 5, 0, 5, 5, 5, 0, 5, 5, 5, 5, 384, 316, 68, 316, 0, 316, 316, 316, 0, 316, 316, 316, 316, 68, 1, 67, 1, 0, 1, 1, 1, 1, 67, 0, 67, 0, 0, 0, 0, 0, 0, 0, 67, 0, 67, 0, 0, 0, 0, 0, 0, 0, 67, 67, 0, 67, 0, 67, 67, 67, 67, 67, 0, 0, 0, 0, 0, 0, 0, 0, 0, 0, 0, 0, 0, 0, 0, 0, 0, 0, 0, 0, 0, 0, 0, 0, 0, 0, 0, 0, 0, 0, 0]
native_profile_blocks,228,[0, 0, 0, 0, 0, 0, 0, 0, 0, 0, 0, 0]
native_profile_blocks,229,[0, 0]
native_profile_blocks,230,[0, 0]
native_profile_blocks,231,[2, 2]
native_profile_blocks,232,[2, 2]
native_profile_blocks,233,[2, 2]
native_profile_blocks,234,[0, 0, 0, 0]
native_profile_blocks,235,[0, 0, 0, 0, 0, 0, 0, 0, 0, 0, 0, 0, 0, 0, 0, 0, 0, 0, 0, 0, 0, 0, 0, 0, 0, 0, 0, 0, 0, 0, 0, 0, 0]
native_profile_blocks,236,[0, 0, 0, 0, 0, 0]
native_profile_blocks,237,[0]
native_profile_blocks,238,[0]
native_profile_blocks,239,[0, 0, 0, 0, 0, 0, 0]
native_profile_blocks,240,[0, 0, 0, 0, 0, 0, 0]
native_profile_blocks,241,[0, 0, 0, 0, 0, 0, 0, 0, 0, 0, 0, 0, 0, 0, 0, 0]
native_profile_blocks,242,[0, 0]
native_profile_blocks,243,[0, 0]
native_profile_blocks,244,[0, 0]
native_profile_blocks,245,[0, 0, 0, 0, 0, 0, 0]
native_profile_blocks,246,[0, 0, 0, 0, 0]
native_profile_blocks,247,[0, 0, 0, 0, 0, 0, 0, 0, 0, 0, 0, 0, 0, 0, 0]
native_profile_blocks,248,[0, 0, 0, 0]
native_profile_blocks,249,[0, 0]
native_profile_blocks,250,[0, 0]
native_profile_blocks,251,[0, 0, 0, 0, 0]
native_profile_blocks,252,[0, 0, 0, 0, 0]
native_profile_blocks,253,[0, 0, 0, 0, 0, 0, 0]
native_profile_blocks,254,[0, 0, 0, 0, 0, 0, 0, 0, 0, 0, 0, 0, 0, 0, 0, 0, 0, 0, 0]
native_profile_blocks,255,[0, 0]
native_profile_blocks,256,[0, 0, 0, 0, 0, 0, 0, 0, 0]
native_profile_blocks,257,[0, 0]
native_profile_blocks,258,[0, 0, 0, 0, 0, 0, 0, 0, 0, 0, 0, 0, 0, 0]
native_profile_blocks,259,[0, 0, 0, 0, 0, 0, 0, 0, 0, 0, 0]
native_profile_blocks,260,[0, 0, 0, 0, 0, 0, 0, 0, 0, 0, 0, 0, 0, 0, 0, 0]
native_profile_blocks,261,[0, 0]
native_profile_blocks,262,[0, 0]
native_profile_blocks,263,[0, 0, 0, 0, 0, 0, 0, 0, 0, 0, 0, 0, 0, 0, 0]
native_profile_blocks,264,[0, 0, 0, 0, 0, 0, 0, 0, 0, 0, 0, 0, 0, 0, 0, 0, 0, 0]
native_profile_blocks,265,[0, 0]
native_profile_blocks,266,[0]
native_profile_blocks,267,[0, 0, 0]
native_profile_blocks,268,[0]
native_profile_blocks,269,[0, 0, 0, 0, 0, 0, 0, 0, 0, 0]
native_profile_blocks,270,[0, 0, 0, 0, 0, 0, 0]
native_profile_blocks,271,[0, 0, 0, 0, 0, 0, 0, 0, 0, 0, 0, 0, 0, 0, 0, 0, 0, 0, 0, 0, 0, 0, 0, 0, 0, 0, 0]
native_profile_blocks,272,[0, 0, 0, 0]
native_profile_blocks,273,[0]
native_profile_blocks,274,[0, 0]
native_profile_blocks,275,[2, 2]
native_profile_blocks,276,[0, 0, 0, 0, 0, 0, 0]
native_profile_blocks,277,[0, 0, 0, 0, 0]
native_profile_blocks,278,[0, 0, 0, 0, 0, 0, 0, 0, 0, 0, 0]
native_profile_blocks,279,[0, 0, 0, 0, 0, 0, 0, 0, 0, 0, 0, 0, 0, 0, 0, 0, 0, 0, 0, 0, 0, 0, 0, 0, 0, 0, 0, 0, 0, 0, 0, 0, 0, 0, 0, 0]
native_profile_blocks,280,[786, 786]
native_profile_blocks,281,[0, 0]
native_profile_blocks,282,[0, 0]
native_profile_blocks,283,[0, 0, 0, 0]
native_profile_blocks,284,[0, 0]
native_profile_blocks,285,[0, 0, 0, 0, 0, 0, 0, 0, 0, 0, 0, 0, 0, 0, 0, 0, 0, 0, 0, 0]
native_profile_blocks,286,[0, 0]
native_profile_blocks,287,[0, 0, 0, 0, 0, 0, 0, 0, 0, 0, 0, 0, 0, 0, 0]
native_profile_blocks,288,[0, 0, 0, 0, 0, 0, 0, 0, 0, 0, 0, 0, 0, 0, 0, 0, 0, 0, 0]
native_profile_blocks,289,[0, 0, 0, 0, 0, 0, 0, 0, 0, 0, 0, 0, 0]
native_profile_blocks,290,[0, 0, 0, 0, 0, 0, 0, 0]
native_profile_blocks,291,[0, 0, 0, 0]
native_profile_blocks,292,[0, 0, 0, 0, 0, 0, 0, 0, 0, 0]
native_profile_blocks,293,[0, 0]
native_profile_blocks,294,[0, 0]
native_profile_blocks,295,[0, 0, 0, 0, 0, 0, 0, 0, 0, 0, 0]
native_profile_blocks,296,[0, 0]
native_profile_blocks,297,[0, 0, 0, 0, 0, 0, 0, 0, 0, 0, 0, 0, 0, 0, 0, 0, 0, 0, 0, 0, 0, 0, 0, 0, 0, 0, 0, 0, 0, 0, 0, 0, 0, 0, 0, 0, 0, 0]
native_profile_blocks,298,[0, 0]
native_profile_blocks,299,[0, 0]
native_profile_blocks,300,[0, 0, 0, 0, 0, 0, 0, 0, 0, 0, 0, 0, 0, 0, 0, 0, 0, 0, 0, 0, 0, 0, 0, 0, 0, 0, 0, 0, 0, 0, 0]
native_profile_blocks,301,[0, 0]
native_profile_blocks,302,[0, 0, 0, 0, 0, 0, 0, 0, 0, 0, 0, 0, 0, 0, 0, 0, 0, 0, 0, 0, 0, 0]
native_profile_blocks,303,[0, 0, 0, 0, 0, 0, 0, 0, 0, 0, 0]
native_profile_blocks,304,[0, 0, 0, 0, 0, 0, 0, 0, 0, 0, 0, 0, 0, 0, 0, 0, 0, 0]
native_profile_blocks,305,[0, 0, 0, 0, 0, 0, 0, 0, 0, 0]
native_profile_blocks,306,[0, 0, 0, 0, 0, 0, 0, 0, 0, 0, 0, 0, 0, 0, 0, 0, 0]
native_profile_blocks,307,[0, 0, 0, 0, 0, 0, 0, 0, 0, 0, 0]
native_profile_blocks,308,[26, 26]
native_profile_blocks,309,[0, 0]
native_profile_blocks,310,[0, 0]
native_profile_blocks,311,[0, 0]
native_profile_blocks,312,[0, 0]
native_profile_blocks,313,[371, 371]
native_profile_blocks,314,[5, 5]
native_profile_blocks,315,[316, 316]
native_profile_blocks,316,[1, 1]
native_profile_blocks,317,[0, 0]
native_profile_blocks,318,[67, 67]
native_profile_blocks,319,[67, 67]
native_profile_blocks,320,[0, 0]
native_profile_blocks,321,[0, 0]
native_profile_blocks,322,[788, 788, 0, 788, 0, 0, 786, 0, 786, 786, 786, 786]
native_profile_blocks,323,[0, 0, 0, 0, 0, 0, 0, 0, 0]
native_profile_blocks,324,[0, 0, 0, 0, 0, 0, 0, 0, 0]
native_profile_blocks,325,[0, 0, 0, 0, 0, 0, 0, 0, 0, 0, 0, 0, 0, 0, 0, 0, 0, 0, 0, 0, 0, 0, 0, 0, 0, 0, 0, 0, 0, 0, 0, 0, 0, 0, 0, 0, 0, 0, 0, 0, 0, 0, 0, 0, 0, 0, 0, 0, 0, 0, 0, 0, 0, 0, 0, 0, 0]
native_profile_blocks,326,[0, 0, 0, 0, 0, 0, 0]
native_profile_blocks,327,[0, 0]
native_profile_blocks,328,[0, 0]
native_profile_blocks,329,[0, 0, 0, 0, 0, 0, 0, 0, 0, 0, 0, 0]
native_profile_blocks,330,[0, 0, 0, 0, 0, 0, 0, 0, 0, 0]
native_profile_blocks,331,[0, 0]
native_profile_blocks,332,[0, 0, 0, 0, 0, 0]
native_profile_blocks,333,[0, 0, 0, 0, 0, 0, 0, 0, 0, 0, 0, 0, 0, 0, 0, 0, 0]
native_profile_blocks,334,[0, 0, 0, 0]
native_profile_blocks,335,[0, 0]
native_profile_blocks,336,[0, 0]
native_profile_blocks,337,[0, 0]
native_profile_blocks,338,[0, 0, 0, 0, 0, 0, 0, 0, 0, 0]
native_profile_blocks,339,[0, 0, 0, 0, 0, 0, 0, 0, 0, 0, 0, 0, 0]
native_profile_blocks,340,[0]
native_profile_blocks,341,[0, 0, 0, 0, 0, 0, 0, 0, 0]
native_profile_blocks,342,[0, 0, 0, 0, 0]
native_profile_blocks,343,[0, 0]
native_profile_blocks,344,[0, 0, 0, 0, 0, 0, 0, 0, 0, 0, 0, 0, 0, 0]
native_profile_blocks,345,[0, 0]
native_profile_blocks,346,[0, 0, 0, 0, 0, 0, 0, 0, 0, 0, 0, 0, 0, 0]
native_profile_blocks,347,[0, 0, 0, 0, 0, 0, 0, 0, 0, 0, 0, 0, 0, 0, 0, 0]
native_profile_blocks,348,[0, 0]
native_profile_blocks,349,[0, 0, 0, 0, 0, 0, 0, 0, 0, 0, 0, 0]
native_profile_blocks,350,[0, 0]
native_profile_blocks,351,[0, 0]
native_profile_blocks,352,[0, 0, 0, 0, 0, 0, 0, 0, 0, 0, 0, 0, 0, 0, 0, 0, 0, 0]
native_profile_blocks,353,[0, 0, 0, 0, 0, 0, 0, 0, 0]
native_profile_blocks,354,[0, 0, 0, 0, 0]
native_profile_blocks,355,[0, 0, 0, 0, 0, 0, 0, 0, 0, 0, 0, 0, 0, 0, 0, 0]
native_profile_blocks,356,[0, 0, 0, 0, 0]
native_profile_blocks,357,[0, 0, 0, 0, 0, 0, 0]
native_profile_blocks,358,[0, 0]
native_profile_blocks,359,[0, 0]
native_profile_blocks,360,[0, 0, 0, 0, 0, 0, 0, 0, 0, 0]
native_profile_blocks,361,[0, 0, 0, 0]
native_profile_blocks,362,[0, 0, 0]
native_profile_blocks,363,[0, 0, 0, 0, 0, 0, 0, 0, 0, 0, 0, 0, 0, 0, 0, 0]
native_profile_blocks,364,[0, 0]
native_profile_blocks,365,[0, 0, 0, 0, 0, 0, 0, 0, 0, 0, 0, 0, 0, 0, 0, 0, 0, 0, 0, 0, 0, 0, 0, 0, 0, 0, 0, 0, 0, 0, 0, 0, 0, 0, 0, 0]
native_profile_blocks,366,[0, 0, 0, 0, 0, 0, 0, 0, 0, 0, 0, 0, 0, 0, 0, 0, 0, 0, 0, 0, 0, 0, 0, 0, 0, 0]
native_profile_blocks,367,[0, 0]
native_profile_blocks,368,[0, 0, 0, 0, 0, 0]
native_profile_blocks,369,[0, 0, 0, 0, 0, 0, 0, 0]
native_profile_blocks,370,[0, 0, 0, 0, 0, 0, 0, 0, 0, 0, 0]
native_profile_blocks,371,[0, 0, 0, 0, 0, 0]
native_profile_blocks,372,[0, 0, 0, 0, 0, 0, 0, 0, 0, 0, 0, 0, 0]
native_profile_blocks,373,[0, 0]
native_profile_blocks,374,[0, 0, 0, 0]
native_profile_blocks,375,[0, 0, 0, 0, 0, 0, 0, 0, 0]
native_profile_blocks,376,[0, 0, 0, 0, 0, 0, 0, 0, 0, 0, 0, 0, 0]
native_profile_blocks,377,[0, 0]
native_profile_blocks,378,[0, 0]
native_profile_blocks,379,[0, 0, 0, 0, 0, 0, 0, 0, 0, 0, 0, 0, 0]
native_profile_blocks,380,[0, 0]
native_profile_blocks,381,[0, 0, 0, 0, 0, 0, 0, 0, 0, 0, 0]
native_profile_blocks,382,[0, 0, 0, 0, 0, 0, 0, 0, 0, 0, 0, 0, 0, 0, 0, 0, 0, 0, 0, 0, 0]
native_profile_blocks,383,[0, 0, 0, 0, 0, 0, 0, 0, 0, 0, 0, 0, 0, 0, 0, 0, 0, 0, 0, 0, 0, 0, 0, 0, 0, 0, 0, 0, 0, 0, 0, 0, 0, 0]
native_profile_blocks,384,[0, 0]
native_profile_blocks,385,[0, 0]
native_profile_blocks,386,[0, 0, 0, 0, 0, 0, 0, 0, 0, 0, 0, 0, 0, 0]
native_profile_blocks,387,[0, 0, 0, 0, 0, 0, 0, 0, 0, 0, 0, 0, 0, 0]
native_profile_blocks,388,[0, 0, 0, 0, 0, 0, 0]
native_profile_blocks,389,[0, 0, 0, 0, 0, 0, 0, 0, 0, 0, 0, 0, 0, 0, 0, 0, 0, 0, 0, 0]
native_profile_blocks,390,[0, 0, 0, 0, 0, 0]
native_profile_blocks,391,[0, 0]
native_profile_blocks,392,[0, 0, 0, 0, 0, 0, 0, 0, 0, 0, 0, 0, 0, 0, 0, 0, 0, 0, 0, 0, 0, 0, 0, 0, 0, 0, 0, 0, 0, 0, 0, 0, 0, 0, 0, 0, 0]
native_profile_blocks,393,[0, 0]
native_profile_blocks,394,[0, 0, 0, 0, 0, 0]
native_profile_blocks,395,[0, 0, 0, 0, 0]
native_profile_blocks,396,[0, 0, 0, 0, 0, 0, 0, 0, 0, 0, 0, 0, 0, 0, 0, 0, 0, 0, 0, 0, 0, 0, 0, 0, 0, 0, 0, 0, 0, 0, 0]
native_profile_blocks,397,[0, 0, 0, 0, 0, 0, 0]
native_profile_blocks,398,[0, 0, 0, 0, 0, 0, 0]
native_profile_blocks,399,[0, 0, 0, 0, 0, 0, 0, 0, 0, 0, 0]
native_profile_blocks,400,[0, 0]
native_profile_blocks,401,[0, 0, 0, 0, 0, 0]
native_profile_blocks,402,[0, 0]
native_profile_blocks,403,[0, 0]
native_profile_blocks,404,[0, 0, 0, 0, 0, 0]
native_profile_blocks,405,[0, 0]
native_profile_blocks,406,[0, 0]
native_profile_blocks,407,[0, 0, 0, 0, 0, 0, 0, 0]
native_profile_blocks,408,[0, 0, 0, 0, 0]
native_profile_blocks,409,[0, 0]
native_profile_blocks,410,[0, 0, 0, 0, 0, 0, 0, 0, 0, 0, 0, 0, 0, 0]
native_profile_blocks,411,[0, 0, 0, 0, 0, 0, 0, 0, 0, 0, 0, 0]
native_profile_blocks,412,[0, 0, 0, 0, 0, 0, 0]
native_profile_blocks,413,[0, 0, 0, 0, 0, 0]
native_profile_blocks,414,[0, 0]
native_profile_blocks,415,[0, 0, 0, 0, 0, 0, 0, 0, 0, 0, 0, 0, 0, 0, 0, 0, 0, 0, 0, 0, 0, 0, 0, 0, 0, 0, 0, 0, 0, 0, 0, 0, 0, 0, 0, 0, 0, 0, 0, 0, 0, 0]
native_profile_blocks,416,[0, 0, 0, 0, 0, 0]
native_profile_blocks,417,[0, 0, 0]
native_profile_blocks,418,[0, 0, 0, 0, 0, 0]
native_profile_blocks,419,[0, 0]
native_profile_blocks,420,[0, 0]
native_profile_blocks,421,[0, 0, 0, 0, 0, 0, 0, 0]
native_profile_blocks,422,[0, 0, 0, 0, 0, 0, 0, 0, 0, 0, 0, 0, 0]
native_profile_blocks,423,[0, 0]
native_profile_blocks,424,[0, 0, 0, 0, 0, 0, 0, 0, 0, 0, 0, 0, 0, 0, 0, 0, 0, 0, 0, 0, 0, 0, 0, 0, 0, 0]
native_profile_blocks,425,[0, 0]
native_profile_blocks,426,[0, 0, 0, 0, 0, 0, 0, 0, 0]
native_profile_blocks,427,[0, 0, 0, 0, 0]
native_profile_blocks,428,[0, 0, 0, 0]
native_profile_blocks,429,[0, 0, 0, 0, 0, 0, 0, 0, 0, 0, 0, 0, 0, 0, 0, 0, 0, 0, 0, 0]
native_profile_blocks,430,[0, 0, 0, 0, 0, 0, 0, 0, 0, 0, 0, 0]
native_profile_blocks,431,[0, 0]
native_profile_blocks,432,[0, 0, 0, 0, 0]
native_profile_blocks,433,[0, 0, 0, 0, 0]
native_profile_blocks,434,[0, 0, 0, 0, 0, 0, 0, 0, 0, 0, 0, 0, 0, 0, 0]
native_profile_blocks,435,[0, 0, 0, 0, 0, 0, 0, 0, 0, 0, 0]
native_profile_blocks,436,[0, 0, 0, 0, 0, 0, 0]
native_profile_blocks,437,[0, 0]
native_profile_blocks,438,[0, 0, 0, 0, 0, 0, 0, 0, 0, 0, 0, 0, 0, 0, 0, 0]
native_profile_blocks,439,[0, 0]
native_profile_blocks,440,[0, 0, 0, 0, 0, 0, 0, 0, 0, 0, 0, 0, 0, 0, 0]
native_profile_blocks,441,[0, 0, 0, 0, 0, 0, 0, 0, 0, 0, 0, 0, 0, 0, 0]
native_profile_blocks,442,[0, 0, 0, 0, 0, 0, 0, 0, 0, 0, 0, 0, 0, 0, 0]
native_profile_blocks,443,[0, 0]
native_profile_blocks,444,[0, 0]
native_profile_blocks,445,[0, 0, 0, 0, 0, 0, 0, 0, 0, 0, 0, 0, 0, 0, 0, 0, 0, 0, 0, 0, 0, 0, 0]
native_profile_blocks,446,[0, 0, 0, 0, 0, 0, 0, 0, 0, 0, 0]
native_profile_blocks,447,[0, 0, 0, 0, 0, 0, 0, 0, 0, 0, 0, 0, 0, 0, 0, 0]
native_profile_blocks,448,[0, 0, 0, 0, 0, 0, 0, 0, 0, 0]
native_profile_blocks,449,[0, 0, 0, 0, 0, 0, 0, 0, 0, 0, 0, 0, 0, 0, 0, 0, 0]
native_profile_blocks,450,[0, 0]
native_profile_blocks,451,[0, 0, 0, 0, 0, 0, 0, 0, 0, 0, 0, 0, 0, 0]
native_profile_blocks,452,[0, 0, 0, 0, 0, 0, 0]
native_profile_blocks,453,[0, 0, 0, 0, 0, 0, 0, 0, 0, 0, 0, 0, 0, 0, 0, 0, 0, 0, 0, 0, 0, 0, 0, 0, 0]
native_profile_blocks,454,[0]
native_profile_blocks,455,[0, 0, 0, 0, 0, 0, 0, 0]
native_profile_blocks,456,[0, 0, 0, 0, 0, 0, 0, 0, 0, 0, 0, 0, 0, 0, 0]
native_profile_blocks,457,[0, 0, 0, 0, 0, 0, 0, 0, 0, 0, 0, 0, 0, 0, 0, 0, 0, 0, 0, 0]
native_profile_blocks,458,[0, 0, 0, 0, 0, 0, 0, 0, 0, 0, 0, 0, 0, 0, 0, 0]
native_profile_blocks,459,[0, 0]
native_profile_blocks,460,[0, 0, 0, 0, 0, 0, 0, 0, 0, 0, 0, 0, 0, 0, 0, 0]
native_profile_blocks,461,[0, 0, 0, 0, 0, 0, 0, 0, 0, 0, 0, 0, 0, 0, 0, 0, 0, 0, 0, 0, 0, 0, 0, 0]
native_profile_blocks,462,[0, 0]
native_profile_blocks,463,[0, 0, 0, 0, 0, 0, 0, 0, 0, 0]
native_profile_blocks,464,[0, 0, 0, 0, 0, 0, 0, 0, 0, 0, 0, 0, 0]
native_profile_blocks,465,[0, 0, 0, 0, 0, 0]
native_profile_blocks,466,[0, 0, 0, 0, 0, 0, 0, 0, 0, 0, 0, 0, 0, 0, 0, 0, 0, 0, 0, 0, 0, 0, 0, 0, 0, 0, 0]
native_profile_blocks,467,[0, 0, 0, 0, 0, 0, 0, 0, 0, 0, 0, 0, 0, 0, 0, 0, 0, 0, 0, 0, 0, 0, 0, 0, 0, 0]
native_profile_blocks,468,[0, 0, 0, 0, 0, 0, 0, 0, 0, 0, 0, 0, 0, 0, 0, 0, 0]
native_profile_blocks,469,[0, 0, 0, 0, 0]
native_profile_blocks,470,[0, 0, 0, 0, 0, 0, 0, 0, 0, 0, 0]
native_profile_blocks,471,[0, 0, 0, 0, 0, 0, 0, 0, 0, 0, 0, 0, 0, 0, 0, 0, 0, 0, 0, 0, 0, 0, 0]
native_profile_blocks,472,[0, 0, 0, 0, 0, 0, 0, 0, 0, 0, 0, 0, 0]
native_profile_blocks,473,[0, 0, 0, 0, 0, 0, 0, 0, 0, 0, 0, 0, 0, 0, 0, 0, 0, 0, 0, 0, 0, 0]
native_profile_blocks,474,[0, 0, 0, 0, 0, 0, 0]
native_profile_blocks,475,[0, 0]
native_profile_blocks,476,[0, 0, 0, 0, 0, 0, 0, 0, 0, 0, 0, 0, 0, 0, 0, 0, 0]
native_profile_blocks,477,[0, 0]
native_profile_blocks,478,[0, 0, 0, 0, 0, 0, 0, 0, 0, 0, 0, 0, 0, 0, 0, 0, 0, 0]
native_profile_blocks,479,[0, 0, 0, 0, 0, 0, 0, 0, 0, 0, 0, 0, 0, 0, 0, 0, 0, 0, 0, 0, 0, 0, 0, 0, 0]
native_profile_blocks,480,[0, 0, 0, 0, 0, 0, 0, 0, 0, 0, 0, 0, 0, 0, 0, 0, 0, 0, 0, 0, 0]
native_profile_blocks,481,[0, 0]
native_profile_blocks,482,[0, 0, 0, 0, 0, 0, 0, 0, 0, 0, 0, 0, 0, 0, 0, 0, 0, 0, 0, 0, 0, 0, 0, 0, 0, 0, 0, 0, 0, 0]
native_profile_blocks,483,[0, 0]
native_profile_blocks,484,[0, 0, 0, 0]
native_profile_blocks,485,[0, 0, 0, 0, 0, 0, 0, 0, 0, 0, 0, 0]
native_profile_blocks,486,[0, 0, 0, 0, 0, 0]
native_profile_blocks,487,[0, 0]
native_profile_blocks,488,[0, 0]
native_profile_blocks,489,[0, 0, 0, 0, 0, 0, 0, 0, 0, 0, 0, 0, 0, 0, 0, 0, 0, 0, 0]
native_profile_blocks,490,[0, 0, 0, 0, 0]
native_profile_blocks,491,[0]
native_profile_blocks,492,[0, 0, 0, 0, 0, 0, 0, 0, 0]
native_profile_blocks,493,[0, 0, 0, 0, 0, 0, 0, 0, 0, 0, 0]
native_profile_blocks,494,[0, 0]
native_profile_blocks,495,[0, 0, 0, 0]
native_profile_blocks,496,[0, 0, 0, 0, 0, 0, 0]
native_profile_blocks,497,[0, 0, 0, 0, 0, 0, 0, 0, 0]
native_profile_blocks,498,[0, 0]
native_profile_blocks,499,[0, 0, 0, 0, 0, 0, 0, 0, 0, 0, 0, 0, 0, 0, 0, 0, 0, 0, 0, 0, 0, 0, 0, 0, 0, 0, 0, 0, 0, 0, 0, 0, 0, 0, 0, 0, 0, 0, 0, 0, 0, 0, 0, 0, 0, 0, 0, 0, 0, 0, 0, 0, 0, 0, 0, 0, 0, 0, 0, 0]
native_profile_blocks,500,[0, 0, 0, 0, 0, 0, 0]
native_profile_blocks,501,[0, 0]
native_profile_blocks,502,[0, 0, 0, 0, 0, 0, 0, 0, 0, 0, 0, 0, 0, 0, 0]
native_profile_blocks,503,[0, 0, 0, 0, 0, 0, 0, 0, 0, 0, 0, 0, 0, 0, 0]
native_profile_blocks,504,[0, 0, 0, 0, 0, 0]
native_profile_blocks,505,[0, 0, 0]
native_profile_blocks,506,[0, 0, 0, 0]
native_profile_blocks,507,[0, 0, 0, 0, 0, 0, 0, 0, 0, 0, 0, 0, 0, 0, 0]
native_profile_blocks,508,[0, 0, 0, 0]
native_profile_blocks,509,[0, 0, 0, 0, 0, 0, 0, 0, 0, 0, 0]
native_profile_blocks,510,[0, 0]
native_profile_blocks,511,[0, 0, 0, 0]
native_profile_blocks,512,[0, 0, 0, 0]
native_profile_blocks,513,[0, 0, 0]
native_profile_blocks,514,[0, 0, 0, 0, 0, 0, 0, 0, 0, 0, 0, 0, 0, 0, 0]
native_profile_blocks,515,[0, 0, 0, 0, 0, 0, 0, 0, 0, 0, 0]
native_profile_blocks,516,[0, 0]
native_profile_blocks,517,[0, 0]
native_profile_blocks,518,[0, 0, 0, 0, 0, 0, 0, 0, 0, 0]
native_profile_blocks,519,[0, 0]
native_profile_blocks,520,[0, 0, 0, 0, 0, 0, 0, 0, 0, 0, 0, 0, 0, 0, 0, 0, 0, 0, 0, 0, 0, 0, 0, 0, 0]
native_profile_blocks,521,[0, 0, 0, 0, 0, 0, 0, 0, 0, 0, 0, 0]
native_profile_blocks,522,[0, 0, 0, 0, 0, 0, 0, 0, 0, 0, 0, 0]
native_profile_blocks,523,[0, 0, 0, 0, 0, 0, 0, 0, 0, 0, 0]
native_profile_blocks,524,[0, 0]
native_profile_blocks,525,[0, 0, 0, 0, 0, 0, 0, 0, 0, 0, 0, 0, 0, 0, 0, 0, 0, 0, 0, 0, 0, 0, 0, 0]
native_profile_blocks,526,[0, 0, 0, 0, 0, 0, 0, 0, 0, 0, 0]
native_profile_blocks,527,[0, 0]
native_profile_blocks,528,[0, 0, 0, 0, 0]
native_profile_blocks,529,[0, 0, 0, 0, 0, 0, 0, 0, 0, 0, 0, 0, 0, 0, 0]
native_profile_blocks,530,[0, 0, 0, 0, 0, 0, 0, 0, 0, 0, 0, 0, 0]
native_profile_blocks,531,[0, 0]
native_profile_blocks,532,[0, 0]
native_profile_blocks,533,[0, 0]
native_profile_blocks,534,[0]
native_profile_blocks,535,[0, 0, 0]
native_profile_blocks,536,[0, 0, 0]
native_profile_blocks,537,[0, 0]
native_profile_blocks,538,[0, 0, 0, 0, 0, 0, 0]
native_profile_blocks,539,[0, 0, 0, 0, 0, 0, 0]
native_profile_blocks,540,[0, 0]
native_profile_blocks,541,[0, 0]
native_profile_blocks,542,[0, 0, 0, 0, 0, 0, 0, 0, 0, 0]
native_profile_blocks,543,[0, 0, 0, 0, 0, 0, 0, 0, 0, 0, 0, 0, 0, 0]
native_profile_blocks,544,[0, 0]
native_profile_blocks,545,[0, 0, 0, 0, 0, 0, 0, 0, 0, 0, 0, 0, 0, 0, 0, 0]
native_profile_blocks,546,[0, 0, 0, 0]
native_profile_blocks,547,[0, 0, 0, 0, 0]
native_profile_blocks,548,[0, 0]
native_profile_blocks,549,[0, 0, 0, 0, 0, 0, 0, 0, 0, 0, 0]
native_profile_blocks,550,[0, 0, 0, 0, 0]
native_profile_blocks,551,[0, 0, 0, 0, 0]
native_profile_blocks,552,[0, 0, 0, 0, 0]
native_profile_blocks,553,[0, 0, 0, 0, 0, 0, 0, 0, 0, 0, 0, 0, 0, 0, 0, 0]
native_profile_blocks,554,[0, 0, 0, 0, 0, 0, 0]
native_profile_blocks,555,[0, 0, 0, 0]
native_profile_blocks,556,[0, 0, 0, 0, 0, 0, 0, 0, 0, 0, 0, 0, 0, 0, 0]
native_profile_blocks,557,[0, 0, 0, 0]
native_profile_blocks,558,[0, 0, 0, 0, 0, 0, 0, 0, 0]
native_profile_blocks,559,[0, 0, 0, 0, 0, 0, 0, 0, 0, 0]
native_profile_blocks,560,[0, 0]
native_profile_blocks,561,[0, 0, 0, 0, 0, 0]
native_profile_blocks,562,[0, 0]
native_profile_blocks,563,[0, 0, 0, 0, 0, 0, 0, 0, 0, 0, 0, 0, 0, 0, 0, 0, 0, 0, 0, 0, 0, 0, 0, 0, 0, 0, 0, 0, 0, 0, 0, 0, 0, 0, 0, 0, 0, 0, 0, 0, 0, 0, 0]
native_profile_blocks,564,[0, 0, 0, 0, 0, 0, 0, 0, 0, 0, 0, 0, 0, 0]
native_profile_blocks,565,[0, 0, 0, 0, 0, 0, 0, 0, 0, 0, 0, 0, 0, 0, 0, 0, 0, 0, 0, 0, 0, 0]
native_profile_blocks,566,[0, 0, 0, 0, 0, 0, 0, 0, 0, 0, 0, 0, 0, 0, 0]
native_profile_blocks,567,[0, 0]
native_profile_blocks,568,[0, 0, 0, 0, 0, 0, 0, 0, 0]
native_profile_blocks,569,[0, 0, 0, 0, 0, 0, 0, 0, 0, 0, 0, 0, 0, 0, 0]
native_profile_blocks,570,[0, 0, 0, 0, 0, 0, 0]
native_profile_blocks,571,[0, 0, 0, 0, 0, 0]
native_profile_blocks,572,[0, 0]
native_profile_blocks,573,[0, 0, 0, 0, 0, 0, 0, 0, 0, 0, 0, 0, 0, 0, 0, 0, 0, 0, 0]
native_profile_blocks,574,[0, 0]
native_profile_blocks,575,[0, 0, 0, 0, 0, 0, 0, 0, 0, 0, 0, 0, 0]
native_profile_blocks,576,[0, 0, 0, 0, 0, 0, 0, 0, 0]
native_profile_blocks,577,[0, 0]
native_profile_blocks,578,[0, 0, 0, 0, 0, 0, 0, 0, 0, 0, 0, 0, 0, 0, 0, 0, 0]
native_profile_blocks,579,[0, 0]
native_profile_blocks,580,[0, 0, 0, 0, 0, 0, 0, 0, 0, 0, 0, 0, 0]
native_profile_blocks,581,[0, 0, 0, 0, 0, 0, 0, 0, 0, 0, 0, 0, 0, 0, 0, 0]
native_profile_blocks,582,[0, 0, 0]
native_profile_blocks,583,[0, 0]
native_profile_blocks,584,[0, 0]
native_profile_blocks,585,[0, 0, 0, 0, 0, 0, 0]
native_profile_blocks,586,[0, 0, 0, 0, 0, 0, 0, 0, 0, 0, 0, 0, 0, 0, 0, 0, 0, 0, 0, 0, 0, 0, 0, 0, 0, 0, 0, 0, 0, 0, 0, 0, 0, 0, 0, 0, 0, 0, 0, 0]
native_profile_blocks,587,[0, 0, 0, 0, 0, 0, 0, 0, 0, 0, 0]
native_profile_blocks,588,[0, 0, 0, 0, 0, 0]
native_profile_blocks,589,[0, 0]
native_profile_blocks,590,[0, 0, 0, 0, 0, 0, 0, 0, 0, 0, 0, 0, 0, 0]
native_profile_blocks,591,[0, 0, 0, 0, 0, 0, 0, 0, 0]
native_profile_blocks,592,[0, 0, 0, 0, 0]
native_profile_blocks,593,[0, 0, 0]
native_profile_blocks,594,[0, 0, 0, 0]
native_profile_blocks,595,[0, 0, 0, 0, 0, 0, 0, 0, 0, 0, 0]
native_profile_blocks,596,[0, 0, 0, 0, 0, 0, 0, 0, 0, 0, 0, 0]
native_profile_blocks,597,[0, 0, 0, 0, 0, 0, 0, 0, 0, 0, 0, 0, 0, 0]
native_profile_blocks,598,[0, 0]
native_profile_blocks,599,[0, 0]
native_profile_blocks,600,[0, 0, 0, 0, 0, 0, 0, 0, 0, 0, 0, 0, 0, 0, 0, 0]
native_profile_blocks,601,[0, 0, 0, 0, 0, 0, 0]
native_profile_blocks,602,[0, 0, 0, 0, 0, 0, 0, 0, 0, 0]
native_profile_blocks,603,[0, 0, 0, 0, 0, 0, 0, 0]
native_profile_blocks,604,[0, 0]
native_profile_blocks,605,[0, 0, 0, 0, 0, 0, 0, 0, 0, 0, 0, 0, 0, 0, 0]
native_profile_blocks,606,[0, 0, 0, 0, 0, 0, 0, 0, 0, 0, 0]
native_profile_blocks,607,[0]
native_profile_blocks,608,[0, 0, 0, 0, 0, 0, 0, 0, 0, 0, 0, 0, 0, 0, 0, 0, 0, 0, 0, 0, 0, 0, 0]
native_profile_blocks,609,[0, 0, 0, 0, 0, 0, 0, 0, 0, 0, 0, 0, 0, 0, 0, 0, 0, 0, 0, 0, 0, 0, 0, 0, 0, 0, 0, 0, 0, 0, 0, 0]
native_profile_blocks,610,[0, 0, 0, 0, 0, 0, 0]
native_profile_blocks,611,[0, 0, 0, 0, 0, 0]
native_profile_blocks,612,[0, 0]
native_profile_blocks,613,[0, 0]
native_profile_blocks,614,[0, 0, 0, 0, 0, 0, 0, 0, 0, 0, 0, 0, 0, 0]
native_profile_blocks,615,[0, 0]
native_profile_blocks,616,[0, 0, 0, 0, 0, 0, 0, 0, 0]
native_profile_blocks,617,[0, 0, 0, 0, 0, 0, 0, 0, 0, 0]
native_profile_blocks,618,[0, 0, 0, 0, 0, 0, 0, 0, 0, 0, 0, 0, 0, 0]
native_profile_blocks,619,[0, 0, 0, 0, 0, 0, 0, 0, 0, 0]
native_profile_blocks,620,[0, 0]
native_profile_blocks,621,[0, 0, 0, 0, 0, 0, 0]
native_profile_blocks,622,[0, 0, 0, 0, 0, 0, 0, 0, 0, 0, 0]
native_profile_blocks,623,[0]
native_profile_blocks,624,[0, 0, 0, 0, 0, 0, 0]
native_profile_blocks,625,[0, 0]
native_profile_blocks,626,[0, 0, 0, 0, 0]
native_profile_blocks,627,[0, 0, 0, 0, 0, 0, 0, 0, 0, 0, 0]
native_profile_blocks,628,[0, 0, 0, 0, 0, 0, 0, 0, 0, 0, 0]
native_profile_blocks,629,[0, 0, 0, 0, 0, 0, 0]
native_profile_blocks,630,[0, 0, 0, 0, 0, 0, 0, 0, 0, 0, 0, 0, 0, 0, 0, 0, 0, 0, 0]
native_profile_blocks,631,[0, 0, 0, 0, 0, 0, 0, 0, 0, 0, 0]
native_profile_blocks,632,[0, 0, 0, 0, 0, 0, 0, 0, 0]
native_profile_blocks,633,[0, 0, 0, 0, 0, 0, 0, 0, 0, 0, 0, 0, 0, 0, 0, 0, 0, 0, 0]
native_profile_blocks,634,[0, 0]
native_profile_blocks,635,[0, 0]
native_profile_blocks,636,[0, 0, 0, 0]
native_profile_blocks,637,[0, 0, 0, 0, 0]
native_profile_blocks,638,[0, 0, 0, 0, 0, 0, 0, 0, 0, 0, 0, 0, 0, 0, 0, 0, 0, 0, 0, 0, 0, 0, 0]
native_profile_blocks,639,[0, 0]
native_profile_blocks,640,[0, 0, 0, 0, 0]
native_profile_blocks,641,[0, 0]
native_profile_blocks,642,[0, 0]
native_profile_blocks,643,[0, 0, 0, 0, 0, 0, 0]
native_profile_blocks,644,[0, 0, 0, 0, 0, 0, 0, 0, 0, 0, 0, 0, 0, 0, 0]
native_profile_blocks,645,[0, 0, 0, 0, 0, 0, 0, 0, 0]
native_profile_blocks,646,[0, 0, 0, 0, 0, 0, 0, 0]
native_profile_blocks,647,[0, 0, 0, 0, 0, 0, 0, 0, 0, 0, 0, 0, 0, 0, 0]
native_profile_blocks,648,[0, 0, 0, 0, 0, 0, 0, 0, 0]
native_profile_blocks,649,[0, 0, 0, 0, 0, 0, 0, 0]
native_profile_blocks,650,[0, 0, 0, 0, 0, 0, 0, 0, 0, 0, 0, 0, 0, 0, 0, 0, 0]
native_profile_blocks,651,[0, 0, 0, 0, 0]
native_profile_blocks,652,[0, 0, 0, 0, 0, 0, 0, 0, 0, 0, 0, 0, 0, 0, 0, 0, 0]
native_profile_blocks,653,[0, 0, 0, 0, 0, 0, 0, 0, 0, 0, 0]
native_profile_blocks,654,[0, 0]
native_profile_blocks,655,[0, 0, 0, 0, 0, 0, 0, 0, 0, 0, 0, 0]
native_profile_blocks,656,[0, 0]
native_profile_blocks,657,[0, 0, 0, 0]
native_profile_blocks,658,[0, 0, 0, 0, 0, 0, 0, 0, 0, 0]
native_profile_blocks,659,[0, 0, 0, 0, 0, 0, 0, 0, 0, 0]
native_profile_blocks,660,[0, 0, 0, 0, 0, 0, 0, 0, 0, 0, 0, 0, 0, 0, 0, 0, 0, 0, 0, 0, 0]
native_profile_blocks,661,[0, 0, 0, 0, 0, 0, 0, 0]
native_profile_blocks,662,[0, 0]
native_profile_blocks,663,[0]
native_profile_blocks,664,[0, 0, 0, 0]
native_profile_blocks,665,[0, 0, 0, 0, 0, 0, 0, 0]
native_profile_blocks,666,[0, 0, 0, 0, 0, 0, 0, 0, 0, 0, 0, 0, 0, 0, 0, 0]
native_profile_blocks,667,[0, 0, 0, 0, 0, 0, 0]
native_profile_blocks,668,[0, 0, 0, 0, 0, 0, 0, 0, 0]
native_profile_blocks,669,[0, 0, 0, 0, 0]
native_profile_blocks,670,[0, 0]
native_profile_blocks,671,[1, 1, 1, 1, 1, 1, 1, 1, 1, 1, 1, 1, 1, 1, 0, 0, 0]
native_profile_complete,false,1000000,243298,31618,36,33396,14.847368688,[202437, 40070, 0, 791, 0],[202438, 326646, 41149, 62357, 50673, 203397, 19108, 5, 791, 12, 21370, 791, 32165, 20695, 6860, 3803, 0, 2, 6860, 34, 0, 0, 0, 0, 112, 409, 141, 112, 34, 34, 2]
test ixby::paged_exec::profile_tests::streaming_native_execution_profile ... ok

test result: ok. 1 passed; 0 failed; 0 ignored; 0 measured; 380 filtered out; finished in 14.91s
