[lanes] host budget 200.0 GiB process-wide (requested 200.0 GiB per GPU, visible cgroup limit unlimited or unavailable): 155.7 GiB shared records, 24.2 GiB workspace per GPU, 20.0 GiB headroom; 2 CPU executions, 1 prepared queue slots; 38.9 GiB initial reservation, growth waits for shared capacity; 1500000000 trace cells
[lanes] per-record ceiling 128.0 GiB; oversized environment claims are bisected automatically
[lanes] building 1 resident workers
[lanes] 4 claims (0 reused from the index, 0 retired under cached joins without an indexed proof), 3 joins (0 cached)
[lanes] claim 0 dispatched at +0s
[lanes] claim 1 dispatched at +0s
[lanes] executor 0: claim 0 execution started at +0s
[lanes] executor 1: claim 1 execution started at +0s
[trace-shards] 11 shards, 1500000000 committed cells: record 22753858957 B in shared pool, host workspace 17329026695 B of 26088568116 B reserved per prover; regenerating round 2
[lanes] executor 1: claim 1 executed in 112.2s, record 22753858957 B (21.1 GiB) at +112s
[lanes] claim 2 dispatched at +112s
[lanes] worker 0: claim 1 proving started at +112s
[lanes] executor 1: claim 2 execution started at +112s
2026-09-17T00:01:55.185391Z DEBUG aiur::gpu_trace: CPU trace: circuit lacks generated CUDA coverage circuit=90 rows=88084
2026-09-17T00:01:55.185811Z DEBUG aiur::gpu_trace: CPU trace: circuit lacks generated CUDA coverage circuit=57 rows=140
2026-09-17T00:01:55.186775Z DEBUG aiur::gpu_trace: CPU trace: circuit lacks generated CUDA coverage circuit=176 rows=1
2026-09-17T00:01:55.186785Z DEBUG aiur::gpu_trace: CPU trace: circuit lacks generated CUDA coverage circuit=75 rows=8
2026-09-17T00:01:55.250382Z DEBUG aiur/codegen_seeds{circuit=16 rows=1048576}: aiur::trace_codegen::cuda: prepared generated CUDA trace circuit=16 rows=1048576 width=533 seed_bytes=184549376 seed_spans=16
2026-09-17T00:01:55.482389Z DEBUG aiur/codegen_seeds{circuit=117 rows=13240533}: aiur::trace_codegen::cuda: prepared generated CUDA trace circuit=117 rows=13240533 width=15 seed_bytes=635545584 seed_spans=203
2026-09-17T00:01:55.483507Z DEBUG aiur::gpu_trace: CPU trace: circuit lacks generated CUDA coverage circuit=77 rows=2
2026-09-17T00:01:55.483895Z DEBUG aiur::gpu_trace: CPU trace: circuit lacks generated CUDA coverage circuit=27 rows=2358
2026-09-17T00:01:55.484303Z DEBUG aiur::gpu_trace: CPU trace: circuit lacks generated CUDA coverage circuit=62 rows=258
2026-09-17T00:01:55.484398Z DEBUG aiur::gpu_trace: CPU trace: circuit lacks generated CUDA coverage circuit=22 rows=30
2026-09-17T00:01:55.484418Z DEBUG aiur::gpu_trace: CPU trace: circuit lacks generated CUDA coverage circuit=91 rows=4960939
2026-09-17T00:01:55.485074Z DEBUG aiur::gpu_trace: CPU trace: circuit lacks generated CUDA coverage circuit=156 rows=304394
2026-09-17T00:01:55.542201Z DEBUG aiur/codegen_seeds{circuit=16 rows=1048576}: aiur::trace_codegen::cuda: prepared generated CUDA trace circuit=16 rows=1048576 width=533 seed_bytes=184549376 seed_spans=16
[trace-shards] 11 shards, 1500000000 committed cells: record 23506774632 B in shared pool, host workspace 17328975783 B of 26088568116 B reserved per prover; regenerating round 2
[lanes] executor 0: claim 0 executed in 113.2s, record 23506774632 B (21.8 GiB) at +113s
[lanes] claim 3 dispatched at +113s
[lanes] executor 0: claim 3 execution started at +113s
2026-09-17T00:01:56.857280Z DEBUG aiur::gpu_trace: CPU trace: circuit lacks generated CUDA coverage circuit=34 rows=1016406
2026-09-17T00:01:56.857575Z DEBUG aiur::gpu_trace: CPU trace: circuit lacks generated CUDA coverage circuit=26 rows=6
2026-09-17T00:01:56.857837Z DEBUG aiur::gpu_trace: CPU trace: circuit lacks generated CUDA coverage circuit=64 rows=60
2026-09-17T00:01:56.858437Z DEBUG aiur::gpu_trace: CPU trace: circuit lacks generated CUDA coverage circuit=69 rows=15
2026-09-17T00:01:56.858844Z DEBUG aiur::gpu_trace: CPU trace: circuit lacks generated CUDA coverage circuit=70 rows=16
2026-09-17T00:01:56.859289Z DEBUG aiur::gpu_trace: CPU trace: circuit lacks generated CUDA coverage circuit=71 rows=16
2026-09-17T00:01:56.859658Z DEBUG aiur::gpu_trace: CPU trace: circuit lacks generated CUDA coverage circuit=68 rows=16
2026-09-17T00:01:56.904749Z DEBUG aiur/codegen_seeds{circuit=16 rows=1048576}: aiur::trace_codegen::cuda: prepared generated CUDA trace circuit=16 rows=1048576 width=533 seed_bytes=184549376 seed_spans=16
2026-09-17T00:01:57.379743Z DEBUG aiur/codegen_seeds{circuit=12 rows=16777216}: aiur::trace_codegen::cuda: prepared generated CUDA trace circuit=12 rows=16777216 width=17 seed_bytes=1342177280 seed_spans=256
2026-09-17T00:01:57.974058Z DEBUG aiur::gpu_trace: CPU trace: circuit lacks generated CUDA coverage circuit=3 rows=19
2026-09-17T00:01:57.975377Z DEBUG aiur::gpu_trace: CPU trace: circuit lacks generated CUDA coverage circuit=87 rows=2
2026-09-17T00:01:57.976105Z DEBUG aiur::gpu_trace: CPU trace: circuit lacks generated CUDA coverage circuit=47 rows=296840
2026-09-17T00:01:58.523613Z DEBUG aiur/codegen_seeds{circuit=119 rows=10189848}: aiur::trace_codegen::cuda: prepared generated CUDA trace circuit=119 rows=10189848 width=20 seed_bytes=570631488 seed_spans=156
2026-09-17T00:01:58.583130Z DEBUG aiur/codegen_seeds{circuit=38 rows=4375748}: aiur::trace_codegen::cuda: prepared generated CUDA trace circuit=38 rows=4375748 width=27 seed_bytes=805137632 seed_spans=67
2026-09-17T00:01:58.738609Z DEBUG aiur/codegen_seeds{circuit=42 rows=6466839}: aiur::trace_codegen::cuda: prepared generated CUDA trace circuit=42 rows=6466839 width=49 seed_bytes=1758980208 seed_spans=105
2026-09-17T00:01:58.856853Z DEBUG aiur::gpu_trace: CPU trace: circuit lacks generated CUDA coverage circuit=28 rows=3052
2026-09-17T00:01:58.856870Z DEBUG aiur::gpu_trace: CPU trace: circuit lacks generated CUDA coverage circuit=9 rows=46085
2026-09-17T00:01:58.857418Z DEBUG aiur::gpu_trace: CPU trace: circuit lacks generated CUDA coverage circuit=179 rows=2858316
2026-09-17T00:01:58.859701Z DEBUG aiur::gpu_trace: CPU trace: circuit lacks generated CUDA coverage circuit=60 rows=150
2026-09-17T00:01:58.882171Z DEBUG aiur/codegen_seeds{circuit=16 rows=452160}: aiur::trace_codegen::cuda: prepared generated CUDA trace circuit=16 rows=452160 width=533 seed_bytes=79580160 seed_spans=7
2026-09-17T00:01:59.248132Z DEBUG aiur/codegen_seeds{circuit=112 rows=5516647}: aiur::trace_codegen::cuda: prepared generated CUDA trace circuit=112 rows=5516647 width=31 seed_bytes=397198584 seed_spans=85
2026-09-17T00:01:59.279546Z DEBUG aiur/codegen_seeds{circuit=12 rows=8603438}: aiur::trace_codegen::cuda: prepared generated CUDA trace circuit=12 rows=8603438 width=17 seed_bytes=688275040 seed_spans=132
2026-09-17T00:01:59.969677Z DEBUG aiur::gpu_trace: CPU trace: circuit lacks generated CUDA coverage circuit=89 rows=108199
2026-09-17T00:02:00.334051Z DEBUG aiur/codegen_seeds{circuit=111 rows=5757201}: aiur::trace_codegen::cuda: prepared generated CUDA trace circuit=111 rows=5757201 width=11 seed_bytes=230288040 seed_spans=88
2026-09-17T00:02:00.359786Z DEBUG aiur/codegen_seeds{circuit=107 rows=7498195}: aiur::trace_codegen::cuda: prepared generated CUDA trace circuit=107 rows=7498195 width=23 seed_bytes=419898920 seed_spans=115
2026-09-17T00:02:00.361030Z DEBUG aiur/codegen_seeds{circuit=170 rows=10085609}: aiur::trace_codegen::cuda: prepared generated CUDA trace circuit=170 rows=10085609 width=11 seed_bytes=403424360 seed_spans=154
2026-09-17T00:02:00.365461Z DEBUG aiur/codegen_seeds{circuit=101 rows=6786968}: aiur::trace_codegen::cuda: prepared generated CUDA trace circuit=101 rows=6786968 width=19 seed_bytes=434365952 seed_spans=104
2026-09-17T00:02:00.388812Z DEBUG aiur/codegen_seeds{circuit=36 rows=6487894}: aiur::trace_codegen::cuda: prepared generated CUDA trace circuit=36 rows=6487894 width=25 seed_bytes=622837824 seed_spans=99
2026-09-17T00:02:00.842419Z DEBUG aiur::gpu_trace: CPU trace: circuit lacks generated CUDA coverage circuit=153 rows=1233
2026-09-17T00:02:00.843596Z DEBUG aiur::gpu_trace: CPU trace: circuit lacks generated CUDA coverage circuit=74 rows=943
2026-09-17T00:02:00.844107Z DEBUG aiur::gpu_trace: CPU trace: circuit lacks generated CUDA coverage circuit=154 rows=23096
2026-09-17T00:02:01.225501Z DEBUG aiur/codegen_seeds{circuit=118 rows=3307842}: aiur::trace_codegen::cuda: prepared generated CUDA trace circuit=118 rows=3307842 width=10 seed_bytes=158776416 seed_spans=51
2026-09-17T00:02:01.238034Z DEBUG aiur/codegen_seeds{circuit=106 rows=7689551}: aiur::trace_codegen::cuda: prepared generated CUDA trace circuit=106 rows=7689551 width=9 seed_bytes=246065632 seed_spans=118
2026-09-17T00:02:01.245206Z DEBUG aiur/codegen_seeds{circuit=177 rows=6288862}: aiur::trace_codegen::cuda: prepared generated CUDA trace circuit=177 rows=6288862 width=10 seed_bytes=301865376 seed_spans=96
2026-09-17T00:02:01.246472Z DEBUG aiur/codegen_seeds{circuit=162 rows=2225576}: aiur::trace_codegen::cuda: prepared generated CUDA trace circuit=162 rows=2225576 width=33 seed_bytes=267069120 seed_spans=34
2026-09-17T00:02:01.300896Z DEBUG aiur/codegen_seeds{circuit=33 rows=6295443}: aiur::trace_codegen::cuda: prepared generated CUDA trace circuit=33 rows=6295443 width=18 seed_bytes=705089616 seed_spans=97
2026-09-17T00:02:01.798538Z DEBUG aiur::gpu_trace: CPU trace: circuit lacks generated CUDA coverage circuit=20 rows=716732
2026-09-17T00:02:01.798845Z DEBUG aiur::gpu_trace: CPU trace: circuit lacks generated CUDA coverage circuit=24 rows=826390
2026-09-17T00:02:01.799189Z DEBUG aiur::gpu_trace: CPU trace: circuit lacks generated CUDA coverage circuit=39 rows=211388
2026-09-17T00:02:01.799615Z DEBUG aiur::gpu_trace: CPU trace: circuit lacks generated CUDA coverage circuit=110 rows=2410949
2026-09-17T00:02:01.800074Z DEBUG aiur::gpu_trace: CPU trace: circuit lacks generated CUDA coverage circuit=120 rows=2153673
2026-09-17T00:02:01.800882Z DEBUG aiur::gpu_trace: CPU trace: circuit lacks generated CUDA coverage circuit=41 rows=559887
2026-09-17T00:02:02.247378Z DEBUG aiur/codegen_seeds{circuit=102 rows=1644769}: aiur::trace_codegen::cuda: prepared generated CUDA trace circuit=102 rows=1644769 width=43 seed_bytes=65790760 seed_spans=26
2026-09-17T00:02:02.259829Z DEBUG aiur/codegen_seeds{circuit=15 rows=374330}: aiur::trace_codegen::cuda: prepared generated CUDA trace circuit=15 rows=374330 width=177 seed_bytes=152726640 seed_spans=10
2026-09-17T00:02:02.283881Z DEBUG aiur/codegen_seeds{circuit=183 rows=7134758}: aiur::trace_codegen::cuda: prepared generated CUDA trace circuit=183 rows=7134758 width=10 seed_bytes=342468384 seed_spans=109
2026-09-17T00:02:02.296441Z DEBUG aiur/codegen_seeds{circuit=13 rows=374903}: aiur::trace_codegen::cuda: prepared generated CUDA trace circuit=13 rows=374903 width=195 seed_bytes=317917744 seed_spans=19
2026-09-17T00:02:03.209301Z DEBUG aiur::gpu_trace: CPU trace: circuit lacks generated CUDA coverage circuit=109 rows=2918563
2026-09-17T00:02:03.210331Z DEBUG aiur::gpu_trace: CPU trace: circuit lacks generated CUDA coverage circuit=103 rows=318056
2026-09-17T00:02:03.210406Z DEBUG aiur::gpu_trace: CPU trace: circuit lacks generated CUDA coverage circuit=122 rows=1436501
2026-09-17T00:02:03.210453Z DEBUG aiur::gpu_trace: CPU trace: circuit lacks generated CUDA coverage circuit=113 rows=1563647
2026-09-17T00:02:03.211411Z DEBUG aiur::gpu_trace: CPU trace: circuit lacks generated CUDA coverage circuit=132 rows=1178024
2026-09-17T00:02:03.211591Z DEBUG aiur::gpu_trace: CPU trace: circuit lacks generated CUDA coverage circuit=166 rows=1717297
2026-09-17T00:02:03.211656Z DEBUG aiur::gpu_trace: CPU trace: circuit lacks generated CUDA coverage circuit=167 rows=2001425
2026-09-17T00:02:03.211698Z DEBUG aiur::gpu_trace: CPU trace: circuit lacks generated CUDA coverage circuit=44 rows=317156
2026-09-17T00:02:03.211800Z DEBUG aiur::gpu_trace: CPU trace: circuit lacks generated CUDA coverage circuit=168 rows=1558774
2026-09-17T00:02:03.938697Z DEBUG aiur/codegen_seeds{circuit=88 rows=2575976}: aiur::trace_codegen::cuda: prepared generated CUDA trace circuit=88 rows=2575976 width=10 seed_bytes=123646848 seed_spans=40
2026-09-17T00:02:03.946347Z DEBUG aiur/codegen_seeds{circuit=178 rows=3846505}: aiur::trace_codegen::cuda: prepared generated CUDA trace circuit=178 rows=3846505 width=10 seed_bytes=184632240 seed_spans=59
2026-09-17T00:02:03.946735Z DEBUG aiur/codegen_seeds{circuit=180 rows=3400442}: aiur::trace_codegen::cuda: prepared generated CUDA trace circuit=180 rows=3400442 width=8 seed_bytes=163221216 seed_spans=52
2026-09-17T00:02:03.948714Z DEBUG aiur/codegen_seeds{circuit=54 rows=3433489}: aiur::trace_codegen::cuda: prepared generated CUDA trace circuit=54 rows=3433489 width=11 seed_bytes=192275384 seed_spans=53
2026-09-17T00:02:03.959846Z DEBUG aiur/codegen_seeds{circuit=45 rows=1492791}: aiur::trace_codegen::cuda: prepared generated CUDA trace circuit=45 rows=1492791 width=26 seed_bytes=262731216 seed_spans=23
2026-09-17T00:02:04.884153Z DEBUG aiur::gpu_trace: CPU trace: circuit lacks generated CUDA coverage circuit=0 rows=157999
2026-09-17T00:02:04.884193Z DEBUG aiur::gpu_trace: CPU trace: circuit lacks generated CUDA coverage circuit=127 rows=414251
2026-09-17T00:02:04.884204Z DEBUG aiur::gpu_trace: CPU trace: circuit lacks generated CUDA coverage circuit=169 rows=1314208
2026-09-17T00:02:04.884209Z DEBUG aiur::gpu_trace: CPU trace: circuit lacks generated CUDA coverage circuit=114 rows=568832
2026-09-17T00:02:04.884211Z DEBUG aiur::gpu_trace: CPU trace: circuit lacks generated CUDA coverage circuit=130 rows=241940
2026-09-17T00:02:04.884216Z DEBUG aiur::gpu_trace: CPU trace: circuit lacks generated CUDA coverage circuit=51 rows=23767
2026-09-17T00:02:04.884218Z DEBUG aiur::gpu_trace: CPU trace: circuit lacks generated CUDA coverage circuit=108 rows=1040866
2026-09-17T00:02:04.884217Z DEBUG aiur::gpu_trace: CPU trace: circuit lacks generated CUDA coverage circuit=2 rows=211584
2026-09-17T00:02:04.884223Z DEBUG aiur::gpu_trace: CPU trace: circuit lacks generated CUDA coverage circuit=25 rows=62579
2026-09-17T00:02:04.884217Z DEBUG aiur::gpu_trace: CPU trace: circuit lacks generated CUDA coverage circuit=128 rows=305944
2026-09-17T00:02:04.884215Z DEBUG aiur::gpu_trace: CPU trace: circuit lacks generated CUDA coverage circuit=133 rows=234725
2026-09-17T00:02:04.884773Z DEBUG aiur::gpu_trace: CPU trace: circuit lacks generated CUDA coverage circuit=147 rows=280270
2026-09-17T00:02:04.884792Z DEBUG aiur::gpu_trace: CPU trace: circuit lacks generated CUDA coverage circuit=144 rows=237882
2026-09-17T00:02:04.884844Z DEBUG aiur::gpu_trace: CPU trace: circuit lacks generated CUDA coverage circuit=14 rows=1121711
2026-09-17T00:02:04.884921Z DEBUG aiur::gpu_trace: CPU trace: circuit lacks generated CUDA coverage circuit=104 rows=224121
2026-09-17T00:02:04.885065Z DEBUG aiur::gpu_trace: CPU trace: circuit lacks generated CUDA coverage circuit=46 rows=157100
2026-09-17T00:02:04.885118Z DEBUG aiur::gpu_trace: CPU trace: circuit lacks generated CUDA coverage circuit=181 rows=342355
2026-09-17T00:02:04.885210Z DEBUG aiur::gpu_trace: CPU trace: circuit lacks generated CUDA coverage circuit=49 rows=117350
2026-09-17T00:02:04.885211Z DEBUG aiur::gpu_trace: CPU trace: circuit lacks generated CUDA coverage circuit=82 rows=136254
2026-09-17T00:02:04.885222Z DEBUG aiur::gpu_trace: CPU trace: circuit lacks generated CUDA coverage circuit=8 rows=34735
2026-09-17T00:02:04.885385Z DEBUG aiur::gpu_trace: CPU trace: circuit lacks generated CUDA coverage circuit=65 rows=80417
2026-09-17T00:02:04.885388Z DEBUG aiur::gpu_trace: CPU trace: circuit lacks generated CUDA coverage circuit=59 rows=110700
2026-09-17T00:02:04.885420Z DEBUG aiur::gpu_trace: CPU trace: circuit lacks generated CUDA coverage circuit=40 rows=147565
2026-09-17T00:02:04.885425Z DEBUG aiur::gpu_trace: CPU trace: circuit lacks generated CUDA coverage circuit=157 rows=160781
2026-09-17T00:02:04.885597Z DEBUG aiur::gpu_trace: CPU trace: circuit lacks generated CUDA coverage circuit=121 rows=382960
2026-09-17T00:02:04.885734Z DEBUG aiur::gpu_trace: CPU trace: circuit lacks generated CUDA coverage circuit=96 rows=74354
2026-09-17T00:02:04.889391Z DEBUG aiur::gpu_trace: CPU trace: circuit lacks generated CUDA coverage circuit=105 rows=471940
2026-09-17T00:02:04.890147Z DEBUG aiur::gpu_trace: CPU trace: circuit lacks generated CUDA coverage circuit=81 rows=100397
2026-09-17T00:02:04.892181Z DEBUG aiur::gpu_trace: CPU trace: circuit lacks generated CUDA coverage circuit=52 rows=179044
2026-09-17T00:02:04.960648Z DEBUG aiur/codegen_seeds{circuit=32 rows=208775}: aiur::trace_codegen::cuda: prepared generated CUDA trace circuit=32 rows=208775 width=21 seed_bytes=8805000 seed_spans=6
2026-09-17T00:02:04.960760Z DEBUG aiur::gpu_trace: CPU trace: circuit lacks generated CUDA coverage circuit=35 rows=66262
2026-09-17T00:02:04.970006Z DEBUG aiur::gpu_trace: CPU trace: circuit lacks generated CUDA coverage circuit=43 rows=65963
2026-09-17T00:02:04.972176Z DEBUG aiur::gpu_trace: CPU trace: circuit lacks generated CUDA coverage circuit=37 rows=949031
2026-09-17T00:02:04.985750Z DEBUG aiur::gpu_trace: CPU trace: circuit lacks generated CUDA coverage circuit=10 rows=32163
2026-09-17T00:02:04.998913Z DEBUG aiur::gpu_trace: CPU trace: circuit lacks generated CUDA coverage circuit=85 rows=765
2026-09-17T00:02:05.018060Z DEBUG aiur::gpu_trace: CPU trace: circuit lacks generated CUDA coverage circuit=129 rows=394210
2026-09-17T00:02:05.031307Z DEBUG aiur/codegen_seeds{circuit=140 rows=512889}: aiur::trace_codegen::cuda: prepared generated CUDA trace circuit=140 rows=512889 width=25 seed_bytes=17950008 seed_spans=9
2026-09-17T00:02:05.031339Z DEBUG aiur::gpu_trace: CPU trace: circuit lacks generated CUDA coverage circuit=141 rows=305582
2026-09-17T00:02:05.035712Z DEBUG aiur::gpu_trace: CPU trace: circuit lacks generated CUDA coverage circuit=182 rows=449563
2026-09-17T00:02:05.053419Z DEBUG aiur::gpu_trace: CPU trace: circuit lacks generated CUDA coverage circuit=123 rows=196229
2026-09-17T00:02:05.073857Z DEBUG aiur::gpu_trace: CPU trace: circuit lacks generated CUDA coverage circuit=11 rows=156277
2026-09-17T00:02:05.092854Z DEBUG aiur::gpu_trace: CPU trace: circuit lacks generated CUDA coverage circuit=97 rows=236664
2026-09-17T00:02:05.101245Z DEBUG aiur::gpu_trace: CPU trace: circuit lacks generated CUDA coverage circuit=161 rows=128195
2026-09-17T00:02:05.111359Z DEBUG aiur::gpu_trace: CPU trace: circuit lacks generated CUDA coverage circuit=145 rows=330078
2026-09-17T00:02:05.144007Z DEBUG aiur::gpu_trace: CPU trace: circuit lacks generated CUDA coverage circuit=164 rows=892751
2026-09-17T00:02:05.176502Z DEBUG aiur::gpu_trace: CPU trace: circuit lacks generated CUDA coverage circuit=150 rows=1385542
2026-09-17T00:02:05.248455Z DEBUG aiur::gpu_trace: CPU trace: circuit lacks generated CUDA coverage circuit=115 rows=1281575
2026-09-17T00:02:05.253644Z DEBUG aiur::gpu_trace: CPU trace: circuit lacks generated CUDA coverage circuit=151 rows=1005800
2026-09-17T00:02:05.253770Z DEBUG aiur::gpu_trace: CPU trace: circuit lacks generated CUDA coverage circuit=116 rows=798287
2026-09-17T00:02:05.266479Z DEBUG aiur::gpu_trace: CPU trace: circuit lacks generated CUDA coverage circuit=131 rows=417876
2026-09-17T00:02:05.272641Z DEBUG aiur::gpu_trace: CPU trace: circuit lacks generated CUDA coverage circuit=148 rows=254624
2026-09-17T00:02:05.281694Z DEBUG aiur::gpu_trace: CPU trace: circuit lacks generated CUDA coverage circuit=142 rows=354483
2026-09-17T00:02:05.294100Z DEBUG aiur::gpu_trace: CPU trace: circuit lacks generated CUDA coverage circuit=125 rows=486323
2026-09-17T00:02:05.345979Z DEBUG aiur::gpu_trace: CPU trace: circuit lacks generated CUDA coverage circuit=137 rows=299727
2026-09-17T00:02:05.355231Z DEBUG aiur/codegen_seeds{circuit=124 rows=56264}: aiur::trace_codegen::cuda: prepared generated CUDA trace circuit=124 rows=56264 width=98 seed_bytes=12896528 seed_spans=2
2026-09-17T00:02:05.406150Z DEBUG aiur::gpu_trace: CPU trace: circuit lacks generated CUDA coverage circuit=134 rows=260774
2026-09-17T00:02:05.425920Z DEBUG aiur::gpu_trace: CPU trace: circuit lacks generated CUDA coverage circuit=98 rows=236429
2026-09-17T00:02:05.430042Z DEBUG aiur::gpu_trace: CPU trace: circuit lacks generated CUDA coverage circuit=184 rows=235257
2026-09-17T00:02:05.452218Z DEBUG aiur::gpu_trace: CPU trace: circuit lacks generated CUDA coverage circuit=23 rows=77214
2026-09-17T00:02:05.458661Z DEBUG aiur::gpu_trace: CPU trace: circuit lacks generated CUDA coverage circuit=152 rows=744283
2026-09-17T00:02:05.500149Z DEBUG aiur::gpu_trace: CPU trace: circuit lacks generated CUDA coverage circuit=126 rows=384556
2026-09-17T00:02:05.720040Z DEBUG aiur::gpu_trace: CPU trace: circuit lacks generated CUDA coverage circuit=99 rows=362554
2026-09-17T00:02:05.724538Z DEBUG aiur::gpu_trace: CPU trace: circuit lacks generated CUDA coverage circuit=100 rows=355288
2026-09-17T00:02:05.818816Z DEBUG aiur::gpu_trace: CPU trace: circuit lacks generated CUDA coverage circuit=138 rows=890089
2026-09-17T00:02:05.825300Z DEBUG aiur::gpu_trace: CPU trace: circuit lacks generated CUDA coverage circuit=139 rows=280374
2026-09-17T00:02:06.377694Z DEBUG aiur::gpu_trace: CPU trace: circuit lacks generated CUDA coverage circuit=66 rows=927
2026-09-17T00:02:06.377715Z DEBUG aiur::gpu_trace: CPU trace: circuit lacks generated CUDA coverage circuit=76 rows=50798
2026-09-17T00:02:06.377716Z DEBUG aiur::gpu_trace: CPU trace: circuit lacks generated CUDA coverage circuit=18 rows=20519
2026-09-17T00:02:06.377716Z DEBUG aiur::gpu_trace: CPU trace: circuit lacks generated CUDA coverage circuit=67 rows=3669
2026-09-17T00:02:06.377715Z DEBUG aiur::gpu_trace: CPU trace: circuit lacks generated CUDA coverage circuit=159 rows=18795
2026-09-17T00:02:06.377745Z DEBUG aiur::gpu_trace: CPU trace: circuit lacks generated CUDA coverage circuit=31 rows=3245
2026-09-17T00:02:06.377787Z DEBUG aiur::gpu_trace: CPU trace: circuit lacks generated CUDA coverage circuit=72 rows=13643
2026-09-17T00:02:06.378120Z DEBUG aiur::gpu_trace: CPU trace: circuit lacks generated CUDA coverage circuit=1 rows=26104
2026-09-17T00:02:06.378202Z DEBUG aiur/codegen_seeds{circuit=63 rows=151}: aiur::trace_codegen::cuda: prepared generated CUDA trace circuit=63 rows=151 width=68 seed_bytes=31408 seed_spans=1
2026-09-17T00:02:06.378350Z DEBUG aiur::gpu_trace: CPU trace: circuit lacks generated CUDA coverage circuit=19 rows=61412
2026-09-17T00:02:06.378543Z DEBUG aiur::gpu_trace: CPU trace: circuit lacks generated CUDA coverage circuit=53 rows=20659
2026-09-17T00:02:06.378609Z DEBUG aiur::gpu_trace: CPU trace: circuit lacks generated CUDA coverage circuit=155 rows=28497
2026-09-17T00:02:06.378700Z DEBUG aiur::gpu_trace: CPU trace: circuit lacks generated CUDA coverage circuit=135 rows=3923
2026-09-17T00:02:06.378754Z DEBUG aiur::gpu_trace: CPU trace: circuit lacks generated CUDA coverage circuit=4 rows=19046
2026-09-17T00:02:06.378789Z DEBUG aiur::gpu_trace: CPU trace: circuit lacks generated CUDA coverage circuit=163 rows=183970
2026-09-17T00:02:06.378822Z DEBUG aiur::gpu_trace: CPU trace: circuit lacks generated CUDA coverage circuit=143 rows=237741
2026-09-17T00:02:06.378914Z DEBUG aiur::gpu_trace: CPU trace: circuit lacks generated CUDA coverage circuit=136 rows=27850
2026-09-17T00:02:06.378996Z DEBUG aiur::gpu_trace: CPU trace: circuit lacks generated CUDA coverage circuit=17 rows=20257
2026-09-17T00:02:06.379004Z DEBUG aiur::gpu_trace: CPU trace: circuit lacks generated CUDA coverage circuit=146 rows=92582
2026-09-17T00:02:06.379233Z DEBUG aiur::gpu_trace: CPU trace: circuit lacks generated CUDA coverage circuit=48 rows=25228
2026-09-17T00:02:06.379491Z DEBUG aiur::gpu_trace: CPU trace: circuit lacks generated CUDA coverage circuit=73 rows=25332
2026-09-17T00:02:06.379527Z DEBUG aiur::gpu_trace: CPU trace: circuit lacks generated CUDA coverage circuit=30 rows=18979
2026-09-17T00:02:06.379600Z DEBUG aiur::gpu_trace: CPU trace: circuit lacks generated CUDA coverage circuit=5 rows=302
2026-09-17T00:02:06.379718Z DEBUG aiur::gpu_trace: CPU trace: circuit lacks generated CUDA coverage circuit=160 rows=22356
2026-09-17T00:02:06.379769Z DEBUG aiur::gpu_trace: CPU trace: circuit lacks generated CUDA coverage circuit=50 rows=1658
2026-09-17T00:02:06.379935Z DEBUG aiur::gpu_trace: CPU trace: circuit lacks generated CUDA coverage circuit=158 rows=10373
2026-09-17T00:02:06.380010Z DEBUG aiur::gpu_trace: CPU trace: circuit lacks generated CUDA coverage circuit=58 rows=3263
2026-09-17T00:02:06.380016Z DEBUG aiur::gpu_trace: CPU trace: circuit lacks generated CUDA coverage circuit=95 rows=30131
2026-09-17T00:02:06.380066Z DEBUG aiur::gpu_trace: CPU trace: circuit lacks generated CUDA coverage circuit=92 rows=94738
2026-09-17T00:02:06.381098Z DEBUG aiur::gpu_trace: CPU trace: circuit lacks generated CUDA coverage circuit=83 rows=40524
2026-09-17T00:02:06.381401Z DEBUG aiur::gpu_trace: CPU trace: circuit lacks generated CUDA coverage circuit=86 rows=12372
2026-09-17T00:02:06.383663Z DEBUG aiur::gpu_trace: CPU trace: circuit lacks generated CUDA coverage circuit=55 rows=4887
2026-09-17T00:02:06.384061Z DEBUG aiur::gpu_trace: CPU trace: circuit lacks generated CUDA coverage circuit=80 rows=44451
2026-09-17T00:02:06.386175Z DEBUG aiur::gpu_trace: CPU trace: circuit lacks generated CUDA coverage circuit=61 rows=7877
2026-09-17T00:02:06.390483Z DEBUG aiur::gpu_trace: CPU trace: circuit lacks generated CUDA coverage circuit=84 rows=36
2026-09-17T00:02:06.395310Z DEBUG aiur/codegen_seeds{circuit=56 rows=141}: aiur::trace_codegen::cuda: prepared generated CUDA trace circuit=56 rows=141 width=49 seed_bytes=11280 seed_spans=1
2026-09-17T00:02:06.402040Z DEBUG aiur::gpu_trace: CPU trace: circuit lacks generated CUDA coverage circuit=78 rows=7581
2026-09-17T00:02:06.402894Z DEBUG aiur::gpu_trace: CPU trace: circuit lacks generated CUDA coverage circuit=7 rows=37966
2026-09-17T00:02:06.404099Z DEBUG aiur/codegen_seeds{circuit=6 rows=25367}: aiur::trace_codegen::cuda: prepared generated CUDA trace circuit=6 rows=25367 width=63 seed_bytes=4731864 seed_spans=4
2026-09-17T00:02:06.405068Z DEBUG aiur::gpu_trace: CPU trace: circuit lacks generated CUDA coverage circuit=93 rows=25383
2026-09-17T00:02:06.417961Z DEBUG aiur::gpu_trace: CPU trace: circuit lacks generated CUDA coverage circuit=94 rows=27952
2026-09-17T00:02:06.420871Z DEBUG aiur::gpu_trace: CPU trace: circuit lacks generated CUDA coverage circuit=149 rows=235731
2026-09-17T00:02:07.859155Z DEBUG aiur::gpu_trace: CPU trace: circuit lacks generated CUDA coverage circuit=57 rows=140
2026-09-17T00:02:07.860222Z DEBUG aiur::gpu_trace: CPU trace: circuit lacks generated CUDA coverage circuit=90 rows=88084
2026-09-17T00:02:07.860636Z DEBUG aiur::gpu_trace: CPU trace: circuit lacks generated CUDA coverage circuit=75 rows=8
2026-09-17T00:02:07.861275Z DEBUG aiur::gpu_trace: CPU trace: circuit lacks generated CUDA coverage circuit=176 rows=1
2026-09-17T00:02:07.921199Z DEBUG aiur/codegen_seeds{circuit=16 rows=1048576}: aiur::trace_codegen::cuda: prepared generated CUDA trace circuit=16 rows=1048576 width=533 seed_bytes=184549376 seed_spans=16
2026-09-17T00:02:08.140647Z DEBUG aiur/codegen_seeds{circuit=117 rows=13240533}: aiur::trace_codegen::cuda: prepared generated CUDA trace circuit=117 rows=13240533 width=15 seed_bytes=635545584 seed_spans=203
2026-09-17T00:02:08.142056Z DEBUG aiur::gpu_trace: CPU trace: circuit lacks generated CUDA coverage circuit=27 rows=2358
2026-09-17T00:02:08.142106Z DEBUG aiur::gpu_trace: CPU trace: circuit lacks generated CUDA coverage circuit=22 rows=30
2026-09-17T00:02:08.142877Z DEBUG aiur::gpu_trace: CPU trace: circuit lacks generated CUDA coverage circuit=156 rows=304394
2026-09-17T00:02:08.143304Z DEBUG aiur::gpu_trace: CPU trace: circuit lacks generated CUDA coverage circuit=77 rows=2
2026-09-17T00:02:08.143729Z DEBUG aiur::gpu_trace: CPU trace: circuit lacks generated CUDA coverage circuit=91 rows=4960939
2026-09-17T00:02:08.143873Z DEBUG aiur::gpu_trace: CPU trace: circuit lacks generated CUDA coverage circuit=62 rows=258
2026-09-17T00:02:08.193631Z DEBUG aiur/codegen_seeds{circuit=16 rows=1048576}: aiur::trace_codegen::cuda: prepared generated CUDA trace circuit=16 rows=1048576 width=533 seed_bytes=184549376 seed_spans=16
2026-09-17T00:02:10.777991Z DEBUG aiur::gpu_trace: CPU trace: circuit lacks generated CUDA coverage circuit=69 rows=15
2026-09-17T00:02:10.777991Z DEBUG aiur::gpu_trace: CPU trace: circuit lacks generated CUDA coverage circuit=64 rows=60
2026-09-17T00:02:10.778477Z DEBUG aiur::gpu_trace: CPU trace: circuit lacks generated CUDA coverage circuit=70 rows=16
2026-09-17T00:02:10.778514Z DEBUG aiur::gpu_trace: CPU trace: circuit lacks generated CUDA coverage circuit=26 rows=6
2026-09-17T00:02:10.778825Z DEBUG aiur::gpu_trace: CPU trace: circuit lacks generated CUDA coverage circuit=68 rows=16
2026-09-17T00:02:10.779011Z DEBUG aiur::gpu_trace: CPU trace: circuit lacks generated CUDA coverage circuit=71 rows=16
2026-09-17T00:02:10.780307Z DEBUG aiur::gpu_trace: CPU trace: circuit lacks generated CUDA coverage circuit=34 rows=1016406
2026-09-17T00:02:10.831674Z DEBUG aiur/codegen_seeds{circuit=16 rows=1048576}: aiur::trace_codegen::cuda: prepared generated CUDA trace circuit=16 rows=1048576 width=533 seed_bytes=184549376 seed_spans=16
2026-09-17T00:02:11.340681Z DEBUG aiur/codegen_seeds{circuit=12 rows=16777216}: aiur::trace_codegen::cuda: prepared generated CUDA trace circuit=12 rows=16777216 width=17 seed_bytes=1342177280 seed_spans=256
2026-09-17T00:02:13.811434Z DEBUG aiur::gpu_trace: CPU trace: circuit lacks generated CUDA coverage circuit=3 rows=19
2026-09-17T00:02:13.813851Z DEBUG aiur::gpu_trace: CPU trace: circuit lacks generated CUDA coverage circuit=47 rows=296840
2026-09-17T00:02:13.814052Z DEBUG aiur::gpu_trace: CPU trace: circuit lacks generated CUDA coverage circuit=87 rows=2
2026-09-17T00:02:14.352551Z DEBUG aiur/codegen_seeds{circuit=119 rows=10189848}: aiur::trace_codegen::cuda: prepared generated CUDA trace circuit=119 rows=10189848 width=20 seed_bytes=570631488 seed_spans=156
2026-09-17T00:02:14.398564Z DEBUG aiur/codegen_seeds{circuit=38 rows=4375748}: aiur::trace_codegen::cuda: prepared generated CUDA trace circuit=38 rows=4375748 width=27 seed_bytes=805137632 seed_spans=67
2026-09-17T00:02:14.548373Z DEBUG aiur/codegen_seeds{circuit=42 rows=6466839}: aiur::trace_codegen::cuda: prepared generated CUDA trace circuit=42 rows=6466839 width=49 seed_bytes=1758980208 seed_spans=105
2026-09-17T00:02:16.580617Z DEBUG aiur::gpu_trace: CPU trace: circuit lacks generated CUDA coverage circuit=179 rows=2858316
2026-09-17T00:02:16.580622Z DEBUG aiur::gpu_trace: CPU trace: circuit lacks generated CUDA coverage circuit=9 rows=46085
2026-09-17T00:02:16.581148Z DEBUG aiur::gpu_trace: CPU trace: circuit lacks generated CUDA coverage circuit=28 rows=3052
2026-09-17T00:02:16.582914Z DEBUG aiur::gpu_trace: CPU trace: circuit lacks generated CUDA coverage circuit=60 rows=150
2026-09-17T00:02:16.606936Z DEBUG aiur/codegen_seeds{circuit=16 rows=452160}: aiur::trace_codegen::cuda: prepared generated CUDA trace circuit=16 rows=452160 width=533 seed_bytes=79580160 seed_spans=7
2026-09-17T00:02:17.002395Z DEBUG aiur/codegen_seeds{circuit=112 rows=5516647}: aiur::trace_codegen::cuda: prepared generated CUDA trace circuit=112 rows=5516647 width=31 seed_bytes=397198584 seed_spans=85
2026-09-17T00:02:17.019121Z DEBUG aiur/codegen_seeds{circuit=12 rows=8603438}: aiur::trace_codegen::cuda: prepared generated CUDA trace circuit=12 rows=8603438 width=17 seed_bytes=688275040 seed_spans=132
2026-09-17T00:02:20.147221Z DEBUG aiur::gpu_trace: CPU trace: circuit lacks generated CUDA coverage circuit=89 rows=108199
2026-09-17T00:02:20.527783Z DEBUG aiur/codegen_seeds{circuit=111 rows=5757201}: aiur::trace_codegen::cuda: prepared generated CUDA trace circuit=111 rows=5757201 width=11 seed_bytes=230288040 seed_spans=88
2026-09-17T00:02:20.536065Z DEBUG aiur/codegen_seeds{circuit=170 rows=10085609}: aiur::trace_codegen::cuda: prepared generated CUDA trace circuit=170 rows=10085609 width=11 seed_bytes=403424360 seed_spans=154
2026-09-17T00:02:20.543772Z DEBUG aiur/codegen_seeds{circuit=107 rows=7498195}: aiur::trace_codegen::cuda: prepared generated CUDA trace circuit=107 rows=7498195 width=23 seed_bytes=419898920 seed_spans=115
2026-09-17T00:02:20.560357Z DEBUG aiur/codegen_seeds{circuit=101 rows=6786968}: aiur::trace_codegen::cuda: prepared generated CUDA trace circuit=101 rows=6786968 width=19 seed_bytes=434365952 seed_spans=104
2026-09-17T00:02:20.579915Z DEBUG aiur/codegen_seeds{circuit=36 rows=6487894}: aiur::trace_codegen::cuda: prepared generated CUDA trace circuit=36 rows=6487894 width=25 seed_bytes=622837824 seed_spans=99
2026-09-17T00:02:23.014758Z DEBUG aiur::gpu_trace: CPU trace: circuit lacks generated CUDA coverage circuit=74 rows=943
2026-09-17T00:02:23.015109Z DEBUG aiur::gpu_trace: CPU trace: circuit lacks generated CUDA coverage circuit=153 rows=1233
2026-09-17T00:02:23.015930Z DEBUG aiur::gpu_trace: CPU trace: circuit lacks generated CUDA coverage circuit=154 rows=23096
2026-09-17T00:02:23.400393Z DEBUG aiur/codegen_seeds{circuit=118 rows=3307842}: aiur::trace_codegen::cuda: prepared generated CUDA trace circuit=118 rows=3307842 width=10 seed_bytes=158776416 seed_spans=51
2026-09-17T00:02:23.416267Z DEBUG aiur/codegen_seeds{circuit=106 rows=7689551}: aiur::trace_codegen::cuda: prepared generated CUDA trace circuit=106 rows=7689551 width=9 seed_bytes=246065632 seed_spans=118
2026-09-17T00:02:23.419234Z DEBUG aiur/codegen_seeds{circuit=162 rows=2225576}: aiur::trace_codegen::cuda: prepared generated CUDA trace circuit=162 rows=2225576 width=33 seed_bytes=267069120 seed_spans=34
2026-09-17T00:02:23.430183Z DEBUG aiur/codegen_seeds{circuit=177 rows=6288862}: aiur::trace_codegen::cuda: prepared generated CUDA trace circuit=177 rows=6288862 width=10 seed_bytes=301865376 seed_spans=96
2026-09-17T00:02:23.486067Z DEBUG aiur/codegen_seeds{circuit=33 rows=6295443}: aiur::trace_codegen::cuda: prepared generated CUDA trace circuit=33 rows=6295443 width=18 seed_bytes=705089616 seed_spans=97
2026-09-17T00:02:26.168350Z DEBUG aiur::gpu_trace: CPU trace: circuit lacks generated CUDA coverage circuit=39 rows=211388
2026-09-17T00:02:26.168354Z DEBUG aiur::gpu_trace: CPU trace: circuit lacks generated CUDA coverage circuit=41 rows=559887
2026-09-17T00:02:26.168356Z DEBUG aiur::gpu_trace: CPU trace: circuit lacks generated CUDA coverage circuit=120 rows=2153673
2026-09-17T00:02:26.169379Z DEBUG aiur::gpu_trace: CPU trace: circuit lacks generated CUDA coverage circuit=24 rows=826390
2026-09-17T00:02:26.169406Z DEBUG aiur::gpu_trace: CPU trace: circuit lacks generated CUDA coverage circuit=20 rows=716732
2026-09-17T00:02:26.169892Z DEBUG aiur::gpu_trace: CPU trace: circuit lacks generated CUDA coverage circuit=110 rows=2410949
2026-09-17T00:02:26.622093Z DEBUG aiur/codegen_seeds{circuit=102 rows=1644769}: aiur::trace_codegen::cuda: prepared generated CUDA trace circuit=102 rows=1644769 width=43 seed_bytes=65790760 seed_spans=26
2026-09-17T00:02:26.634096Z DEBUG aiur/codegen_seeds{circuit=15 rows=374330}: aiur::trace_codegen::cuda: prepared generated CUDA trace circuit=15 rows=374330 width=177 seed_bytes=152726640 seed_spans=10
2026-09-17T00:02:26.659010Z DEBUG aiur/codegen_seeds{circuit=183 rows=7134758}: aiur::trace_codegen::cuda: prepared generated CUDA trace circuit=183 rows=7134758 width=10 seed_bytes=342468384 seed_spans=109
2026-09-17T00:02:26.677140Z DEBUG aiur/codegen_seeds{circuit=13 rows=374903}: aiur::trace_codegen::cuda: prepared generated CUDA trace circuit=13 rows=374903 width=195 seed_bytes=317917744 seed_spans=19
2026-09-17T00:02:29.886812Z DEBUG aiur::gpu_trace: CPU trace: circuit lacks generated CUDA coverage circuit=44 rows=317156
2026-09-17T00:02:29.887622Z DEBUG aiur::gpu_trace: CPU trace: circuit lacks generated CUDA coverage circuit=109 rows=2918563
2026-09-17T00:02:29.887679Z DEBUG aiur::gpu_trace: CPU trace: circuit lacks generated CUDA coverage circuit=103 rows=318056
2026-09-17T00:02:29.887702Z DEBUG aiur::gpu_trace: CPU trace: circuit lacks generated CUDA coverage circuit=166 rows=1717297
2026-09-17T00:02:29.888611Z DEBUG aiur::gpu_trace: CPU trace: circuit lacks generated CUDA coverage circuit=113 rows=1563647
2026-09-17T00:02:29.888786Z DEBUG aiur::gpu_trace: CPU trace: circuit lacks generated CUDA coverage circuit=167 rows=2001425
2026-09-17T00:02:29.888834Z DEBUG aiur::gpu_trace: CPU trace: circuit lacks generated CUDA coverage circuit=122 rows=1436501
2026-09-17T00:02:29.889480Z DEBUG aiur::gpu_trace: CPU trace: circuit lacks generated CUDA coverage circuit=132 rows=1178024
2026-09-17T00:02:29.889619Z DEBUG aiur::gpu_trace: CPU trace: circuit lacks generated CUDA coverage circuit=168 rows=1558774
2026-09-17T00:02:30.634644Z DEBUG aiur/codegen_seeds{circuit=88 rows=2575976}: aiur::trace_codegen::cuda: prepared generated CUDA trace circuit=88 rows=2575976 width=10 seed_bytes=123646848 seed_spans=40
2026-09-17T00:02:30.639765Z DEBUG aiur/codegen_seeds{circuit=180 rows=3400442}: aiur::trace_codegen::cuda: prepared generated CUDA trace circuit=180 rows=3400442 width=8 seed_bytes=163221216 seed_spans=52
2026-09-17T00:02:30.643639Z DEBUG aiur/codegen_seeds{circuit=178 rows=3846505}: aiur::trace_codegen::cuda: prepared generated CUDA trace circuit=178 rows=3846505 width=10 seed_bytes=184632240 seed_spans=59
2026-09-17T00:02:30.649577Z DEBUG aiur/codegen_seeds{circuit=54 rows=3433489}: aiur::trace_codegen::cuda: prepared generated CUDA trace circuit=54 rows=3433489 width=11 seed_bytes=192275384 seed_spans=53
2026-09-17T00:02:30.655848Z DEBUG aiur/codegen_seeds{circuit=45 rows=1492791}: aiur::trace_codegen::cuda: prepared generated CUDA trace circuit=45 rows=1492791 width=26 seed_bytes=262731216 seed_spans=23
2026-09-17T00:02:33.972472Z DEBUG aiur::gpu_trace: CPU trace: circuit lacks generated CUDA coverage circuit=51 rows=23767
2026-09-17T00:02:33.972479Z DEBUG aiur::gpu_trace: CPU trace: circuit lacks generated CUDA coverage circuit=105 rows=471940
2026-09-17T00:02:33.972482Z DEBUG aiur::gpu_trace: CPU trace: circuit lacks generated CUDA coverage circuit=127 rows=414251
2026-09-17T00:02:33.972484Z DEBUG aiur::gpu_trace: CPU trace: circuit lacks generated CUDA coverage circuit=0 rows=157999
2026-09-17T00:02:33.972480Z DEBUG aiur::gpu_trace: CPU trace: circuit lacks generated CUDA coverage circuit=169 rows=1314208
2026-09-17T00:02:33.972472Z DEBUG aiur::gpu_trace: CPU trace: circuit lacks generated CUDA coverage circuit=8 rows=34735
2026-09-17T00:02:33.972491Z DEBUG aiur::gpu_trace: CPU trace: circuit lacks generated CUDA coverage circuit=114 rows=568832
2026-09-17T00:02:33.972519Z DEBUG aiur::gpu_trace: CPU trace: circuit lacks generated CUDA coverage circuit=25 rows=62579
2026-09-17T00:02:33.972479Z DEBUG aiur::gpu_trace: CPU trace: circuit lacks generated CUDA coverage circuit=108 rows=1040866
2026-09-17T00:02:33.972833Z DEBUG aiur::gpu_trace: CPU trace: circuit lacks generated CUDA coverage circuit=10 rows=32163
2026-09-17T00:02:33.972886Z DEBUG aiur::gpu_trace: CPU trace: circuit lacks generated CUDA coverage circuit=104 rows=224121
2026-09-17T00:02:33.973034Z DEBUG aiur::gpu_trace: CPU trace: circuit lacks generated CUDA coverage circuit=14 rows=1121711
2026-09-17T00:02:33.973058Z DEBUG aiur::gpu_trace: CPU trace: circuit lacks generated CUDA coverage circuit=121 rows=382960
2026-09-17T00:02:33.973077Z DEBUG aiur::gpu_trace: CPU trace: circuit lacks generated CUDA coverage circuit=181 rows=342355
2026-09-17T00:02:33.973291Z DEBUG aiur::gpu_trace: CPU trace: circuit lacks generated CUDA coverage circuit=40 rows=147565
2026-09-17T00:02:33.973312Z DEBUG aiur::gpu_trace: CPU trace: circuit lacks generated CUDA coverage circuit=157 rows=160781
2026-09-17T00:02:33.973332Z DEBUG aiur::gpu_trace: CPU trace: circuit lacks generated CUDA coverage circuit=115 rows=1281575
2026-09-17T00:02:33.973389Z DEBUG aiur::gpu_trace: CPU trace: circuit lacks generated CUDA coverage circuit=123 rows=196229
2026-09-17T00:02:33.973414Z DEBUG aiur::gpu_trace: CPU trace: circuit lacks generated CUDA coverage circuit=116 rows=798287
2026-09-17T00:02:33.973601Z DEBUG aiur::gpu_trace: CPU trace: circuit lacks generated CUDA coverage circuit=49 rows=117350
2026-09-17T00:02:33.973626Z DEBUG aiur::gpu_trace: CPU trace: circuit lacks generated CUDA coverage circuit=161 rows=128195
2026-09-17T00:02:33.973715Z DEBUG aiur::gpu_trace: CPU trace: circuit lacks generated CUDA coverage circuit=35 rows=66262
2026-09-17T00:02:33.973815Z DEBUG aiur::gpu_trace: CPU trace: circuit lacks generated CUDA coverage circuit=46 rows=157100
2026-09-17T00:02:33.973934Z DEBUG aiur::gpu_trace: CPU trace: circuit lacks generated CUDA coverage circuit=82 rows=136254
2026-09-17T00:02:33.973964Z DEBUG aiur::gpu_trace: CPU trace: circuit lacks generated CUDA coverage circuit=23 rows=77214
2026-09-17T00:02:33.974009Z DEBUG aiur::gpu_trace: CPU trace: circuit lacks generated CUDA coverage circuit=81 rows=100397
2026-09-17T00:02:33.974037Z DEBUG aiur::gpu_trace: CPU trace: circuit lacks generated CUDA coverage circuit=43 rows=65963
2026-09-17T00:02:33.977373Z DEBUG aiur::gpu_trace: CPU trace: circuit lacks generated CUDA coverage circuit=147 rows=280270
2026-09-17T00:02:33.977729Z DEBUG aiur::gpu_trace: CPU trace: circuit lacks generated CUDA coverage circuit=150 rows=1385542
2026-09-17T00:02:33.978288Z DEBUG aiur::gpu_trace: CPU trace: circuit lacks generated CUDA coverage circuit=96 rows=74354
2026-09-17T00:02:34.050455Z DEBUG aiur/codegen_seeds{circuit=32 rows=208775}: aiur::trace_codegen::cuda: prepared generated CUDA trace circuit=32 rows=208775 width=21 seed_bytes=8805000 seed_spans=6
2026-09-17T00:02:34.050507Z DEBUG aiur::gpu_trace: CPU trace: circuit lacks generated CUDA coverage circuit=85 rows=765
2026-09-17T00:02:34.051718Z DEBUG aiur::gpu_trace: CPU trace: circuit lacks generated CUDA coverage circuit=125 rows=486323
2026-09-17T00:02:34.056336Z DEBUG aiur::gpu_trace: CPU trace: circuit lacks generated CUDA coverage circuit=37 rows=949031
2026-09-17T00:02:34.066632Z DEBUG aiur::gpu_trace: CPU trace: circuit lacks generated CUDA coverage circuit=52 rows=179044
2026-09-17T00:02:34.078990Z DEBUG aiur::gpu_trace: CPU trace: circuit lacks generated CUDA coverage circuit=11 rows=156277
2026-09-17T00:02:34.079316Z DEBUG aiur::gpu_trace: CPU trace: circuit lacks generated CUDA coverage circuit=126 rows=384556
2026-09-17T00:02:34.125698Z DEBUG aiur::gpu_trace: CPU trace: circuit lacks generated CUDA coverage circuit=182 rows=449563
2026-09-17T00:02:34.129699Z DEBUG aiur/codegen_seeds{circuit=140 rows=512889}: aiur::trace_codegen::cuda: prepared generated CUDA trace circuit=140 rows=512889 width=25 seed_bytes=17950008 seed_spans=9
2026-09-17T00:02:34.129733Z DEBUG aiur::gpu_trace: CPU trace: circuit lacks generated CUDA coverage circuit=141 rows=305582
2026-09-17T00:02:34.165161Z DEBUG aiur::gpu_trace: CPU trace: circuit lacks generated CUDA coverage circuit=97 rows=236664
2026-09-17T00:02:34.276257Z DEBUG aiur::gpu_trace: CPU trace: circuit lacks generated CUDA coverage circuit=59 rows=110700
2026-09-17T00:02:34.298178Z DEBUG aiur::gpu_trace: CPU trace: circuit lacks generated CUDA coverage circuit=2 rows=211584
2026-09-17T00:02:34.325879Z DEBUG aiur::gpu_trace: CPU trace: circuit lacks generated CUDA coverage circuit=98 rows=236429
2026-09-17T00:02:34.333739Z DEBUG aiur::gpu_trace: CPU trace: circuit lacks generated CUDA coverage circuit=144 rows=237882
2026-09-17T00:02:34.349869Z DEBUG aiur::gpu_trace: CPU trace: circuit lacks generated CUDA coverage circuit=65 rows=80417
2026-09-17T00:02:34.385697Z DEBUG aiur::gpu_trace: CPU trace: circuit lacks generated CUDA coverage circuit=142 rows=354483
2026-09-17T00:02:34.420449Z DEBUG aiur::gpu_trace: CPU trace: circuit lacks generated CUDA coverage circuit=164 rows=892751
2026-09-17T00:02:34.429001Z DEBUG aiur::gpu_trace: CPU trace: circuit lacks generated CUDA coverage circuit=151 rows=1005800
2026-09-17T00:02:34.462417Z DEBUG aiur::gpu_trace: CPU trace: circuit lacks generated CUDA coverage circuit=145 rows=330078
2026-09-17T00:02:34.466683Z DEBUG aiur::gpu_trace: CPU trace: circuit lacks generated CUDA coverage circuit=148 rows=254624
2026-09-17T00:02:34.502208Z DEBUG aiur::gpu_trace: CPU trace: circuit lacks generated CUDA coverage circuit=184 rows=235257
2026-09-17T00:02:34.508639Z DEBUG aiur/codegen_seeds{circuit=124 rows=56264}: aiur::trace_codegen::cuda: prepared generated CUDA trace circuit=124 rows=56264 width=98 seed_bytes=12896528 seed_spans=2
2026-09-17T00:02:34.521423Z DEBUG aiur::gpu_trace: CPU trace: circuit lacks generated CUDA coverage circuit=133 rows=234725
2026-09-17T00:02:34.522337Z DEBUG aiur::gpu_trace: CPU trace: circuit lacks generated CUDA coverage circuit=130 rows=241940
2026-09-17T00:02:34.523251Z DEBUG aiur::gpu_trace: CPU trace: circuit lacks generated CUDA coverage circuit=128 rows=305944
2026-09-17T00:02:34.526506Z DEBUG aiur::gpu_trace: CPU trace: circuit lacks generated CUDA coverage circuit=129 rows=394210
2026-09-17T00:02:34.542912Z DEBUG aiur::gpu_trace: CPU trace: circuit lacks generated CUDA coverage circuit=100 rows=355288
2026-09-17T00:02:34.543865Z DEBUG aiur::gpu_trace: CPU trace: circuit lacks generated CUDA coverage circuit=99 rows=362554
2026-09-17T00:02:34.618692Z DEBUG aiur::gpu_trace: CPU trace: circuit lacks generated CUDA coverage circuit=152 rows=744283
2026-09-17T00:02:34.639804Z DEBUG aiur::gpu_trace: CPU trace: circuit lacks generated CUDA coverage circuit=137 rows=299727
2026-09-17T00:02:34.709018Z DEBUG aiur::gpu_trace: CPU trace: circuit lacks generated CUDA coverage circuit=131 rows=417876
2026-09-17T00:02:34.753467Z DEBUG aiur::gpu_trace: CPU trace: circuit lacks generated CUDA coverage circuit=138 rows=890089
2026-09-17T00:02:34.757196Z DEBUG aiur::gpu_trace: CPU trace: circuit lacks generated CUDA coverage circuit=139 rows=280374
2026-09-17T00:02:34.780564Z DEBUG aiur::gpu_trace: CPU trace: circuit lacks generated CUDA coverage circuit=134 rows=260774
2026-09-17T00:02:37.756825Z DEBUG aiur::gpu_trace: CPU trace: circuit lacks generated CUDA coverage circuit=7 rows=37966
2026-09-17T00:02:37.756856Z DEBUG aiur::gpu_trace: CPU trace: circuit lacks generated CUDA coverage circuit=76 rows=50798
2026-09-17T00:02:37.756856Z DEBUG aiur::gpu_trace: CPU trace: circuit lacks generated CUDA coverage circuit=31 rows=3245
2026-09-17T00:02:37.756859Z DEBUG aiur::gpu_trace: CPU trace: circuit lacks generated CUDA coverage circuit=18 rows=20519
2026-09-17T00:02:37.756874Z DEBUG aiur::gpu_trace: CPU trace: circuit lacks generated CUDA coverage circuit=67 rows=3669
2026-09-17T00:02:37.756858Z DEBUG aiur::gpu_trace: CPU trace: circuit lacks generated CUDA coverage circuit=66 rows=927
2026-09-17T00:02:37.756856Z DEBUG aiur::gpu_trace: CPU trace: circuit lacks generated CUDA coverage circuit=83 rows=40524
2026-09-17T00:02:37.757154Z DEBUG aiur/codegen_seeds{circuit=63 rows=151}: aiur::trace_codegen::cuda: prepared generated CUDA trace circuit=63 rows=151 width=68 seed_bytes=31408 seed_spans=1
2026-09-17T00:02:37.757260Z DEBUG aiur::gpu_trace: CPU trace: circuit lacks generated CUDA coverage circuit=95 rows=30131
2026-09-17T00:02:37.757383Z DEBUG aiur::gpu_trace: CPU trace: circuit lacks generated CUDA coverage circuit=80 rows=44451
2026-09-17T00:02:37.757455Z DEBUG aiur::gpu_trace: CPU trace: circuit lacks generated CUDA coverage circuit=78 rows=7581
2026-09-17T00:02:37.757465Z DEBUG aiur::gpu_trace: CPU trace: circuit lacks generated CUDA coverage circuit=1 rows=26104
2026-09-17T00:02:37.757598Z DEBUG aiur::gpu_trace: CPU trace: circuit lacks generated CUDA coverage circuit=4 rows=19046
2026-09-17T00:02:37.757619Z DEBUG aiur::gpu_trace: CPU trace: circuit lacks generated CUDA coverage circuit=30 rows=18979
2026-09-17T00:02:37.757840Z DEBUG aiur::gpu_trace: CPU trace: circuit lacks generated CUDA coverage circuit=72 rows=13643
2026-09-17T00:02:37.757866Z DEBUG aiur::gpu_trace: CPU trace: circuit lacks generated CUDA coverage circuit=86 rows=12372
2026-09-17T00:02:37.757912Z DEBUG aiur::gpu_trace: CPU trace: circuit lacks generated CUDA coverage circuit=17 rows=20257
2026-09-17T00:02:37.757947Z DEBUG aiur::gpu_trace: CPU trace: circuit lacks generated CUDA coverage circuit=53 rows=20659
2026-09-17T00:02:37.758008Z DEBUG aiur::gpu_trace: CPU trace: circuit lacks generated CUDA coverage circuit=155 rows=28497
2026-09-17T00:02:37.758142Z DEBUG aiur::gpu_trace: CPU trace: circuit lacks generated CUDA coverage circuit=92 rows=94738
2026-09-17T00:02:37.758271Z DEBUG aiur::gpu_trace: CPU trace: circuit lacks generated CUDA coverage circuit=135 rows=3923
2026-09-17T00:02:37.758372Z DEBUG aiur::gpu_trace: CPU trace: circuit lacks generated CUDA coverage circuit=143 rows=237741
2026-09-17T00:02:37.758410Z DEBUG aiur::gpu_trace: CPU trace: circuit lacks generated CUDA coverage circuit=136 rows=27850
2026-09-17T00:02:37.758436Z DEBUG aiur::gpu_trace: CPU trace: circuit lacks generated CUDA coverage circuit=19 rows=61412
2026-09-17T00:02:37.758761Z DEBUG aiur::gpu_trace: CPU trace: circuit lacks generated CUDA coverage circuit=93 rows=25383
2026-09-17T00:02:37.759142Z DEBUG aiur::gpu_trace: CPU trace: circuit lacks generated CUDA coverage circuit=84 rows=36
2026-09-17T00:02:37.759418Z DEBUG aiur::gpu_trace: CPU trace: circuit lacks generated CUDA coverage circuit=48 rows=25228
2026-09-17T00:02:37.762048Z DEBUG aiur::gpu_trace: CPU trace: circuit lacks generated CUDA coverage circuit=5 rows=302
2026-09-17T00:02:37.765368Z DEBUG aiur::gpu_trace: CPU trace: circuit lacks generated CUDA coverage circuit=94 rows=27952
2026-09-17T00:02:37.766202Z DEBUG aiur::gpu_trace: CPU trace: circuit lacks generated CUDA coverage circuit=58 rows=3263
2026-09-17T00:02:37.766264Z DEBUG aiur::gpu_trace: CPU trace: circuit lacks generated CUDA coverage circuit=146 rows=92582
2026-09-17T00:02:37.766954Z DEBUG aiur::gpu_trace: CPU trace: circuit lacks generated CUDA coverage circuit=159 rows=18795
2026-09-17T00:02:37.769777Z DEBUG aiur::gpu_trace: CPU trace: circuit lacks generated CUDA coverage circuit=73 rows=25332
2026-09-17T00:02:37.771952Z DEBUG aiur::gpu_trace: CPU trace: circuit lacks generated CUDA coverage circuit=163 rows=183970
2026-09-17T00:02:37.773347Z DEBUG aiur::gpu_trace: CPU trace: circuit lacks generated CUDA coverage circuit=61 rows=7877
2026-09-17T00:02:37.775819Z DEBUG aiur::gpu_trace: CPU trace: circuit lacks generated CUDA coverage circuit=149 rows=235731
2026-09-17T00:02:37.775894Z DEBUG aiur::gpu_trace: CPU trace: circuit lacks generated CUDA coverage circuit=50 rows=1658
2026-09-17T00:02:37.775999Z DEBUG aiur::gpu_trace: CPU trace: circuit lacks generated CUDA coverage circuit=55 rows=4887
2026-09-17T00:02:37.777151Z DEBUG aiur::gpu_trace: CPU trace: circuit lacks generated CUDA coverage circuit=158 rows=10373
2026-09-17T00:02:37.783497Z DEBUG aiur/codegen_seeds{circuit=6 rows=25367}: aiur::trace_codegen::cuda: prepared generated CUDA trace circuit=6 rows=25367 width=63 seed_bytes=4731864 seed_spans=4
2026-09-17T00:02:37.785654Z DEBUG aiur/codegen_seeds{circuit=56 rows=141}: aiur::trace_codegen::cuda: prepared generated CUDA trace circuit=56 rows=141 width=49 seed_bytes=11280 seed_spans=1
2026-09-17T00:02:37.790669Z DEBUG aiur::gpu_trace: CPU trace: circuit lacks generated CUDA coverage circuit=160 rows=22356
[lanes] worker 0: claim 1 proven at +159s (3 left)
[lanes] worker 0: claim 0 proving started at +159s
2026-09-17T00:02:41.995423Z DEBUG aiur::gpu_trace: CPU trace: circuit lacks generated CUDA coverage circuit=75 rows=33
2026-09-17T00:02:41.995553Z DEBUG aiur::gpu_trace: CPU trace: circuit lacks generated CUDA coverage circuit=79 rows=2
2026-09-17T00:02:41.995587Z DEBUG aiur::gpu_trace: CPU trace: circuit lacks generated CUDA coverage circuit=90 rows=75467
2026-09-17T00:02:41.995938Z DEBUG aiur::gpu_trace: CPU trace: circuit lacks generated CUDA coverage circuit=176 rows=1
2026-09-17T00:02:42.046733Z DEBUG aiur/codegen_seeds{circuit=16 rows=1048576}: aiur::trace_codegen::cuda: prepared generated CUDA trace circuit=16 rows=1048576 width=533 seed_bytes=184549376 seed_spans=16
2026-09-17T00:02:42.284610Z DEBUG aiur/codegen_seeds{circuit=117 rows=12699666}: aiur::trace_codegen::cuda: prepared generated CUDA trace circuit=117 rows=12699666 width=15 seed_bytes=609583968 seed_spans=194
2026-09-17T00:02:42.285407Z DEBUG aiur::gpu_trace: CPU trace: circuit lacks generated CUDA coverage circuit=3 rows=7
2026-09-17T00:02:42.285462Z DEBUG aiur::gpu_trace: CPU trace: circuit lacks generated CUDA coverage circuit=7 rows=13162
2026-09-17T00:02:42.285467Z DEBUG aiur::gpu_trace: CPU trace: circuit lacks generated CUDA coverage circuit=57 rows=304
2026-09-17T00:02:42.285467Z DEBUG aiur::gpu_trace: CPU trace: circuit lacks generated CUDA coverage circuit=64 rows=99
2026-09-17T00:02:42.286104Z DEBUG aiur::gpu_trace: CPU trace: circuit lacks generated CUDA coverage circuit=136 rows=31882
2026-09-17T00:02:42.286354Z DEBUG aiur::gpu_trace: CPU trace: circuit lacks generated CUDA coverage circuit=129 rows=339422
2026-09-17T00:02:42.286609Z DEBUG aiur::gpu_trace: CPU trace: circuit lacks generated CUDA coverage circuit=91 rows=5100597
2026-09-17T00:02:42.374863Z DEBUG aiur/codegen_seeds{circuit=16 rows=1048576}: aiur::trace_codegen::cuda: prepared generated CUDA trace circuit=16 rows=1048576 width=533 seed_bytes=184549376 seed_spans=16
2026-09-17T00:02:43.026289Z DEBUG aiur::gpu_trace: CPU trace: circuit lacks generated CUDA coverage circuit=22 rows=31
2026-09-17T00:02:43.026308Z DEBUG aiur::gpu_trace: CPU trace: circuit lacks generated CUDA coverage circuit=26 rows=19
2026-09-17T00:02:43.026620Z DEBUG aiur::gpu_trace: CPU trace: circuit lacks generated CUDA coverage circuit=77 rows=15
2026-09-17T00:02:43.028676Z DEBUG aiur::gpu_trace: CPU trace: circuit lacks generated CUDA coverage circuit=150 rows=1145750
2026-09-17T00:02:43.075601Z DEBUG aiur/codegen_seeds{circuit=16 rows=1048576}: aiur::trace_codegen::cuda: prepared generated CUDA trace circuit=16 rows=1048576 width=533 seed_bytes=184549376 seed_spans=16
2026-09-17T00:02:43.603597Z DEBUG aiur/codegen_seeds{circuit=12 rows=16777216}: aiur::trace_codegen::cuda: prepared generated CUDA trace circuit=12 rows=16777216 width=17 seed_bytes=1342177280 seed_spans=256
2026-09-17T00:02:44.031352Z DEBUG aiur::gpu_trace: CPU trace: circuit lacks generated CUDA coverage circuit=68 rows=16
2026-09-17T00:02:44.032284Z DEBUG aiur::gpu_trace: CPU trace: circuit lacks generated CUDA coverage circuit=126 rows=446516
2026-09-17T00:02:44.033073Z DEBUG aiur::gpu_trace: CPU trace: circuit lacks generated CUDA coverage circuit=94 rows=15788
2026-09-17T00:02:44.033100Z DEBUG aiur::gpu_trace: CPU trace: circuit lacks generated CUDA coverage circuit=158 rows=8712
2026-09-17T00:02:44.070980Z DEBUG aiur/codegen_seeds{circuit=16 rows=905944}: aiur::trace_codegen::cuda: prepared generated CUDA trace circuit=16 rows=905944 width=533 seed_bytes=159446144 seed_spans=14
2026-09-17T00:02:44.443958Z DEBUG aiur/codegen_seeds{circuit=12 rows=11961305}: aiur::trace_codegen::cuda: prepared generated CUDA trace circuit=12 rows=11961305 width=17 seed_bytes=956904400 seed_spans=183
2026-09-17T00:02:44.900402Z DEBUG aiur::gpu_trace: CPU trace: circuit lacks generated CUDA coverage circuit=69 rows=16
2026-09-17T00:02:44.900640Z DEBUG aiur::gpu_trace: CPU trace: circuit lacks generated CUDA coverage circuit=70 rows=16
2026-09-17T00:02:44.901189Z DEBUG aiur::gpu_trace: CPU trace: circuit lacks generated CUDA coverage circuit=47 rows=362339
2026-09-17T00:02:44.901235Z DEBUG aiur::gpu_trace: CPU trace: circuit lacks generated CUDA coverage circuit=87 rows=12
2026-09-17T00:02:44.901369Z DEBUG aiur::gpu_trace: CPU trace: circuit lacks generated CUDA coverage circuit=71 rows=16
2026-09-17T00:02:45.387776Z DEBUG aiur/codegen_seeds{circuit=119 rows=9771112}: aiur::trace_codegen::cuda: prepared generated CUDA trace circuit=119 rows=9771112 width=20 seed_bytes=547182272 seed_spans=150
2026-09-17T00:02:45.436777Z DEBUG aiur/codegen_seeds{circuit=38 rows=4629033}: aiur::trace_codegen::cuda: prepared generated CUDA trace circuit=38 rows=4629033 width=27 seed_bytes=851742072 seed_spans=71
2026-09-17T00:02:45.569830Z DEBUG aiur/codegen_seeds{circuit=42 rows=6586741}: aiur::trace_codegen::cuda: prepared generated CUDA trace circuit=42 rows=6586741 width=49 seed_bytes=1791593552 seed_spans=107
2026-09-17T00:02:45.737020Z DEBUG aiur::gpu_trace: CPU trace: circuit lacks generated CUDA coverage circuit=138 rows=713933
2026-09-17T00:02:46.193565Z DEBUG aiur/codegen_seeds{circuit=177 rows=6293918}: aiur::trace_codegen::cuda: prepared generated CUDA trace circuit=177 rows=6293918 width=10 seed_bytes=302108064 seed_spans=97
2026-09-17T00:02:46.197788Z DEBUG aiur/codegen_seeds{circuit=107 rows=5046546}: aiur::trace_codegen::cuda: prepared generated CUDA trace circuit=107 rows=5046546 width=23 seed_bytes=282606576 seed_spans=78
2026-09-17T00:02:46.245213Z DEBUG aiur/codegen_seeds{circuit=101 rows=5539615}: aiur::trace_codegen::cuda: prepared generated CUDA trace circuit=101 rows=5539615 width=19 seed_bytes=354535360 seed_spans=85
2026-09-17T00:02:46.278101Z DEBUG aiur/codegen_seeds{circuit=36 rows=6609473}: aiur::trace_codegen::cuda: prepared generated CUDA trace circuit=36 rows=6609473 width=25 seed_bytes=634509408 seed_spans=101
2026-09-17T00:02:46.301914Z DEBUG aiur/codegen_seeds{circuit=170 rows=15815678}: aiur::trace_codegen::cuda: prepared generated CUDA trace circuit=170 rows=15815678 width=11 seed_bytes=632627120 seed_spans=242
2026-09-17T00:02:46.862951Z DEBUG aiur::gpu_trace: CPU trace: circuit lacks generated CUDA coverage circuit=145 rows=257178
2026-09-17T00:02:47.195058Z DEBUG aiur/codegen_seeds{circuit=102 rows=1233322}: aiur::trace_codegen::cuda: prepared generated CUDA trace circuit=102 rows=1233322 width=43 seed_bytes=49332880 seed_spans=19
2026-09-17T00:02:47.214071Z DEBUG aiur/codegen_seeds{circuit=106 rows=5236793}: aiur::trace_codegen::cuda: prepared generated CUDA trace circuit=106 rows=5236793 width=9 seed_bytes=167577376 seed_spans=80
2026-09-17T00:02:47.224778Z DEBUG aiur/codegen_seeds{circuit=178 rows=4406516}: aiur::trace_codegen::cuda: prepared generated CUDA trace circuit=178 rows=4406516 width=10 seed_bytes=211512768 seed_spans=68
2026-09-17T00:02:47.232003Z DEBUG aiur/codegen_seeds{circuit=162 rows=2173375}: aiur::trace_codegen::cuda: prepared generated CUDA trace circuit=162 rows=2173375 width=33 seed_bytes=260805000 seed_spans=34
2026-09-17T00:02:47.233749Z DEBUG aiur/codegen_seeds{circuit=112 rows=3351648}: aiur::trace_codegen::cuda: prepared generated CUDA trace circuit=112 rows=3351648 width=31 seed_bytes=241318656 seed_spans=52
2026-09-17T00:02:47.289599Z DEBUG aiur/codegen_seeds{circuit=33 rows=6140427}: aiur::trace_codegen::cuda: prepared generated CUDA trace circuit=33 rows=6140427 width=18 seed_bytes=687727824 seed_spans=94
2026-09-17T00:02:47.808510Z DEBUG aiur::gpu_trace: CPU trace: circuit lacks generated CUDA coverage circuit=120 rows=2332114
2026-09-17T00:02:47.808746Z DEBUG aiur::gpu_trace: CPU trace: circuit lacks generated CUDA coverage circuit=167 rows=1873085
2026-09-17T00:02:47.809062Z DEBUG aiur::gpu_trace: CPU trace: circuit lacks generated CUDA coverage circuit=40 rows=110945
2026-09-17T00:02:47.809223Z DEBUG aiur::gpu_trace: CPU trace: circuit lacks generated CUDA coverage circuit=20 rows=854779
2026-09-17T00:02:47.810952Z DEBUG aiur::gpu_trace: CPU trace: circuit lacks generated CUDA coverage circuit=24 rows=908138
2026-09-17T00:02:47.811831Z DEBUG aiur::gpu_trace: CPU trace: circuit lacks generated CUDA coverage circuit=168 rows=1399631
2026-09-17T00:02:48.264365Z DEBUG aiur/codegen_seeds{circuit=15 rows=425142}: aiur::trace_codegen::cuda: prepared generated CUDA trace circuit=15 rows=425142 width=177 seed_bytes=173457936 seed_spans=11
2026-09-17T00:02:48.287612Z DEBUG aiur/codegen_seeds{circuit=13 rows=400257}: aiur::trace_codegen::cuda: prepared generated CUDA trace circuit=13 rows=400257 width=195 seed_bytes=339417936 seed_spans=21
2026-09-17T00:02:48.290606Z DEBUG aiur/codegen_seeds{circuit=183 rows=7272697}: aiur::trace_codegen::cuda: prepared generated CUDA trace circuit=183 rows=7272697 width=10 seed_bytes=349089456 seed_spans=111
2026-09-17T00:02:48.800839Z DEBUG aiur::gpu_trace: CPU trace: circuit lacks generated CUDA coverage circuit=110 rows=1209604
2026-09-17T00:02:48.801004Z DEBUG aiur::gpu_trace: CPU trace: circuit lacks generated CUDA coverage circuit=179 rows=2959760
2026-09-17T00:02:48.801423Z DEBUG aiur::gpu_trace: CPU trace: circuit lacks generated CUDA coverage circuit=44 rows=384342
2026-09-17T00:02:48.801616Z DEBUG aiur::gpu_trace: CPU trace: circuit lacks generated CUDA coverage circuit=166 rows=1607107
2026-09-17T00:02:48.802015Z DEBUG aiur::gpu_trace: CPU trace: circuit lacks generated CUDA coverage circuit=122 rows=1662709
2026-09-17T00:02:48.802558Z DEBUG aiur::gpu_trace: CPU trace: circuit lacks generated CUDA coverage circuit=134 rows=239238
2026-09-17T00:02:48.802898Z DEBUG aiur::gpu_trace: CPU trace: circuit lacks generated CUDA coverage circuit=113 rows=1097921
2026-09-17T00:02:48.803128Z DEBUG aiur::gpu_trace: CPU trace: circuit lacks generated CUDA coverage circuit=34 rows=1152953
2026-09-17T00:02:48.803163Z DEBUG aiur::gpu_trace: CPU trace: circuit lacks generated CUDA coverage circuit=135 rows=3998
2026-09-17T00:02:48.803349Z DEBUG aiur::gpu_trace: CPU trace: circuit lacks generated CUDA coverage circuit=37 rows=1081649
2026-09-17T00:02:48.803931Z DEBUG aiur::gpu_trace: CPU trace: circuit lacks generated CUDA coverage circuit=50 rows=3316
2026-09-17T00:02:49.475991Z DEBUG aiur/codegen_seeds{circuit=88 rows=2419252}: aiur::trace_codegen::cuda: prepared generated CUDA trace circuit=88 rows=2419252 width=10 seed_bytes=116124096 seed_spans=37
2026-09-17T00:02:49.480503Z DEBUG aiur/codegen_seeds{circuit=111 rows=3555642}: aiur::trace_codegen::cuda: prepared generated CUDA trace circuit=111 rows=3555642 width=11 seed_bytes=142225680 seed_spans=55
2026-09-17T00:02:49.484041Z DEBUG aiur/codegen_seeds{circuit=180 rows=3622920}: aiur::trace_codegen::cuda: prepared generated CUDA trace circuit=180 rows=3622920 width=8 seed_bytes=173900160 seed_spans=56
2026-09-17T00:02:49.486005Z DEBUG aiur/codegen_seeds{circuit=54 rows=3372270}: aiur::trace_codegen::cuda: prepared generated CUDA trace circuit=54 rows=3372270 width=11 seed_bytes=188847120 seed_spans=52
2026-09-17T00:02:49.505012Z DEBUG aiur/codegen_seeds{circuit=118 rows=3297187}: aiur::trace_codegen::cuda: prepared generated CUDA trace circuit=118 rows=3297187 width=10 seed_bytes=158264976 seed_spans=51
2026-09-17T00:02:49.514907Z DEBUG aiur/codegen_seeds{circuit=45 rows=1507309}: aiur::trace_codegen::cuda: prepared generated CUDA trace circuit=45 rows=1507309 width=26 seed_bytes=265286384 seed_spans=23
2026-09-17T00:02:50.309346Z DEBUG aiur::gpu_trace: CPU trace: circuit lacks generated CUDA coverage circuit=127 rows=436663
2026-09-17T00:02:50.309356Z DEBUG aiur::gpu_trace: CPU trace: circuit lacks generated CUDA coverage circuit=130 rows=235475
2026-09-17T00:02:50.309345Z DEBUG aiur::gpu_trace: CPU trace: circuit lacks generated CUDA coverage circuit=25 rows=68380
2026-09-17T00:02:50.309366Z DEBUG aiur::gpu_trace: CPU trace: circuit lacks generated CUDA coverage circuit=89 rows=99720
2026-09-17T00:02:50.309364Z DEBUG aiur::gpu_trace: CPU trace: circuit lacks generated CUDA coverage circuit=66 rows=753
2026-09-17T00:02:50.309373Z DEBUG aiur::gpu_trace: CPU trace: circuit lacks generated CUDA coverage circuit=128 rows=230802
2026-09-17T00:02:50.309383Z DEBUG aiur::gpu_trace: CPU trace: circuit lacks generated CUDA coverage circuit=0 rows=136036
2026-09-17T00:02:50.309410Z DEBUG aiur::gpu_trace: CPU trace: circuit lacks generated CUDA coverage circuit=65 rows=94436
2026-09-17T00:02:50.309860Z DEBUG aiur::gpu_trace: CPU trace: circuit lacks generated CUDA coverage circuit=14 rows=1101513
2026-09-17T00:02:50.309916Z DEBUG aiur::gpu_trace: CPU trace: circuit lacks generated CUDA coverage circuit=2 rows=186190
2026-09-17T00:02:50.310001Z DEBUG aiur::gpu_trace: CPU trace: circuit lacks generated CUDA coverage circuit=114 rows=431091
2026-09-17T00:02:50.310114Z DEBUG aiur::gpu_trace: CPU trace: circuit lacks generated CUDA coverage circuit=52 rows=153516
2026-09-17T00:02:50.310295Z DEBUG aiur::gpu_trace: CPU trace: circuit lacks generated CUDA coverage circuit=81 rows=111119
2026-09-17T00:02:50.310308Z DEBUG aiur::gpu_trace: CPU trace: circuit lacks generated CUDA coverage circuit=46 rows=165428
2026-09-17T00:02:50.310361Z DEBUG aiur::gpu_trace: CPU trace: circuit lacks generated CUDA coverage circuit=104 rows=179314
2026-09-17T00:02:50.310535Z DEBUG aiur::gpu_trace: CPU trace: circuit lacks generated CUDA coverage circuit=131 rows=391965
2026-09-17T00:02:50.310568Z DEBUG aiur::gpu_trace: CPU trace: circuit lacks generated CUDA coverage circuit=156 rows=227970
2026-09-17T00:02:50.310714Z DEBUG aiur::gpu_trace: CPU trace: circuit lacks generated CUDA coverage circuit=132 rows=1097053
2026-09-17T00:02:50.310819Z DEBUG aiur::gpu_trace: CPU trace: circuit lacks generated CUDA coverage circuit=95 rows=24713
2026-09-17T00:02:50.310850Z DEBUG aiur::gpu_trace: CPU trace: circuit lacks generated CUDA coverage circuit=137 rows=227483
2026-09-17T00:02:50.310888Z DEBUG aiur::gpu_trace: CPU trace: circuit lacks generated CUDA coverage circuit=144 rows=230199
2026-09-17T00:02:50.310965Z DEBUG aiur::gpu_trace: CPU trace: circuit lacks generated CUDA coverage circuit=147 rows=226531
2026-09-17T00:02:50.311002Z DEBUG aiur::gpu_trace: CPU trace: circuit lacks generated CUDA coverage circuit=41 rows=415072
2026-09-17T00:02:50.311069Z DEBUG aiur::gpu_trace: CPU trace: circuit lacks generated CUDA coverage circuit=10 rows=36458
2026-09-17T00:02:50.311168Z DEBUG aiur::gpu_trace: CPU trace: circuit lacks generated CUDA coverage circuit=11 rows=169166
2026-09-17T00:02:50.311202Z DEBUG aiur::gpu_trace: CPU trace: circuit lacks generated CUDA coverage circuit=123 rows=226134
2026-09-17T00:02:50.311208Z DEBUG aiur::gpu_trace: CPU trace: circuit lacks generated CUDA coverage circuit=121 rows=438926
2026-09-17T00:02:50.311436Z DEBUG aiur::gpu_trace: CPU trace: circuit lacks generated CUDA coverage circuit=182 rows=460244
2026-09-17T00:02:50.314143Z DEBUG aiur::gpu_trace: CPU trace: circuit lacks generated CUDA coverage circuit=23 rows=83894
2026-09-17T00:02:50.315289Z DEBUG aiur::gpu_trace: CPU trace: circuit lacks generated CUDA coverage circuit=151 rows=800138
2026-09-17T00:02:50.317392Z DEBUG aiur::gpu_trace: CPU trace: circuit lacks generated CUDA coverage circuit=152 rows=665982
2026-09-17T00:02:50.320173Z DEBUG aiur::gpu_trace: CPU trace: circuit lacks generated CUDA coverage circuit=108 rows=530178
2026-09-17T00:02:50.372647Z DEBUG aiur::gpu_trace: CPU trace: circuit lacks generated CUDA coverage circuit=169 rows=1313302
2026-09-17T00:02:50.462537Z DEBUG aiur/codegen_seeds{circuit=140 rows=474228}: aiur::trace_codegen::cuda: prepared generated CUDA trace circuit=140 rows=474228 width=25 seed_bytes=17111760 seed_spans=8
2026-09-17T00:02:50.462576Z DEBUG aiur::gpu_trace: CPU trace: circuit lacks generated CUDA coverage circuit=141 rows=266407
2026-09-17T00:02:50.477281Z DEBUG aiur::gpu_trace: CPU trace: circuit lacks generated CUDA coverage circuit=125 rows=532278
2026-09-17T00:02:50.535081Z DEBUG aiur::gpu_trace: CPU trace: circuit lacks generated CUDA coverage circuit=148 rows=257365
2026-09-17T00:02:50.554855Z DEBUG aiur::gpu_trace: CPU trace: circuit lacks generated CUDA coverage circuit=161 rows=189170
2026-09-17T00:02:50.608923Z DEBUG aiur::gpu_trace: CPU trace: circuit lacks generated CUDA coverage circuit=105 rows=444844
2026-09-17T00:02:50.618842Z DEBUG aiur::gpu_trace: CPU trace: circuit lacks generated CUDA coverage circuit=115 rows=1339296
2026-09-17T00:02:50.619018Z DEBUG aiur::gpu_trace: CPU trace: circuit lacks generated CUDA coverage circuit=43 rows=65569
2026-09-17T00:02:50.640909Z DEBUG aiur::gpu_trace: CPU trace: circuit lacks generated CUDA coverage circuit=157 rows=237378
2026-09-17T00:02:50.694536Z DEBUG aiur::gpu_trace: CPU trace: circuit lacks generated CUDA coverage circuit=139 rows=217573
2026-09-17T00:02:50.754682Z DEBUG aiur::gpu_trace: CPU trace: circuit lacks generated CUDA coverage circuit=142 rows=317897
2026-09-17T00:02:50.761645Z DEBUG aiur::gpu_trace: CPU trace: circuit lacks generated CUDA coverage circuit=184 rows=258488
2026-09-17T00:02:50.879388Z DEBUG aiur/codegen_seeds{circuit=124 rows=61448}: aiur::trace_codegen::cuda: prepared generated CUDA trace circuit=124 rows=61448 width=98 seed_bytes=14213176 seed_spans=2
2026-09-17T00:02:50.890207Z DEBUG aiur::gpu_trace: CPU trace: circuit lacks generated CUDA coverage circuit=116 rows=822587
2026-09-17T00:02:50.901213Z DEBUG aiur::gpu_trace: CPU trace: circuit lacks generated CUDA coverage circuit=109 rows=1713363
2026-09-17T00:02:51.105746Z DEBUG aiur::gpu_trace: CPU trace: circuit lacks generated CUDA coverage circuit=164 rows=780872
2026-09-17T00:02:51.715679Z DEBUG aiur::gpu_trace: CPU trace: circuit lacks generated CUDA coverage circuit=153 rows=1371
2026-09-17T00:02:51.715679Z DEBUG aiur::gpu_trace: CPU trace: circuit lacks generated CUDA coverage circuit=82 rows=103437
2026-09-17T00:02:51.715679Z DEBUG aiur::gpu_trace: CPU trace: circuit lacks generated CUDA coverage circuit=76 rows=50726
2026-09-17T00:02:51.715679Z DEBUG aiur::gpu_trace: CPU trace: circuit lacks generated CUDA coverage circuit=1 rows=26755
2026-09-17T00:02:51.715681Z DEBUG aiur::gpu_trace: CPU trace: circuit lacks generated CUDA coverage circuit=85 rows=1503
2026-09-17T00:02:51.715679Z DEBUG aiur::gpu_trace: CPU trace: circuit lacks generated CUDA coverage circuit=51 rows=24976
2026-09-17T00:02:51.715679Z DEBUG aiur::gpu_trace: CPU trace: circuit lacks generated CUDA coverage circuit=18 rows=22386
2026-09-17T00:02:51.715691Z DEBUG aiur::gpu_trace: CPU trace: circuit lacks generated CUDA coverage circuit=83 rows=43731
2026-09-17T00:02:51.715702Z DEBUG aiur::gpu_trace: CPU trace: circuit lacks generated CUDA coverage circuit=31 rows=2660
2026-09-17T00:02:51.715679Z DEBUG aiur::gpu_trace: CPU trace: circuit lacks generated CUDA coverage circuit=9 rows=47216
2026-09-17T00:02:51.715849Z DEBUG aiur/codegen_seeds{circuit=63 rows=204}: aiur::trace_codegen::cuda: prepared generated CUDA trace circuit=63 rows=204 width=68 seed_bytes=42432 seed_spans=1
2026-09-17T00:02:51.716015Z DEBUG aiur::gpu_trace: CPU trace: circuit lacks generated CUDA coverage circuit=55 rows=6878
2026-09-17T00:02:51.716136Z DEBUG aiur::gpu_trace: CPU trace: circuit lacks generated CUDA coverage circuit=8 rows=32832
2026-09-17T00:02:51.716154Z DEBUG aiur::gpu_trace: CPU trace: circuit lacks generated CUDA coverage circuit=103 rows=253275
2026-09-17T00:02:51.716232Z DEBUG aiur::gpu_trace: CPU trace: circuit lacks generated CUDA coverage circuit=58 rows=8618
2026-09-17T00:02:51.716301Z DEBUG aiur::gpu_trace: CPU trace: circuit lacks generated CUDA coverage circuit=4 rows=6787
2026-09-17T00:02:51.716327Z DEBUG aiur::gpu_trace: CPU trace: circuit lacks generated CUDA coverage circuit=17 rows=21861
2026-09-17T00:02:51.716379Z DEBUG aiur::gpu_trace: CPU trace: circuit lacks generated CUDA coverage circuit=39 rows=156324
2026-09-17T00:02:51.716455Z DEBUG aiur::gpu_trace: CPU trace: circuit lacks generated CUDA coverage circuit=181 rows=382628
2026-09-17T00:02:51.716537Z DEBUG aiur::gpu_trace: CPU trace: circuit lacks generated CUDA coverage circuit=5 rows=377
2026-09-17T00:02:51.716643Z DEBUG aiur::gpu_trace: CPU trace: circuit lacks generated CUDA coverage circuit=27 rows=1842
2026-09-17T00:02:51.716803Z DEBUG aiur::gpu_trace: CPU trace: circuit lacks generated CUDA coverage circuit=35 rows=75579
2026-09-17T00:02:51.716837Z DEBUG aiur::gpu_trace: CPU trace: circuit lacks generated CUDA coverage circuit=92 rows=101982
2026-09-17T00:02:51.716917Z DEBUG aiur::gpu_trace: CPU trace: circuit lacks generated CUDA coverage circuit=67 rows=3174
2026-09-17T00:02:51.716986Z DEBUG aiur::gpu_trace: CPU trace: circuit lacks generated CUDA coverage circuit=19 rows=59494
2026-09-17T00:02:51.717015Z DEBUG aiur::gpu_trace: CPU trace: circuit lacks generated CUDA coverage circuit=143 rows=230042
2026-09-17T00:02:51.717015Z DEBUG aiur::gpu_trace: CPU trace: circuit lacks generated CUDA coverage circuit=60 rows=2232
2026-09-17T00:02:51.717132Z DEBUG aiur::gpu_trace: CPU trace: circuit lacks generated CUDA coverage circuit=96 rows=64465
2026-09-17T00:02:51.717219Z DEBUG aiur::gpu_trace: CPU trace: circuit lacks generated CUDA coverage circuit=59 rows=98991
2026-09-17T00:02:51.719592Z DEBUG aiur::gpu_trace: CPU trace: circuit lacks generated CUDA coverage circuit=86 rows=6555
2026-09-17T00:02:51.719976Z DEBUG aiur/codegen_seeds{circuit=56 rows=305}: aiur::trace_codegen::cuda: prepared generated CUDA trace circuit=56 rows=305 width=49 seed_bytes=24400 seed_spans=1
2026-09-17T00:02:51.720268Z DEBUG aiur::gpu_trace: CPU trace: circuit lacks generated CUDA coverage circuit=133 rows=213403
2026-09-17T00:02:51.721615Z DEBUG aiur::gpu_trace: CPU trace: circuit lacks generated CUDA coverage circuit=154 rows=30934
2026-09-17T00:02:51.722218Z DEBUG aiur::gpu_trace: CPU trace: circuit lacks generated CUDA coverage circuit=93 rows=28376
2026-09-17T00:02:51.723289Z DEBUG aiur::gpu_trace: CPU trace: circuit lacks generated CUDA coverage circuit=72 rows=11118
2026-09-17T00:02:51.723811Z DEBUG aiur::gpu_trace: CPU trace: circuit lacks generated CUDA coverage circuit=28 rows=4945
2026-09-17T00:02:51.731984Z DEBUG aiur::gpu_trace: CPU trace: circuit lacks generated CUDA coverage circuit=30 rows=20321
2026-09-17T00:02:51.732339Z DEBUG aiur::gpu_trace: CPU trace: circuit lacks generated CUDA coverage circuit=61 rows=9034
2026-09-17T00:02:51.732993Z DEBUG aiur::gpu_trace: CPU trace: circuit lacks generated CUDA coverage circuit=53 rows=22398
2026-09-17T00:02:51.741638Z DEBUG aiur::gpu_trace: CPU trace: circuit lacks generated CUDA coverage circuit=62 rows=358
2026-09-17T00:02:51.743294Z DEBUG aiur::gpu_trace: CPU trace: circuit lacks generated CUDA coverage circuit=155 rows=28359
2026-09-17T00:02:51.751197Z DEBUG aiur/codegen_seeds{circuit=6 rows=28377}: aiur::trace_codegen::cuda: prepared generated CUDA trace circuit=6 rows=28377 width=63 seed_bytes=5236104 seed_spans=4
2026-09-17T00:02:51.751417Z DEBUG aiur::gpu_trace: CPU trace: circuit lacks generated CUDA coverage circuit=74 rows=188
2026-09-17T00:02:51.752285Z DEBUG aiur::gpu_trace: CPU trace: circuit lacks generated CUDA coverage circuit=73 rows=19604
2026-09-17T00:02:51.753609Z DEBUG aiur::gpu_trace: CPU trace: circuit lacks generated CUDA coverage circuit=49 rows=126383
2026-09-17T00:02:51.753629Z DEBUG aiur::gpu_trace: CPU trace: circuit lacks generated CUDA coverage circuit=48 rows=26035
2026-09-17T00:02:51.756488Z DEBUG aiur::gpu_trace: CPU trace: circuit lacks generated CUDA coverage circuit=146 rows=91414
2026-09-17T00:02:51.760590Z DEBUG aiur::gpu_trace: CPU trace: circuit lacks generated CUDA coverage circuit=149 rows=227570
2026-09-17T00:02:51.760928Z DEBUG aiur::gpu_trace: CPU trace: circuit lacks generated CUDA coverage circuit=159 rows=15915
2026-09-17T00:02:51.763972Z DEBUG aiur::gpu_trace: CPU trace: circuit lacks generated CUDA coverage circuit=78 rows=11710
2026-09-17T00:02:51.765133Z DEBUG aiur::gpu_trace: CPU trace: circuit lacks generated CUDA coverage circuit=80 rows=49596
2026-09-17T00:02:51.770821Z DEBUG aiur::gpu_trace: CPU trace: circuit lacks generated CUDA coverage circuit=98 rows=194729
2026-09-17T00:02:51.776531Z DEBUG aiur::gpu_trace: CPU trace: circuit lacks generated CUDA coverage circuit=97 rows=195012
2026-09-17T00:02:51.785346Z DEBUG aiur::gpu_trace: CPU trace: circuit lacks generated CUDA coverage circuit=100 rows=130928
2026-09-17T00:02:51.797273Z DEBUG aiur::gpu_trace: CPU trace: circuit lacks generated CUDA coverage circuit=163 rows=137801
2026-09-17T00:02:51.798718Z DEBUG aiur::gpu_trace: CPU trace: circuit lacks generated CUDA coverage circuit=160 rows=16540
2026-09-17T00:02:51.802205Z DEBUG aiur::gpu_trace: CPU trace: circuit lacks generated CUDA coverage circuit=99 rows=144762
2026-09-17T00:02:51.865356Z DEBUG aiur/codegen_seeds{circuit=32 rows=235824}: aiur::trace_codegen::cuda: prepared generated CUDA trace circuit=32 rows=235824 width=21 seed_bytes=9645064 seed_spans=7
2026-09-17T00:02:53.297460Z DEBUG aiur::gpu_trace: CPU trace: circuit lacks generated CUDA coverage circuit=75 rows=33
2026-09-17T00:02:53.297471Z DEBUG aiur::gpu_trace: CPU trace: circuit lacks generated CUDA coverage circuit=176 rows=1
2026-09-17T00:02:53.297716Z DEBUG aiur::gpu_trace: CPU trace: circuit lacks generated CUDA coverage circuit=90 rows=75467
2026-09-17T00:02:53.298208Z DEBUG aiur::gpu_trace: CPU trace: circuit lacks generated CUDA coverage circuit=79 rows=2
2026-09-17T00:02:53.348650Z DEBUG aiur/codegen_seeds{circuit=16 rows=1048576}: aiur::trace_codegen::cuda: prepared generated CUDA trace circuit=16 rows=1048576 width=533 seed_bytes=184549376 seed_spans=16
2026-09-17T00:02:53.550714Z DEBUG aiur/codegen_seeds{circuit=117 rows=12699666}: aiur::trace_codegen::cuda: prepared generated CUDA trace circuit=117 rows=12699666 width=15 seed_bytes=609583968 seed_spans=194
2026-09-17T00:02:53.551518Z DEBUG aiur::gpu_trace: CPU trace: circuit lacks generated CUDA coverage circuit=3 rows=7
2026-09-17T00:02:53.551522Z DEBUG aiur::gpu_trace: CPU trace: circuit lacks generated CUDA coverage circuit=57 rows=304
2026-09-17T00:02:53.551528Z DEBUG aiur::gpu_trace: CPU trace: circuit lacks generated CUDA coverage circuit=7 rows=13162
2026-09-17T00:02:53.552171Z DEBUG aiur::gpu_trace: CPU trace: circuit lacks generated CUDA coverage circuit=64 rows=99
2026-09-17T00:02:53.552527Z DEBUG aiur::gpu_trace: CPU trace: circuit lacks generated CUDA coverage circuit=129 rows=339422
2026-09-17T00:02:53.552533Z DEBUG aiur::gpu_trace: CPU trace: circuit lacks generated CUDA coverage circuit=91 rows=5100597
2026-09-17T00:02:53.553863Z DEBUG aiur::gpu_trace: CPU trace: circuit lacks generated CUDA coverage circuit=136 rows=31882
2026-09-17T00:02:53.599218Z DEBUG aiur/codegen_seeds{circuit=16 rows=1048576}: aiur::trace_codegen::cuda: prepared generated CUDA trace circuit=16 rows=1048576 width=533 seed_bytes=184549376 seed_spans=16
2026-09-17T00:02:56.111973Z DEBUG aiur::gpu_trace: CPU trace: circuit lacks generated CUDA coverage circuit=26 rows=19
2026-09-17T00:02:56.112268Z DEBUG aiur::gpu_trace: CPU trace: circuit lacks generated CUDA coverage circuit=77 rows=15
2026-09-17T00:02:56.113756Z DEBUG aiur::gpu_trace: CPU trace: circuit lacks generated CUDA coverage circuit=150 rows=1145750
2026-09-17T00:02:56.114108Z DEBUG aiur::gpu_trace: CPU trace: circuit lacks generated CUDA coverage circuit=22 rows=31
2026-09-17T00:02:56.159465Z DEBUG aiur/codegen_seeds{circuit=16 rows=1048576}: aiur::trace_codegen::cuda: prepared generated CUDA trace circuit=16 rows=1048576 width=533 seed_bytes=184549376 seed_spans=16
2026-09-17T00:02:56.731233Z DEBUG aiur/codegen_seeds{circuit=12 rows=16777216}: aiur::trace_codegen::cuda: prepared generated CUDA trace circuit=12 rows=16777216 width=17 seed_bytes=1342177280 seed_spans=256
2026-09-17T00:02:59.107439Z DEBUG aiur::gpu_trace: CPU trace: circuit lacks generated CUDA coverage circuit=68 rows=16
2026-09-17T00:02:59.108565Z DEBUG aiur::gpu_trace: CPU trace: circuit lacks generated CUDA coverage circuit=94 rows=15788
2026-09-17T00:02:59.108736Z DEBUG aiur::gpu_trace: CPU trace: circuit lacks generated CUDA coverage circuit=158 rows=8712
2026-09-17T00:02:59.108944Z DEBUG aiur::gpu_trace: CPU trace: circuit lacks generated CUDA coverage circuit=126 rows=446516
2026-09-17T00:02:59.154800Z DEBUG aiur/codegen_seeds{circuit=16 rows=905944}: aiur::trace_codegen::cuda: prepared generated CUDA trace circuit=16 rows=905944 width=533 seed_bytes=159446144 seed_spans=14
2026-09-17T00:02:59.552121Z DEBUG aiur/codegen_seeds{circuit=12 rows=11961305}: aiur::trace_codegen::cuda: prepared generated CUDA trace circuit=12 rows=11961305 width=17 seed_bytes=956904400 seed_spans=183
2026-09-17T00:03:01.843594Z DEBUG aiur::gpu_trace: CPU trace: circuit lacks generated CUDA coverage circuit=69 rows=16
2026-09-17T00:03:01.844317Z DEBUG aiur::gpu_trace: CPU trace: circuit lacks generated CUDA coverage circuit=70 rows=16
2026-09-17T00:03:01.844765Z DEBUG aiur::gpu_trace: CPU trace: circuit lacks generated CUDA coverage circuit=71 rows=16
2026-09-17T00:03:01.845184Z DEBUG aiur::gpu_trace: CPU trace: circuit lacks generated CUDA coverage circuit=47 rows=362339
2026-09-17T00:03:01.846006Z DEBUG aiur::gpu_trace: CPU trace: circuit lacks generated CUDA coverage circuit=87 rows=12
2026-09-17T00:03:02.387489Z DEBUG aiur/codegen_seeds{circuit=119 rows=9771112}: aiur::trace_codegen::cuda: prepared generated CUDA trace circuit=119 rows=9771112 width=20 seed_bytes=547182272 seed_spans=150
2026-09-17T00:03:02.394466Z DEBUG aiur/codegen_seeds{circuit=38 rows=4629033}: aiur::trace_codegen::cuda: prepared generated CUDA trace circuit=38 rows=4629033 width=27 seed_bytes=851742072 seed_spans=71
2026-09-17T00:03:02.586297Z DEBUG aiur/codegen_seeds{circuit=42 rows=6586741}: aiur::trace_codegen::cuda: prepared generated CUDA trace circuit=42 rows=6586741 width=49 seed_bytes=1791593552 seed_spans=107
2026-09-17T00:03:04.493522Z DEBUG aiur::gpu_trace: CPU trace: circuit lacks generated CUDA coverage circuit=138 rows=713933
2026-09-17T00:03:04.925037Z DEBUG aiur/codegen_seeds{circuit=107 rows=5046546}: aiur::trace_codegen::cuda: prepared generated CUDA trace circuit=107 rows=5046546 width=23 seed_bytes=282606576 seed_spans=78
2026-09-17T00:03:04.926849Z DEBUG aiur/codegen_seeds{circuit=177 rows=6293918}: aiur::trace_codegen::cuda: prepared generated CUDA trace circuit=177 rows=6293918 width=10 seed_bytes=302108064 seed_spans=97
2026-09-17T00:03:04.965684Z DEBUG aiur/codegen_seeds{circuit=101 rows=5539615}: aiur::trace_codegen::cuda: prepared generated CUDA trace circuit=101 rows=5539615 width=19 seed_bytes=354535360 seed_spans=85
2026-09-17T00:03:04.969317Z DEBUG aiur/codegen_seeds{circuit=36 rows=6609473}: aiur::trace_codegen::cuda: prepared generated CUDA trace circuit=36 rows=6609473 width=25 seed_bytes=634509408 seed_spans=101
2026-09-17T00:03:05.053275Z DEBUG aiur/codegen_seeds{circuit=170 rows=15815678}: aiur::trace_codegen::cuda: prepared generated CUDA trace circuit=170 rows=15815678 width=11 seed_bytes=632627120 seed_spans=242
2026-09-17T00:03:08.038834Z DEBUG aiur::gpu_trace: CPU trace: circuit lacks generated CUDA coverage circuit=145 rows=257178
2026-09-17T00:03:08.386735Z DEBUG aiur/codegen_seeds{circuit=102 rows=1233322}: aiur::trace_codegen::cuda: prepared generated CUDA trace circuit=102 rows=1233322 width=43 seed_bytes=49332880 seed_spans=19
2026-09-17T00:03:08.401692Z DEBUG aiur/codegen_seeds{circuit=106 rows=5236793}: aiur::trace_codegen::cuda: prepared generated CUDA trace circuit=106 rows=5236793 width=9 seed_bytes=167577376 seed_spans=80
2026-09-17T00:03:08.405578Z DEBUG aiur/codegen_seeds{circuit=112 rows=3351648}: aiur::trace_codegen::cuda: prepared generated CUDA trace circuit=112 rows=3351648 width=31 seed_bytes=241318656 seed_spans=52
2026-09-17T00:03:08.415994Z DEBUG aiur/codegen_seeds{circuit=178 rows=4406516}: aiur::trace_codegen::cuda: prepared generated CUDA trace circuit=178 rows=4406516 width=10 seed_bytes=211512768 seed_spans=68
2026-09-17T00:03:08.421489Z DEBUG aiur/codegen_seeds{circuit=162 rows=2173375}: aiur::trace_codegen::cuda: prepared generated CUDA trace circuit=162 rows=2173375 width=33 seed_bytes=260805000 seed_spans=34
2026-09-17T00:03:08.495809Z DEBUG aiur/codegen_seeds{circuit=33 rows=6140427}: aiur::trace_codegen::cuda: prepared generated CUDA trace circuit=33 rows=6140427 width=18 seed_bytes=687727824 seed_spans=94
2026-09-17T00:03:11.181312Z DEBUG aiur::gpu_trace: CPU trace: circuit lacks generated CUDA coverage circuit=120 rows=2332114
2026-09-17T00:03:11.182619Z DEBUG aiur::gpu_trace: CPU trace: circuit lacks generated CUDA coverage circuit=40 rows=110945
2026-09-17T00:03:11.183292Z DEBUG aiur::gpu_trace: CPU trace: circuit lacks generated CUDA coverage circuit=167 rows=1873085
2026-09-17T00:03:11.183626Z DEBUG aiur::gpu_trace: CPU trace: circuit lacks generated CUDA coverage circuit=168 rows=1399631
2026-09-17T00:03:11.184000Z DEBUG aiur::gpu_trace: CPU trace: circuit lacks generated CUDA coverage circuit=20 rows=854779
2026-09-17T00:03:11.184122Z DEBUG aiur::gpu_trace: CPU trace: circuit lacks generated CUDA coverage circuit=24 rows=908138
2026-09-17T00:03:11.641266Z DEBUG aiur/codegen_seeds{circuit=15 rows=425142}: aiur::trace_codegen::cuda: prepared generated CUDA trace circuit=15 rows=425142 width=177 seed_bytes=173457936 seed_spans=11
2026-09-17T00:03:11.665031Z DEBUG aiur/codegen_seeds{circuit=183 rows=7272697}: aiur::trace_codegen::cuda: prepared generated CUDA trace circuit=183 rows=7272697 width=10 seed_bytes=349089456 seed_spans=111
2026-09-17T00:03:11.667366Z DEBUG aiur/codegen_seeds{circuit=13 rows=400257}: aiur::trace_codegen::cuda: prepared generated CUDA trace circuit=13 rows=400257 width=195 seed_bytes=339417936 seed_spans=21
2026-09-17T00:03:14.422044Z DEBUG aiur::gpu_trace: CPU trace: circuit lacks generated CUDA coverage circuit=179 rows=2959760
2026-09-17T00:03:14.422052Z DEBUG aiur::gpu_trace: CPU trace: circuit lacks generated CUDA coverage circuit=166 rows=1607107
2026-09-17T00:03:14.422515Z DEBUG aiur::gpu_trace: CPU trace: circuit lacks generated CUDA coverage circuit=110 rows=1209604
2026-09-17T00:03:14.423222Z DEBUG aiur::gpu_trace: CPU trace: circuit lacks generated CUDA coverage circuit=122 rows=1662709
2026-09-17T00:03:14.423717Z DEBUG aiur::gpu_trace: CPU trace: circuit lacks generated CUDA coverage circuit=34 rows=1152953
2026-09-17T00:03:14.423796Z DEBUG aiur::gpu_trace: CPU trace: circuit lacks generated CUDA coverage circuit=44 rows=384342
2026-09-17T00:03:14.423969Z DEBUG aiur::gpu_trace: CPU trace: circuit lacks generated CUDA coverage circuit=37 rows=1081649
2026-09-17T00:03:14.424167Z DEBUG aiur::gpu_trace: CPU trace: circuit lacks generated CUDA coverage circuit=134 rows=239238
2026-09-17T00:03:14.424568Z DEBUG aiur::gpu_trace: CPU trace: circuit lacks generated CUDA coverage circuit=113 rows=1097921
2026-09-17T00:03:14.424683Z DEBUG aiur::gpu_trace: CPU trace: circuit lacks generated CUDA coverage circuit=135 rows=3998
2026-09-17T00:03:14.426170Z DEBUG aiur::gpu_trace: CPU trace: circuit lacks generated CUDA coverage circuit=50 rows=3316
2026-09-17T00:03:15.099695Z DEBUG aiur/codegen_seeds{circuit=111 rows=3555642}: aiur::trace_codegen::cuda: prepared generated CUDA trace circuit=111 rows=3555642 width=11 seed_bytes=142225680 seed_spans=55
2026-09-17T00:03:15.105205Z DEBUG aiur/codegen_seeds{circuit=88 rows=2419252}: aiur::trace_codegen::cuda: prepared generated CUDA trace circuit=88 rows=2419252 width=10 seed_bytes=116124096 seed_spans=37
2026-09-17T00:03:15.112532Z DEBUG aiur/codegen_seeds{circuit=118 rows=3297187}: aiur::trace_codegen::cuda: prepared generated CUDA trace circuit=118 rows=3297187 width=10 seed_bytes=158264976 seed_spans=51
2026-09-17T00:03:15.128301Z DEBUG aiur/codegen_seeds{circuit=45 rows=1507309}: aiur::trace_codegen::cuda: prepared generated CUDA trace circuit=45 rows=1507309 width=26 seed_bytes=265286384 seed_spans=23
2026-09-17T00:03:15.135987Z DEBUG aiur/codegen_seeds{circuit=180 rows=3622920}: aiur::trace_codegen::cuda: prepared generated CUDA trace circuit=180 rows=3622920 width=8 seed_bytes=173900160 seed_spans=56
2026-09-17T00:03:15.139146Z DEBUG aiur/codegen_seeds{circuit=54 rows=3372270}: aiur::trace_codegen::cuda: prepared generated CUDA trace circuit=54 rows=3372270 width=11 seed_bytes=188847120 seed_spans=52
2026-09-17T00:03:18.762419Z DEBUG aiur::gpu_trace: CPU trace: circuit lacks generated CUDA coverage circuit=0 rows=136036
2026-09-17T00:03:18.762453Z DEBUG aiur::gpu_trace: CPU trace: circuit lacks generated CUDA coverage circuit=25 rows=68380
2026-09-17T00:03:18.762474Z DEBUG aiur::gpu_trace: CPU trace: circuit lacks generated CUDA coverage circuit=127 rows=436663
2026-09-17T00:03:18.762476Z DEBUG aiur::gpu_trace: CPU trace: circuit lacks generated CUDA coverage circuit=156 rows=227970
2026-09-17T00:03:18.762485Z DEBUG aiur::gpu_trace: CPU trace: circuit lacks generated CUDA coverage circuit=169 rows=1313302
2026-09-17T00:03:18.762509Z DEBUG aiur::gpu_trace: CPU trace: circuit lacks generated CUDA coverage circuit=114 rows=431091
2026-09-17T00:03:18.762980Z DEBUG aiur::gpu_trace: CPU trace: circuit lacks generated CUDA coverage circuit=2 rows=186190
2026-09-17T00:03:18.763057Z DEBUG aiur::gpu_trace: CPU trace: circuit lacks generated CUDA coverage circuit=10 rows=36458
2026-09-17T00:03:18.763275Z DEBUG aiur::gpu_trace: CPU trace: circuit lacks generated CUDA coverage circuit=14 rows=1101513
2026-09-17T00:03:18.763317Z DEBUG aiur::gpu_trace: CPU trace: circuit lacks generated CUDA coverage circuit=11 rows=169166
2026-09-17T00:03:18.763346Z DEBUG aiur::gpu_trace: CPU trace: circuit lacks generated CUDA coverage circuit=121 rows=438926
2026-09-17T00:03:18.763358Z DEBUG aiur::gpu_trace: CPU trace: circuit lacks generated CUDA coverage circuit=164 rows=780872
2026-09-17T00:03:18.763684Z DEBUG aiur::gpu_trace: CPU trace: circuit lacks generated CUDA coverage circuit=23 rows=83894
2026-09-17T00:03:18.763692Z DEBUG aiur::gpu_trace: CPU trace: circuit lacks generated CUDA coverage circuit=52 rows=153516
2026-09-17T00:03:18.763714Z DEBUG aiur::gpu_trace: CPU trace: circuit lacks generated CUDA coverage circuit=161 rows=189170
2026-09-17T00:03:18.763739Z DEBUG aiur::gpu_trace: CPU trace: circuit lacks generated CUDA coverage circuit=108 rows=530178
2026-09-17T00:03:18.763796Z DEBUG aiur::gpu_trace: CPU trace: circuit lacks generated CUDA coverage circuit=104 rows=179314
2026-09-17T00:03:18.763830Z DEBUG aiur::gpu_trace: CPU trace: circuit lacks generated CUDA coverage circuit=123 rows=226134
2026-09-17T00:03:18.763944Z DEBUG aiur::gpu_trace: CPU trace: circuit lacks generated CUDA coverage circuit=182 rows=460244
2026-09-17T00:03:18.763984Z DEBUG aiur::gpu_trace: CPU trace: circuit lacks generated CUDA coverage circuit=81 rows=111119
2026-09-17T00:03:18.764000Z DEBUG aiur::gpu_trace: CPU trace: circuit lacks generated CUDA coverage circuit=115 rows=1339296
2026-09-17T00:03:18.764024Z DEBUG aiur::gpu_trace: CPU trace: circuit lacks generated CUDA coverage circuit=46 rows=165428
2026-09-17T00:03:18.764045Z DEBUG aiur::gpu_trace: CPU trace: circuit lacks generated CUDA coverage circuit=105 rows=444844
2026-09-17T00:03:18.764053Z DEBUG aiur::gpu_trace: CPU trace: circuit lacks generated CUDA coverage circuit=157 rows=237378
2026-09-17T00:03:18.764123Z DEBUG aiur::gpu_trace: CPU trace: circuit lacks generated CUDA coverage circuit=89 rows=99720
2026-09-17T00:03:18.764161Z DEBUG aiur::gpu_trace: CPU trace: circuit lacks generated CUDA coverage circuit=41 rows=415072
2026-09-17T00:03:18.764262Z DEBUG aiur::gpu_trace: CPU trace: circuit lacks generated CUDA coverage circuit=125 rows=532278
2026-09-17T00:03:18.767155Z DEBUG aiur::gpu_trace: CPU trace: circuit lacks generated CUDA coverage circuit=116 rows=822587
2026-09-17T00:03:18.767356Z DEBUG aiur::gpu_trace: CPU trace: circuit lacks generated CUDA coverage circuit=43 rows=65569
2026-09-17T00:03:18.845768Z DEBUG aiur/codegen_seeds{circuit=124 rows=61448}: aiur::trace_codegen::cuda: prepared generated CUDA trace circuit=124 rows=61448 width=98 seed_bytes=14213176 seed_spans=2
2026-09-17T00:03:18.945270Z DEBUG aiur::gpu_trace: CPU trace: circuit lacks generated CUDA coverage circuit=65 rows=94436
2026-09-17T00:03:19.015264Z DEBUG aiur::gpu_trace: CPU trace: circuit lacks generated CUDA coverage circuit=95 rows=24713
2026-09-17T00:03:19.023966Z DEBUG aiur/codegen_seeds{circuit=140 rows=474228}: aiur::trace_codegen::cuda: prepared generated CUDA trace circuit=140 rows=474228 width=25 seed_bytes=17111760 seed_spans=8
2026-09-17T00:03:19.024002Z DEBUG aiur::gpu_trace: CPU trace: circuit lacks generated CUDA coverage circuit=141 rows=266407
2026-09-17T00:03:19.048782Z DEBUG aiur::gpu_trace: CPU trace: circuit lacks generated CUDA coverage circuit=184 rows=258488
2026-09-17T00:03:19.087747Z DEBUG aiur::gpu_trace: CPU trace: circuit lacks generated CUDA coverage circuit=66 rows=753
2026-09-17T00:03:19.095750Z DEBUG aiur::gpu_trace: CPU trace: circuit lacks generated CUDA coverage circuit=109 rows=1713363
2026-09-17T00:03:19.286699Z DEBUG aiur::gpu_trace: CPU trace: circuit lacks generated CUDA coverage circuit=147 rows=226531
2026-09-17T00:03:19.339685Z DEBUG aiur::gpu_trace: CPU trace: circuit lacks generated CUDA coverage circuit=137 rows=227483
2026-09-17T00:03:19.341993Z DEBUG aiur::gpu_trace: CPU trace: circuit lacks generated CUDA coverage circuit=130 rows=235475
2026-09-17T00:03:19.353426Z DEBUG aiur::gpu_trace: CPU trace: circuit lacks generated CUDA coverage circuit=128 rows=230802
2026-09-17T00:03:19.358197Z DEBUG aiur::gpu_trace: CPU trace: circuit lacks generated CUDA coverage circuit=144 rows=230199
2026-09-17T00:03:19.374264Z DEBUG aiur::gpu_trace: CPU trace: circuit lacks generated CUDA coverage circuit=139 rows=217573
2026-09-17T00:03:19.374938Z DEBUG aiur::gpu_trace: CPU trace: circuit lacks generated CUDA coverage circuit=151 rows=800138
2026-09-17T00:03:19.401528Z DEBUG aiur::gpu_trace: CPU trace: circuit lacks generated CUDA coverage circuit=148 rows=257365
2026-09-17T00:03:19.409730Z DEBUG aiur::gpu_trace: CPU trace: circuit lacks generated CUDA coverage circuit=131 rows=391965
2026-09-17T00:03:19.415529Z DEBUG aiur::gpu_trace: CPU trace: circuit lacks generated CUDA coverage circuit=142 rows=317897
2026-09-17T00:03:19.451149Z DEBUG aiur::gpu_trace: CPU trace: circuit lacks generated CUDA coverage circuit=152 rows=665982
2026-09-17T00:03:19.546128Z DEBUG aiur::gpu_trace: CPU trace: circuit lacks generated CUDA coverage circuit=132 rows=1097053
2026-09-17T00:03:22.552667Z DEBUG aiur::gpu_trace: CPU trace: circuit lacks generated CUDA coverage circuit=1 rows=26755
2026-09-17T00:03:22.552685Z DEBUG aiur::gpu_trace: CPU trace: circuit lacks generated CUDA coverage circuit=76 rows=50726
2026-09-17T00:03:22.552689Z DEBUG aiur::gpu_trace: CPU trace: circuit lacks generated CUDA coverage circuit=4 rows=6787
2026-09-17T00:03:22.552694Z DEBUG aiur::gpu_trace: CPU trace: circuit lacks generated CUDA coverage circuit=8 rows=32832
2026-09-17T00:03:22.552685Z DEBUG aiur::gpu_trace: CPU trace: circuit lacks generated CUDA coverage circuit=31 rows=2660
2026-09-17T00:03:22.552687Z DEBUG aiur::gpu_trace: CPU trace: circuit lacks generated CUDA coverage circuit=133 rows=213403
2026-09-17T00:03:22.552670Z DEBUG aiur::gpu_trace: CPU trace: circuit lacks generated CUDA coverage circuit=9 rows=47216
2026-09-17T00:03:22.552692Z DEBUG aiur::gpu_trace: CPU trace: circuit lacks generated CUDA coverage circuit=159 rows=15915
2026-09-17T00:03:22.552682Z DEBUG aiur::gpu_trace: CPU trace: circuit lacks generated CUDA coverage circuit=51 rows=24976
2026-09-17T00:03:22.552688Z DEBUG aiur::gpu_trace: CPU trace: circuit lacks generated CUDA coverage circuit=153 rows=1371
2026-09-17T00:03:22.552873Z DEBUG aiur/codegen_seeds{circuit=63 rows=204}: aiur::trace_codegen::cuda: prepared generated CUDA trace circuit=63 rows=204 width=68 seed_bytes=42432 seed_spans=1
2026-09-17T00:03:22.553127Z DEBUG aiur::gpu_trace: CPU trace: circuit lacks generated CUDA coverage circuit=35 rows=75579
2026-09-17T00:03:22.553383Z DEBUG aiur::gpu_trace: CPU trace: circuit lacks generated CUDA coverage circuit=103 rows=253275
2026-09-17T00:03:22.553496Z DEBUG aiur::gpu_trace: CPU trace: circuit lacks generated CUDA coverage circuit=181 rows=382628
2026-09-17T00:03:22.553641Z DEBUG aiur::gpu_trace: CPU trace: circuit lacks generated CUDA coverage circuit=72 rows=11118
2026-09-17T00:03:22.553774Z DEBUG aiur::gpu_trace: CPU trace: circuit lacks generated CUDA coverage circuit=27 rows=1842
2026-09-17T00:03:22.553831Z DEBUG aiur::gpu_trace: CPU trace: circuit lacks generated CUDA coverage circuit=39 rows=156324
2026-09-17T00:03:22.553914Z DEBUG aiur::gpu_trace: CPU trace: circuit lacks generated CUDA coverage circuit=74 rows=188
2026-09-17T00:03:22.554063Z DEBUG aiur::gpu_trace: CPU trace: circuit lacks generated CUDA coverage circuit=143 rows=230042
2026-09-17T00:03:22.554078Z DEBUG aiur::gpu_trace: CPU trace: circuit lacks generated CUDA coverage circuit=163 rows=137801
2026-09-17T00:03:22.554153Z DEBUG aiur::gpu_trace: CPU trace: circuit lacks generated CUDA coverage circuit=92 rows=101982
2026-09-17T00:03:22.554166Z DEBUG aiur::gpu_trace: CPU trace: circuit lacks generated CUDA coverage circuit=5 rows=377
2026-09-17T00:03:22.554193Z DEBUG aiur::gpu_trace: CPU trace: circuit lacks generated CUDA coverage circuit=73 rows=19604
2026-09-17T00:03:22.554395Z DEBUG aiur::gpu_trace: CPU trace: circuit lacks generated CUDA coverage circuit=67 rows=3174
2026-09-17T00:03:22.554415Z DEBUG aiur::gpu_trace: CPU trace: circuit lacks generated CUDA coverage circuit=17 rows=21861
2026-09-17T00:03:22.556538Z DEBUG aiur::gpu_trace: CPU trace: circuit lacks generated CUDA coverage circuit=48 rows=26035
2026-09-17T00:03:22.557447Z DEBUG aiur::gpu_trace: CPU trace: circuit lacks generated CUDA coverage circuit=154 rows=30934
2026-09-17T00:03:22.557979Z DEBUG aiur::gpu_trace: CPU trace: circuit lacks generated CUDA coverage circuit=146 rows=91414
2026-09-17T00:03:22.558136Z DEBUG aiur::gpu_trace: CPU trace: circuit lacks generated CUDA coverage circuit=155 rows=28359
2026-09-17T00:03:22.558285Z DEBUG aiur::gpu_trace: CPU trace: circuit lacks generated CUDA coverage circuit=149 rows=227570
2026-09-17T00:03:22.558451Z DEBUG aiur/codegen_seeds{circuit=32 rows=235824}: aiur::gpu_trace: CPU trace: circuit lacks generated CUDA coverage circuit=28 rows=4945
2026-09-17T00:03:22.558787Z DEBUG aiur::gpu_trace: CPU trace: circuit lacks generated CUDA coverage circuit=160 rows=16540
2026-09-17T00:03:22.561288Z DEBUG aiur::gpu_trace: CPU trace: circuit lacks generated CUDA coverage circuit=58 rows=8618
2026-09-17T00:03:22.561404Z DEBUG aiur::gpu_trace: CPU trace: circuit lacks generated CUDA coverage circuit=30 rows=20321
2026-09-17T00:03:22.561499Z DEBUG aiur::gpu_trace: CPU trace: circuit lacks generated CUDA coverage circuit=96 rows=64465
2026-09-17T00:03:22.565125Z DEBUG aiur::gpu_trace: CPU trace: circuit lacks generated CUDA coverage circuit=49 rows=126383
2026-09-17T00:03:22.570812Z DEBUG aiur::gpu_trace: CPU trace: circuit lacks generated CUDA coverage circuit=98 rows=194729
2026-09-17T00:03:22.574344Z DEBUG aiur/codegen_seeds{circuit=32 rows=235824}: aiur::gpu_trace: CPU trace: circuit lacks generated CUDA coverage circuit=93 rows=28376
2026-09-17T00:03:22.574858Z DEBUG aiur/codegen_seeds{circuit=6 rows=28377}: aiur::gpu_trace: CPU trace: circuit lacks generated CUDA coverage circuit=60 rows=2232
2026-09-17T00:03:22.577316Z DEBUG aiur/codegen_seeds{circuit=6 rows=28377}: aiur::gpu_trace: CPU trace: circuit lacks generated CUDA coverage circuit=61 rows=9034
2026-09-17T00:03:22.587662Z DEBUG aiur/codegen_seeds{circuit=6 rows=28377}: aiur::gpu_trace: CPU trace: circuit lacks generated CUDA coverage circuit=62 rows=358
2026-09-17T00:03:22.591986Z DEBUG aiur::gpu_trace: CPU trace: circuit lacks generated CUDA coverage circuit=59 rows=98991
2026-09-17T00:03:22.595797Z DEBUG aiur::gpu_trace: CPU trace: circuit lacks generated CUDA coverage circuit=82 rows=103437
2026-09-17T00:03:22.595957Z DEBUG aiur::gpu_trace: CPU trace: circuit lacks generated CUDA coverage circuit=80 rows=49596
2026-09-17T00:03:22.596481Z DEBUG aiur::gpu_trace: CPU trace: circuit lacks generated CUDA coverage circuit=97 rows=195012
2026-09-17T00:03:22.601773Z DEBUG aiur::gpu_trace: CPU trace: circuit lacks generated CUDA coverage circuit=78 rows=11710
2026-09-17T00:03:22.611858Z DEBUG aiur::gpu_trace: CPU trace: circuit lacks generated CUDA coverage circuit=85 rows=1503
2026-09-17T00:03:22.613291Z DEBUG aiur::gpu_trace: CPU trace: circuit lacks generated CUDA coverage circuit=86 rows=6555
2026-09-17T00:03:22.614956Z DEBUG aiur/codegen_seeds{circuit=6 rows=28377}: aiur::trace_codegen::cuda: prepared generated CUDA trace circuit=6 rows=28377 width=63 seed_bytes=5236104 seed_spans=4
2026-09-17T00:03:22.615670Z DEBUG aiur::gpu_trace: CPU trace: circuit lacks generated CUDA coverage circuit=18 rows=22386
2026-09-17T00:03:22.635849Z DEBUG aiur::gpu_trace: CPU trace: circuit lacks generated CUDA coverage circuit=19 rows=59494
2026-09-17T00:03:22.642345Z DEBUG aiur::gpu_trace: CPU trace: circuit lacks generated CUDA coverage circuit=100 rows=130928
2026-09-17T00:03:22.658213Z DEBUG aiur::gpu_trace: CPU trace: circuit lacks generated CUDA coverage circuit=83 rows=43731
2026-09-17T00:03:22.659002Z DEBUG aiur/codegen_seeds{circuit=32 rows=235824}: aiur::gpu_trace: CPU trace: circuit lacks generated CUDA coverage circuit=55 rows=6878
2026-09-17T00:03:22.662556Z DEBUG aiur/codegen_seeds{circuit=56 rows=305}: aiur::trace_codegen::cuda: prepared generated CUDA trace circuit=56 rows=305 width=49 seed_bytes=24400 seed_spans=1
2026-09-17T00:03:22.667231Z DEBUG aiur::gpu_trace: CPU trace: circuit lacks generated CUDA coverage circuit=99 rows=144762
2026-09-17T00:03:22.669226Z DEBUG aiur::gpu_trace: CPU trace: circuit lacks generated CUDA coverage circuit=53 rows=22398
2026-09-17T00:03:22.705022Z DEBUG aiur/codegen_seeds{circuit=32 rows=235824}: aiur::trace_codegen::cuda: prepared generated CUDA trace circuit=32 rows=235824 width=21 seed_bytes=9645064 seed_spans=7
[lanes] worker 0: claim 0 proven at +204s (2 left)
[trace-shards] 9 shards, 1500000000 committed cells: record 19464827503 B in shared pool, host workspace 16678134938 B of 26088568116 B reserved per prover; regenerating round 2
[lanes] executor 0: claim 3 executed in 107.0s, record 19464827503 B (18.1 GiB) at +220s
[lanes] join 2 dispatched at +220s
[lanes] worker 0: claim 3 proving started at +220s
[lanes] executor 0: join 2 execution started at +220s
[aggregate] structural-joining slots 0, 1 into 2
2026-09-17T00:03:43.239753Z DEBUG aiur::gpu_trace: CPU trace: circuit lacks generated CUDA coverage circuit=79 rows=2
2026-09-17T00:03:43.240039Z DEBUG aiur::gpu_trace: CPU trace: circuit lacks generated CUDA coverage circuit=176 rows=1
2026-09-17T00:03:43.240797Z DEBUG aiur::gpu_trace: CPU trace: circuit lacks generated CUDA coverage circuit=22 rows=40
2026-09-17T00:03:43.241047Z DEBUG aiur::gpu_trace: CPU trace: circuit lacks generated CUDA coverage circuit=90 rows=71405
2026-09-17T00:03:43.299932Z DEBUG aiur/codegen_seeds{circuit=16 rows=1048576}: aiur::trace_codegen::cuda: prepared generated CUDA trace circuit=16 rows=1048576 width=533 seed_bytes=184549376 seed_spans=16
2026-09-17T00:03:43.472190Z DEBUG aiur/codegen_seeds{circuit=117 rows=10717034}: aiur::trace_codegen::cuda: prepared generated CUDA trace circuit=117 rows=10717034 width=15 seed_bytes=514417632 seed_spans=164
2026-09-17T00:03:43.472982Z DEBUG aiur::gpu_trace: CPU trace: circuit lacks generated CUDA coverage circuit=26 rows=5
2026-09-17T00:03:43.473364Z DEBUG aiur::gpu_trace: CPU trace: circuit lacks generated CUDA coverage circuit=153 rows=987
2026-09-17T00:03:43.473955Z DEBUG aiur::gpu_trace: CPU trace: circuit lacks generated CUDA coverage circuit=53 rows=13607
2026-09-17T00:03:43.474322Z DEBUG aiur::gpu_trace: CPU trace: circuit lacks generated CUDA coverage circuit=91 rows=4288836
2026-09-17T00:03:43.474902Z DEBUG aiur::gpu_trace: CPU trace: circuit lacks generated CUDA coverage circuit=129 rows=305895
2026-09-17T00:03:43.475058Z DEBUG aiur::gpu_trace: CPU trace: circuit lacks generated CUDA coverage circuit=50 rows=956
2026-09-17T00:03:43.537291Z DEBUG aiur/codegen_seeds{circuit=16 rows=1048576}: aiur::trace_codegen::cuda: prepared generated CUDA trace circuit=16 rows=1048576 width=533 seed_bytes=184549376 seed_spans=16
2026-09-17T00:03:44.248474Z DEBUG aiur::gpu_trace: CPU trace: circuit lacks generated CUDA coverage circuit=34 rows=806750
2026-09-17T00:03:44.249139Z DEBUG aiur::gpu_trace: CPU trace: circuit lacks generated CUDA coverage circuit=60 rows=51
2026-09-17T00:03:44.250079Z DEBUG aiur::gpu_trace: CPU trace: circuit lacks generated CUDA coverage circuit=75 rows=5
2026-09-17T00:03:44.294931Z DEBUG aiur/codegen_seeds{circuit=16 rows=774008}: aiur::trace_codegen::cuda: prepared generated CUDA trace circuit=16 rows=774008 width=533 seed_bytes=136225408 seed_spans=12
2026-09-17T00:03:44.822126Z DEBUG aiur/codegen_seeds{circuit=12 rows=16777216}: aiur::trace_codegen::cuda: prepared generated CUDA trace circuit=12 rows=16777216 width=17 seed_bytes=1342177280 seed_spans=256
2026-09-17T00:03:45.252015Z DEBUG aiur::gpu_trace: CPU trace: circuit lacks generated CUDA coverage circuit=52 rows=136816
2026-09-17T00:03:45.252260Z DEBUG aiur::gpu_trace: CPU trace: circuit lacks generated CUDA coverage circuit=27 rows=2112
2026-09-17T00:03:45.252812Z DEBUG aiur::gpu_trace: CPU trace: circuit lacks generated CUDA coverage circuit=84 rows=42
2026-09-17T00:03:45.252899Z DEBUG aiur::gpu_trace: CPU trace: circuit lacks generated CUDA coverage circuit=110 rows=3009599
2026-09-17T00:03:45.253229Z DEBUG aiur/codegen_seeds{circuit=56 rows=42}: aiur::trace_codegen::cuda: prepared generated CUDA trace circuit=56 rows=42 width=49 seed_bytes=3360 seed_spans=1
2026-09-17T00:03:45.755962Z DEBUG aiur/codegen_seeds{circuit=170 rows=10342533}: aiur::trace_codegen::cuda: prepared generated CUDA trace circuit=170 rows=10342533 width=11 seed_bytes=413701320 seed_spans=158
2026-09-17T00:03:45.768099Z DEBUG aiur/codegen_seeds{circuit=112 rows=6880798}: aiur::trace_codegen::cuda: prepared generated CUDA trace circuit=112 rows=6880798 width=31 seed_bytes=495417456 seed_spans=105
2026-09-17T00:03:45.965713Z DEBUG aiur/codegen_seeds{circuit=42 rows=5709906}: aiur::trace_codegen::cuda: prepared generated CUDA trace circuit=42 rows=5709906 width=49 seed_bytes=1553094432 seed_spans=93
2026-09-17T00:03:46.120570Z DEBUG aiur::gpu_trace: CPU trace: circuit lacks generated CUDA coverage circuit=3 rows=8
2026-09-17T00:03:46.120792Z DEBUG aiur/codegen_seeds{circuit=63 rows=27}: aiur::trace_codegen::cuda: prepared generated CUDA trace circuit=63 rows=27 width=68 seed_bytes=5616 seed_spans=1
2026-09-17T00:03:46.121156Z DEBUG aiur::gpu_trace: CPU trace: circuit lacks generated CUDA coverage circuit=62 rows=45
2026-09-17T00:03:46.121268Z DEBUG aiur::gpu_trace: CPU trace: circuit lacks generated CUDA coverage circuit=77 rows=3
2026-09-17T00:03:46.121342Z DEBUG aiur::gpu_trace: CPU trace: circuit lacks generated CUDA coverage circuit=121 rows=285799
2026-09-17T00:03:46.123209Z DEBUG aiur::gpu_trace: CPU trace: circuit lacks generated CUDA coverage circuit=87 rows=24
2026-09-17T00:03:46.471102Z DEBUG aiur/codegen_seeds{circuit=102 rows=2155801}: aiur::trace_codegen::cuda: prepared generated CUDA trace circuit=102 rows=2155801 width=43 seed_bytes=86232040 seed_spans=33
2026-09-17T00:03:46.542411Z DEBUG aiur/codegen_seeds{circuit=101 rows=6149238}: aiur::trace_codegen::cuda: prepared generated CUDA trace circuit=101 rows=6149238 width=19 seed_bytes=393551232 seed_spans=94
2026-09-17T00:03:46.561958Z DEBUG aiur/codegen_seeds{circuit=107 rows=7702343}: aiur::trace_codegen::cuda: prepared generated CUDA trace circuit=107 rows=7702343 width=23 seed_bytes=431331208 seed_spans=118
2026-09-17T00:03:46.594887Z DEBUG aiur/codegen_seeds{circuit=33 rows=6366783}: aiur::trace_codegen::cuda: prepared generated CUDA trace circuit=33 rows=6366783 width=18 seed_bytes=713079696 seed_spans=98
2026-09-17T00:03:46.600742Z DEBUG aiur/codegen_seeds{circuit=36 rows=5723878}: aiur::trace_codegen::cuda: prepared generated CUDA trace circuit=36 rows=5723878 width=25 seed_bytes=549492288 seed_spans=88
2026-09-17T00:03:47.274841Z DEBUG aiur::gpu_trace: CPU trace: circuit lacks generated CUDA coverage circuit=69 rows=15
2026-09-17T00:03:47.274842Z DEBUG aiur::gpu_trace: CPU trace: circuit lacks generated CUDA coverage circuit=57 rows=42
2026-09-17T00:03:47.275551Z DEBUG aiur::gpu_trace: CPU trace: circuit lacks generated CUDA coverage circuit=116 rows=846200
2026-09-17T00:03:47.275624Z DEBUG aiur::gpu_trace: CPU trace: circuit lacks generated CUDA coverage circuit=68 rows=16
2026-09-17T00:03:47.275631Z DEBUG aiur::gpu_trace: CPU trace: circuit lacks generated CUDA coverage circuit=70 rows=16
2026-09-17T00:03:47.275756Z DEBUG aiur::gpu_trace: CPU trace: circuit lacks generated CUDA coverage circuit=64 rows=12
2026-09-17T00:03:47.276016Z DEBUG aiur::gpu_trace: CPU trace: circuit lacks generated CUDA coverage circuit=21 rows=5
2026-09-17T00:03:47.276254Z DEBUG aiur::gpu_trace: CPU trace: circuit lacks generated CUDA coverage circuit=71 rows=16
2026-09-17T00:03:47.277114Z DEBUG aiur::gpu_trace: CPU trace: circuit lacks generated CUDA coverage circuit=74 rows=775
2026-09-17T00:03:47.277171Z DEBUG aiur::gpu_trace: CPU trace: circuit lacks generated CUDA coverage circuit=93 rows=13648
2026-09-17T00:03:47.826426Z DEBUG aiur/codegen_seeds{circuit=177 rows=4936168}: aiur::trace_codegen::cuda: prepared generated CUDA trace circuit=177 rows=4936168 width=10 seed_bytes=236936064 seed_spans=76
2026-09-17T00:03:47.827973Z DEBUG aiur/codegen_seeds{circuit=13 rows=306826}: aiur::trace_codegen::cuda: prepared generated CUDA trace circuit=13 rows=306826 width=195 seed_bytes=260188448 seed_spans=16
2026-09-17T00:03:47.838300Z DEBUG aiur/codegen_seeds{circuit=106 rows=7892517}: aiur::trace_codegen::cuda: prepared generated CUDA trace circuit=106 rows=7892517 width=9 seed_bytes=252560544 seed_spans=121
2026-09-17T00:03:47.850011Z DEBUG aiur/codegen_seeds{circuit=111 rows=7179957}: aiur::trace_codegen::cuda: prepared generated CUDA trace circuit=111 rows=7179957 width=11 seed_bytes=287198280 seed_spans=110
2026-09-17T00:03:47.850121Z DEBUG aiur/codegen_seeds{circuit=119 rows=8276495}: aiur::trace_codegen::cuda: prepared generated CUDA trace circuit=119 rows=8276495 width=20 seed_bytes=463483720 seed_spans=127
2026-09-17T00:03:47.893839Z DEBUG aiur/codegen_seeds{circuit=38 rows=3812578}: aiur::trace_codegen::cuda: prepared generated CUDA trace circuit=38 rows=3812578 width=27 seed_bytes=701514352 seed_spans=59
2026-09-17T00:03:48.195543Z DEBUG aiur::gpu_trace: CPU trace: circuit lacks generated CUDA coverage circuit=37 rows=759836
2026-09-17T00:03:48.195645Z DEBUG aiur::gpu_trace: CPU trace: circuit lacks generated CUDA coverage circuit=85 rows=478
2026-09-17T00:03:48.196247Z DEBUG aiur::gpu_trace: CPU trace: circuit lacks generated CUDA coverage circuit=5 rows=679
2026-09-17T00:03:48.196694Z DEBUG aiur::gpu_trace: CPU trace: circuit lacks generated CUDA coverage circuit=61 rows=5486
2026-09-17T00:03:48.197309Z DEBUG aiur::gpu_trace: CPU trace: circuit lacks generated CUDA coverage circuit=167 rows=1827728
2026-09-17T00:03:48.198020Z DEBUG aiur::gpu_trace: CPU trace: circuit lacks generated CUDA coverage circuit=109 rows=3450567
2026-09-17T00:03:48.202543Z DEBUG aiur::gpu_trace: CPU trace: circuit lacks generated CUDA coverage circuit=168 rows=1508723
2026-09-17T00:03:48.752186Z DEBUG aiur/codegen_seeds{circuit=15 rows=305220}: aiur::trace_codegen::cuda: prepared generated CUDA trace circuit=15 rows=305220 width=177 seed_bytes=124529760 seed_spans=8
2026-09-17T00:03:48.755671Z DEBUG aiur/codegen_seeds{circuit=118 rows=2674877}: aiur::trace_codegen::cuda: prepared generated CUDA trace circuit=118 rows=2674877 width=10 seed_bytes=128394096 seed_spans=41
2026-09-17T00:03:48.757771Z DEBUG aiur/codegen_seeds{circuit=54 rows=2684902}: aiur::trace_codegen::cuda: prepared generated CUDA trace circuit=54 rows=2684902 width=11 seed_bytes=150354512 seed_spans=41
2026-09-17T00:03:48.762882Z DEBUG aiur/codegen_seeds{circuit=162 rows=1722394}: aiur::trace_codegen::cuda: prepared generated CUDA trace circuit=162 rows=1722394 width=33 seed_bytes=206687280 seed_spans=27
2026-09-17T00:03:48.785451Z DEBUG aiur/codegen_seeds{circuit=183 rows=5848581}: aiur::trace_codegen::cuda: prepared generated CUDA trace circuit=183 rows=5848581 width=10 seed_bytes=280731888 seed_spans=90
2026-09-17T00:03:48.785824Z DEBUG aiur/codegen_seeds{circuit=12 rows=3707799}: aiur::trace_codegen::cuda: prepared generated CUDA trace circuit=12 rows=3707799 width=17 seed_bytes=296623920 seed_spans=57
2026-09-17T00:03:49.297122Z DEBUG aiur::gpu_trace: CPU trace: circuit lacks generated CUDA coverage circuit=128 rows=230572
2026-09-17T00:03:49.297167Z DEBUG aiur::gpu_trace: CPU trace: circuit lacks generated CUDA coverage circuit=120 rows=1657250
2026-09-17T00:03:49.297597Z DEBUG aiur::gpu_trace: CPU trace: circuit lacks generated CUDA coverage circuit=179 rows=2249785
2026-09-17T00:03:49.297602Z DEBUG aiur::gpu_trace: CPU trace: circuit lacks generated CUDA coverage circuit=115 rows=1314496
2026-09-17T00:03:49.297861Z DEBUG aiur::gpu_trace: CPU trace: circuit lacks generated CUDA coverage circuit=20 rows=473770
2026-09-17T00:03:49.297973Z DEBUG aiur::gpu_trace: CPU trace: circuit lacks generated CUDA coverage circuit=166 rows=1520898
2026-09-17T00:03:49.298008Z DEBUG aiur::gpu_trace: CPU trace: circuit lacks generated CUDA coverage circuit=24 rows=515620
2026-09-17T00:03:49.298285Z DEBUG aiur::gpu_trace: CPU trace: circuit lacks generated CUDA coverage circuit=126 rows=279647
2026-09-17T00:03:49.298423Z DEBUG aiur::gpu_trace: CPU trace: circuit lacks generated CUDA coverage circuit=156 rows=573574
2026-09-17T00:03:49.298547Z DEBUG aiur::gpu_trace: CPU trace: circuit lacks generated CUDA coverage circuit=150 rows=1076571
2026-09-17T00:03:49.298915Z DEBUG aiur::gpu_trace: CPU trace: circuit lacks generated CUDA coverage circuit=152 rows=558410
2026-09-17T00:03:49.299300Z DEBUG aiur::gpu_trace: CPU trace: circuit lacks generated CUDA coverage circuit=169 rows=1249211
2026-09-17T00:03:49.299645Z DEBUG aiur::gpu_trace: CPU trace: circuit lacks generated CUDA coverage circuit=113 rows=1955430
2026-09-17T00:03:49.299672Z DEBUG aiur::gpu_trace: CPU trace: circuit lacks generated CUDA coverage circuit=122 rows=1060856
2026-09-17T00:03:49.299879Z DEBUG aiur::gpu_trace: CPU trace: circuit lacks generated CUDA coverage circuit=44 rows=228794
2026-09-17T00:03:49.653635Z DEBUG aiur/codegen_seeds{circuit=88 rows=2066135}: aiur::trace_codegen::cuda: prepared generated CUDA trace circuit=88 rows=2066135 width=10 seed_bytes=99174480 seed_spans=32
2026-09-17T00:03:50.062241Z DEBUG aiur/codegen_seeds{circuit=180 rows=2669537}: aiur::trace_codegen::cuda: prepared generated CUDA trace circuit=180 rows=2669537 width=8 seed_bytes=128137776 seed_spans=41
2026-09-17T00:03:50.065641Z DEBUG aiur/codegen_seeds{circuit=178 rows=3069412}: aiur::trace_codegen::cuda: prepared generated CUDA trace circuit=178 rows=3069412 width=10 seed_bytes=147331776 seed_spans=47
2026-09-17T00:03:50.068121Z DEBUG aiur/codegen_seeds{circuit=45 rows=1379852}: aiur::trace_codegen::cuda: prepared generated CUDA trace circuit=45 rows=1379852 width=26 seed_bytes=242853952 seed_spans=22
2026-09-17T00:03:50.577648Z DEBUG aiur::gpu_trace: CPU trace: circuit lacks generated CUDA coverage circuit=0 rows=114125
2026-09-17T00:03:50.577689Z DEBUG aiur::gpu_trace: CPU trace: circuit lacks generated CUDA coverage circuit=31 rows=3207
2026-09-17T00:03:50.577687Z DEBUG aiur::gpu_trace: CPU trace: circuit lacks generated CUDA coverage circuit=18 rows=13256
2026-09-17T00:03:50.577689Z DEBUG aiur::gpu_trace: CPU trace: circuit lacks generated CUDA coverage circuit=19 rows=43062
2026-09-17T00:03:50.577688Z DEBUG aiur::gpu_trace: CPU trace: circuit lacks generated CUDA coverage circuit=127 rows=324508
2026-09-17T00:03:50.577687Z DEBUG aiur::gpu_trace: CPU trace: circuit lacks generated CUDA coverage circuit=1 rows=19037
2026-09-17T00:03:50.577687Z DEBUG aiur::gpu_trace: CPU trace: circuit lacks generated CUDA coverage circuit=14 rows=820034
2026-09-17T00:03:50.577690Z DEBUG aiur::gpu_trace: CPU trace: circuit lacks generated CUDA coverage circuit=7 rows=44180
2026-09-17T00:03:50.577693Z DEBUG aiur::gpu_trace: CPU trace: circuit lacks generated CUDA coverage circuit=114 rows=580548
2026-09-17T00:03:50.577689Z DEBUG aiur::gpu_trace: CPU trace: circuit lacks generated CUDA coverage circuit=108 rows=981571
2026-09-17T00:03:50.577694Z DEBUG aiur::gpu_trace: CPU trace: circuit lacks generated CUDA coverage circuit=76 rows=38610
2026-09-17T00:03:50.577689Z DEBUG aiur::gpu_trace: CPU trace: circuit lacks generated CUDA coverage circuit=9 rows=32455
2026-09-17T00:03:50.577697Z DEBUG aiur::gpu_trace: CPU trace: circuit lacks generated CUDA coverage circuit=105 rows=359561
2026-09-17T00:03:50.577687Z DEBUG aiur::gpu_trace: CPU trace: circuit lacks generated CUDA coverage circuit=25 rows=41274
2026-09-17T00:03:50.577706Z DEBUG aiur::gpu_trace: CPU trace: circuit lacks generated CUDA coverage circuit=103 rows=345717
2026-09-17T00:03:50.577687Z DEBUG aiur::gpu_trace: CPU trace: circuit lacks generated CUDA coverage circuit=51 rows=16537
2026-09-17T00:03:50.578032Z DEBUG aiur::gpu_trace: CPU trace: circuit lacks generated CUDA coverage circuit=28 rows=2524
2026-09-17T00:03:50.578051Z DEBUG aiur::gpu_trace: CPU trace: circuit lacks generated CUDA coverage circuit=10 rows=29752
2026-09-17T00:03:50.578081Z DEBUG aiur::gpu_trace: CPU trace: circuit lacks generated CUDA coverage circuit=35 rows=49000
2026-09-17T00:03:50.578082Z DEBUG aiur::gpu_trace: CPU trace: circuit lacks generated CUDA coverage circuit=4 rows=22108
2026-09-17T00:03:50.578170Z DEBUG aiur::gpu_trace: CPU trace: circuit lacks generated CUDA coverage circuit=39 rows=189266
2026-09-17T00:03:50.578356Z DEBUG aiur::gpu_trace: CPU trace: circuit lacks generated CUDA coverage circuit=17 rows=13259
2026-09-17T00:03:50.578369Z DEBUG aiur::gpu_trace: CPU trace: circuit lacks generated CUDA coverage circuit=154 rows=21826
2026-09-17T00:03:50.578394Z DEBUG aiur::gpu_trace: CPU trace: circuit lacks generated CUDA coverage circuit=47 rows=215550
2026-09-17T00:03:50.578505Z DEBUG aiur::gpu_trace: CPU trace: circuit lacks generated CUDA coverage circuit=123 rows=147121
2026-09-17T00:03:50.578526Z DEBUG aiur::gpu_trace: CPU trace: circuit lacks generated CUDA coverage circuit=181 rows=285687
2026-09-17T00:03:50.582175Z DEBUG aiur::gpu_trace: CPU trace: circuit lacks generated CUDA coverage circuit=23 rows=50260
2026-09-17T00:03:50.583138Z DEBUG aiur::gpu_trace: CPU trace: circuit lacks generated CUDA coverage circuit=46 rows=125926
2026-09-17T00:03:50.585157Z DEBUG aiur::gpu_trace: CPU trace: circuit lacks generated CUDA coverage circuit=11 rows=105737
2026-09-17T00:03:50.589485Z DEBUG aiur::gpu_trace: CPU trace: circuit lacks generated CUDA coverage circuit=30 rows=12783
2026-09-17T00:03:50.590608Z DEBUG aiur::gpu_trace: CPU trace: circuit lacks generated CUDA coverage circuit=133 rows=193798
2026-09-17T00:03:50.592420Z DEBUG aiur::gpu_trace: CPU trace: circuit lacks generated CUDA coverage circuit=155 rows=30887
2026-09-17T00:03:50.598110Z DEBUG aiur::gpu_trace: CPU trace: circuit lacks generated CUDA coverage circuit=49 rows=91574
2026-09-17T00:03:50.599302Z DEBUG aiur::gpu_trace: CPU trace: circuit lacks generated CUDA coverage circuit=8 rows=27552
2026-09-17T00:03:50.607394Z DEBUG aiur/codegen_seeds{circuit=6 rows=17291}: aiur::trace_codegen::cuda: prepared generated CUDA trace circuit=6 rows=17291 width=63 seed_bytes=3062304 seed_spans=4
2026-09-17T00:03:50.614783Z DEBUG aiur::gpu_trace: CPU trace: circuit lacks generated CUDA coverage circuit=157 rows=180752
2026-09-17T00:03:50.623533Z DEBUG aiur::gpu_trace: CPU trace: circuit lacks generated CUDA coverage circuit=2 rows=164005
2026-09-17T00:03:50.624617Z DEBUG aiur::gpu_trace: CPU trace: circuit lacks generated CUDA coverage circuit=78 rows=4827
2026-09-17T00:03:50.630728Z DEBUG aiur::gpu_trace: CPU trace: circuit lacks generated CUDA coverage circuit=146 rows=69945
2026-09-17T00:03:50.632343Z DEBUG aiur/codegen_seeds{circuit=32 rows=171950}: aiur::trace_codegen::cuda: prepared generated CUDA trace circuit=32 rows=171950 width=21 seed_bytes=7313688 seed_spans=6
2026-09-17T00:03:50.632371Z DEBUG aiur::gpu_trace: CPU trace: circuit lacks generated CUDA coverage circuit=136 rows=18256
2026-09-17T00:03:50.634432Z DEBUG aiur::gpu_trace: CPU trace: circuit lacks generated CUDA coverage circuit=80 rows=36365
2026-09-17T00:03:50.636221Z DEBUG aiur::gpu_trace: CPU trace: circuit lacks generated CUDA coverage circuit=137 rows=247247
2026-09-17T00:03:50.638045Z DEBUG aiur::gpu_trace: CPU trace: circuit lacks generated CUDA coverage circuit=138 rows=718413
2026-09-17T00:03:50.639563Z DEBUG aiur::gpu_trace: CPU trace: circuit lacks generated CUDA coverage circuit=134 rows=209735
2026-09-17T00:03:50.646432Z DEBUG aiur::gpu_trace: CPU trace: circuit lacks generated CUDA coverage circuit=55 rows=3987
2026-09-17T00:03:50.648983Z DEBUG aiur::gpu_trace: CPU trace: circuit lacks generated CUDA coverage circuit=104 rows=166358
2026-09-17T00:03:50.653729Z DEBUG aiur::gpu_trace: CPU trace: circuit lacks generated CUDA coverage circuit=58 rows=1862
2026-09-17T00:03:50.657807Z DEBUG aiur::gpu_trace: CPU trace: circuit lacks generated CUDA coverage circuit=59 rows=84180
2026-09-17T00:03:50.660375Z DEBUG aiur::gpu_trace: CPU trace: circuit lacks generated CUDA coverage circuit=81 rows=75199
2026-09-17T00:03:50.666236Z DEBUG aiur::gpu_trace: CPU trace: circuit lacks generated CUDA coverage circuit=48 rows=16909
2026-09-17T00:03:50.672454Z DEBUG aiur::gpu_trace: CPU trace: circuit lacks generated CUDA coverage circuit=143 rows=188385
2026-09-17T00:03:50.676008Z DEBUG aiur::gpu_trace: CPU trace: circuit lacks generated CUDA coverage circuit=40 rows=113054
2026-09-17T00:03:50.679302Z DEBUG aiur/codegen_seeds{circuit=140 rows=407209}: aiur::trace_codegen::cuda: prepared generated CUDA trace circuit=140 rows=407209 width=25 seed_bytes=14255856 seed_spans=7
2026-09-17T00:03:50.679334Z DEBUG aiur::gpu_trace: CPU trace: circuit lacks generated CUDA coverage circuit=141 rows=243148
2026-09-17T00:03:50.684311Z DEBUG aiur::gpu_trace: CPU trace: circuit lacks generated CUDA coverage circuit=41 rows=483204
2026-09-17T00:03:50.713360Z DEBUG aiur::gpu_trace: CPU trace: circuit lacks generated CUDA coverage circuit=65 rows=59383
2026-09-17T00:03:50.718448Z DEBUG aiur::gpu_trace: CPU trace: circuit lacks generated CUDA coverage circuit=182 rows=322703
2026-09-17T00:03:50.726587Z DEBUG aiur::gpu_trace: CPU trace: circuit lacks generated CUDA coverage circuit=147 rows=222828
2026-09-17T00:03:50.737439Z DEBUG aiur::gpu_trace: CPU trace: circuit lacks generated CUDA coverage circuit=149 rows=187224
2026-09-17T00:03:50.774539Z DEBUG aiur::gpu_trace: CPU trace: circuit lacks generated CUDA coverage circuit=144 rows=188490
2026-09-17T00:03:50.774583Z DEBUG aiur::gpu_trace: CPU trace: circuit lacks generated CUDA coverage circuit=130 rows=182278
2026-09-17T00:03:50.788691Z DEBUG aiur::gpu_trace: CPU trace: circuit lacks generated CUDA coverage circuit=66 rows=339
2026-09-17T00:03:50.789067Z DEBUG aiur::gpu_trace: CPU trace: circuit lacks generated CUDA coverage circuit=67 rows=2996
2026-09-17T00:03:50.801273Z DEBUG aiur::gpu_trace: CPU trace: circuit lacks generated CUDA coverage circuit=72 rows=14482
2026-09-17T00:03:50.810612Z DEBUG aiur::gpu_trace: CPU trace: circuit lacks generated CUDA coverage circuit=73 rows=23494
2026-09-17T00:03:50.820800Z DEBUG aiur::gpu_trace: CPU trace: circuit lacks generated CUDA coverage circuit=131 rows=333194
2026-09-17T00:03:50.839151Z DEBUG aiur::gpu_trace: CPU trace: circuit lacks generated CUDA coverage circuit=125 rows=362935
2026-09-17T00:03:50.863022Z DEBUG aiur::gpu_trace: CPU trace: circuit lacks generated CUDA coverage circuit=158 rows=11082
2026-09-17T00:03:50.865954Z DEBUG aiur::gpu_trace: CPU trace: circuit lacks generated CUDA coverage circuit=159 rows=24094
2026-09-17T00:03:50.873949Z DEBUG aiur::gpu_trace: CPU trace: circuit lacks generated CUDA coverage circuit=145 rows=251077
2026-09-17T00:03:50.883215Z DEBUG aiur::gpu_trace: CPU trace: circuit lacks generated CUDA coverage circuit=184 rows=146301
2026-09-17T00:03:50.916388Z DEBUG aiur::gpu_trace: CPU trace: circuit lacks generated CUDA coverage circuit=160 rows=26663
2026-09-17T00:03:50.921993Z DEBUG aiur::gpu_trace: CPU trace: circuit lacks generated CUDA coverage circuit=89 rows=91635
2026-09-17T00:03:50.931656Z DEBUG aiur::gpu_trace: CPU trace: circuit lacks generated CUDA coverage circuit=161 rows=141476
2026-09-17T00:03:50.941780Z DEBUG aiur::gpu_trace: CPU trace: circuit lacks generated CUDA coverage circuit=132 rows=956867
2026-09-17T00:03:50.961132Z DEBUG aiur/codegen_seeds{circuit=124 rows=40552}: aiur::trace_codegen::cuda: prepared generated CUDA trace circuit=124 rows=40552 width=98 seed_bytes=9262464 seed_spans=2
2026-09-17T00:03:50.971177Z DEBUG aiur::gpu_trace: CPU trace: circuit lacks generated CUDA coverage circuit=151 rows=782908
2026-09-17T00:03:50.974815Z DEBUG aiur::gpu_trace: CPU trace: circuit lacks generated CUDA coverage circuit=43 rows=54587
2026-09-17T00:03:50.979045Z DEBUG aiur::gpu_trace: CPU trace: circuit lacks generated CUDA coverage circuit=148 rows=202435
2026-09-17T00:03:50.992858Z DEBUG aiur::gpu_trace: CPU trace: circuit lacks generated CUDA coverage circuit=95 rows=21394
2026-09-17T00:03:50.995278Z DEBUG aiur::gpu_trace: CPU trace: circuit lacks generated CUDA coverage circuit=139 rows=226589
2026-09-17T00:03:50.996764Z DEBUG aiur::gpu_trace: CPU trace: circuit lacks generated CUDA coverage circuit=92 rows=74955
2026-09-17T00:03:51.011978Z DEBUG aiur::gpu_trace: CPU trace: circuit lacks generated CUDA coverage circuit=94 rows=18884
2026-09-17T00:03:51.021080Z DEBUG aiur::gpu_trace: CPU trace: circuit lacks generated CUDA coverage circuit=135 rows=3063
2026-09-17T00:03:51.025466Z DEBUG aiur::gpu_trace: CPU trace: circuit lacks generated CUDA coverage circuit=82 rows=98184
2026-09-17T00:03:51.027548Z DEBUG aiur::gpu_trace: CPU trace: circuit lacks generated CUDA coverage circuit=96 rows=63896
2026-09-17T00:03:51.085170Z DEBUG aiur::gpu_trace: CPU trace: circuit lacks generated CUDA coverage circuit=97 rows=185222
2026-09-17T00:03:51.088215Z DEBUG aiur::gpu_trace: CPU trace: circuit lacks generated CUDA coverage circuit=83 rows=26521
2026-09-17T00:03:51.101897Z DEBUG aiur::gpu_trace: CPU trace: circuit lacks generated CUDA coverage circuit=86 rows=9322
2026-09-17T00:03:51.107235Z DEBUG aiur::gpu_trace: CPU trace: circuit lacks generated CUDA coverage circuit=142 rows=291805
2026-09-17T00:03:51.116774Z DEBUG aiur::gpu_trace: CPU trace: circuit lacks generated CUDA coverage circuit=163 rows=136129
2026-09-17T00:03:51.149134Z DEBUG aiur::gpu_trace: CPU trace: circuit lacks generated CUDA coverage circuit=98 rows=187513
2026-09-17T00:03:51.185242Z DEBUG aiur::gpu_trace: CPU trace: circuit lacks generated CUDA coverage circuit=100 rows=367368
2026-09-17T00:03:51.189340Z DEBUG aiur::gpu_trace: CPU trace: circuit lacks generated CUDA coverage circuit=164 rows=704045
2026-09-17T00:03:51.206849Z DEBUG aiur::gpu_trace: CPU trace: circuit lacks generated CUDA coverage circuit=99 rows=371390
2026-09-17T00:03:52.930378Z DEBUG aiur::gpu_trace: CPU trace: circuit lacks generated CUDA coverage circuit=90 rows=71405
2026-09-17T00:03:52.930680Z DEBUG aiur::gpu_trace: CPU trace: circuit lacks generated CUDA coverage circuit=22 rows=40
2026-09-17T00:03:52.931274Z DEBUG aiur::gpu_trace: CPU trace: circuit lacks generated CUDA coverage circuit=79 rows=2
2026-09-17T00:03:52.932774Z DEBUG aiur::gpu_trace: CPU trace: circuit lacks generated CUDA coverage circuit=176 rows=1
2026-09-17T00:03:53.007850Z DEBUG aiur/codegen_seeds{circuit=16 rows=1048576}: aiur::trace_codegen::cuda: prepared generated CUDA trace circuit=16 rows=1048576 width=533 seed_bytes=184549376 seed_spans=16
2026-09-17T00:03:53.205073Z DEBUG aiur/codegen_seeds{circuit=117 rows=10717034}: aiur::trace_codegen::cuda: prepared generated CUDA trace circuit=117 rows=10717034 width=15 seed_bytes=514417632 seed_spans=164
2026-09-17T00:03:53.205970Z DEBUG aiur::gpu_trace: CPU trace: circuit lacks generated CUDA coverage circuit=153 rows=987
2026-09-17T00:03:53.206520Z DEBUG aiur::gpu_trace: CPU trace: circuit lacks generated CUDA coverage circuit=26 rows=5
2026-09-17T00:03:53.206598Z DEBUG aiur::gpu_trace: CPU trace: circuit lacks generated CUDA coverage circuit=53 rows=13607
2026-09-17T00:03:53.207042Z DEBUG aiur::gpu_trace: CPU trace: circuit lacks generated CUDA coverage circuit=129 rows=305895
2026-09-17T00:03:53.208261Z DEBUG aiur::gpu_trace: CPU trace: circuit lacks generated CUDA coverage circuit=50 rows=956
2026-09-17T00:03:53.208327Z DEBUG aiur::gpu_trace: CPU trace: circuit lacks generated CUDA coverage circuit=91 rows=4288836
2026-09-17T00:03:53.294898Z DEBUG aiur/codegen_seeds{circuit=16 rows=1048576}: aiur::trace_codegen::cuda: prepared generated CUDA trace circuit=16 rows=1048576 width=533 seed_bytes=184549376 seed_spans=16
2026-09-17T00:03:55.717411Z DEBUG aiur::gpu_trace: CPU trace: circuit lacks generated CUDA coverage circuit=75 rows=5
2026-09-17T00:03:55.718396Z DEBUG aiur::gpu_trace: CPU trace: circuit lacks generated CUDA coverage circuit=60 rows=51
2026-09-17T00:03:55.718527Z DEBUG aiur::gpu_trace: CPU trace: circuit lacks generated CUDA coverage circuit=34 rows=806750
2026-09-17T00:03:55.760641Z DEBUG aiur/codegen_seeds{circuit=16 rows=774008}: aiur::trace_codegen::cuda: prepared generated CUDA trace circuit=16 rows=774008 width=533 seed_bytes=136225408 seed_spans=12
2026-09-17T00:03:56.306247Z DEBUG aiur/codegen_seeds{circuit=12 rows=16777216}: aiur::trace_codegen::cuda: prepared generated CUDA trace circuit=12 rows=16777216 width=17 seed_bytes=1342177280 seed_spans=256
2026-09-17T00:03:58.757996Z DEBUG aiur::gpu_trace: CPU trace: circuit lacks generated CUDA coverage circuit=52 rows=136816
2026-09-17T00:03:58.758004Z DEBUG aiur::gpu_trace: CPU trace: circuit lacks generated CUDA coverage circuit=27 rows=2112
2026-09-17T00:03:58.758014Z DEBUG aiur/codegen_seeds{circuit=56 rows=42}: aiur::trace_codegen::cuda: prepared generated CUDA trace circuit=56 rows=42 width=49 seed_bytes=3360 seed_spans=1
2026-09-17T00:03:58.758175Z DEBUG aiur::gpu_trace: CPU trace: circuit lacks generated CUDA coverage circuit=110 rows=3009599
2026-09-17T00:03:58.759172Z DEBUG aiur::gpu_trace: CPU trace: circuit lacks generated CUDA coverage circuit=84 rows=42
2026-09-17T00:03:59.298572Z DEBUG aiur/codegen_seeds{circuit=170 rows=10342533}: aiur::trace_codegen::cuda: prepared generated CUDA trace circuit=170 rows=10342533 width=11 seed_bytes=413701320 seed_spans=158
2026-09-17T00:03:59.313310Z DEBUG aiur/codegen_seeds{circuit=112 rows=6880798}: aiur::trace_codegen::cuda: prepared generated CUDA trace circuit=112 rows=6880798 width=31 seed_bytes=495417456 seed_spans=105
2026-09-17T00:03:59.510208Z DEBUG aiur/codegen_seeds{circuit=42 rows=5709906}: aiur::trace_codegen::cuda: prepared generated CUDA trace circuit=42 rows=5709906 width=49 seed_bytes=1553094432 seed_spans=93
[trace-shards] 10 shards, 1500000000 committed cells: record 22378934326 B in shared pool, host workspace 17347067431 B of 26088568116 B reserved per prover; regenerating round 2
[lanes] executor 1: claim 2 executed in 125.7s, record 22378934326 B (20.8 GiB) at +238s
2026-09-17T00:04:01.426725Z DEBUG aiur::gpu_trace: CPU trace: circuit lacks generated CUDA coverage circuit=3 rows=8
2026-09-17T00:04:01.426798Z DEBUG aiur/codegen_seeds{circuit=63 rows=27}: aiur::trace_codegen::cuda: prepared generated CUDA trace circuit=63 rows=27 width=68 seed_bytes=5616 seed_spans=1
2026-09-17T00:04:01.427195Z DEBUG aiur::gpu_trace: CPU trace: circuit lacks generated CUDA coverage circuit=77 rows=3
2026-09-17T00:04:01.428816Z DEBUG aiur::gpu_trace: CPU trace: circuit lacks generated CUDA coverage circuit=62 rows=45
2026-09-17T00:04:01.429405Z DEBUG aiur::gpu_trace: CPU trace: circuit lacks generated CUDA coverage circuit=121 rows=285799
2026-09-17T00:04:01.429533Z DEBUG aiur::gpu_trace: CPU trace: circuit lacks generated CUDA coverage circuit=87 rows=24
2026-09-17T00:04:01.763755Z DEBUG aiur/codegen_seeds{circuit=102 rows=2155801}: aiur::trace_codegen::cuda: prepared generated CUDA trace circuit=102 rows=2155801 width=43 seed_bytes=86232040 seed_spans=33
2026-09-17T00:04:01.817884Z DEBUG aiur/codegen_seeds{circuit=101 rows=6149238}: aiur::trace_codegen::cuda: prepared generated CUDA trace circuit=101 rows=6149238 width=19 seed_bytes=393551232 seed_spans=94
2026-09-17T00:04:01.827240Z DEBUG aiur/codegen_seeds{circuit=107 rows=7702343}: aiur::trace_codegen::cuda: prepared generated CUDA trace circuit=107 rows=7702343 width=23 seed_bytes=431331208 seed_spans=118
2026-09-17T00:04:01.837270Z DEBUG aiur/codegen_seeds{circuit=36 rows=5723878}: aiur::trace_codegen::cuda: prepared generated CUDA trace circuit=36 rows=5723878 width=25 seed_bytes=549492288 seed_spans=88
2026-09-17T00:04:01.891882Z DEBUG aiur/codegen_seeds{circuit=33 rows=6366783}: aiur::trace_codegen::cuda: prepared generated CUDA trace circuit=33 rows=6366783 width=18 seed_bytes=713079696 seed_spans=98
2026-09-17T00:04:05.156864Z DEBUG aiur::gpu_trace: CPU trace: circuit lacks generated CUDA coverage circuit=116 rows=846200
2026-09-17T00:04:05.156892Z DEBUG aiur::gpu_trace: CPU trace: circuit lacks generated CUDA coverage circuit=21 rows=5
2026-09-17T00:04:05.158362Z DEBUG aiur::gpu_trace: CPU trace: circuit lacks generated CUDA coverage circuit=93 rows=13648
2026-09-17T00:04:05.158745Z DEBUG aiur::gpu_trace: CPU trace: circuit lacks generated CUDA coverage circuit=64 rows=12
2026-09-17T00:04:05.158971Z DEBUG aiur::gpu_trace: CPU trace: circuit lacks generated CUDA coverage circuit=69 rows=15
2026-09-17T00:04:05.159014Z DEBUG aiur::gpu_trace: CPU trace: circuit lacks generated CUDA coverage circuit=57 rows=42
2026-09-17T00:04:05.159283Z DEBUG aiur::gpu_trace: CPU trace: circuit lacks generated CUDA coverage circuit=70 rows=16
2026-09-17T00:04:05.159399Z DEBUG aiur::gpu_trace: CPU trace: circuit lacks generated CUDA coverage circuit=71 rows=16
2026-09-17T00:04:05.159518Z DEBUG aiur::gpu_trace: CPU trace: circuit lacks generated CUDA coverage circuit=74 rows=775
2026-09-17T00:04:05.159865Z DEBUG aiur::gpu_trace: CPU trace: circuit lacks generated CUDA coverage circuit=68 rows=16
2026-09-17T00:04:05.694416Z DEBUG aiur/codegen_seeds{circuit=177 rows=4936168}: aiur::trace_codegen::cuda: prepared generated CUDA trace circuit=177 rows=4936168 width=10 seed_bytes=236936064 seed_spans=76
2026-09-17T00:04:05.706024Z DEBUG aiur/codegen_seeds{circuit=13 rows=306826}: aiur::trace_codegen::cuda: prepared generated CUDA trace circuit=13 rows=306826 width=195 seed_bytes=260188448 seed_spans=16
2026-09-17T00:04:05.711632Z DEBUG aiur/codegen_seeds{circuit=106 rows=7892517}: aiur::trace_codegen::cuda: prepared generated CUDA trace circuit=106 rows=7892517 width=9 seed_bytes=252560544 seed_spans=121
2026-09-17T00:04:05.714694Z DEBUG aiur/codegen_seeds{circuit=111 rows=7179957}: aiur::trace_codegen::cuda: prepared generated CUDA trace circuit=111 rows=7179957 width=11 seed_bytes=287198280 seed_spans=110
2026-09-17T00:04:05.748926Z DEBUG aiur/codegen_seeds{circuit=119 rows=8276495}: aiur::trace_codegen::cuda: prepared generated CUDA trace circuit=119 rows=8276495 width=20 seed_bytes=463483720 seed_spans=127
2026-09-17T00:04:05.795453Z DEBUG aiur/codegen_seeds{circuit=38 rows=3812578}: aiur::trace_codegen::cuda: prepared generated CUDA trace circuit=38 rows=3812578 width=27 seed_bytes=701514352 seed_spans=59
2026-09-17T00:04:07.814467Z DEBUG aiur::gpu_trace: CPU trace: circuit lacks generated CUDA coverage circuit=5 rows=679
2026-09-17T00:04:07.814648Z DEBUG aiur::gpu_trace: CPU trace: circuit lacks generated CUDA coverage circuit=109 rows=3450567
2026-09-17T00:04:07.814883Z DEBUG aiur::gpu_trace: CPU trace: circuit lacks generated CUDA coverage circuit=37 rows=759836
2026-09-17T00:04:07.815356Z DEBUG aiur::gpu_trace: CPU trace: circuit lacks generated CUDA coverage circuit=85 rows=478
2026-09-17T00:04:07.815870Z DEBUG aiur::gpu_trace: CPU trace: circuit lacks generated CUDA coverage circuit=167 rows=1827728
2026-09-17T00:04:07.816699Z DEBUG aiur::gpu_trace: CPU trace: circuit lacks generated CUDA coverage circuit=61 rows=5486
2026-09-17T00:04:07.816857Z DEBUG aiur::gpu_trace: CPU trace: circuit lacks generated CUDA coverage circuit=168 rows=1508723
2026-09-17T00:04:08.337513Z DEBUG aiur/codegen_seeds{circuit=118 rows=2674877}: aiur::trace_codegen::cuda: prepared generated CUDA trace circuit=118 rows=2674877 width=10 seed_bytes=128394096 seed_spans=41
2026-09-17T00:04:08.343707Z DEBUG aiur/codegen_seeds{circuit=54 rows=2684902}: aiur::trace_codegen::cuda: prepared generated CUDA trace circuit=54 rows=2684902 width=11 seed_bytes=150354512 seed_spans=41
2026-09-17T00:04:08.350529Z DEBUG aiur/codegen_seeds{circuit=15 rows=305220}: aiur::trace_codegen::cuda: prepared generated CUDA trace circuit=15 rows=305220 width=177 seed_bytes=124529760 seed_spans=8
2026-09-17T00:04:08.352175Z DEBUG aiur/codegen_seeds{circuit=162 rows=1722394}: aiur::trace_codegen::cuda: prepared generated CUDA trace circuit=162 rows=1722394 width=33 seed_bytes=206687280 seed_spans=27
2026-09-17T00:04:08.358754Z DEBUG aiur/codegen_seeds{circuit=183 rows=5848581}: aiur::trace_codegen::cuda: prepared generated CUDA trace circuit=183 rows=5848581 width=10 seed_bytes=280731888 seed_spans=90
2026-09-17T00:04:08.374164Z DEBUG aiur/codegen_seeds{circuit=12 rows=3707799}: aiur::trace_codegen::cuda: prepared generated CUDA trace circuit=12 rows=3707799 width=17 seed_bytes=296623920 seed_spans=57
2026-09-17T00:04:11.334496Z DEBUG aiur::gpu_trace: CPU trace: circuit lacks generated CUDA coverage circuit=120 rows=1657250
2026-09-17T00:04:11.334589Z DEBUG aiur::gpu_trace: CPU trace: circuit lacks generated CUDA coverage circuit=128 rows=230572
2026-09-17T00:04:11.334851Z DEBUG aiur::gpu_trace: CPU trace: circuit lacks generated CUDA coverage circuit=115 rows=1314496
2026-09-17T00:04:11.334990Z DEBUG aiur::gpu_trace: CPU trace: circuit lacks generated CUDA coverage circuit=44 rows=228794
2026-09-17T00:04:11.335424Z DEBUG aiur::gpu_trace: CPU trace: circuit lacks generated CUDA coverage circuit=179 rows=2249785
2026-09-17T00:04:11.336067Z DEBUG aiur::gpu_trace: CPU trace: circuit lacks generated CUDA coverage circuit=20 rows=473770
2026-09-17T00:04:11.336403Z DEBUG aiur::gpu_trace: CPU trace: circuit lacks generated CUDA coverage circuit=166 rows=1520898
2026-09-17T00:04:11.336527Z DEBUG aiur::gpu_trace: CPU trace: circuit lacks generated CUDA coverage circuit=113 rows=1955430
2026-09-17T00:04:11.336535Z DEBUG aiur::gpu_trace: CPU trace: circuit lacks generated CUDA coverage circuit=152 rows=558410
2026-09-17T00:04:11.336657Z DEBUG aiur::gpu_trace: CPU trace: circuit lacks generated CUDA coverage circuit=169 rows=1249211
2026-09-17T00:04:11.336830Z DEBUG aiur::gpu_trace: CPU trace: circuit lacks generated CUDA coverage circuit=150 rows=1076571
2026-09-17T00:04:11.336831Z DEBUG aiur::gpu_trace: CPU trace: circuit lacks generated CUDA coverage circuit=156 rows=573574
2026-09-17T00:04:11.337071Z DEBUG aiur::gpu_trace: CPU trace: circuit lacks generated CUDA coverage circuit=126 rows=279647
2026-09-17T00:04:11.337123Z DEBUG aiur::gpu_trace: CPU trace: circuit lacks generated CUDA coverage circuit=122 rows=1060856
2026-09-17T00:04:11.337172Z DEBUG aiur::gpu_trace: CPU trace: circuit lacks generated CUDA coverage circuit=24 rows=515620
2026-09-17T00:04:11.723493Z DEBUG aiur/codegen_seeds{circuit=88 rows=2066135}: aiur::trace_codegen::cuda: prepared generated CUDA trace circuit=88 rows=2066135 width=10 seed_bytes=99174480 seed_spans=32
2026-09-17T00:04:12.066246Z DEBUG aiur/codegen_seeds{circuit=180 rows=2669537}: aiur::trace_codegen::cuda: prepared generated CUDA trace circuit=180 rows=2669537 width=8 seed_bytes=128137776 seed_spans=41
2026-09-17T00:04:12.075789Z DEBUG aiur/codegen_seeds{circuit=178 rows=3069412}: aiur::trace_codegen::cuda: prepared generated CUDA trace circuit=178 rows=3069412 width=10 seed_bytes=147331776 seed_spans=47
2026-09-17T00:04:12.097015Z DEBUG aiur/codegen_seeds{circuit=45 rows=1379852}: aiur::trace_codegen::cuda: prepared generated CUDA trace circuit=45 rows=1379852 width=26 seed_bytes=242853952 seed_spans=22
2026-09-17T00:04:14.973305Z DEBUG aiur::gpu_trace: CPU trace: circuit lacks generated CUDA coverage circuit=0 rows=114125
2026-09-17T00:04:14.973335Z DEBUG aiur::gpu_trace: CPU trace: circuit lacks generated CUDA coverage circuit=9 rows=32455
2026-09-17T00:04:14.973348Z DEBUG aiur::gpu_trace: CPU trace: circuit lacks generated CUDA coverage circuit=92 rows=74955
2026-09-17T00:04:14.973349Z DEBUG aiur::gpu_trace: CPU trace: circuit lacks generated CUDA coverage circuit=159 rows=24094
2026-09-17T00:04:14.973351Z DEBUG aiur::gpu_trace: CPU trace: circuit lacks generated CUDA coverage circuit=31 rows=3207
2026-09-17T00:04:14.973357Z DEBUG aiur::gpu_trace: CPU trace: circuit lacks generated CUDA coverage circuit=127 rows=324508
2026-09-17T00:04:14.973359Z DEBUG aiur::gpu_trace: CPU trace: circuit lacks generated CUDA coverage circuit=89 rows=91635
2026-09-17T00:04:14.973350Z DEBUG aiur::gpu_trace: CPU trace: circuit lacks generated CUDA coverage circuit=51 rows=16537
2026-09-17T00:04:14.973366Z DEBUG aiur::gpu_trace: CPU trace: circuit lacks generated CUDA coverage circuit=146 rows=69945
2026-09-17T00:04:14.973352Z DEBUG aiur::gpu_trace: CPU trace: circuit lacks generated CUDA coverage circuit=10 rows=29752
2026-09-17T00:04:14.973358Z DEBUG aiur::gpu_trace: CPU trace: circuit lacks generated CUDA coverage circuit=25 rows=41274
2026-09-17T00:04:14.973359Z DEBUG aiur::gpu_trace: CPU trace: circuit lacks generated CUDA coverage circuit=76 rows=38610
2026-09-17T00:04:14.973361Z DEBUG aiur::gpu_trace: CPU trace: circuit lacks generated CUDA coverage circuit=1 rows=19037
2026-09-17T00:04:14.973355Z DEBUG aiur::gpu_trace: CPU trace: circuit lacks generated CUDA coverage circuit=95 rows=21394
2026-09-17T00:04:14.973371Z DEBUG aiur::gpu_trace: CPU trace: circuit lacks generated CUDA coverage circuit=55 rows=3987
2026-09-17T00:04:14.973358Z DEBUG aiur::gpu_trace: CPU trace: circuit lacks generated CUDA coverage circuit=7 rows=44180
2026-09-17T00:04:14.973366Z DEBUG aiur::gpu_trace: CPU trace: circuit lacks generated CUDA coverage circuit=133 rows=193798
2026-09-17T00:04:14.973358Z DEBUG aiur::gpu_trace: CPU trace: circuit lacks generated CUDA coverage circuit=82 rows=98184
2026-09-17T00:04:14.973627Z DEBUG aiur::gpu_trace: CPU trace: circuit lacks generated CUDA coverage circuit=39 rows=189266
2026-09-17T00:04:14.973718Z DEBUG aiur::gpu_trace: CPU trace: circuit lacks generated CUDA coverage circuit=4 rows=22108
2026-09-17T00:04:14.973789Z DEBUG aiur::gpu_trace: CPU trace: circuit lacks generated CUDA coverage circuit=103 rows=345717
2026-09-17T00:04:14.973793Z DEBUG aiur::gpu_trace: CPU trace: circuit lacks generated CUDA coverage circuit=154 rows=21826
2026-09-17T00:04:14.973841Z DEBUG aiur::gpu_trace: CPU trace: circuit lacks generated CUDA coverage circuit=58 rows=1862
2026-09-17T00:04:14.973858Z DEBUG aiur::gpu_trace: CPU trace: circuit lacks generated CUDA coverage circuit=65 rows=59383
2026-09-17T00:04:14.973936Z DEBUG aiur::gpu_trace: CPU trace: circuit lacks generated CUDA coverage circuit=94 rows=18884
2026-09-17T00:04:14.973945Z DEBUG aiur::gpu_trace: CPU trace: circuit lacks generated CUDA coverage circuit=157 rows=180752
2026-09-17T00:04:14.973999Z DEBUG aiur::gpu_trace: CPU trace: circuit lacks generated CUDA coverage circuit=18 rows=13256
2026-09-17T00:04:14.974008Z DEBUG aiur::gpu_trace: CPU trace: circuit lacks generated CUDA coverage circuit=181 rows=285687
2026-09-17T00:04:14.977229Z DEBUG aiur::gpu_trace: CPU trace: circuit lacks generated CUDA coverage circuit=14 rows=820034
2026-09-17T00:04:14.980881Z DEBUG aiur::gpu_trace: CPU trace: circuit lacks generated CUDA coverage circuit=143 rows=188385
2026-09-17T00:04:14.982452Z DEBUG aiur::gpu_trace: CPU trace: circuit lacks generated CUDA coverage circuit=59 rows=84180
2026-09-17T00:04:14.985937Z DEBUG aiur::gpu_trace: CPU trace: circuit lacks generated CUDA coverage circuit=158 rows=11082
2026-09-17T00:04:14.987807Z DEBUG aiur::gpu_trace: CPU trace: circuit lacks generated CUDA coverage circuit=155 rows=30887
2026-09-17T00:04:14.991441Z DEBUG aiur::gpu_trace: CPU trace: circuit lacks generated CUDA coverage circuit=8 rows=27552
2026-09-17T00:04:14.992005Z DEBUG aiur::gpu_trace: CPU trace: circuit lacks generated CUDA coverage circuit=19 rows=43062
2026-09-17T00:04:14.997758Z DEBUG aiur/codegen_seeds{circuit=6 rows=17291}: aiur::trace_codegen::cuda: prepared generated CUDA trace circuit=6 rows=17291 width=63 seed_bytes=3062304 seed_spans=4
2026-09-17T00:04:14.997796Z DEBUG aiur::gpu_trace: CPU trace: circuit lacks generated CUDA coverage circuit=144 rows=188490
2026-09-17T00:04:14.997912Z DEBUG aiur::gpu_trace: CPU trace: circuit lacks generated CUDA coverage circuit=149 rows=187224
2026-09-17T00:04:15.008078Z DEBUG aiur::gpu_trace: CPU trace: circuit lacks generated CUDA coverage circuit=72 rows=14482
2026-09-17T00:04:15.018037Z DEBUG aiur::gpu_trace: CPU trace: circuit lacks generated CUDA coverage circuit=96 rows=63896
2026-09-17T00:04:15.018875Z DEBUG aiur::gpu_trace: CPU trace: circuit lacks generated CUDA coverage circuit=73 rows=23494
2026-09-17T00:04:15.019529Z DEBUG aiur::gpu_trace: CPU trace: circuit lacks generated CUDA coverage circuit=2 rows=164005
2026-09-17T00:04:15.025683Z DEBUG aiur::gpu_trace: CPU trace: circuit lacks generated CUDA coverage circuit=78 rows=4827
2026-09-17T00:04:15.028155Z DEBUG aiur/codegen_seeds{circuit=32 rows=171950}: aiur::trace_codegen::cuda: prepared generated CUDA trace circuit=32 rows=171950 width=21 seed_bytes=7313688 seed_spans=6
2026-09-17T00:04:15.028242Z DEBUG aiur::gpu_trace: CPU trace: circuit lacks generated CUDA coverage circuit=35 rows=49000
2026-09-17T00:04:15.034300Z DEBUG aiur::gpu_trace: CPU trace: circuit lacks generated CUDA coverage circuit=114 rows=580548
2026-09-17T00:04:15.036995Z DEBUG aiur::gpu_trace: CPU trace: circuit lacks generated CUDA coverage circuit=160 rows=26663
2026-09-17T00:04:15.040359Z DEBUG aiur::gpu_trace: CPU trace: circuit lacks generated CUDA coverage circuit=86 rows=9322
2026-09-17T00:04:15.041932Z DEBUG aiur::gpu_trace: CPU trace: circuit lacks generated CUDA coverage circuit=80 rows=36365
2026-09-17T00:04:15.043080Z DEBUG aiur::gpu_trace: CPU trace: circuit lacks generated CUDA coverage circuit=66 rows=339
2026-09-17T00:04:15.043483Z DEBUG aiur::gpu_trace: CPU trace: circuit lacks generated CUDA coverage circuit=67 rows=2996
2026-09-17T00:04:15.050492Z DEBUG aiur::gpu_trace: CPU trace: circuit lacks generated CUDA coverage circuit=23 rows=50260
2026-09-17T00:04:15.050532Z DEBUG aiur::gpu_trace: CPU trace: circuit lacks generated CUDA coverage circuit=136 rows=18256
2026-09-17T00:04:15.051214Z DEBUG aiur::gpu_trace: CPU trace: circuit lacks generated CUDA coverage circuit=83 rows=26521
2026-09-17T00:04:15.051601Z DEBUG aiur::gpu_trace: CPU trace: circuit lacks generated CUDA coverage circuit=161 rows=141476
2026-09-17T00:04:15.054847Z DEBUG aiur::gpu_trace: CPU trace: circuit lacks generated CUDA coverage circuit=137 rows=247247
2026-09-17T00:04:15.055842Z DEBUG aiur::gpu_trace: CPU trace: circuit lacks generated CUDA coverage circuit=81 rows=75199
2026-09-17T00:04:15.057449Z DEBUG aiur::gpu_trace: CPU trace: circuit lacks generated CUDA coverage circuit=141 rows=243148
2026-09-17T00:04:15.057559Z DEBUG aiur::gpu_trace: CPU trace: circuit lacks generated CUDA coverage circuit=145 rows=251077
2026-09-17T00:04:15.063434Z DEBUG aiur::gpu_trace: CPU trace: circuit lacks generated CUDA coverage circuit=40 rows=113054
2026-09-17T00:04:15.063868Z DEBUG aiur::gpu_trace: CPU trace: circuit lacks generated CUDA coverage circuit=182 rows=322703
2026-09-17T00:04:15.066277Z DEBUG aiur::gpu_trace: CPU trace: circuit lacks generated CUDA coverage circuit=123 rows=147121
2026-09-17T00:04:15.069652Z DEBUG aiur::gpu_trace: CPU trace: circuit lacks generated CUDA coverage circuit=134 rows=209735
2026-09-17T00:04:15.069884Z DEBUG aiur/codegen_seeds{circuit=140 rows=407209}: aiur::trace_codegen::cuda: prepared generated CUDA trace circuit=140 rows=407209 width=25 seed_bytes=14255856 seed_spans=7
2026-09-17T00:04:15.069953Z DEBUG aiur::gpu_trace: CPU trace: circuit lacks generated CUDA coverage circuit=184 rows=146301
2026-09-17T00:04:15.082704Z DEBUG aiur::gpu_trace: CPU trace: circuit lacks generated CUDA coverage circuit=11 rows=105737
2026-09-17T00:04:15.084939Z DEBUG aiur::gpu_trace: CPU trace: circuit lacks generated CUDA coverage circuit=97 rows=185222
2026-09-17T00:04:15.085040Z DEBUG aiur::gpu_trace: CPU trace: circuit lacks generated CUDA coverage circuit=147 rows=222828
2026-09-17T00:04:15.096077Z DEBUG aiur::gpu_trace: CPU trace: circuit lacks generated CUDA coverage circuit=148 rows=202435
2026-09-17T00:04:15.101576Z DEBUG aiur::gpu_trace: CPU trace: circuit lacks generated CUDA coverage circuit=135 rows=3063
2026-09-17T00:04:15.116292Z DEBUG aiur::gpu_trace: CPU trace: circuit lacks generated CUDA coverage circuit=41 rows=483204
2026-09-17T00:04:15.116848Z DEBUG aiur::gpu_trace: CPU trace: circuit lacks generated CUDA coverage circuit=17 rows=13259
2026-09-17T00:04:15.120906Z DEBUG aiur::gpu_trace: CPU trace: circuit lacks generated CUDA coverage circuit=151 rows=782908
2026-09-17T00:04:15.122598Z DEBUG aiur::gpu_trace: CPU trace: circuit lacks generated CUDA coverage circuit=125 rows=362935
2026-09-17T00:04:15.139254Z DEBUG aiur::gpu_trace: CPU trace: circuit lacks generated CUDA coverage circuit=142 rows=291805
2026-09-17T00:04:15.142110Z DEBUG aiur::gpu_trace: CPU trace: circuit lacks generated CUDA coverage circuit=130 rows=182278
2026-09-17T00:04:15.146971Z DEBUG aiur::gpu_trace: CPU trace: circuit lacks generated CUDA coverage circuit=131 rows=333194
2026-09-17T00:04:15.147460Z DEBUG aiur::gpu_trace: CPU trace: circuit lacks generated CUDA coverage circuit=108 rows=981571
2026-09-17T00:04:15.175612Z DEBUG aiur::gpu_trace: CPU trace: circuit lacks generated CUDA coverage circuit=132 rows=956867
2026-09-17T00:04:15.179391Z DEBUG aiur/codegen_seeds{circuit=124 rows=40552}: aiur::trace_codegen::cuda: prepared generated CUDA trace circuit=124 rows=40552 width=98 seed_bytes=9262464 seed_spans=2
2026-09-17T00:04:15.179421Z DEBUG aiur::gpu_trace: CPU trace: circuit lacks generated CUDA coverage circuit=105 rows=359561
2026-09-17T00:04:15.238691Z DEBUG aiur::gpu_trace: CPU trace: circuit lacks generated CUDA coverage circuit=46 rows=125926
2026-09-17T00:04:15.296902Z DEBUG aiur::gpu_trace: CPU trace: circuit lacks generated CUDA coverage circuit=104 rows=166358
2026-09-17T00:04:15.314174Z DEBUG aiur::gpu_trace: CPU trace: circuit lacks generated CUDA coverage circuit=47 rows=215550
2026-09-17T00:04:15.323127Z DEBUG aiur::gpu_trace: CPU trace: circuit lacks generated CUDA coverage circuit=98 rows=187513
2026-09-17T00:04:15.351402Z DEBUG aiur::gpu_trace: CPU trace: circuit lacks generated CUDA coverage circuit=43 rows=54587
2026-09-17T00:04:15.392900Z DEBUG aiur::gpu_trace: CPU trace: circuit lacks generated CUDA coverage circuit=28 rows=2524
2026-09-17T00:04:15.393261Z DEBUG aiur::gpu_trace: CPU trace: circuit lacks generated CUDA coverage circuit=163 rows=136129
2026-09-17T00:04:15.400947Z DEBUG aiur::gpu_trace: CPU trace: circuit lacks generated CUDA coverage circuit=30 rows=12783
2026-09-17T00:04:15.425666Z DEBUG aiur::gpu_trace: CPU trace: circuit lacks generated CUDA coverage circuit=138 rows=718413
2026-09-17T00:04:15.426195Z DEBUG aiur::gpu_trace: CPU trace: circuit lacks generated CUDA coverage circuit=164 rows=704045
2026-09-17T00:04:15.481426Z DEBUG aiur::gpu_trace: CPU trace: circuit lacks generated CUDA coverage circuit=139 rows=226589
2026-09-17T00:04:15.511969Z DEBUG aiur::gpu_trace: CPU trace: circuit lacks generated CUDA coverage circuit=100 rows=367368
2026-09-17T00:04:15.537262Z DEBUG aiur::gpu_trace: CPU trace: circuit lacks generated CUDA coverage circuit=49 rows=91574
2026-09-17T00:04:15.541054Z DEBUG aiur::gpu_trace: CPU trace: circuit lacks generated CUDA coverage circuit=48 rows=16909
2026-09-17T00:04:15.560884Z DEBUG aiur::gpu_trace: CPU trace: circuit lacks generated CUDA coverage circuit=99 rows=371390
[lanes] worker 0: claim 3 proven at +258s (1 left)
[lanes] worker 0: claim 2 proving started at +258s
2026-09-17T00:04:21.377249Z DEBUG aiur::gpu_trace: CPU trace: circuit lacks generated CUDA coverage circuit=79 rows=2
2026-09-17T00:04:21.377587Z DEBUG aiur::gpu_trace: CPU trace: circuit lacks generated CUDA coverage circuit=176 rows=1
2026-09-17T00:04:21.377619Z DEBUG aiur/codegen_seeds{circuit=56 rows=99}: aiur::trace_codegen::cuda: prepared generated CUDA trace circuit=56 rows=99 width=49 seed_bytes=7920 seed_spans=1
2026-09-17T00:04:21.377650Z DEBUG aiur::gpu_trace: CPU trace: circuit lacks generated CUDA coverage circuit=90 rows=88211
2026-09-17T00:04:21.442511Z DEBUG aiur/codegen_seeds{circuit=16 rows=1048576}: aiur::trace_codegen::cuda: prepared generated CUDA trace circuit=16 rows=1048576 width=533 seed_bytes=184549376 seed_spans=16
2026-09-17T00:04:21.726226Z DEBUG aiur/codegen_seeds{circuit=117 rows=15066656}: aiur::trace_codegen::cuda: prepared generated CUDA trace circuit=117 rows=15066656 width=15 seed_bytes=723199488 seed_spans=230
2026-09-17T00:04:21.727054Z DEBUG aiur::gpu_trace: CPU trace: circuit lacks generated CUDA coverage circuit=3 rows=9
2026-09-17T00:04:21.727060Z DEBUG aiur::gpu_trace: CPU trace: circuit lacks generated CUDA coverage circuit=153 rows=1191
2026-09-17T00:04:21.727284Z DEBUG aiur/codegen_seeds{circuit=63 rows=106}: aiur::trace_codegen::cuda: prepared generated CUDA trace circuit=63 rows=106 width=68 seed_bytes=22048 seed_spans=1
2026-09-17T00:04:21.727441Z DEBUG aiur::gpu_trace: CPU trace: circuit lacks generated CUDA coverage circuit=58 rows=2177
2026-09-17T00:04:21.727537Z DEBUG aiur::gpu_trace: CPU trace: circuit lacks generated CUDA coverage circuit=91 rows=4931554
2026-09-17T00:04:21.728489Z DEBUG aiur::gpu_trace: CPU trace: circuit lacks generated CUDA coverage circuit=22 rows=29
2026-09-17T00:04:21.729248Z DEBUG aiur::gpu_trace: CPU trace: circuit lacks generated CUDA coverage circuit=156 rows=375191
2026-09-17T00:04:21.790199Z DEBUG aiur/codegen_seeds{circuit=16 rows=1048576}: aiur::trace_codegen::cuda: prepared generated CUDA trace circuit=16 rows=1048576 width=533 seed_bytes=184549376 seed_spans=16
2026-09-17T00:04:22.485206Z DEBUG aiur::gpu_trace: CPU trace: circuit lacks generated CUDA coverage circuit=26 rows=6
2026-09-17T00:04:22.485804Z DEBUG aiur::gpu_trace: CPU trace: circuit lacks generated CUDA coverage circuit=84 rows=5
2026-09-17T00:04:22.485917Z DEBUG aiur::gpu_trace: CPU trace: circuit lacks generated CUDA coverage circuit=34 rows=907035
2026-09-17T00:04:22.485951Z DEBUG aiur::gpu_trace: CPU trace: circuit lacks generated CUDA coverage circuit=60 rows=65
2026-09-17T00:04:22.538497Z DEBUG aiur/codegen_seeds{circuit=16 rows=1048576}: aiur::trace_codegen::cuda: prepared generated CUDA trace circuit=16 rows=1048576 width=533 seed_bytes=184549376 seed_spans=16
[trace-shards] 9 shards, 1500000000 committed cells: record 16263532668 B in shared pool, host workspace 16607614388 B of 26088568116 B reserved per prover; regenerating round 2
[lanes] executor 0: join 2 executed in 39.6s, record 16263532668 B (15.1 GiB) at +259s
2026-09-17T00:04:23.041728Z DEBUG aiur/codegen_seeds{circuit=12 rows=16777216}: aiur::trace_codegen::cuda: prepared generated CUDA trace circuit=12 rows=16777216 width=17 seed_bytes=1342177280 seed_spans=256
2026-09-17T00:04:23.485973Z DEBUG aiur::gpu_trace: CPU trace: circuit lacks generated CUDA coverage circuit=89 rows=127640
2026-09-17T00:04:23.486903Z DEBUG aiur::gpu_trace: CPU trace: circuit lacks generated CUDA coverage circuit=64 rows=38
2026-09-17T00:04:23.486957Z DEBUG aiur::gpu_trace: CPU trace: circuit lacks generated CUDA coverage circuit=57 rows=98
2026-09-17T00:04:23.487953Z DEBUG aiur::gpu_trace: CPU trace: circuit lacks generated CUDA coverage circuit=68 rows=16
2026-09-17T00:04:23.999286Z DEBUG aiur/codegen_seeds{circuit=119 rows=11635949}: aiur::trace_codegen::cuda: prepared generated CUDA trace circuit=119 rows=11635949 width=20 seed_bytes=651613144 seed_spans=178
2026-09-17T00:04:24.049399Z DEBUG aiur/codegen_seeds{circuit=38 rows=4479712}: aiur::trace_codegen::cuda: prepared generated CUDA trace circuit=38 rows=4479712 width=27 seed_bytes=824267008 seed_spans=69
2026-09-17T00:04:24.172547Z DEBUG aiur/codegen_seeds{circuit=42 rows=6583335}: aiur::trace_codegen::cuda: prepared generated CUDA trace circuit=42 rows=6583335 width=49 seed_bytes=1790667120 seed_spans=107
2026-09-17T00:04:24.368945Z DEBUG aiur::gpu_trace: CPU trace: circuit lacks generated CUDA coverage circuit=69 rows=15
2026-09-17T00:04:24.369553Z DEBUG aiur::gpu_trace: CPU trace: circuit lacks generated CUDA coverage circuit=77 rows=2
2026-09-17T00:04:24.369814Z DEBUG aiur::gpu_trace: CPU trace: circuit lacks generated CUDA coverage circuit=70 rows=16
2026-09-17T00:04:24.370051Z DEBUG aiur::gpu_trace: CPU trace: circuit lacks generated CUDA coverage circuit=71 rows=16
2026-09-17T00:04:24.370254Z DEBUG aiur::gpu_trace: CPU trace: circuit lacks generated CUDA coverage circuit=97 rows=232051
2026-09-17T00:04:24.370544Z DEBUG aiur::gpu_trace: CPU trace: circuit lacks generated CUDA coverage circuit=75 rows=4
2026-09-17T00:04:24.371285Z DEBUG aiur::gpu_trace: CPU trace: circuit lacks generated CUDA coverage circuit=152 rows=650998
2026-09-17T00:04:24.785131Z DEBUG aiur/codegen_seeds{circuit=107 rows=7689358}: aiur::trace_codegen::cuda: prepared generated CUDA trace circuit=107 rows=7689358 width=23 seed_bytes=430604048 seed_spans=118
2026-09-17T00:04:24.786585Z DEBUG aiur/codegen_seeds{circuit=170 rows=11286266}: aiur::trace_codegen::cuda: prepared generated CUDA trace circuit=170 rows=11286266 width=11 seed_bytes=451450640 seed_spans=173
2026-09-17T00:04:24.805298Z DEBUG aiur/codegen_seeds{circuit=112 rows=6260162}: aiur::trace_codegen::cuda: prepared generated CUDA trace circuit=112 rows=6260162 width=31 seed_bytes=450731664 seed_spans=96
2026-09-17T00:04:24.810495Z DEBUG aiur/codegen_seeds{circuit=36 rows=6598250}: aiur::trace_codegen::cuda: prepared generated CUDA trace circuit=36 rows=6598250 width=25 seed_bytes=633432000 seed_spans=101
2026-09-17T00:04:25.474340Z DEBUG aiur::gpu_trace: CPU trace: circuit lacks generated CUDA coverage circuit=40 rows=120138
2026-09-17T00:04:25.724853Z DEBUG aiur/codegen_seeds{circuit=102 rows=1879966}: aiur::trace_codegen::cuda: prepared generated CUDA trace circuit=102 rows=1879966 width=43 seed_bytes=75198640 seed_spans=29
2026-09-17T00:04:25.752306Z DEBUG aiur/codegen_seeds{circuit=162 rows=2106830}: aiur::trace_codegen::cuda: prepared generated CUDA trace circuit=162 rows=2106830 width=33 seed_bytes=252819600 seed_spans=33
2026-09-17T00:04:25.774874Z DEBUG aiur/codegen_seeds{circuit=101 rows=6980607}: aiur::trace_codegen::cuda: prepared generated CUDA trace circuit=101 rows=6980607 width=19 seed_bytes=446758848 seed_spans=107
2026-09-17T00:04:25.783722Z DEBUG aiur/codegen_seeds{circuit=12 rows=6325048}: aiur::trace_codegen::cuda: prepared generated CUDA trace circuit=12 rows=6325048 width=17 seed_bytes=506003840 seed_spans=97
2026-09-17T00:04:26.440820Z DEBUG aiur::gpu_trace: CPU trace: circuit lacks generated CUDA coverage circuit=85 rows=585
2026-09-17T00:04:26.440952Z DEBUG aiur::gpu_trace: CPU trace: circuit lacks generated CUDA coverage circuit=61 rows=6422
2026-09-17T00:04:26.452166Z DEBUG aiur::gpu_trace: CPU trace: circuit lacks generated CUDA coverage circuit=62 rows=184
2026-09-17T00:04:26.917999Z DEBUG aiur/codegen_seeds{circuit=118 rows=3703715}: aiur::trace_codegen::cuda: prepared generated CUDA trace circuit=118 rows=3703715 width=10 seed_bytes=177778320 seed_spans=57
2026-09-17T00:04:26.928549Z DEBUG aiur/codegen_seeds{circuit=106 rows=7882444}: aiur::trace_codegen::cuda: prepared generated CUDA trace circuit=106 rows=7882444 width=9 seed_bytes=252238208 seed_spans=121
2026-09-17T00:04:26.929169Z DEBUG aiur/codegen_seeds{circuit=111 rows=6505080}: aiur::trace_codegen::cuda: prepared generated CUDA trace circuit=111 rows=6505080 width=11 seed_bytes=260203200 seed_spans=100
2026-09-17T00:04:26.933166Z DEBUG aiur/codegen_seeds{circuit=13 rows=339773}: aiur::trace_codegen::cuda: prepared generated CUDA trace circuit=13 rows=339773 width=195 seed_bytes=288127504 seed_spans=18
2026-09-17T00:04:26.968592Z DEBUG aiur/codegen_seeds{circuit=183 rows=7486634}: aiur::trace_codegen::cuda: prepared generated CUDA trace circuit=183 rows=7486634 width=10 seed_bytes=359358432 seed_spans=115
2026-09-17T00:04:26.985153Z DEBUG aiur/codegen_seeds{circuit=177 rows=6798544}: aiur::trace_codegen::cuda: prepared generated CUDA trace circuit=177 rows=6798544 width=10 seed_bytes=326330112 seed_spans=104
2026-09-17T00:04:27.015027Z DEBUG aiur/codegen_seeds{circuit=33 rows=7366504}: aiur::trace_codegen::cuda: prepared generated CUDA trace circuit=33 rows=7366504 width=18 seed_bytes=825048448 seed_spans=113
2026-09-17T00:04:27.620338Z DEBUG aiur::gpu_trace: CPU trace: circuit lacks generated CUDA coverage circuit=20 rows=528891
2026-09-17T00:04:27.620375Z DEBUG aiur::gpu_trace: CPU trace: circuit lacks generated CUDA coverage circuit=67 rows=3047
2026-09-17T00:04:27.620784Z DEBUG aiur::gpu_trace: CPU trace: circuit lacks generated CUDA coverage circuit=83 rows=28481
2026-09-17T00:04:27.620895Z DEBUG aiur::gpu_trace: CPU trace: circuit lacks generated CUDA coverage circuit=108 rows=905603
2026-09-17T00:04:27.620896Z DEBUG aiur::gpu_trace: CPU trace: circuit lacks generated CUDA coverage circuit=167 rows=1992255
2026-09-17T00:04:27.621697Z DEBUG aiur::gpu_trace: CPU trace: circuit lacks generated CUDA coverage circuit=120 rows=2586271
2026-09-17T00:04:27.621884Z DEBUG aiur::gpu_trace: CPU trace: circuit lacks generated CUDA coverage circuit=168 rows=1611823
2026-09-17T00:04:27.622380Z DEBUG aiur::gpu_trace: CPU trace: circuit lacks generated CUDA coverage circuit=24 rows=560736
2026-09-17T00:04:27.622407Z DEBUG aiur::gpu_trace: CPU trace: circuit lacks generated CUDA coverage circuit=109 rows=3151977
2026-09-17T00:04:27.622841Z DEBUG aiur::gpu_trace: CPU trace: circuit lacks generated CUDA coverage circuit=110 rows=2638124
2026-09-17T00:04:28.206111Z DEBUG aiur/codegen_seeds{circuit=16 rows=79824}: aiur::trace_codegen::cuda: prepared generated CUDA trace circuit=16 rows=79824 width=533 seed_bytes=14049024 seed_spans=2
2026-09-17T00:04:28.232291Z DEBUG aiur/codegen_seeds{circuit=15 rows=345283}: aiur::trace_codegen::cuda: prepared generated CUDA trace circuit=15 rows=345283 width=177 seed_bytes=140875464 seed_spans=9
2026-09-17T00:04:28.248598Z DEBUG aiur/codegen_seeds{circuit=54 rows=3652594}: aiur::trace_codegen::cuda: prepared generated CUDA trace circuit=54 rows=3652594 width=11 seed_bytes=204545264 seed_spans=56
2026-09-17T00:04:28.729345Z DEBUG aiur::gpu_trace: CPU trace: circuit lacks generated CUDA coverage circuit=166 rows=1683279
2026-09-17T00:04:28.729346Z DEBUG aiur::gpu_trace: CPU trace: circuit lacks generated CUDA coverage circuit=169 rows=1404773
2026-09-17T00:04:28.729346Z DEBUG aiur::gpu_trace: CPU trace: circuit lacks generated CUDA coverage circuit=179 rows=3061159
2026-09-17T00:04:28.729826Z DEBUG aiur::gpu_trace: CPU trace: circuit lacks generated CUDA coverage circuit=115 rows=1509591
2026-09-17T00:04:28.730072Z DEBUG aiur::gpu_trace: CPU trace: circuit lacks generated CUDA coverage circuit=44 rows=249606
2026-09-17T00:04:28.730366Z DEBUG aiur::gpu_trace: CPU trace: circuit lacks generated CUDA coverage circuit=19 rows=53132
2026-09-17T00:04:28.730742Z DEBUG aiur::gpu_trace: CPU trace: circuit lacks generated CUDA coverage circuit=105 rows=479743
2026-09-17T00:04:28.730831Z DEBUG aiur::gpu_trace: CPU trace: circuit lacks generated CUDA coverage circuit=134 rows=295238
2026-09-17T00:04:28.730869Z DEBUG aiur::gpu_trace: CPU trace: circuit lacks generated CUDA coverage circuit=137 rows=304108
2026-09-17T00:04:28.731447Z DEBUG aiur::gpu_trace: CPU trace: circuit lacks generated CUDA coverage circuit=135 rows=4327
2026-09-17T00:04:28.731547Z DEBUG aiur::gpu_trace: CPU trace: circuit lacks generated CUDA coverage circuit=37 rows=858034
2026-09-17T00:04:28.731585Z DEBUG aiur::gpu_trace: CPU trace: circuit lacks generated CUDA coverage circuit=147 rows=285969
2026-09-17T00:04:28.731591Z DEBUG aiur::gpu_trace: CPU trace: circuit lacks generated CUDA coverage circuit=132 rows=1364805
2026-09-17T00:04:28.731780Z DEBUG aiur::gpu_trace: CPU trace: circuit lacks generated CUDA coverage circuit=113 rows=1850721
2026-09-17T00:04:28.732113Z DEBUG aiur::gpu_trace: CPU trace: circuit lacks generated CUDA coverage circuit=150 rows=1255693
2026-09-17T00:04:28.732192Z DEBUG aiur::gpu_trace: CPU trace: circuit lacks generated CUDA coverage circuit=184 rows=158891
2026-09-17T00:04:28.732448Z DEBUG aiur::gpu_trace: CPU trace: circuit lacks generated CUDA coverage circuit=138 rows=844040
2026-09-17T00:04:28.732542Z DEBUG aiur::gpu_trace: CPU trace: circuit lacks generated CUDA coverage circuit=125 rows=538318
2026-09-17T00:04:28.732565Z DEBUG aiur::gpu_trace: CPU trace: circuit lacks generated CUDA coverage circuit=122 rows=1676534
2026-09-17T00:04:28.732572Z DEBUG aiur::gpu_trace: CPU trace: circuit lacks generated CUDA coverage circuit=126 rows=437729
2026-09-17T00:04:28.732602Z DEBUG aiur::gpu_trace: CPU trace: circuit lacks generated CUDA coverage circuit=151 rows=909410
2026-09-17T00:04:28.736480Z DEBUG aiur::gpu_trace: CPU trace: circuit lacks generated CUDA coverage circuit=116 rows=961712
2026-09-17T00:04:29.673666Z DEBUG aiur/codegen_seeds{circuit=140 rows=540493}: aiur::trace_codegen::cuda: prepared generated CUDA trace circuit=140 rows=540493 width=25 seed_bytes=19479240 seed_spans=10
2026-09-17T00:04:29.692057Z DEBUG aiur/codegen_seeds{circuit=178 rows=4158809}: aiur::trace_codegen::cuda: prepared generated CUDA trace circuit=178 rows=4158809 width=10 seed_bytes=199622832 seed_spans=64
2026-09-17T00:04:29.696467Z DEBUG aiur/codegen_seeds{circuit=88 rows=3001118}: aiur::trace_codegen::cuda: prepared generated CUDA trace circuit=88 rows=3001118 width=10 seed_bytes=144053664 seed_spans=46
2026-09-17T00:04:29.711522Z DEBUG aiur/codegen_seeds{circuit=180 rows=3602210}: aiur::trace_codegen::cuda: prepared generated CUDA trace circuit=180 rows=3602210 width=8 seed_bytes=172906080 seed_spans=55
2026-09-17T00:04:29.717961Z DEBUG aiur/codegen_seeds{circuit=45 rows=1579511}: aiur::trace_codegen::cuda: prepared generated CUDA trace circuit=45 rows=1579511 width=26 seed_bytes=277993936 seed_spans=25
2026-09-17T00:04:30.176705Z DEBUG aiur::gpu_trace: CPU trace: circuit lacks generated CUDA coverage circuit=0 rows=162420
2026-09-17T00:04:30.176738Z DEBUG aiur::gpu_trace: CPU trace: circuit lacks generated CUDA coverage circuit=1 rows=18432
2026-09-17T00:04:30.176743Z DEBUG aiur::gpu_trace: CPU trace: circuit lacks generated CUDA coverage circuit=103 rows=327531
2026-09-17T00:04:30.176757Z DEBUG aiur::gpu_trace: CPU trace: circuit lacks generated CUDA coverage circuit=7 rows=37830
2026-09-17T00:04:30.176760Z DEBUG aiur::gpu_trace: CPU trace: circuit lacks generated CUDA coverage circuit=4 rows=18957
2026-09-17T00:04:30.176760Z DEBUG aiur::gpu_trace: CPU trace: circuit lacks generated CUDA coverage circuit=9 rows=33736
2026-09-17T00:04:30.176765Z DEBUG aiur::gpu_trace: CPU trace: circuit lacks generated CUDA coverage circuit=114 rows=597833
2026-09-17T00:04:30.176765Z DEBUG aiur::gpu_trace: CPU trace: circuit lacks generated CUDA coverage circuit=25 rows=44061
2026-09-17T00:04:30.176761Z DEBUG aiur::gpu_trace: CPU trace: circuit lacks generated CUDA coverage circuit=82 rows=122500
2026-09-17T00:04:30.176761Z DEBUG aiur::gpu_trace: CPU trace: circuit lacks generated CUDA coverage circuit=10 rows=33570
2026-09-17T00:04:30.176765Z DEBUG aiur::gpu_trace: CPU trace: circuit lacks generated CUDA coverage circuit=2 rows=153453
2026-09-17T00:04:30.176765Z DEBUG aiur::gpu_trace: CPU trace: circuit lacks generated CUDA coverage circuit=104 rows=211082
2026-09-17T00:04:30.176766Z DEBUG aiur::gpu_trace: CPU trace: circuit lacks generated CUDA coverage circuit=127 rows=434509
2026-09-17T00:04:30.176766Z DEBUG aiur::gpu_trace: CPU trace: circuit lacks generated CUDA coverage circuit=130 rows=255769
2026-09-17T00:04:30.176766Z DEBUG aiur::gpu_trace: CPU trace: circuit lacks generated CUDA coverage circuit=133 rows=284408
2026-09-17T00:04:30.176768Z DEBUG aiur::gpu_trace: CPU trace: circuit lacks generated CUDA coverage circuit=51 rows=17021
2026-09-17T00:04:30.176760Z DEBUG aiur::gpu_trace: CPU trace: circuit lacks generated CUDA coverage circuit=76 rows=47808
2026-09-17T00:04:30.176759Z DEBUG aiur::gpu_trace: CPU trace: circuit lacks generated CUDA coverage circuit=8 rows=26243
2026-09-17T00:04:30.177176Z DEBUG aiur::gpu_trace: CPU trace: circuit lacks generated CUDA coverage circuit=11 rows=112011
2026-09-17T00:04:30.177177Z DEBUG aiur::gpu_trace: CPU trace: circuit lacks generated CUDA coverage circuit=66 rows=629
2026-09-17T00:04:30.177237Z DEBUG aiur::gpu_trace: CPU trace: circuit lacks generated CUDA coverage circuit=141 rows=302459
2026-09-17T00:04:30.177254Z DEBUG aiur::gpu_trace: CPU trace: circuit lacks generated CUDA coverage circuit=154 rows=28644
2026-09-17T00:04:30.177268Z DEBUG aiur::gpu_trace: CPU trace: circuit lacks generated CUDA coverage circuit=39 rows=191507
2026-09-17T00:04:30.177442Z DEBUG aiur::gpu_trace: CPU trace: circuit lacks generated CUDA coverage circuit=72 rows=11125
2026-09-17T00:04:30.177511Z DEBUG aiur::gpu_trace: CPU trace: circuit lacks generated CUDA coverage circuit=80 rows=42321
2026-09-17T00:04:30.177512Z DEBUG aiur::gpu_trace: CPU trace: circuit lacks generated CUDA coverage circuit=65 rows=91747
2026-09-17T00:04:30.177544Z DEBUG aiur::gpu_trace: CPU trace: circuit lacks generated CUDA coverage circuit=92 rows=101041
2026-09-17T00:04:30.177624Z DEBUG aiur::gpu_trace: CPU trace: circuit lacks generated CUDA coverage circuit=14 rows=793076
2026-09-17T00:04:30.177667Z DEBUG aiur::gpu_trace: CPU trace: circuit lacks generated CUDA coverage circuit=128 rows=280069
2026-09-17T00:04:30.177846Z DEBUG aiur::gpu_trace: CPU trace: circuit lacks generated CUDA coverage circuit=78 rows=6731
2026-09-17T00:04:30.178626Z DEBUG aiur::gpu_trace: CPU trace: circuit lacks generated CUDA coverage circuit=95 rows=30509
2026-09-17T00:04:30.181126Z DEBUG aiur::gpu_trace: CPU trace: circuit lacks generated CUDA coverage circuit=59 rows=99846
2026-09-17T00:04:30.188392Z DEBUG aiur::gpu_trace: CPU trace: circuit lacks generated CUDA coverage circuit=73 rows=24412
2026-09-17T00:04:30.189978Z DEBUG aiur::gpu_trace: CPU trace: circuit lacks generated CUDA coverage circuit=5 rows=270
2026-09-17T00:04:30.190299Z DEBUG aiur::gpu_trace: CPU trace: circuit lacks generated CUDA coverage circuit=81 rows=109094
2026-09-17T00:04:30.197601Z DEBUG aiur::gpu_trace: CPU trace: circuit lacks generated CUDA coverage circuit=155 rows=34309
2026-09-17T00:04:30.201145Z DEBUG aiur::gpu_trace: CPU trace: circuit lacks generated CUDA coverage circuit=121 rows=460545
2026-09-17T00:04:30.209271Z DEBUG aiur/codegen_seeds{circuit=6 rows=17820}: aiur::trace_codegen::cuda: prepared generated CUDA trace circuit=6 rows=17820 width=63 seed_bytes=3289032 seed_spans=4
2026-09-17T00:04:30.209305Z DEBUG aiur::gpu_trace: CPU trace: circuit lacks generated CUDA coverage circuit=136 rows=19762
2026-09-17T00:04:30.213860Z DEBUG aiur::gpu_trace: CPU trace: circuit lacks generated CUDA coverage circuit=139 rows=269295
2026-09-17T00:04:30.220317Z DEBUG aiur::gpu_trace: CPU trace: circuit lacks generated CUDA coverage circuit=98 rows=233884
2026-09-17T00:04:30.220522Z DEBUG aiur::gpu_trace: CPU trace: circuit lacks generated CUDA coverage circuit=181 rows=322610
2026-09-17T00:04:30.225595Z DEBUG aiur::gpu_trace: CPU trace: circuit lacks generated CUDA coverage circuit=157 rows=219356
2026-09-17T00:04:30.228706Z DEBUG aiur::gpu_trace: CPU trace: circuit lacks generated CUDA coverage circuit=146 rows=98985
2026-09-17T00:04:30.231251Z DEBUG aiur::gpu_trace: CPU trace: circuit lacks generated CUDA coverage circuit=31 rows=2621
2026-09-17T00:04:30.232238Z DEBUG aiur::gpu_trace: CPU trace: circuit lacks generated CUDA coverage circuit=74 rows=737
2026-09-17T00:04:30.233240Z DEBUG aiur::gpu_trace: CPU trace: circuit lacks generated CUDA coverage circuit=96 rows=82447
2026-09-17T00:04:30.242717Z DEBUG aiur::gpu_trace: CPU trace: circuit lacks generated CUDA coverage circuit=52 rows=170568
2026-09-17T00:04:30.264722Z DEBUG aiur::gpu_trace: CPU trace: circuit lacks generated CUDA coverage circuit=93 rows=19709
2026-09-17T00:04:30.269991Z DEBUG aiur::gpu_trace: CPU trace: circuit lacks generated CUDA coverage circuit=129 rows=397753
2026-09-17T00:04:30.272263Z DEBUG aiur::gpu_trace: CPU trace: circuit lacks generated CUDA coverage circuit=86 rows=10372
2026-09-17T00:04:30.277050Z DEBUG aiur::gpu_trace: CPU trace: circuit lacks generated CUDA coverage circuit=35 rows=66945
2026-09-17T00:04:30.292539Z DEBUG aiur::gpu_trace: CPU trace: circuit lacks generated CUDA coverage circuit=94 rows=20688
2026-09-17T00:04:30.294697Z DEBUG aiur/codegen_seeds{circuit=32 rows=218051}: aiur::trace_codegen::cuda: prepared generated CUDA trace circuit=32 rows=218051 width=21 seed_bytes=9395624 seed_spans=7
2026-09-17T00:04:30.295484Z DEBUG aiur::gpu_trace: CPU trace: circuit lacks generated CUDA coverage circuit=55 rows=4178
2026-09-17T00:04:30.296646Z DEBUG aiur::gpu_trace: CPU trace: circuit lacks generated CUDA coverage circuit=53 rows=14613
2026-09-17T00:04:30.303431Z DEBUG aiur::gpu_trace: CPU trace: circuit lacks generated CUDA coverage circuit=41 rows=492517
2026-09-17T00:04:30.304621Z DEBUG aiur::gpu_trace: CPU trace: circuit lacks generated CUDA coverage circuit=123 rows=221681
2026-09-17T00:04:30.308766Z DEBUG aiur::gpu_trace: CPU trace: circuit lacks generated CUDA coverage circuit=46 rows=180256
2026-09-17T00:04:30.319579Z DEBUG aiur::gpu_trace: CPU trace: circuit lacks generated CUDA coverage circuit=100 rows=323504
2026-09-17T00:04:30.328706Z DEBUG aiur::gpu_trace: CPU trace: circuit lacks generated CUDA coverage circuit=149 rows=267179
2026-09-17T00:04:30.343758Z DEBUG aiur::gpu_trace: CPU trace: circuit lacks generated CUDA coverage circuit=47 rows=235340
2026-09-17T00:04:30.357133Z DEBUG aiur::gpu_trace: CPU trace: circuit lacks generated CUDA coverage circuit=182 rows=482112
2026-09-17T00:04:30.366616Z DEBUG aiur::gpu_trace: CPU trace: circuit lacks generated CUDA coverage circuit=148 rows=292072
2026-09-17T00:04:30.420659Z DEBUG aiur::gpu_trace: CPU trace: circuit lacks generated CUDA coverage circuit=18 rows=14298
2026-09-17T00:04:30.433009Z DEBUG aiur::gpu_trace: CPU trace: circuit lacks generated CUDA coverage circuit=23 rows=54100
2026-09-17T00:04:30.450098Z DEBUG aiur::gpu_trace: CPU trace: circuit lacks generated CUDA coverage circuit=17 rows=14235
2026-09-17T00:04:30.498408Z DEBUG aiur::gpu_trace: CPU trace: circuit lacks generated CUDA coverage circuit=143 rows=269496
2026-09-17T00:04:30.504134Z DEBUG aiur::gpu_trace: CPU trace: circuit lacks generated CUDA coverage circuit=28 rows=1817
2026-09-17T00:04:30.506499Z DEBUG aiur::gpu_trace: CPU trace: circuit lacks generated CUDA coverage circuit=30 rows=13216
2026-09-17T00:04:30.506784Z DEBUG aiur::gpu_trace: CPU trace: circuit lacks generated CUDA coverage circuit=99 rows=328143
2026-09-17T00:04:30.509986Z DEBUG aiur::gpu_trace: CPU trace: circuit lacks generated CUDA coverage circuit=158 rows=12623
2026-09-17T00:04:30.513279Z DEBUG aiur::gpu_trace: CPU trace: circuit lacks generated CUDA coverage circuit=159 rows=23171
2026-09-17T00:04:30.515308Z DEBUG aiur/codegen_seeds{circuit=124 rows=64132}: aiur::trace_codegen::cuda: prepared generated CUDA trace circuit=124 rows=64132 width=98 seed_bytes=14951040 seed_spans=2
2026-09-17T00:04:30.523706Z DEBUG aiur::gpu_trace: CPU trace: circuit lacks generated CUDA coverage circuit=131 rows=464979
2026-09-17T00:04:30.562768Z DEBUG aiur::gpu_trace: CPU trace: circuit lacks generated CUDA coverage circuit=160 rows=28285
2026-09-17T00:04:30.564045Z DEBUG aiur::gpu_trace: CPU trace: circuit lacks generated CUDA coverage circuit=49 rows=117560
2026-09-17T00:04:30.571533Z DEBUG aiur::gpu_trace: CPU trace: circuit lacks generated CUDA coverage circuit=142 rows=364189
2026-09-17T00:04:30.577927Z DEBUG aiur::gpu_trace: CPU trace: circuit lacks generated CUDA coverage circuit=161 rows=176127
2026-09-17T00:04:30.578252Z DEBUG aiur::gpu_trace: CPU trace: circuit lacks generated CUDA coverage circuit=144 rows=269603
2026-09-17T00:04:30.583264Z DEBUG aiur::gpu_trace: CPU trace: circuit lacks generated CUDA coverage circuit=145 rows=305191
2026-09-17T00:04:30.618667Z DEBUG aiur::gpu_trace: CPU trace: circuit lacks generated CUDA coverage circuit=48 rows=18047
2026-09-17T00:04:30.619278Z DEBUG aiur::gpu_trace: CPU trace: circuit lacks generated CUDA coverage circuit=27 rows=1549
2026-09-17T00:04:30.671256Z DEBUG aiur::gpu_trace: CPU trace: circuit lacks generated CUDA coverage circuit=43 rows=74208
2026-09-17T00:04:30.675107Z DEBUG aiur::gpu_trace: CPU trace: circuit lacks generated CUDA coverage circuit=50 rows=1207
2026-09-17T00:04:30.697600Z DEBUG aiur::gpu_trace: CPU trace: circuit lacks generated CUDA coverage circuit=163 rows=149601
2026-09-17T00:04:30.700674Z DEBUG aiur::gpu_trace: CPU trace: circuit lacks generated CUDA coverage circuit=164 rows=836789
2026-09-17T00:04:32.312350Z DEBUG aiur::gpu_trace: CPU trace: circuit lacks generated CUDA coverage circuit=176 rows=1
2026-09-17T00:04:32.312836Z DEBUG aiur/codegen_seeds{circuit=56 rows=99}: aiur::trace_codegen::cuda: prepared generated CUDA trace circuit=56 rows=99 width=49 seed_bytes=7920 seed_spans=1
2026-09-17T00:04:32.313710Z DEBUG aiur::gpu_trace: CPU trace: circuit lacks generated CUDA coverage circuit=79 rows=2
2026-09-17T00:04:32.313761Z DEBUG aiur::gpu_trace: CPU trace: circuit lacks generated CUDA coverage circuit=90 rows=88211
2026-09-17T00:04:32.377602Z DEBUG aiur/codegen_seeds{circuit=16 rows=1048576}: aiur::trace_codegen::cuda: prepared generated CUDA trace circuit=16 rows=1048576 width=533 seed_bytes=184549376 seed_spans=16
2026-09-17T00:04:32.604739Z DEBUG aiur/codegen_seeds{circuit=117 rows=15066656}: aiur::trace_codegen::cuda: prepared generated CUDA trace circuit=117 rows=15066656 width=15 seed_bytes=723199488 seed_spans=230
2026-09-17T00:04:32.605555Z DEBUG aiur::gpu_trace: CPU trace: circuit lacks generated CUDA coverage circuit=3 rows=9
2026-09-17T00:04:32.605558Z DEBUG aiur::gpu_trace: CPU trace: circuit lacks generated CUDA coverage circuit=153 rows=1191
2026-09-17T00:04:32.605696Z DEBUG aiur/codegen_seeds{circuit=63 rows=106}: aiur::trace_codegen::cuda: prepared generated CUDA trace circuit=63 rows=106 width=68 seed_bytes=22048 seed_spans=1
2026-09-17T00:04:32.606046Z DEBUG aiur::gpu_trace: CPU trace: circuit lacks generated CUDA coverage circuit=22 rows=29
2026-09-17T00:04:32.606146Z DEBUG aiur::gpu_trace: CPU trace: circuit lacks generated CUDA coverage circuit=58 rows=2177
2026-09-17T00:04:32.606729Z DEBUG aiur::gpu_trace: CPU trace: circuit lacks generated CUDA coverage circuit=91 rows=4931554
2026-09-17T00:04:32.607160Z DEBUG aiur::gpu_trace: CPU trace: circuit lacks generated CUDA coverage circuit=156 rows=375191
2026-09-17T00:04:32.674322Z DEBUG aiur/codegen_seeds{circuit=16 rows=1048576}: aiur::trace_codegen::cuda: prepared generated CUDA trace circuit=16 rows=1048576 width=533 seed_bytes=184549376 seed_spans=16
2026-09-17T00:04:35.127708Z DEBUG aiur::gpu_trace: CPU trace: circuit lacks generated CUDA coverage circuit=26 rows=6
2026-09-17T00:04:35.128831Z DEBUG aiur::gpu_trace: CPU trace: circuit lacks generated CUDA coverage circuit=34 rows=907035
2026-09-17T00:04:35.130062Z DEBUG aiur::gpu_trace: CPU trace: circuit lacks generated CUDA coverage circuit=60 rows=65
2026-09-17T00:04:35.130225Z DEBUG aiur::gpu_trace: CPU trace: circuit lacks generated CUDA coverage circuit=84 rows=5
2026-09-17T00:04:35.203883Z DEBUG aiur/codegen_seeds{circuit=16 rows=1048576}: aiur::trace_codegen::cuda: prepared generated CUDA trace circuit=16 rows=1048576 width=533 seed_bytes=184549376 seed_spans=16
2026-09-17T00:04:35.716333Z DEBUG aiur/codegen_seeds{circuit=12 rows=16777216}: aiur::trace_codegen::cuda: prepared generated CUDA trace circuit=12 rows=16777216 width=17 seed_bytes=1342177280 seed_spans=256
2026-09-17T00:04:38.142048Z DEBUG aiur::gpu_trace: CPU trace: circuit lacks generated CUDA coverage circuit=89 rows=127640
2026-09-17T00:04:38.143244Z DEBUG aiur::gpu_trace: CPU trace: circuit lacks generated CUDA coverage circuit=64 rows=38
2026-09-17T00:04:38.143273Z DEBUG aiur::gpu_trace: CPU trace: circuit lacks generated CUDA coverage circuit=57 rows=98
2026-09-17T00:04:38.144209Z DEBUG aiur::gpu_trace: CPU trace: circuit lacks generated CUDA coverage circuit=68 rows=16
2026-09-17T00:04:38.691061Z DEBUG aiur/codegen_seeds{circuit=119 rows=11635949}: aiur::trace_codegen::cuda: prepared generated CUDA trace circuit=119 rows=11635949 width=20 seed_bytes=651613144 seed_spans=178
2026-09-17T00:04:38.748244Z DEBUG aiur/codegen_seeds{circuit=38 rows=4479712}: aiur::trace_codegen::cuda: prepared generated CUDA trace circuit=38 rows=4479712 width=27 seed_bytes=824267008 seed_spans=69
2026-09-17T00:04:38.907612Z DEBUG aiur/codegen_seeds{circuit=42 rows=6583335}: aiur::trace_codegen::cuda: prepared generated CUDA trace circuit=42 rows=6583335 width=49 seed_bytes=1790667120 seed_spans=107
2026-09-17T00:04:40.800815Z DEBUG aiur::gpu_trace: CPU trace: circuit lacks generated CUDA coverage circuit=71 rows=16
2026-09-17T00:04:40.800815Z DEBUG aiur::gpu_trace: CPU trace: circuit lacks generated CUDA coverage circuit=70 rows=16
2026-09-17T00:04:40.800819Z DEBUG aiur::gpu_trace: CPU trace: circuit lacks generated CUDA coverage circuit=69 rows=15
2026-09-17T00:04:40.801826Z DEBUG aiur::gpu_trace: CPU trace: circuit lacks generated CUDA coverage circuit=77 rows=2
2026-09-17T00:04:40.802246Z DEBUG aiur::gpu_trace: CPU trace: circuit lacks generated CUDA coverage circuit=75 rows=4
2026-09-17T00:04:40.802522Z DEBUG aiur::gpu_trace: CPU trace: circuit lacks generated CUDA coverage circuit=97 rows=232051
2026-09-17T00:04:40.803514Z DEBUG aiur::gpu_trace: CPU trace: circuit lacks generated CUDA coverage circuit=152 rows=650998
2026-09-17T00:04:41.220217Z DEBUG aiur/codegen_seeds{circuit=107 rows=7689358}: aiur::trace_codegen::cuda: prepared generated CUDA trace circuit=107 rows=7689358 width=23 seed_bytes=430604048 seed_spans=118
2026-09-17T00:04:41.223716Z DEBUG aiur/codegen_seeds{circuit=170 rows=11286266}: aiur::trace_codegen::cuda: prepared generated CUDA trace circuit=170 rows=11286266 width=11 seed_bytes=451450640 seed_spans=173
2026-09-17T00:04:41.240592Z DEBUG aiur/codegen_seeds{circuit=112 rows=6260162}: aiur::trace_codegen::cuda: prepared generated CUDA trace circuit=112 rows=6260162 width=31 seed_bytes=450731664 seed_spans=96
2026-09-17T00:04:41.282987Z DEBUG aiur/codegen_seeds{circuit=36 rows=6598250}: aiur::trace_codegen::cuda: prepared generated CUDA trace circuit=36 rows=6598250 width=25 seed_bytes=633432000 seed_spans=101
2026-09-17T00:04:44.380044Z DEBUG aiur::gpu_trace: CPU trace: circuit lacks generated CUDA coverage circuit=40 rows=120138
2026-09-17T00:04:44.640307Z DEBUG aiur/codegen_seeds{circuit=102 rows=1879966}: aiur::trace_codegen::cuda: prepared generated CUDA trace circuit=102 rows=1879966 width=43 seed_bytes=75198640 seed_spans=29
2026-09-17T00:04:44.665840Z DEBUG aiur/codegen_seeds{circuit=162 rows=2106830}: aiur::trace_codegen::cuda: prepared generated CUDA trace circuit=162 rows=2106830 width=33 seed_bytes=252819600 seed_spans=33
2026-09-17T00:04:44.707677Z DEBUG aiur/codegen_seeds{circuit=101 rows=6980607}: aiur::trace_codegen::cuda: prepared generated CUDA trace circuit=101 rows=6980607 width=19 seed_bytes=446758848 seed_spans=107
2026-09-17T00:04:44.720441Z DEBUG aiur/codegen_seeds{circuit=12 rows=6325048}: aiur::trace_codegen::cuda: prepared generated CUDA trace circuit=12 rows=6325048 width=17 seed_bytes=506003840 seed_spans=97
2026-09-17T00:04:47.552735Z DEBUG aiur::gpu_trace: CPU trace: circuit lacks generated CUDA coverage circuit=85 rows=585
2026-09-17T00:04:47.553140Z DEBUG aiur::gpu_trace: CPU trace: circuit lacks generated CUDA coverage circuit=61 rows=6422
2026-09-17T00:04:47.553270Z DEBUG aiur::gpu_trace: CPU trace: circuit lacks generated CUDA coverage circuit=62 rows=184
2026-09-17T00:04:48.032694Z DEBUG aiur/codegen_seeds{circuit=118 rows=3703715}: aiur::trace_codegen::cuda: prepared generated CUDA trace circuit=118 rows=3703715 width=10 seed_bytes=177778320 seed_spans=57
2026-09-17T00:04:48.051022Z DEBUG aiur/codegen_seeds{circuit=106 rows=7882444}: aiur::trace_codegen::cuda: prepared generated CUDA trace circuit=106 rows=7882444 width=9 seed_bytes=252238208 seed_spans=121
2026-09-17T00:04:48.052913Z DEBUG aiur/codegen_seeds{circuit=13 rows=339773}: aiur::trace_codegen::cuda: prepared generated CUDA trace circuit=13 rows=339773 width=195 seed_bytes=288127504 seed_spans=18
2026-09-17T00:04:48.058770Z DEBUG aiur/codegen_seeds{circuit=111 rows=6505080}: aiur::trace_codegen::cuda: prepared generated CUDA trace circuit=111 rows=6505080 width=11 seed_bytes=260203200 seed_spans=100
2026-09-17T00:04:48.062334Z DEBUG aiur/codegen_seeds{circuit=177 rows=6798544}: aiur::trace_codegen::cuda: prepared generated CUDA trace circuit=177 rows=6798544 width=10 seed_bytes=326330112 seed_spans=104
2026-09-17T00:04:48.084269Z DEBUG aiur/codegen_seeds{circuit=183 rows=7486634}: aiur::trace_codegen::cuda: prepared generated CUDA trace circuit=183 rows=7486634 width=10 seed_bytes=359358432 seed_spans=115
2026-09-17T00:04:48.134800Z DEBUG aiur/codegen_seeds{circuit=33 rows=7366504}: aiur::trace_codegen::cuda: prepared generated CUDA trace circuit=33 rows=7366504 width=18 seed_bytes=825048448 seed_spans=113
2026-09-17T00:04:51.045254Z DEBUG aiur::gpu_trace: CPU trace: circuit lacks generated CUDA coverage circuit=83 rows=28481
2026-09-17T00:04:51.045599Z DEBUG aiur::gpu_trace: CPU trace: circuit lacks generated CUDA coverage circuit=167 rows=1992255
2026-09-17T00:04:51.045672Z DEBUG aiur::gpu_trace: CPU trace: circuit lacks generated CUDA coverage circuit=20 rows=528891
2026-09-17T00:04:51.045894Z DEBUG aiur::gpu_trace: CPU trace: circuit lacks generated CUDA coverage circuit=67 rows=3047
2026-09-17T00:04:51.046624Z DEBUG aiur::gpu_trace: CPU trace: circuit lacks generated CUDA coverage circuit=24 rows=560736
2026-09-17T00:04:51.046922Z DEBUG aiur::gpu_trace: CPU trace: circuit lacks generated CUDA coverage circuit=168 rows=1611823
2026-09-17T00:04:51.047283Z DEBUG aiur::gpu_trace: CPU trace: circuit lacks generated CUDA coverage circuit=108 rows=905603
2026-09-17T00:04:51.047315Z DEBUG aiur::gpu_trace: CPU trace: circuit lacks generated CUDA coverage circuit=120 rows=2586271
2026-09-17T00:04:51.047564Z DEBUG aiur::gpu_trace: CPU trace: circuit lacks generated CUDA coverage circuit=109 rows=3151977
2026-09-17T00:04:51.051816Z DEBUG aiur::gpu_trace: CPU trace: circuit lacks generated CUDA coverage circuit=110 rows=2638124
2026-09-17T00:04:51.614460Z DEBUG aiur/codegen_seeds{circuit=16 rows=79824}: aiur::trace_codegen::cuda: prepared generated CUDA trace circuit=16 rows=79824 width=533 seed_bytes=14049024 seed_spans=2
2026-09-17T00:04:51.640182Z DEBUG aiur/codegen_seeds{circuit=15 rows=345283}: aiur::trace_codegen::cuda: prepared generated CUDA trace circuit=15 rows=345283 width=177 seed_bytes=140875464 seed_spans=9
2026-09-17T00:04:51.674412Z DEBUG aiur/codegen_seeds{circuit=54 rows=3652594}: aiur::trace_codegen::cuda: prepared generated CUDA trace circuit=54 rows=3652594 width=11 seed_bytes=204545264 seed_spans=56
2026-09-17T00:04:54.545679Z DEBUG aiur::gpu_trace: CPU trace: circuit lacks generated CUDA coverage circuit=44 rows=249606
2026-09-17T00:04:54.545694Z DEBUG aiur::gpu_trace: CPU trace: circuit lacks generated CUDA coverage circuit=179 rows=3061159
2026-09-17T00:04:54.545682Z DEBUG aiur::gpu_trace: CPU trace: circuit lacks generated CUDA coverage circuit=166 rows=1683279
2026-09-17T00:04:54.546214Z DEBUG aiur::gpu_trace: CPU trace: circuit lacks generated CUDA coverage circuit=115 rows=1509591
2026-09-17T00:04:54.546777Z DEBUG aiur::gpu_trace: CPU trace: circuit lacks generated CUDA coverage circuit=105 rows=479743
2026-09-17T00:04:54.546899Z DEBUG aiur::gpu_trace: CPU trace: circuit lacks generated CUDA coverage circuit=37 rows=858034
2026-09-17T00:04:54.547493Z DEBUG aiur::gpu_trace: CPU trace: circuit lacks generated CUDA coverage circuit=116 rows=961712
2026-09-17T00:04:54.547511Z DEBUG aiur::gpu_trace: CPU trace: circuit lacks generated CUDA coverage circuit=151 rows=909410
2026-09-17T00:04:54.547543Z DEBUG aiur::gpu_trace: CPU trace: circuit lacks generated CUDA coverage circuit=147 rows=285969
2026-09-17T00:04:54.547548Z DEBUG aiur::gpu_trace: CPU trace: circuit lacks generated CUDA coverage circuit=19 rows=53132
2026-09-17T00:04:54.547654Z DEBUG aiur::gpu_trace: CPU trace: circuit lacks generated CUDA coverage circuit=150 rows=1255693
2026-09-17T00:04:54.547704Z DEBUG aiur::gpu_trace: CPU trace: circuit lacks generated CUDA coverage circuit=122 rows=1676534
2026-09-17T00:04:54.547911Z DEBUG aiur::gpu_trace: CPU trace: circuit lacks generated CUDA coverage circuit=138 rows=844040
2026-09-17T00:04:54.547925Z DEBUG aiur::gpu_trace: CPU trace: circuit lacks generated CUDA coverage circuit=113 rows=1850721
2026-09-17T00:04:54.547970Z DEBUG aiur::gpu_trace: CPU trace: circuit lacks generated CUDA coverage circuit=134 rows=295238
2026-09-17T00:04:54.548059Z DEBUG aiur::gpu_trace: CPU trace: circuit lacks generated CUDA coverage circuit=137 rows=304108
2026-09-17T00:04:54.548096Z DEBUG aiur::gpu_trace: CPU trace: circuit lacks generated CUDA coverage circuit=132 rows=1364805
2026-09-17T00:04:54.548359Z DEBUG aiur::gpu_trace: CPU trace: circuit lacks generated CUDA coverage circuit=135 rows=4327
2026-09-17T00:04:54.548363Z DEBUG aiur::gpu_trace: CPU trace: circuit lacks generated CUDA coverage circuit=125 rows=538318
2026-09-17T00:04:54.548492Z DEBUG aiur::gpu_trace: CPU trace: circuit lacks generated CUDA coverage circuit=126 rows=437729
2026-09-17T00:04:54.548616Z DEBUG aiur::gpu_trace: CPU trace: circuit lacks generated CUDA coverage circuit=169 rows=1404773
2026-09-17T00:04:54.552694Z DEBUG aiur::gpu_trace: CPU trace: circuit lacks generated CUDA coverage circuit=184 rows=158891
2026-09-17T00:04:54.799394Z DEBUG aiur/codegen_seeds{circuit=140 rows=540493}: aiur::trace_codegen::cuda: prepared generated CUDA trace circuit=140 rows=540493 width=25 seed_bytes=19479240 seed_spans=10
2026-09-17T00:04:55.503814Z DEBUG aiur/codegen_seeds{circuit=88 rows=3001118}: aiur::trace_codegen::cuda: prepared generated CUDA trace circuit=88 rows=3001118 width=10 seed_bytes=144053664 seed_spans=46
2026-09-17T00:04:55.511746Z DEBUG aiur/codegen_seeds{circuit=180 rows=3602210}: aiur::trace_codegen::cuda: prepared generated CUDA trace circuit=180 rows=3602210 width=8 seed_bytes=172906080 seed_spans=55
2026-09-17T00:04:55.515059Z DEBUG aiur/codegen_seeds{circuit=178 rows=4158809}: aiur::trace_codegen::cuda: prepared generated CUDA trace circuit=178 rows=4158809 width=10 seed_bytes=199622832 seed_spans=64
2026-09-17T00:04:55.536258Z DEBUG aiur/codegen_seeds{circuit=45 rows=1579511}: aiur::trace_codegen::cuda: prepared generated CUDA trace circuit=45 rows=1579511 width=26 seed_bytes=277993936 seed_spans=25
2026-09-17T00:04:58.494520Z DEBUG aiur::gpu_trace: CPU trace: circuit lacks generated CUDA coverage circuit=0 rows=162420
2026-09-17T00:04:58.494534Z DEBUG aiur::gpu_trace: CPU trace: circuit lacks generated CUDA coverage circuit=4 rows=18957
2026-09-17T00:04:58.494554Z DEBUG aiur::gpu_trace: CPU trace: circuit lacks generated CUDA coverage circuit=52 rows=170568
2026-09-17T00:04:58.494555Z DEBUG aiur::gpu_trace: CPU trace: circuit lacks generated CUDA coverage circuit=7 rows=37830
2026-09-17T00:04:58.494554Z DEBUG aiur::gpu_trace: CPU trace: circuit lacks generated CUDA coverage circuit=76 rows=47808
2026-09-17T00:04:58.494568Z DEBUG aiur::gpu_trace: CPU trace: circuit lacks generated CUDA coverage circuit=5 rows=270
2026-09-17T00:04:58.494555Z DEBUG aiur::gpu_trace: CPU trace: circuit lacks generated CUDA coverage circuit=51 rows=17021
2026-09-17T00:04:58.494567Z DEBUG aiur::gpu_trace: CPU trace: circuit lacks generated CUDA coverage circuit=103 rows=327531
2026-09-17T00:04:58.494556Z DEBUG aiur::gpu_trace: CPU trace: circuit lacks generated CUDA coverage circuit=1 rows=18432
2026-09-17T00:04:58.494556Z DEBUG aiur::gpu_trace: CPU trace: circuit lacks generated CUDA coverage circuit=114 rows=597833
2026-09-17T00:04:58.494557Z DEBUG aiur::gpu_trace: CPU trace: circuit lacks generated CUDA coverage circuit=25 rows=44061
2026-09-17T00:04:58.494554Z DEBUG aiur::gpu_trace: CPU trace: circuit lacks generated CUDA coverage circuit=82 rows=122500
2026-09-17T00:04:58.494557Z DEBUG aiur::gpu_trace: CPU trace: circuit lacks generated CUDA coverage circuit=127 rows=434509
2026-09-17T00:04:58.494560Z DEBUG aiur::gpu_trace: CPU trace: circuit lacks generated CUDA coverage circuit=10 rows=33570
2026-09-17T00:04:58.494554Z DEBUG aiur::gpu_trace: CPU trace: circuit lacks generated CUDA coverage circuit=9 rows=33736
2026-09-17T00:04:58.494829Z DEBUG aiur::gpu_trace: CPU trace: circuit lacks generated CUDA coverage circuit=55 rows=4178
2026-09-17T00:04:58.494977Z DEBUG aiur::gpu_trace: CPU trace: circuit lacks generated CUDA coverage circuit=121 rows=460545
2026-09-17T00:04:58.495003Z DEBUG aiur::gpu_trace: CPU trace: circuit lacks generated CUDA coverage circuit=2 rows=153453
2026-09-17T00:04:58.495055Z DEBUG aiur::gpu_trace: CPU trace: circuit lacks generated CUDA coverage circuit=154 rows=28644
2026-09-17T00:04:58.495158Z DEBUG aiur::gpu_trace: CPU trace: circuit lacks generated CUDA coverage circuit=8 rows=26243
2026-09-17T00:04:58.495216Z DEBUG aiur::gpu_trace: CPU trace: circuit lacks generated CUDA coverage circuit=18 rows=14298
2026-09-17T00:04:58.495433Z DEBUG aiur::gpu_trace: CPU trace: circuit lacks generated CUDA coverage circuit=123 rows=221681
2026-09-17T00:04:58.495628Z DEBUG aiur::gpu_trace: CPU trace: circuit lacks generated CUDA coverage circuit=80 rows=42321
2026-09-17T00:04:58.495627Z DEBUG aiur::gpu_trace: CPU trace: circuit lacks generated CUDA coverage circuit=65 rows=91747
2026-09-17T00:04:58.495633Z DEBUG aiur::gpu_trace: CPU trace: circuit lacks generated CUDA coverage circuit=59 rows=99846
2026-09-17T00:04:58.495667Z DEBUG aiur::gpu_trace: CPU trace: circuit lacks generated CUDA coverage circuit=14 rows=793076
2026-09-17T00:04:58.495676Z DEBUG aiur::gpu_trace: CPU trace: circuit lacks generated CUDA coverage circuit=81 rows=109094
2026-09-17T00:04:58.495770Z DEBUG aiur::gpu_trace: CPU trace: circuit lacks generated CUDA coverage circuit=181 rows=322610
2026-09-17T00:04:58.495833Z DEBUG aiur::gpu_trace: CPU trace: circuit lacks generated CUDA coverage circuit=92 rows=101041
2026-09-17T00:04:58.495993Z DEBUG aiur::gpu_trace: CPU trace: circuit lacks generated CUDA coverage circuit=72 rows=11125
2026-09-17T00:04:58.499123Z DEBUG aiur::gpu_trace: CPU trace: circuit lacks generated CUDA coverage circuit=78 rows=6731
2026-09-17T00:04:58.507668Z DEBUG aiur::gpu_trace: CPU trace: circuit lacks generated CUDA coverage circuit=73 rows=24412
2026-09-17T00:04:58.510784Z DEBUG aiur::gpu_trace: CPU trace: circuit lacks generated CUDA coverage circuit=23 rows=54100
2026-09-17T00:04:58.516712Z DEBUG aiur::gpu_trace: CPU trace: circuit lacks generated CUDA coverage circuit=74 rows=737
2026-09-17T00:04:58.519274Z DEBUG aiur::gpu_trace: CPU trace: circuit lacks generated CUDA coverage circuit=155 rows=34309
2026-09-17T00:04:58.521920Z DEBUG aiur/codegen_seeds{circuit=6 rows=17820}: aiur::trace_codegen::cuda: prepared generated CUDA trace circuit=6 rows=17820 width=63 seed_bytes=3289032 seed_spans=4
2026-09-17T00:04:58.521995Z DEBUG aiur::gpu_trace: CPU trace: circuit lacks generated CUDA coverage circuit=141 rows=302459
2026-09-17T00:04:58.529928Z DEBUG aiur::gpu_trace: CPU trace: circuit lacks generated CUDA coverage circuit=66 rows=629
2026-09-17T00:04:58.530341Z DEBUG aiur::gpu_trace: CPU trace: circuit lacks generated CUDA coverage circuit=146 rows=98985
2026-09-17T00:04:58.530508Z DEBUG aiur::gpu_trace: CPU trace: circuit lacks generated CUDA coverage circuit=86 rows=10372
2026-09-17T00:04:58.530759Z DEBUG aiur::gpu_trace: CPU trace: circuit lacks generated CUDA coverage circuit=104 rows=211082
2026-09-17T00:04:58.535716Z DEBUG aiur::gpu_trace: CPU trace: circuit lacks generated CUDA coverage circuit=149 rows=267179
2026-09-17T00:04:58.545133Z DEBUG aiur::gpu_trace: CPU trace: circuit lacks generated CUDA coverage circuit=157 rows=219356
2026-09-17T00:04:58.546917Z DEBUG aiur::gpu_trace: CPU trace: circuit lacks generated CUDA coverage circuit=39 rows=191507
2026-09-17T00:04:58.550107Z DEBUG aiur::gpu_trace: CPU trace: circuit lacks generated CUDA coverage circuit=143 rows=269496
2026-09-17T00:04:58.561198Z DEBUG aiur::gpu_trace: CPU trace: circuit lacks generated CUDA coverage circuit=31 rows=2621
2026-09-17T00:04:58.561655Z DEBUG aiur::gpu_trace: CPU trace: circuit lacks generated CUDA coverage circuit=133 rows=284408
2026-09-17T00:04:58.563121Z DEBUG aiur::gpu_trace: CPU trace: circuit lacks generated CUDA coverage circuit=35 rows=66945
2026-09-17T00:04:58.565889Z DEBUG aiur::gpu_trace: CPU trace: circuit lacks generated CUDA coverage circuit=144 rows=269603
2026-09-17T00:04:58.587683Z DEBUG aiur::gpu_trace: CPU trace: circuit lacks generated CUDA coverage circuit=93 rows=19709
2026-09-17T00:04:58.615931Z DEBUG aiur::gpu_trace: CPU trace: circuit lacks generated CUDA coverage circuit=11 rows=112011
2026-09-17T00:04:58.617188Z DEBUG aiur::gpu_trace: CPU trace: circuit lacks generated CUDA coverage circuit=94 rows=20688
2026-09-17T00:04:58.628543Z DEBUG aiur::gpu_trace: CPU trace: circuit lacks generated CUDA coverage circuit=41 rows=492517
2026-09-17T00:04:58.630627Z DEBUG aiur/codegen_seeds{circuit=32 rows=218051}: aiur::trace_codegen::cuda: prepared generated CUDA trace circuit=32 rows=218051 width=21 seed_bytes=9395624 seed_spans=7
2026-09-17T00:04:58.638680Z DEBUG aiur::gpu_trace: CPU trace: circuit lacks generated CUDA coverage circuit=130 rows=255769
2026-09-17T00:04:58.644666Z DEBUG aiur::gpu_trace: CPU trace: circuit lacks generated CUDA coverage circuit=182 rows=482112
2026-09-17T00:04:58.645778Z DEBUG aiur::gpu_trace: CPU trace: circuit lacks generated CUDA coverage circuit=95 rows=30509
2026-09-17T00:04:58.646428Z DEBUG aiur::gpu_trace: CPU trace: circuit lacks generated CUDA coverage circuit=136 rows=19762
2026-09-17T00:04:58.648751Z DEBUG aiur::gpu_trace: CPU trace: circuit lacks generated CUDA coverage circuit=128 rows=280069
2026-09-17T00:04:58.649463Z DEBUG aiur::gpu_trace: CPU trace: circuit lacks generated CUDA coverage circuit=148 rows=292072
2026-09-17T00:04:58.650718Z DEBUG aiur::gpu_trace: CPU trace: circuit lacks generated CUDA coverage circuit=139 rows=269295
2026-09-17T00:04:58.654137Z DEBUG aiur::gpu_trace: CPU trace: circuit lacks generated CUDA coverage circuit=98 rows=233884
2026-09-17T00:04:58.658017Z DEBUG aiur::gpu_trace: CPU trace: circuit lacks generated CUDA coverage circuit=17 rows=14235
2026-09-17T00:04:58.675411Z DEBUG aiur::gpu_trace: CPU trace: circuit lacks generated CUDA coverage circuit=53 rows=14613
2026-09-17T00:04:58.696659Z DEBUG aiur::gpu_trace: CPU trace: circuit lacks generated CUDA coverage circuit=100 rows=323504
2026-09-17T00:04:58.697424Z DEBUG aiur::gpu_trace: CPU trace: circuit lacks generated CUDA coverage circuit=96 rows=82447
2026-09-17T00:04:58.707707Z DEBUG aiur::gpu_trace: CPU trace: circuit lacks generated CUDA coverage circuit=129 rows=397753
2026-09-17T00:04:58.721980Z DEBUG aiur::gpu_trace: CPU trace: circuit lacks generated CUDA coverage circuit=142 rows=364189
2026-09-17T00:04:58.765942Z DEBUG aiur::gpu_trace: CPU trace: circuit lacks generated CUDA coverage circuit=28 rows=1817
2026-09-17T00:04:58.768395Z DEBUG aiur::gpu_trace: CPU trace: circuit lacks generated CUDA coverage circuit=30 rows=13216
2026-09-17T00:04:58.781834Z DEBUG aiur::gpu_trace: CPU trace: circuit lacks generated CUDA coverage circuit=46 rows=180256
2026-09-17T00:04:58.799406Z DEBUG aiur::gpu_trace: CPU trace: circuit lacks generated CUDA coverage circuit=47 rows=235340
2026-09-17T00:04:58.817995Z DEBUG aiur::gpu_trace: CPU trace: circuit lacks generated CUDA coverage circuit=145 rows=305191
2026-09-17T00:04:58.841868Z DEBUG aiur::gpu_trace: CPU trace: circuit lacks generated CUDA coverage circuit=158 rows=12623
2026-09-17T00:04:58.844501Z DEBUG aiur::gpu_trace: CPU trace: circuit lacks generated CUDA coverage circuit=49 rows=117560
2026-09-17T00:04:58.845203Z DEBUG aiur::gpu_trace: CPU trace: circuit lacks generated CUDA coverage circuit=159 rows=23171
2026-09-17T00:04:58.894110Z DEBUG aiur::gpu_trace: CPU trace: circuit lacks generated CUDA coverage circuit=160 rows=28285
2026-09-17T00:04:58.894256Z DEBUG aiur::gpu_trace: CPU trace: circuit lacks generated CUDA coverage circuit=50 rows=1207
2026-09-17T00:04:58.899184Z DEBUG aiur::gpu_trace: CPU trace: circuit lacks generated CUDA coverage circuit=163 rows=149601
2026-09-17T00:04:58.909264Z DEBUG aiur::gpu_trace: CPU trace: circuit lacks generated CUDA coverage circuit=161 rows=176127
2026-09-17T00:04:58.932513Z DEBUG aiur::gpu_trace: CPU trace: circuit lacks generated CUDA coverage circuit=48 rows=18047
2026-09-17T00:04:58.937739Z DEBUG aiur::gpu_trace: CPU trace: circuit lacks generated CUDA coverage circuit=131 rows=464979
2026-09-17T00:04:58.955264Z DEBUG aiur::gpu_trace: CPU trace: circuit lacks generated CUDA coverage circuit=99 rows=328143
2026-09-17T00:04:58.963799Z DEBUG aiur/codegen_seeds{circuit=124 rows=64132}: aiur::trace_codegen::cuda: prepared generated CUDA trace circuit=124 rows=64132 width=98 seed_bytes=14951040 seed_spans=2
2026-09-17T00:04:58.963828Z DEBUG aiur::gpu_trace: CPU trace: circuit lacks generated CUDA coverage circuit=164 rows=836789
2026-09-17T00:04:59.036205Z DEBUG aiur::gpu_trace: CPU trace: circuit lacks generated CUDA coverage circuit=27 rows=1549
2026-09-17T00:04:59.061038Z DEBUG aiur::gpu_trace: CPU trace: circuit lacks generated CUDA coverage circuit=43 rows=74208
[lanes] worker 0: claim 2 proven at +301s (0 left)
[lanes] join 5 dispatched at +301s
[lanes] worker 0: join 2 proving started at +301s
[lanes] executor 1: join 5 execution started at +301s
[aggregate] structural-joining slots 3, 4 into 5
2026-09-17T00:05:03.901103Z DEBUG aiur::gpu_trace: CPU trace: circuit lacks generated CUDA coverage circuit=9 rows=3302498
2026-09-17T00:05:03.901119Z DEBUG aiur::gpu_trace: CPU trace: circuit lacks generated CUDA coverage circuit=32 rows=6053003
2026-09-17T00:05:03.901657Z DEBUG aiur::gpu_trace: CPU trace: circuit lacks generated CUDA coverage circuit=42 rows=24
2026-09-17T00:05:03.901805Z DEBUG aiur::gpu_trace: CPU trace: circuit lacks generated CUDA coverage circuit=61 rows=22
2026-09-17T00:05:03.955476Z DEBUG aiur/codegen_seeds{circuit=20 rows=1048576}: aiur::trace_codegen::cuda: prepared generated CUDA trace circuit=20 rows=1048576 width=533 seed_bytes=184549376 seed_spans=16
2026-09-17T00:05:04.376102Z DEBUG aiur::gpu_trace: CPU trace: circuit lacks generated CUDA coverage circuit=62 rows=24
2026-09-17T00:05:04.376103Z DEBUG aiur::gpu_trace: CPU trace: circuit lacks generated CUDA coverage circuit=16 rows=62
2026-09-17T00:05:04.376102Z DEBUG aiur::gpu_trace: CPU trace: circuit lacks generated CUDA coverage circuit=41 rows=22
2026-09-17T00:05:04.376109Z DEBUG aiur::gpu_trace: CPU trace: circuit lacks generated CUDA coverage circuit=56 rows=1
2026-09-17T00:05:04.376100Z DEBUG aiur::gpu_trace: CPU trace: circuit lacks generated CUDA coverage circuit=40 rows=24
2026-09-17T00:05:04.376106Z DEBUG aiur::gpu_trace: CPU trace: circuit lacks generated CUDA coverage circuit=43 rows=2
2026-09-17T00:05:04.376102Z DEBUG aiur::gpu_trace: CPU trace: circuit lacks generated CUDA coverage circuit=15 rows=24
2026-09-17T00:05:04.376108Z DEBUG aiur::gpu_trace: CPU trace: circuit lacks generated CUDA coverage circuit=50 rows=23
2026-09-17T00:05:04.376107Z DEBUG aiur::gpu_trace: CPU trace: circuit lacks generated CUDA coverage circuit=2 rows=106
2026-09-17T00:05:04.376331Z DEBUG aiur::gpu_trace: CPU trace: circuit lacks generated CUDA coverage circuit=24 rows=2285
2026-09-17T00:05:04.376345Z DEBUG aiur::gpu_trace: CPU trace: circuit lacks generated CUDA coverage circuit=5 rows=640503
2026-09-17T00:05:04.376481Z DEBUG aiur::gpu_trace: CPU trace: circuit lacks generated CUDA coverage circuit=38 rows=110
2026-09-17T00:05:04.376559Z DEBUG aiur::gpu_trace: CPU trace: circuit lacks generated CUDA coverage circuit=14 rows=22
2026-09-17T00:05:04.376647Z DEBUG aiur::gpu_trace: CPU trace: circuit lacks generated CUDA coverage circuit=57 rows=45
2026-09-17T00:05:04.376655Z DEBUG aiur::gpu_trace: CPU trace: circuit lacks generated CUDA coverage circuit=39 rows=22
2026-09-17T00:05:04.376727Z DEBUG aiur::gpu_trace: CPU trace: circuit lacks generated CUDA coverage circuit=51 rows=440
2026-09-17T00:05:04.376736Z DEBUG aiur/codegen_seeds{circuit=59 rows=74}: aiur::trace_codegen::cuda: prepared generated CUDA trace circuit=59 rows=74 width=26 seed_bytes=6512 seed_spans=1
2026-09-17T00:05:04.376751Z DEBUG aiur::gpu_trace: CPU trace: circuit lacks generated CUDA coverage circuit=60 rows=32
2026-09-17T00:05:04.376786Z DEBUG aiur::gpu_trace: CPU trace: circuit lacks generated CUDA coverage circuit=44 rows=61
2026-09-17T00:05:04.376811Z DEBUG aiur::gpu_trace: CPU trace: circuit lacks generated CUDA coverage circuit=63 rows=23
2026-09-17T00:05:04.376846Z DEBUG aiur::gpu_trace: CPU trace: circuit lacks generated CUDA coverage circuit=17 rows=24
2026-09-17T00:05:04.376894Z DEBUG aiur::gpu_trace: CPU trace: circuit lacks generated CUDA coverage circuit=58 rows=127
2026-09-17T00:05:04.376924Z DEBUG aiur::gpu_trace: CPU trace: circuit lacks generated CUDA coverage circuit=83 rows=1
2026-09-17T00:05:04.376944Z DEBUG aiur::gpu_trace: CPU trace: circuit lacks generated CUDA coverage circuit=46 rows=22
2026-09-17T00:05:04.377000Z DEBUG aiur::gpu_trace: CPU trace: circuit lacks generated CUDA coverage circuit=48 rows=21
2026-09-17T00:05:04.377006Z DEBUG aiur::gpu_trace: CPU trace: circuit lacks generated CUDA coverage circuit=85 rows=23
2026-09-17T00:05:04.377027Z DEBUG aiur::gpu_trace: CPU trace: circuit lacks generated CUDA coverage circuit=53 rows=24
2026-09-17T00:05:04.377078Z DEBUG aiur::gpu_trace: CPU trace: circuit lacks generated CUDA coverage circuit=52 rows=62
2026-09-17T00:05:04.377094Z DEBUG aiur::gpu_trace: CPU trace: circuit lacks generated CUDA coverage circuit=64 rows=2
2026-09-17T00:05:04.377175Z DEBUG aiur/codegen_seeds{circuit=49 rows=3}: aiur::trace_codegen::cuda: prepared generated CUDA trace circuit=49 rows=3 width=13 seed_bytes=120 seed_spans=1
2026-09-17T00:05:04.377259Z DEBUG aiur::gpu_trace: CPU trace: circuit lacks generated CUDA coverage circuit=54 rows=384
2026-09-17T00:05:04.377280Z DEBUG aiur::gpu_trace: CPU trace: circuit lacks generated CUDA coverage circuit=47 rows=4361
2026-09-17T00:05:04.377321Z DEBUG aiur::gpu_trace: CPU trace: circuit lacks generated CUDA coverage circuit=10 rows=778622
2026-09-17T00:05:04.377545Z DEBUG aiur::gpu_trace: CPU trace: circuit lacks generated CUDA coverage circuit=45 rows=2
2026-09-17T00:05:04.377665Z DEBUG aiur::gpu_trace: CPU trace: circuit lacks generated CUDA coverage circuit=55 rows=3978
2026-09-17T00:05:04.449080Z DEBUG aiur/codegen_seeds{circuit=20 rows=1048576}: aiur::trace_codegen::cuda: prepared generated CUDA trace circuit=20 rows=1048576 width=533 seed_bytes=184549376 seed_spans=16
2026-09-17T00:05:05.639147Z DEBUG aiur::gpu_trace: CPU trace: circuit lacks generated CUDA coverage circuit=31 rows=1362018
2026-09-17T00:05:05.639187Z DEBUG aiur::gpu_trace: CPU trace: circuit lacks generated CUDA coverage circuit=18 rows=3513116
2026-09-17T00:05:05.639867Z DEBUG aiur::gpu_trace: CPU trace: circuit lacks generated CUDA coverage circuit=29 rows=3300084
2026-09-17T00:05:05.640036Z DEBUG aiur::gpu_trace: CPU trace: circuit lacks generated CUDA coverage circuit=22 rows=142964
2026-09-17T00:05:05.794379Z DEBUG aiur/codegen_seeds{circuit=20 rows=1048576}: aiur::trace_codegen::cuda: prepared generated CUDA trace circuit=20 rows=1048576 width=533 seed_bytes=184549376 seed_spans=16
2026-09-17T00:05:05.816959Z DEBUG aiur/codegen_seeds{circuit=30 rows=434371}: aiur::trace_codegen::cuda: prepared generated CUDA trace circuit=30 rows=434371 width=234 seed_bytes=264097568 seed_spans=16
2026-09-17T00:05:06.743978Z DEBUG aiur::gpu_trace: CPU trace: circuit lacks generated CUDA coverage circuit=12 rows=669493
2026-09-17T00:05:06.744444Z DEBUG aiur::gpu_trace: CPU trace: circuit lacks generated CUDA coverage circuit=84 rows=776911
2026-09-17T00:05:06.744596Z DEBUG aiur::gpu_trace: CPU trace: circuit lacks generated CUDA coverage circuit=27 rows=1203960
2026-09-17T00:05:06.744918Z DEBUG aiur::gpu_trace: CPU trace: circuit lacks generated CUDA coverage circuit=19 rows=212242
2026-09-17T00:05:06.745065Z DEBUG aiur::gpu_trace: CPU trace: circuit lacks generated CUDA coverage circuit=86 rows=2962421
2026-09-17T00:05:07.011900Z DEBUG aiur/codegen_seeds{circuit=20 rows=1048576}: aiur::trace_codegen::cuda: prepared generated CUDA trace circuit=20 rows=1048576 width=533 seed_bytes=184549376 seed_spans=16
2026-09-17T00:05:07.731435Z DEBUG aiur::gpu_trace: CPU trace: circuit lacks generated CUDA coverage circuit=0 rows=986096
2026-09-17T00:05:07.731476Z DEBUG aiur::gpu_trace: CPU trace: circuit lacks generated CUDA coverage circuit=35 rows=344198
2026-09-17T00:05:07.731478Z DEBUG aiur::gpu_trace: CPU trace: circuit lacks generated CUDA coverage circuit=37 rows=277795
2026-09-17T00:05:07.731480Z DEBUG aiur::gpu_trace: CPU trace: circuit lacks generated CUDA coverage circuit=65 rows=86206
2026-09-17T00:05:07.731952Z DEBUG aiur::gpu_trace: CPU trace: circuit lacks generated CUDA coverage circuit=4 rows=175092
2026-09-17T00:05:07.732215Z DEBUG aiur::gpu_trace: CPU trace: circuit lacks generated CUDA coverage circuit=28 rows=922226
2026-09-17T00:05:07.732482Z DEBUG aiur::gpu_trace: CPU trace: circuit lacks generated CUDA coverage circuit=33 rows=1053661
2026-09-17T00:05:08.004939Z DEBUG aiur/codegen_seeds{circuit=20 rows=1048576}: aiur::trace_codegen::cuda: prepared generated CUDA trace circuit=20 rows=1048576 width=533 seed_bytes=184549376 seed_spans=16
2026-09-17T00:05:08.727383Z DEBUG aiur::gpu_trace: CPU trace: circuit lacks generated CUDA coverage circuit=1 rows=20047
2026-09-17T00:05:08.727387Z DEBUG aiur::gpu_trace: CPU trace: circuit lacks generated CUDA coverage circuit=26 rows=533851
2026-09-17T00:05:08.727383Z DEBUG aiur::gpu_trace: CPU trace: circuit lacks generated CUDA coverage circuit=7 rows=212619
2026-09-17T00:05:08.727382Z DEBUG aiur::gpu_trace: CPU trace: circuit lacks generated CUDA coverage circuit=6 rows=335105
2026-09-17T00:05:08.727382Z DEBUG aiur::gpu_trace: CPU trace: circuit lacks generated CUDA coverage circuit=13 rows=178559
2026-09-17T00:05:08.727383Z DEBUG aiur::gpu_trace: CPU trace: circuit lacks generated CUDA coverage circuit=25 rows=142964
2026-09-17T00:05:08.727383Z DEBUG aiur::gpu_trace: CPU trace: circuit lacks generated CUDA coverage circuit=3 rows=35661
2026-09-17T00:05:08.727383Z DEBUG aiur::gpu_trace: CPU trace: circuit lacks generated CUDA coverage circuit=21 rows=800829
2026-09-17T00:05:08.727872Z DEBUG aiur::gpu_trace: CPU trace: circuit lacks generated CUDA coverage circuit=34 rows=228800
2026-09-17T00:05:08.728140Z DEBUG aiur::gpu_trace: CPU trace: circuit lacks generated CUDA coverage circuit=11 rows=214524
2026-09-17T00:05:08.728563Z DEBUG aiur::gpu_trace: CPU trace: circuit lacks generated CUDA coverage circuit=8 rows=440667
2026-09-17T00:05:08.728626Z DEBUG aiur::gpu_trace: CPU trace: circuit lacks generated CUDA coverage circuit=23 rows=306504
2026-09-17T00:05:08.728692Z DEBUG aiur::gpu_trace: CPU trace: circuit lacks generated CUDA coverage circuit=87 rows=132649
2026-09-17T00:05:08.728884Z DEBUG aiur::gpu_trace: CPU trace: circuit lacks generated CUDA coverage circuit=36 rows=141477
2026-09-17T00:05:08.728928Z DEBUG aiur::gpu_trace: CPU trace: circuit lacks generated CUDA coverage circuit=66 rows=27120
2026-09-17T00:05:08.914307Z DEBUG aiur/codegen_seeds{circuit=20 rows=1048576}: aiur::trace_codegen::cuda: prepared generated CUDA trace circuit=20 rows=1048576 width=533 seed_bytes=184549376 seed_spans=16
2026-09-17T00:05:09.837464Z DEBUG aiur/codegen_seeds{circuit=20 rows=1048576}: aiur::trace_codegen::cuda: prepared generated CUDA trace circuit=20 rows=1048576 width=533 seed_bytes=184549376 seed_spans=16
2026-09-17T00:05:10.453288Z DEBUG aiur/codegen_seeds{circuit=20 rows=1048576}: aiur::trace_codegen::cuda: prepared generated CUDA trace circuit=20 rows=1048576 width=533 seed_bytes=184549376 seed_spans=16
2026-09-17T00:05:10.848419Z DEBUG aiur/codegen_seeds{circuit=20 rows=347416}: aiur::trace_codegen::cuda: prepared generated CUDA trace circuit=20 rows=347416 width=533 seed_bytes=61145216 seed_spans=6
2026-09-17T00:05:11.451567Z DEBUG aiur::gpu_trace: CPU trace: circuit lacks generated CUDA coverage circuit=9 rows=3302498
2026-09-17T00:05:11.451969Z DEBUG aiur::gpu_trace: CPU trace: circuit lacks generated CUDA coverage circuit=32 rows=6053003
2026-09-17T00:05:11.452376Z DEBUG aiur::gpu_trace: CPU trace: circuit lacks generated CUDA coverage circuit=61 rows=22
2026-09-17T00:05:11.452744Z DEBUG aiur::gpu_trace: CPU trace: circuit lacks generated CUDA coverage circuit=42 rows=24
2026-09-17T00:05:11.517532Z DEBUG aiur/codegen_seeds{circuit=20 rows=1048576}: aiur::trace_codegen::cuda: prepared generated CUDA trace circuit=20 rows=1048576 width=533 seed_bytes=184549376 seed_spans=16
2026-09-17T00:05:11.958467Z DEBUG aiur::gpu_trace: CPU trace: circuit lacks generated CUDA coverage circuit=50 rows=23
2026-09-17T00:05:11.958465Z DEBUG aiur::gpu_trace: CPU trace: circuit lacks generated CUDA coverage circuit=62 rows=24
2026-09-17T00:05:11.958479Z DEBUG aiur::gpu_trace: CPU trace: circuit lacks generated CUDA coverage circuit=57 rows=45
2026-09-17T00:05:11.958473Z DEBUG aiur::gpu_trace: CPU trace: circuit lacks generated CUDA coverage circuit=15 rows=24
2026-09-17T00:05:11.958464Z DEBUG aiur::gpu_trace: CPU trace: circuit lacks generated CUDA coverage circuit=63 rows=23
2026-09-17T00:05:11.958470Z DEBUG aiur::gpu_trace: CPU trace: circuit lacks generated CUDA coverage circuit=5 rows=640503
2026-09-17T00:05:11.958498Z DEBUG aiur::gpu_trace: CPU trace: circuit lacks generated CUDA coverage circuit=56 rows=1
2026-09-17T00:05:11.958471Z DEBUG aiur::gpu_trace: CPU trace: circuit lacks generated CUDA coverage circuit=64 rows=2
2026-09-17T00:05:11.958465Z DEBUG aiur::gpu_trace: CPU trace: circuit lacks generated CUDA coverage circuit=2 rows=106
2026-09-17T00:05:11.958554Z DEBUG aiur/codegen_seeds{circuit=59 rows=74}: aiur::trace_codegen::cuda: prepared generated CUDA trace circuit=59 rows=74 width=26 seed_bytes=6512 seed_spans=1
2026-09-17T00:05:11.958572Z DEBUG aiur::gpu_trace: CPU trace: circuit lacks generated CUDA coverage circuit=60 rows=32
2026-09-17T00:05:11.958987Z DEBUG aiur::gpu_trace: CPU trace: circuit lacks generated CUDA coverage circuit=10 rows=778622
2026-09-17T00:05:11.959074Z DEBUG aiur::gpu_trace: CPU trace: circuit lacks generated CUDA coverage circuit=53 rows=24
2026-09-17T00:05:11.959129Z DEBUG aiur::gpu_trace: CPU trace: circuit lacks generated CUDA coverage circuit=38 rows=110
2026-09-17T00:05:11.959180Z DEBUG aiur::gpu_trace: CPU trace: circuit lacks generated CUDA coverage circuit=85 rows=23
2026-09-17T00:05:11.959183Z DEBUG aiur::gpu_trace: CPU trace: circuit lacks generated CUDA coverage circuit=58 rows=127
2026-09-17T00:05:11.959231Z DEBUG aiur::gpu_trace: CPU trace: circuit lacks generated CUDA coverage circuit=43 rows=2
2026-09-17T00:05:11.959267Z DEBUG aiur::gpu_trace: CPU trace: circuit lacks generated CUDA coverage circuit=40 rows=24
2026-09-17T00:05:11.959271Z DEBUG aiur::gpu_trace: CPU trace: circuit lacks generated CUDA coverage circuit=51 rows=440
2026-09-17T00:05:11.959291Z DEBUG aiur::gpu_trace: CPU trace: circuit lacks generated CUDA coverage circuit=46 rows=22
2026-09-17T00:05:11.959309Z DEBUG aiur::gpu_trace: CPU trace: circuit lacks generated CUDA coverage circuit=54 rows=384
2026-09-17T00:05:11.959313Z DEBUG aiur::gpu_trace: CPU trace: circuit lacks generated CUDA coverage circuit=48 rows=21
2026-09-17T00:05:11.959333Z DEBUG aiur::gpu_trace: CPU trace: circuit lacks generated CUDA coverage circuit=16 rows=62
2026-09-17T00:05:11.959331Z DEBUG aiur::gpu_trace: CPU trace: circuit lacks generated CUDA coverage circuit=83 rows=1
2026-09-17T00:05:11.959387Z DEBUG aiur::gpu_trace: CPU trace: circuit lacks generated CUDA coverage circuit=55 rows=3978
2026-09-17T00:05:11.959394Z DEBUG aiur::gpu_trace: CPU trace: circuit lacks generated CUDA coverage circuit=47 rows=4361
2026-09-17T00:05:11.959419Z DEBUG aiur::gpu_trace: CPU trace: circuit lacks generated CUDA coverage circuit=14 rows=22
2026-09-17T00:05:11.959446Z DEBUG aiur::gpu_trace: CPU trace: circuit lacks generated CUDA coverage circuit=44 rows=61
2026-09-17T00:05:11.959470Z DEBUG aiur/codegen_seeds{circuit=49 rows=3}: aiur::trace_codegen::cuda: prepared generated CUDA trace circuit=49 rows=3 width=13 seed_bytes=120 seed_spans=1
2026-09-17T00:05:11.959552Z DEBUG aiur::gpu_trace: CPU trace: circuit lacks generated CUDA coverage circuit=52 rows=62
2026-09-17T00:05:11.959619Z DEBUG aiur::gpu_trace: CPU trace: circuit lacks generated CUDA coverage circuit=41 rows=22
2026-09-17T00:05:11.959637Z DEBUG aiur::gpu_trace: CPU trace: circuit lacks generated CUDA coverage circuit=17 rows=24
2026-09-17T00:05:11.959756Z DEBUG aiur::gpu_trace: CPU trace: circuit lacks generated CUDA coverage circuit=39 rows=22
2026-09-17T00:05:11.959854Z DEBUG aiur::gpu_trace: CPU trace: circuit lacks generated CUDA coverage circuit=24 rows=2285
2026-09-17T00:05:11.959974Z DEBUG aiur::gpu_trace: CPU trace: circuit lacks generated CUDA coverage circuit=45 rows=2
2026-09-17T00:05:12.036929Z DEBUG aiur/codegen_seeds{circuit=20 rows=1048576}: aiur::trace_codegen::cuda: prepared generated CUDA trace circuit=20 rows=1048576 width=533 seed_bytes=184549376 seed_spans=16
2026-09-17T00:05:14.620422Z DEBUG aiur::gpu_trace: CPU trace: circuit lacks generated CUDA coverage circuit=18 rows=3513116
2026-09-17T00:05:14.620422Z DEBUG aiur::gpu_trace: CPU trace: circuit lacks generated CUDA coverage circuit=31 rows=1362018
2026-09-17T00:05:14.620862Z DEBUG aiur::gpu_trace: CPU trace: circuit lacks generated CUDA coverage circuit=22 rows=142964
2026-09-17T00:05:14.621165Z DEBUG aiur::gpu_trace: CPU trace: circuit lacks generated CUDA coverage circuit=29 rows=3300084
2026-09-17T00:05:14.789518Z DEBUG aiur/codegen_seeds{circuit=20 rows=1048576}: aiur::trace_codegen::cuda: prepared generated CUDA trace circuit=20 rows=1048576 width=533 seed_bytes=184549376 seed_spans=16
2026-09-17T00:05:14.833241Z DEBUG aiur/codegen_seeds{circuit=30 rows=434371}: aiur::trace_codegen::cuda: prepared generated CUDA trace circuit=30 rows=434371 width=234 seed_bytes=264097568 seed_spans=16
2026-09-17T00:05:17.781566Z DEBUG aiur::gpu_trace: CPU trace: circuit lacks generated CUDA coverage circuit=12 rows=669493
2026-09-17T00:05:17.781568Z DEBUG aiur::gpu_trace: CPU trace: circuit lacks generated CUDA coverage circuit=27 rows=1203960
2026-09-17T00:05:17.782120Z DEBUG aiur::gpu_trace: CPU trace: circuit lacks generated CUDA coverage circuit=19 rows=212242
2026-09-17T00:05:17.782433Z DEBUG aiur::gpu_trace: CPU trace: circuit lacks generated CUDA coverage circuit=84 rows=776911
2026-09-17T00:05:17.782460Z DEBUG aiur::gpu_trace: CPU trace: circuit lacks generated CUDA coverage circuit=86 rows=2962421
2026-09-17T00:05:18.074637Z DEBUG aiur/codegen_seeds{circuit=20 rows=1048576}: aiur::trace_codegen::cuda: prepared generated CUDA trace circuit=20 rows=1048576 width=533 seed_bytes=184549376 seed_spans=16
2026-09-17T00:05:20.182986Z DEBUG aiur::gpu_trace: CPU trace: circuit lacks generated CUDA coverage circuit=0 rows=986096
2026-09-17T00:05:20.183025Z DEBUG aiur::gpu_trace: CPU trace: circuit lacks generated CUDA coverage circuit=65 rows=86206
2026-09-17T00:05:20.183043Z DEBUG aiur::gpu_trace: CPU trace: circuit lacks generated CUDA coverage circuit=37 rows=277795
2026-09-17T00:05:20.183055Z DEBUG aiur::gpu_trace: CPU trace: circuit lacks generated CUDA coverage circuit=28 rows=922226
2026-09-17T00:05:20.183691Z DEBUG aiur::gpu_trace: CPU trace: circuit lacks generated CUDA coverage circuit=4 rows=175092
2026-09-17T00:05:20.184203Z DEBUG aiur::gpu_trace: CPU trace: circuit lacks generated CUDA coverage circuit=33 rows=1053661
2026-09-17T00:05:20.184422Z DEBUG aiur::gpu_trace: CPU trace: circuit lacks generated CUDA coverage circuit=35 rows=344198
2026-09-17T00:05:20.291916Z DEBUG aiur/codegen_seeds{circuit=20 rows=1048576}: aiur::trace_codegen::cuda: prepared generated CUDA trace circuit=20 rows=1048576 width=533 seed_bytes=184549376 seed_spans=16
2026-09-17T00:05:22.916442Z DEBUG aiur::gpu_trace: CPU trace: circuit lacks generated CUDA coverage circuit=1 rows=20047
2026-09-17T00:05:22.916459Z DEBUG aiur::gpu_trace: CPU trace: circuit lacks generated CUDA coverage circuit=6 rows=335105
2026-09-17T00:05:22.916470Z DEBUG aiur::gpu_trace: CPU trace: circuit lacks generated CUDA coverage circuit=3 rows=35661
2026-09-17T00:05:22.916471Z DEBUG aiur::gpu_trace: CPU trace: circuit lacks generated CUDA coverage circuit=13 rows=178559
2026-09-17T00:05:22.916475Z DEBUG aiur::gpu_trace: CPU trace: circuit lacks generated CUDA coverage circuit=25 rows=142964
2026-09-17T00:05:22.916472Z DEBUG aiur::gpu_trace: CPU trace: circuit lacks generated CUDA coverage circuit=21 rows=800829
2026-09-17T00:05:22.916476Z DEBUG aiur::gpu_trace: CPU trace: circuit lacks generated CUDA coverage circuit=7 rows=212619
2026-09-17T00:05:22.916577Z DEBUG aiur::gpu_trace: CPU trace: circuit lacks generated CUDA coverage circuit=23 rows=306504
2026-09-17T00:05:22.916896Z DEBUG aiur::gpu_trace: CPU trace: circuit lacks generated CUDA coverage circuit=26 rows=533851
2026-09-17T00:05:22.917364Z DEBUG aiur::gpu_trace: CPU trace: circuit lacks generated CUDA coverage circuit=8 rows=440667
2026-09-17T00:05:22.917395Z DEBUG aiur::gpu_trace: CPU trace: circuit lacks generated CUDA coverage circuit=11 rows=214524
2026-09-17T00:05:22.917909Z DEBUG aiur::gpu_trace: CPU trace: circuit lacks generated CUDA coverage circuit=34 rows=228800
2026-09-17T00:05:22.917949Z DEBUG aiur::gpu_trace: CPU trace: circuit lacks generated CUDA coverage circuit=87 rows=132649
2026-09-17T00:05:22.918075Z DEBUG aiur::gpu_trace: CPU trace: circuit lacks generated CUDA coverage circuit=66 rows=27120
2026-09-17T00:05:22.918210Z DEBUG aiur::gpu_trace: CPU trace: circuit lacks generated CUDA coverage circuit=36 rows=141477
2026-09-17T00:05:23.106625Z DEBUG aiur/codegen_seeds{circuit=20 rows=1048576}: aiur::trace_codegen::cuda: prepared generated CUDA trace circuit=20 rows=1048576 width=533 seed_bytes=184549376 seed_spans=16
2026-09-17T00:05:25.760346Z DEBUG aiur/codegen_seeds{circuit=20 rows=1048576}: aiur::trace_codegen::cuda: prepared generated CUDA trace circuit=20 rows=1048576 width=533 seed_bytes=184549376 seed_spans=16
2026-09-17T00:05:27.362863Z DEBUG aiur/codegen_seeds{circuit=20 rows=1048576}: aiur::trace_codegen::cuda: prepared generated CUDA trace circuit=20 rows=1048576 width=533 seed_bytes=184549376 seed_spans=16
2026-09-17T00:05:28.554666Z DEBUG aiur/codegen_seeds{circuit=20 rows=347416}: aiur::trace_codegen::cuda: prepared generated CUDA trace circuit=20 rows=347416 width=533 seed_bytes=61145216 seed_spans=6
[aggregate] slot 2: cached proof 8b859c8367afbd89fd5ed23bb625e2e6b23eebe1f18e8af9469e396299b611b5
[lanes] worker 0: join 2 published at +327s
[trace-shards] 8 shards, 1500000000 committed cells: record 14633395166 B in shared pool, host workspace 16607595674 B of 26088568116 B reserved per prover; regenerating round 2
[lanes] executor 1: join 5 executed in 33.2s, record 14633395166 B (13.6 GiB) at +334s
[lanes] worker 0: join 5 proving started at +334s
2026-09-17T00:05:37.080499Z DEBUG aiur::gpu_trace: CPU trace: circuit lacks generated CUDA coverage circuit=9 rows=3216024
2026-09-17T00:05:37.081347Z DEBUG aiur::gpu_trace: CPU trace: circuit lacks generated CUDA coverage circuit=32 rows=5818277
2026-09-17T00:05:37.140148Z DEBUG aiur/codegen_seeds{circuit=20 rows=1048576}: aiur::trace_codegen::cuda: prepared generated CUDA trace circuit=20 rows=1048576 width=533 seed_bytes=184549376 seed_spans=16
2026-09-17T00:05:37.545510Z DEBUG aiur::gpu_trace: CPU trace: circuit lacks generated CUDA coverage circuit=3 rows=32346
2026-09-17T00:05:37.545541Z DEBUG aiur::gpu_trace: CPU trace: circuit lacks generated CUDA coverage circuit=5 rows=547570
2026-09-17T00:05:37.545542Z DEBUG aiur::gpu_trace: CPU trace: circuit lacks generated CUDA coverage circuit=18 rows=2947138
2026-09-17T00:05:37.545815Z DEBUG aiur::gpu_trace: CPU trace: circuit lacks generated CUDA coverage circuit=29 rows=3159851
2026-09-17T00:05:37.546096Z DEBUG aiur::gpu_trace: CPU trace: circuit lacks generated CUDA coverage circuit=55 rows=3480
2026-09-17T00:05:37.546669Z DEBUG aiur::gpu_trace: CPU trace: circuit lacks generated CUDA coverage circuit=43 rows=2
2026-09-17T00:05:37.546799Z DEBUG aiur::gpu_trace: CPU trace: circuit lacks generated CUDA coverage circuit=41 rows=19
2026-09-17T00:05:37.620649Z DEBUG aiur/codegen_seeds{circuit=20 rows=1048576}: aiur::trace_codegen::cuda: prepared generated CUDA trace circuit=20 rows=1048576 width=533 seed_bytes=184549376 seed_spans=16
2026-09-17T00:05:38.617735Z DEBUG aiur::gpu_trace: CPU trace: circuit lacks generated CUDA coverage circuit=16 rows=62
2026-09-17T00:05:38.617739Z DEBUG aiur::gpu_trace: CPU trace: circuit lacks generated CUDA coverage circuit=50 rows=20
2026-09-17T00:05:38.617739Z DEBUG aiur::gpu_trace: CPU trace: circuit lacks generated CUDA coverage circuit=12 rows=577005
2026-09-17T00:05:38.617741Z DEBUG aiur::gpu_trace: CPU trace: circuit lacks generated CUDA coverage circuit=2 rows=94
2026-09-17T00:05:38.617741Z DEBUG aiur::gpu_trace: CPU trace: circuit lacks generated CUDA coverage circuit=56 rows=2
2026-09-17T00:05:38.618022Z DEBUG aiur::gpu_trace: CPU trace: circuit lacks generated CUDA coverage circuit=38 rows=104
2026-09-17T00:05:38.618266Z DEBUG aiur::gpu_trace: CPU trace: circuit lacks generated CUDA coverage circuit=44 rows=61
2026-09-17T00:05:38.618314Z DEBUG aiur::gpu_trace: CPU trace: circuit lacks generated CUDA coverage circuit=51 rows=434
2026-09-17T00:05:38.618373Z DEBUG aiur::gpu_trace: CPU trace: circuit lacks generated CUDA coverage circuit=46 rows=19
2026-09-17T00:05:38.618403Z DEBUG aiur::gpu_trace: CPU trace: circuit lacks generated CUDA coverage circuit=57 rows=45
2026-09-17T00:05:38.618464Z DEBUG aiur::gpu_trace: CPU trace: circuit lacks generated CUDA coverage circuit=45 rows=2
2026-09-17T00:05:38.618847Z DEBUG aiur::gpu_trace: CPU trace: circuit lacks generated CUDA coverage circuit=86 rows=2848003
2026-09-17T00:05:38.618908Z DEBUG aiur::gpu_trace: CPU trace: circuit lacks generated CUDA coverage circuit=14 rows=19
2026-09-17T00:05:38.618914Z DEBUG aiur::gpu_trace: CPU trace: circuit lacks generated CUDA coverage circuit=52 rows=62
2026-09-17T00:05:38.618981Z DEBUG aiur::gpu_trace: CPU trace: circuit lacks generated CUDA coverage circuit=47 rows=3865
2026-09-17T00:05:38.619226Z DEBUG aiur::gpu_trace: CPU trace: circuit lacks generated CUDA coverage circuit=53 rows=25
2026-09-17T00:05:38.619311Z DEBUG aiur::gpu_trace: CPU trace: circuit lacks generated CUDA coverage circuit=35 rows=338230
2026-09-17T00:05:38.619354Z DEBUG aiur::gpu_trace: CPU trace: circuit lacks generated CUDA coverage circuit=54 rows=386
2026-09-17T00:05:38.619381Z DEBUG aiur::gpu_trace: CPU trace: circuit lacks generated CUDA coverage circuit=24 rows=1976
2026-09-17T00:05:38.619480Z DEBUG aiur/codegen_seeds{circuit=59 rows=74}: aiur::trace_codegen::cuda: prepared generated CUDA trace circuit=59 rows=74 width=26 seed_bytes=6512 seed_spans=1
2026-09-17T00:05:38.619505Z DEBUG aiur::gpu_trace: CPU trace: circuit lacks generated CUDA coverage circuit=60 rows=32
2026-09-17T00:05:38.619599Z DEBUG aiur::gpu_trace: CPU trace: circuit lacks generated CUDA coverage circuit=61 rows=19
2026-09-17T00:05:38.858709Z DEBUG aiur/codegen_seeds{circuit=20 rows=1048576}: aiur::trace_codegen::cuda: prepared generated CUDA trace circuit=20 rows=1048576 width=533 seed_bytes=184549376 seed_spans=16
2026-09-17T00:05:38.874161Z DEBUG aiur/codegen_seeds{circuit=30 rows=413610}: aiur::trace_codegen::cuda: prepared generated CUDA trace circuit=30 rows=413610 width=234 seed_bytes=251474880 seed_spans=15
2026-09-17T00:05:39.576909Z DEBUG aiur::gpu_trace: CPU trace: circuit lacks generated CUDA coverage circuit=0 rows=851186
2026-09-17T00:05:39.576963Z DEBUG aiur::gpu_trace: CPU trace: circuit lacks generated CUDA coverage circuit=10 rows=661386
2026-09-17T00:05:39.576962Z DEBUG aiur::gpu_trace: CPU trace: circuit lacks generated CUDA coverage circuit=15 rows=21
2026-09-17T00:05:39.576961Z DEBUG aiur::gpu_trace: CPU trace: circuit lacks generated CUDA coverage circuit=1 rows=16918
2026-09-17T00:05:39.576967Z DEBUG aiur::gpu_trace: CPU trace: circuit lacks generated CUDA coverage circuit=58 rows=123
2026-09-17T00:05:39.576966Z DEBUG aiur::gpu_trace: CPU trace: circuit lacks generated CUDA coverage circuit=62 rows=21
2026-09-17T00:05:39.576971Z DEBUG aiur::gpu_trace: CPU trace: circuit lacks generated CUDA coverage circuit=17 rows=21
2026-09-17T00:05:39.577456Z DEBUG aiur::gpu_trace: CPU trace: circuit lacks generated CUDA coverage circuit=19 rows=161660
2026-09-17T00:05:39.577488Z DEBUG aiur::gpu_trace: CPU trace: circuit lacks generated CUDA coverage circuit=39 rows=19
2026-09-17T00:05:39.577496Z DEBUG aiur::gpu_trace: CPU trace: circuit lacks generated CUDA coverage circuit=48 rows=21
2026-09-17T00:05:39.577535Z DEBUG aiur::gpu_trace: CPU trace: circuit lacks generated CUDA coverage circuit=27 rows=1309065
2026-09-17T00:05:39.577663Z DEBUG aiur/codegen_seeds{circuit=49 rows=3}: aiur::trace_codegen::cuda: prepared generated CUDA trace circuit=49 rows=3 width=13 seed_bytes=120 seed_spans=1
2026-09-17T00:05:39.577859Z DEBUG aiur::gpu_trace: CPU trace: circuit lacks generated CUDA coverage circuit=40 rows=21
2026-09-17T00:05:39.577875Z DEBUG aiur::gpu_trace: CPU trace: circuit lacks generated CUDA coverage circuit=63 rows=20
2026-09-17T00:05:39.578003Z DEBUG aiur::gpu_trace: CPU trace: circuit lacks generated CUDA coverage circuit=85 rows=20
2026-09-17T00:05:39.578143Z DEBUG aiur::gpu_trace: CPU trace: circuit lacks generated CUDA coverage circuit=64 rows=2
2026-09-17T00:05:39.578344Z DEBUG aiur::gpu_trace: CPU trace: circuit lacks generated CUDA coverage circuit=83 rows=1
2026-09-17T00:05:39.578601Z DEBUG aiur::gpu_trace: CPU trace: circuit lacks generated CUDA coverage circuit=42 rows=21
2026-09-17T00:05:39.772607Z DEBUG aiur/codegen_seeds{circuit=20 rows=1048576}: aiur::trace_codegen::cuda: prepared generated CUDA trace circuit=20 rows=1048576 width=533 seed_bytes=184549376 seed_spans=16
2026-09-17T00:05:40.562270Z DEBUG aiur::gpu_trace: CPU trace: circuit lacks generated CUDA coverage circuit=25 rows=142964
2026-09-17T00:05:40.562292Z DEBUG aiur::gpu_trace: CPU trace: circuit lacks generated CUDA coverage circuit=6 rows=325349
2026-09-17T00:05:40.562292Z DEBUG aiur::gpu_trace: CPU trace: circuit lacks generated CUDA coverage circuit=37 rows=279075
2026-09-17T00:05:40.562298Z DEBUG aiur::gpu_trace: CPU trace: circuit lacks generated CUDA coverage circuit=31 rows=1179962
2026-09-17T00:05:40.562299Z DEBUG aiur::gpu_trace: CPU trace: circuit lacks generated CUDA coverage circuit=4 rows=154466
2026-09-17T00:05:40.562299Z DEBUG aiur::gpu_trace: CPU trace: circuit lacks generated CUDA coverage circuit=7 rows=185113
2026-09-17T00:05:40.562298Z DEBUG aiur::gpu_trace: CPU trace: circuit lacks generated CUDA coverage circuit=28 rows=831505
2026-09-17T00:05:40.562310Z DEBUG aiur::gpu_trace: CPU trace: circuit lacks generated CUDA coverage circuit=13 rows=174956
2026-09-17T00:05:40.562293Z DEBUG aiur::gpu_trace: CPU trace: circuit lacks generated CUDA coverage circuit=65 rows=67742
2026-09-17T00:05:40.562300Z DEBUG aiur::gpu_trace: CPU trace: circuit lacks generated CUDA coverage circuit=26 rows=464886
2026-09-17T00:05:40.562299Z DEBUG aiur::gpu_trace: CPU trace: circuit lacks generated CUDA coverage circuit=21 rows=787211
2026-09-17T00:05:40.562772Z DEBUG aiur::gpu_trace: CPU trace: circuit lacks generated CUDA coverage circuit=84 rows=712429
2026-09-17T00:05:40.563018Z DEBUG aiur::gpu_trace: CPU trace: circuit lacks generated CUDA coverage circuit=34 rows=224600
2026-09-17T00:05:40.563103Z DEBUG aiur::gpu_trace: CPU trace: circuit lacks generated CUDA coverage circuit=11 rows=197079
2026-09-17T00:05:40.563244Z DEBUG aiur::gpu_trace: CPU trace: circuit lacks generated CUDA coverage circuit=87 rows=133953
2026-09-17T00:05:40.563252Z DEBUG aiur::gpu_trace: CPU trace: circuit lacks generated CUDA coverage circuit=8 rows=413049
2026-09-17T00:05:40.563544Z DEBUG aiur::gpu_trace: CPU trace: circuit lacks generated CUDA coverage circuit=33 rows=1023572
2026-09-17T00:05:40.563605Z DEBUG aiur::gpu_trace: CPU trace: circuit lacks generated CUDA coverage circuit=36 rows=136291
2026-09-17T00:05:40.563958Z DEBUG aiur::gpu_trace: CPU trace: circuit lacks generated CUDA coverage circuit=66 rows=17044
2026-09-17T00:05:40.564032Z DEBUG aiur::gpu_trace: CPU trace: circuit lacks generated CUDA coverage circuit=23 rows=306504
2026-09-17T00:05:40.899975Z DEBUG aiur/codegen_seeds{circuit=20 rows=1048576}: aiur::trace_codegen::cuda: prepared generated CUDA trace circuit=20 rows=1048576 width=533 seed_bytes=184549376 seed_spans=16
2026-09-17T00:05:41.597132Z DEBUG aiur::gpu_trace: CPU trace: circuit lacks generated CUDA coverage circuit=22 rows=142964
2026-09-17T00:05:41.656604Z DEBUG aiur/codegen_seeds{circuit=20 rows=1048576}: aiur::trace_codegen::cuda: prepared generated CUDA trace circuit=20 rows=1048576 width=533 seed_bytes=184549376 seed_spans=16
2026-09-17T00:05:42.589094Z DEBUG aiur/codegen_seeds{circuit=20 rows=1048576}: aiur::trace_codegen::cuda: prepared generated CUDA trace circuit=20 rows=1048576 width=533 seed_bytes=184549376 seed_spans=16
2026-09-17T00:05:42.990632Z DEBUG aiur/codegen_seeds{circuit=20 rows=476568}: aiur::trace_codegen::cuda: prepared generated CUDA trace circuit=20 rows=476568 width=533 seed_bytes=83875968 seed_spans=8
2026-09-17T00:05:43.594036Z DEBUG aiur::gpu_trace: CPU trace: circuit lacks generated CUDA coverage circuit=32 rows=5818277
2026-09-17T00:05:43.594038Z DEBUG aiur::gpu_trace: CPU trace: circuit lacks generated CUDA coverage circuit=9 rows=3216024
2026-09-17T00:05:43.647665Z DEBUG aiur/codegen_seeds{circuit=20 rows=1048576}: aiur::trace_codegen::cuda: prepared generated CUDA trace circuit=20 rows=1048576 width=533 seed_bytes=184549376 seed_spans=16
2026-09-17T00:05:44.064052Z DEBUG aiur::gpu_trace: CPU trace: circuit lacks generated CUDA coverage circuit=3 rows=32346
2026-09-17T00:05:44.064063Z DEBUG aiur::gpu_trace: CPU trace: circuit lacks generated CUDA coverage circuit=43 rows=2
2026-09-17T00:05:44.064072Z DEBUG aiur::gpu_trace: CPU trace: circuit lacks generated CUDA coverage circuit=18 rows=2947138
2026-09-17T00:05:44.064338Z DEBUG aiur::gpu_trace: CPU trace: circuit lacks generated CUDA coverage circuit=41 rows=19
2026-09-17T00:05:44.064647Z DEBUG aiur::gpu_trace: CPU trace: circuit lacks generated CUDA coverage circuit=29 rows=3159851
2026-09-17T00:05:44.064803Z DEBUG aiur::gpu_trace: CPU trace: circuit lacks generated CUDA coverage circuit=5 rows=547570
2026-09-17T00:05:44.064951Z DEBUG aiur::gpu_trace: CPU trace: circuit lacks generated CUDA coverage circuit=55 rows=3480
2026-09-17T00:05:44.133538Z DEBUG aiur/codegen_seeds{circuit=20 rows=1048576}: aiur::trace_codegen::cuda: prepared generated CUDA trace circuit=20 rows=1048576 width=533 seed_bytes=184549376 seed_spans=16
2026-09-17T00:05:46.707848Z DEBUG aiur::gpu_trace: CPU trace: circuit lacks generated CUDA coverage circuit=12 rows=577005
2026-09-17T00:05:46.707868Z DEBUG aiur::gpu_trace: CPU trace: circuit lacks generated CUDA coverage circuit=60 rows=32
2026-09-17T00:05:46.707869Z DEBUG aiur::gpu_trace: CPU trace: circuit lacks generated CUDA coverage circuit=57 rows=45
2026-09-17T00:05:46.707873Z DEBUG aiur::gpu_trace: CPU trace: circuit lacks generated CUDA coverage circuit=53 rows=25
2026-09-17T00:05:46.707869Z DEBUG aiur::gpu_trace: CPU trace: circuit lacks generated CUDA coverage circuit=50 rows=20
2026-09-17T00:05:46.707869Z DEBUG aiur::gpu_trace: CPU trace: circuit lacks generated CUDA coverage circuit=16 rows=62
2026-09-17T00:05:46.707875Z DEBUG aiur::gpu_trace: CPU trace: circuit lacks generated CUDA coverage circuit=2 rows=94
2026-09-17T00:05:46.707869Z DEBUG aiur::gpu_trace: CPU trace: circuit lacks generated CUDA coverage circuit=56 rows=2
2026-09-17T00:05:46.707998Z DEBUG aiur/codegen_seeds{circuit=59 rows=74}: aiur::trace_codegen::cuda: prepared generated CUDA trace circuit=59 rows=74 width=26 seed_bytes=6512 seed_spans=1
2026-09-17T00:05:46.708239Z DEBUG aiur::gpu_trace: CPU trace: circuit lacks generated CUDA coverage circuit=51 rows=434
2026-09-17T00:05:46.708275Z DEBUG aiur::gpu_trace: CPU trace: circuit lacks generated CUDA coverage circuit=52 rows=62
2026-09-17T00:05:46.708479Z DEBUG aiur::gpu_trace: CPU trace: circuit lacks generated CUDA coverage circuit=14 rows=19
2026-09-17T00:05:46.708616Z DEBUG aiur::gpu_trace: CPU trace: circuit lacks generated CUDA coverage circuit=54 rows=386
2026-09-17T00:05:46.708626Z DEBUG aiur::gpu_trace: CPU trace: circuit lacks generated CUDA coverage circuit=38 rows=104
2026-09-17T00:05:46.708917Z DEBUG aiur::gpu_trace: CPU trace: circuit lacks generated CUDA coverage circuit=86 rows=2848003
2026-09-17T00:05:46.709016Z DEBUG aiur::gpu_trace: CPU trace: circuit lacks generated CUDA coverage circuit=61 rows=19
2026-09-17T00:05:46.709414Z DEBUG aiur::gpu_trace: CPU trace: circuit lacks generated CUDA coverage circuit=35 rows=338230
2026-09-17T00:05:46.709429Z DEBUG aiur::gpu_trace: CPU trace: circuit lacks generated CUDA coverage circuit=24 rows=1976
2026-09-17T00:05:46.709552Z DEBUG aiur::gpu_trace: CPU trace: circuit lacks generated CUDA coverage circuit=44 rows=61
2026-09-17T00:05:46.709832Z DEBUG aiur::gpu_trace: CPU trace: circuit lacks generated CUDA coverage circuit=45 rows=2
2026-09-17T00:05:46.709957Z DEBUG aiur::gpu_trace: CPU trace: circuit lacks generated CUDA coverage circuit=46 rows=19
2026-09-17T00:05:46.710259Z DEBUG aiur::gpu_trace: CPU trace: circuit lacks generated CUDA coverage circuit=47 rows=3865
2026-09-17T00:05:46.953468Z DEBUG aiur/codegen_seeds{circuit=20 rows=1048576}: aiur::trace_codegen::cuda: prepared generated CUDA trace circuit=20 rows=1048576 width=533 seed_bytes=184549376 seed_spans=16
2026-09-17T00:05:46.964565Z DEBUG aiur/codegen_seeds{circuit=30 rows=413610}: aiur::trace_codegen::cuda: prepared generated CUDA trace circuit=30 rows=413610 width=234 seed_bytes=251474880 seed_spans=15
2026-09-17T00:05:49.249081Z DEBUG aiur::gpu_trace: CPU trace: circuit lacks generated CUDA coverage circuit=0 rows=851186
2026-09-17T00:05:49.249134Z DEBUG aiur::gpu_trace: CPU trace: circuit lacks generated CUDA coverage circuit=58 rows=123
2026-09-17T00:05:49.249138Z DEBUG aiur::gpu_trace: CPU trace: circuit lacks generated CUDA coverage circuit=1 rows=16918
2026-09-17T00:05:49.249136Z DEBUG aiur::gpu_trace: CPU trace: circuit lacks generated CUDA coverage circuit=15 rows=21
2026-09-17T00:05:49.249139Z DEBUG aiur::gpu_trace: CPU trace: circuit lacks generated CUDA coverage circuit=62 rows=21
2026-09-17T00:05:49.249583Z DEBUG aiur::gpu_trace: CPU trace: circuit lacks generated CUDA coverage circuit=40 rows=21
2026-09-17T00:05:49.249681Z DEBUG aiur::gpu_trace: CPU trace: circuit lacks generated CUDA coverage circuit=10 rows=661386
2026-09-17T00:05:49.249751Z DEBUG aiur::gpu_trace: CPU trace: circuit lacks generated CUDA coverage circuit=63 rows=20
2026-09-17T00:05:49.249772Z DEBUG aiur::gpu_trace: CPU trace: circuit lacks generated CUDA coverage circuit=48 rows=21
2026-09-17T00:05:49.249820Z DEBUG aiur::gpu_trace: CPU trace: circuit lacks generated CUDA coverage circuit=39 rows=19
2026-09-17T00:05:49.249853Z DEBUG aiur::gpu_trace: CPU trace: circuit lacks generated CUDA coverage circuit=19 rows=161660
2026-09-17T00:05:49.249861Z DEBUG aiur::gpu_trace: CPU trace: circuit lacks generated CUDA coverage circuit=27 rows=1309065
2026-09-17T00:05:49.249900Z DEBUG aiur::gpu_trace: CPU trace: circuit lacks generated CUDA coverage circuit=83 rows=1
2026-09-17T00:05:49.249987Z DEBUG aiur/codegen_seeds{circuit=49 rows=3}: aiur::trace_codegen::cuda: prepared generated CUDA trace circuit=49 rows=3 width=13 seed_bytes=120 seed_spans=1
2026-09-17T00:05:49.250044Z DEBUG aiur::gpu_trace: CPU trace: circuit lacks generated CUDA coverage circuit=64 rows=2
2026-09-17T00:05:49.250365Z DEBUG aiur::gpu_trace: CPU trace: circuit lacks generated CUDA coverage circuit=17 rows=21
2026-09-17T00:05:49.250423Z DEBUG aiur::gpu_trace: CPU trace: circuit lacks generated CUDA coverage circuit=85 rows=20
2026-09-17T00:05:49.250452Z DEBUG aiur::gpu_trace: CPU trace: circuit lacks generated CUDA coverage circuit=42 rows=21
2026-09-17T00:05:49.443238Z DEBUG aiur/codegen_seeds{circuit=20 rows=1048576}: aiur::trace_codegen::cuda: prepared generated CUDA trace circuit=20 rows=1048576 width=533 seed_bytes=184549376 seed_spans=16
2026-09-17T00:05:52.062230Z DEBUG aiur::gpu_trace: CPU trace: circuit lacks generated CUDA coverage circuit=31 rows=1179962
2026-09-17T00:05:52.062251Z DEBUG aiur::gpu_trace: CPU trace: circuit lacks generated CUDA coverage circuit=37 rows=279075
2026-09-17T00:05:52.062255Z DEBUG aiur::gpu_trace: CPU trace: circuit lacks generated CUDA coverage circuit=34 rows=224600
2026-09-17T00:05:52.062260Z DEBUG aiur::gpu_trace: CPU trace: circuit lacks generated CUDA coverage circuit=25 rows=142964
2026-09-17T00:05:52.062263Z DEBUG aiur::gpu_trace: CPU trace: circuit lacks generated CUDA coverage circuit=7 rows=185113
2026-09-17T00:05:52.062263Z DEBUG aiur::gpu_trace: CPU trace: circuit lacks generated CUDA coverage circuit=6 rows=325349
2026-09-17T00:05:52.062543Z DEBUG aiur::gpu_trace: CPU trace: circuit lacks generated CUDA coverage circuit=84 rows=712429
2026-09-17T00:05:52.062651Z DEBUG aiur::gpu_trace: CPU trace: circuit lacks generated CUDA coverage circuit=28 rows=831505
2026-09-17T00:05:52.062715Z DEBUG aiur::gpu_trace: CPU trace: circuit lacks generated CUDA coverage circuit=4 rows=154466
2026-09-17T00:05:52.062740Z DEBUG aiur::gpu_trace: CPU trace: circuit lacks generated CUDA coverage circuit=21 rows=787211
2026-09-17T00:05:52.062840Z DEBUG aiur::gpu_trace: CPU trace: circuit lacks generated CUDA coverage circuit=33 rows=1023572
2026-09-17T00:05:52.062862Z DEBUG aiur::gpu_trace: CPU trace: circuit lacks generated CUDA coverage circuit=11 rows=197079
2026-09-17T00:05:52.062927Z DEBUG aiur::gpu_trace: CPU trace: circuit lacks generated CUDA coverage circuit=23 rows=306504
2026-09-17T00:05:52.062983Z DEBUG aiur::gpu_trace: CPU trace: circuit lacks generated CUDA coverage circuit=26 rows=464886
2026-09-17T00:05:52.063102Z DEBUG aiur::gpu_trace: CPU trace: circuit lacks generated CUDA coverage circuit=13 rows=174956
2026-09-17T00:05:52.063272Z DEBUG aiur::gpu_trace: CPU trace: circuit lacks generated CUDA coverage circuit=36 rows=136291
2026-09-17T00:05:52.063373Z DEBUG aiur::gpu_trace: CPU trace: circuit lacks generated CUDA coverage circuit=65 rows=67742
2026-09-17T00:05:52.063394Z DEBUG aiur::gpu_trace: CPU trace: circuit lacks generated CUDA coverage circuit=8 rows=413049
2026-09-17T00:05:52.063404Z DEBUG aiur::gpu_trace: CPU trace: circuit lacks generated CUDA coverage circuit=87 rows=133953
2026-09-17T00:05:52.063579Z DEBUG aiur::gpu_trace: CPU trace: circuit lacks generated CUDA coverage circuit=66 rows=17044
2026-09-17T00:05:52.401680Z DEBUG aiur/codegen_seeds{circuit=20 rows=1048576}: aiur::trace_codegen::cuda: prepared generated CUDA trace circuit=20 rows=1048576 width=533 seed_bytes=184549376 seed_spans=16
2026-09-17T00:05:54.868179Z DEBUG aiur::gpu_trace: CPU trace: circuit lacks generated CUDA coverage circuit=22 rows=142964
2026-09-17T00:05:54.929282Z DEBUG aiur/codegen_seeds{circuit=20 rows=1048576}: aiur::trace_codegen::cuda: prepared generated CUDA trace circuit=20 rows=1048576 width=533 seed_bytes=184549376 seed_spans=16
2026-09-17T00:05:57.349933Z DEBUG aiur/codegen_seeds{circuit=20 rows=1048576}: aiur::trace_codegen::cuda: prepared generated CUDA trace circuit=20 rows=1048576 width=533 seed_bytes=184549376 seed_spans=16
2026-09-17T00:05:58.545407Z DEBUG aiur/codegen_seeds{circuit=20 rows=476568}: aiur::trace_codegen::cuda: prepared generated CUDA trace circuit=20 rows=476568 width=533 seed_bytes=83875968 seed_spans=8
[aggregate] slot 5: cached proof 6aaff85641805f0b44a900f2b8a73c9f1376a4342e53d32c9321b0f4cc29b1ca
[lanes] worker 0: join 5 published at +357s
[lanes] root dispatched at +357s
[aggregate] structural-joining slots 2, 5 into 6
[lanes] executor 1: root execution started at +357s
[trace-shards] 7 shards, 1500000000 committed cells: record 12215552497 B in shared pool, host workspace 16607595674 B of 26088568116 B reserved per prover; regenerating round 2
[lanes] executor 1: root executed in 26.2s, record 12215552497 B (11.3 GiB) at +383s
[lanes] worker 0: root proving started at +383s
2026-09-17T00:06:26.671719Z DEBUG aiur::gpu_trace: CPU trace: circuit lacks generated CUDA coverage circuit=9 rows=2799792
2026-09-17T00:06:26.672634Z DEBUG aiur::gpu_trace: CPU trace: circuit lacks generated CUDA coverage circuit=32 rows=5041511
2026-09-17T00:06:26.751847Z DEBUG aiur/codegen_seeds{circuit=20 rows=1048576}: aiur::trace_codegen::cuda: prepared generated CUDA trace circuit=20 rows=1048576 width=533 seed_bytes=184549376 seed_spans=16
2026-09-17T00:06:27.129291Z DEBUG aiur::gpu_trace: CPU trace: circuit lacks generated CUDA coverage circuit=51 rows=215
2026-09-17T00:06:27.129293Z DEBUG aiur::gpu_trace: CPU trace: circuit lacks generated CUDA coverage circuit=2 rows=94
2026-09-17T00:06:27.129686Z DEBUG aiur::gpu_trace: CPU trace: circuit lacks generated CUDA coverage circuit=10 rows=574636
2026-09-17T00:06:27.129888Z DEBUG aiur::gpu_trace: CPU trace: circuit lacks generated CUDA coverage circuit=60 rows=24
2026-09-17T00:06:27.130002Z DEBUG aiur::gpu_trace: CPU trace: circuit lacks generated CUDA coverage circuit=54 rows=175
2026-09-17T00:06:27.130050Z DEBUG aiur::gpu_trace: CPU trace: circuit lacks generated CUDA coverage circuit=55 rows=1107
2026-09-17T00:06:27.130557Z DEBUG aiur::gpu_trace: CPU trace: circuit lacks generated CUDA coverage circuit=38 rows=84
2026-09-17T00:06:27.130651Z DEBUG aiur::gpu_trace: CPU trace: circuit lacks generated CUDA coverage circuit=29 rows=2691011
2026-09-17T00:06:27.131006Z DEBUG aiur::gpu_trace: CPU trace: circuit lacks generated CUDA coverage circuit=39 rows=17
2026-09-17T00:06:27.131020Z DEBUG aiur::gpu_trace: CPU trace: circuit lacks generated CUDA coverage circuit=61 rows=17
2026-09-17T00:06:27.131223Z DEBUG aiur::gpu_trace: CPU trace: circuit lacks generated CUDA coverage circuit=45 rows=2
2026-09-17T00:06:27.131277Z DEBUG aiur::gpu_trace: CPU trace: circuit lacks generated CUDA coverage circuit=47 rows=1281
2026-09-17T00:06:27.280767Z DEBUG aiur/codegen_seeds{circuit=20 rows=1048576}: aiur::trace_codegen::cuda: prepared generated CUDA trace circuit=20 rows=1048576 width=533 seed_bytes=184549376 seed_spans=16
2026-09-17T00:06:27.285336Z DEBUG aiur/codegen_seeds{circuit=30 rows=350633}: aiur::trace_codegen::cuda: prepared generated CUDA trace circuit=30 rows=350633 width=234 seed_bytes=213184864 seed_spans=13
2026-09-17T00:06:28.202245Z DEBUG aiur::gpu_trace: CPU trace: circuit lacks generated CUDA coverage circuit=56 rows=2
2026-09-17T00:06:28.202262Z DEBUG aiur::gpu_trace: CPU trace: circuit lacks generated CUDA coverage circuit=18 rows=3223494
2026-09-17T00:06:28.202266Z DEBUG aiur::gpu_trace: CPU trace: circuit lacks generated CUDA coverage circuit=19 rows=230976
2026-09-17T00:06:28.202272Z DEBUG aiur::gpu_trace: CPU trace: circuit lacks generated CUDA coverage circuit=15 rows=19
2026-09-17T00:06:28.202264Z DEBUG aiur::gpu_trace: CPU trace: circuit lacks generated CUDA coverage circuit=50 rows=18
2026-09-17T00:06:28.202262Z DEBUG aiur::gpu_trace: CPU trace: circuit lacks generated CUDA coverage circuit=62 rows=19
2026-09-17T00:06:28.202264Z DEBUG aiur::gpu_trace: CPU trace: circuit lacks generated CUDA coverage circuit=63 rows=18
2026-09-17T00:06:28.202263Z DEBUG aiur::gpu_trace: CPU trace: circuit lacks generated CUDA coverage circuit=57 rows=32
2026-09-17T00:06:28.202267Z DEBUG aiur::gpu_trace: CPU trace: circuit lacks generated CUDA coverage circuit=14 rows=17
2026-09-17T00:06:28.202452Z DEBUG aiur/codegen_seeds{circuit=59 rows=52}: aiur::trace_codegen::cuda: prepared generated CUDA trace circuit=59 rows=52 width=26 seed_bytes=4576 seed_spans=1
2026-09-17T00:06:28.202550Z DEBUG aiur::gpu_trace: CPU trace: circuit lacks generated CUDA coverage circuit=43 rows=2
2026-09-17T00:06:28.202567Z DEBUG aiur::gpu_trace: CPU trace: circuit lacks generated CUDA coverage circuit=53 rows=22
2026-09-17T00:06:28.202624Z DEBUG aiur::gpu_trace: CPU trace: circuit lacks generated CUDA coverage circuit=58 rows=93
2026-09-17T00:06:28.202684Z DEBUG aiur::gpu_trace: CPU trace: circuit lacks generated CUDA coverage circuit=16 rows=46
2026-09-17T00:06:28.202704Z DEBUG aiur::gpu_trace: CPU trace: circuit lacks generated CUDA coverage circuit=40 rows=19
2026-09-17T00:06:28.202761Z DEBUG aiur::gpu_trace: CPU trace: circuit lacks generated CUDA coverage circuit=44 rows=45
2026-09-17T00:06:28.202807Z DEBUG aiur::gpu_trace: CPU trace: circuit lacks generated CUDA coverage circuit=52 rows=46
2026-09-17T00:06:28.202815Z DEBUG aiur::gpu_trace: CPU trace: circuit lacks generated CUDA coverage circuit=5 rows=421801
2026-09-17T00:06:28.202825Z DEBUG aiur::gpu_trace: CPU trace: circuit lacks generated CUDA coverage circuit=46 rows=17
2026-09-17T00:06:28.202892Z DEBUG aiur::gpu_trace: CPU trace: circuit lacks generated CUDA coverage circuit=64 rows=2
2026-09-17T00:06:28.202930Z DEBUG aiur::gpu_trace: CPU trace: circuit lacks generated CUDA coverage circuit=83 rows=1
2026-09-17T00:06:28.203012Z DEBUG aiur::gpu_trace: CPU trace: circuit lacks generated CUDA coverage circuit=17 rows=19
2026-09-17T00:06:28.203099Z DEBUG aiur::gpu_trace: CPU trace: circuit lacks generated CUDA coverage circuit=41 rows=17
2026-09-17T00:06:28.203180Z DEBUG aiur::gpu_trace: CPU trace: circuit lacks generated CUDA coverage circuit=48 rows=37
2026-09-17T00:06:28.203211Z DEBUG aiur/codegen_seeds{circuit=49 rows=3}: aiur::trace_codegen::cuda: prepared generated CUDA trace circuit=49 rows=3 width=13 seed_bytes=120 seed_spans=1
2026-09-17T00:06:28.203235Z DEBUG aiur::gpu_trace: CPU trace: circuit lacks generated CUDA coverage circuit=86 rows=2487822
2026-09-17T00:06:28.203312Z DEBUG aiur::gpu_trace: CPU trace: circuit lacks generated CUDA coverage circuit=85 rows=18
2026-09-17T00:06:28.203435Z DEBUG aiur::gpu_trace: CPU trace: circuit lacks generated CUDA coverage circuit=42 rows=19
2026-09-17T00:06:28.203747Z DEBUG aiur::gpu_trace: CPU trace: circuit lacks generated CUDA coverage circuit=87 rows=39148
2026-09-17T00:06:28.393913Z DEBUG aiur/codegen_seeds{circuit=20 rows=1048576}: aiur::trace_codegen::cuda: prepared generated CUDA trace circuit=20 rows=1048576 width=533 seed_bytes=184549376 seed_spans=16
2026-09-17T00:06:29.152515Z DEBUG aiur::gpu_trace: CPU trace: circuit lacks generated CUDA coverage circuit=0 rows=691257
2026-09-17T00:06:29.152526Z DEBUG aiur::gpu_trace: CPU trace: circuit lacks generated CUDA coverage circuit=12 rows=426407
2026-09-17T00:06:29.153166Z DEBUG aiur::gpu_trace: CPU trace: circuit lacks generated CUDA coverage circuit=4 rows=145559
2026-09-17T00:06:29.153685Z DEBUG aiur::gpu_trace: CPU trace: circuit lacks generated CUDA coverage circuit=31 rows=889328
2026-09-17T00:06:29.153953Z DEBUG aiur::gpu_trace: CPU trace: circuit lacks generated CUDA coverage circuit=27 rows=508745
2026-09-17T00:06:29.153971Z DEBUG aiur::gpu_trace: CPU trace: circuit lacks generated CUDA coverage circuit=8 rows=252521
2026-09-17T00:06:29.154178Z DEBUG aiur::gpu_trace: CPU trace: circuit lacks generated CUDA coverage circuit=28 rows=563120
2026-09-17T00:06:29.156552Z DEBUG aiur::gpu_trace: CPU trace: circuit lacks generated CUDA coverage circuit=33 rows=598767
2026-09-17T00:06:29.397265Z DEBUG aiur/codegen_seeds{circuit=20 rows=1048576}: aiur::trace_codegen::cuda: prepared generated CUDA trace circuit=20 rows=1048576 width=533 seed_bytes=184549376 seed_spans=16
2026-09-17T00:06:30.155351Z DEBUG aiur::gpu_trace: CPU trace: circuit lacks generated CUDA coverage circuit=3 rows=17799
2026-09-17T00:06:30.155356Z DEBUG aiur::gpu_trace: CPU trace: circuit lacks generated CUDA coverage circuit=1 rows=12496
2026-09-17T00:06:30.155366Z DEBUG aiur::gpu_trace: CPU trace: circuit lacks generated CUDA coverage circuit=6 rows=153364
2026-09-17T00:06:30.155390Z DEBUG aiur::gpu_trace: CPU trace: circuit lacks generated CUDA coverage circuit=25 rows=40840
2026-09-17T00:06:30.155392Z DEBUG aiur::gpu_trace: CPU trace: circuit lacks generated CUDA coverage circuit=37 rows=116111
2026-09-17T00:06:30.155392Z DEBUG aiur::gpu_trace: CPU trace: circuit lacks generated CUDA coverage circuit=26 rows=330656
2026-09-17T00:06:30.155394Z DEBUG aiur::gpu_trace: CPU trace: circuit lacks generated CUDA coverage circuit=7 rows=150438
2026-09-17T00:06:30.155394Z DEBUG aiur::gpu_trace: CPU trace: circuit lacks generated CUDA coverage circuit=34 rows=114300
2026-09-17T00:06:30.155397Z DEBUG aiur::gpu_trace: CPU trace: circuit lacks generated CUDA coverage circuit=21 rows=280877
2026-09-17T00:06:30.155400Z DEBUG aiur::gpu_trace: CPU trace: circuit lacks generated CUDA coverage circuit=65 rows=71797
2026-09-17T00:06:30.155758Z DEBUG aiur::gpu_trace: CPU trace: circuit lacks generated CUDA coverage circuit=66 rows=40583
2026-09-17T00:06:30.155993Z DEBUG aiur::gpu_trace: CPU trace: circuit lacks generated CUDA coverage circuit=13 rows=91165
2026-09-17T00:06:30.156053Z DEBUG aiur::gpu_trace: CPU trace: circuit lacks generated CUDA coverage circuit=23 rows=92470
2026-09-17T00:06:30.156258Z DEBUG aiur::gpu_trace: CPU trace: circuit lacks generated CUDA coverage circuit=24 rows=1770
2026-09-17T00:06:30.156437Z DEBUG aiur::gpu_trace: CPU trace: circuit lacks generated CUDA coverage circuit=22 rows=40840
2026-09-17T00:06:30.156466Z DEBUG aiur::gpu_trace: CPU trace: circuit lacks generated CUDA coverage circuit=35 rows=184458
2026-09-17T00:06:30.156524Z DEBUG aiur::gpu_trace: CPU trace: circuit lacks generated CUDA coverage circuit=11 rows=172169
2026-09-17T00:06:30.156641Z DEBUG aiur::gpu_trace: CPU trace: circuit lacks generated CUDA coverage circuit=84 rows=496027
2026-09-17T00:06:30.156728Z DEBUG aiur::gpu_trace: CPU trace: circuit lacks generated CUDA coverage circuit=36 rows=118726
2026-09-17T00:06:30.276212Z DEBUG aiur/codegen_seeds{circuit=20 rows=1048576}: aiur::trace_codegen::cuda: prepared generated CUDA trace circuit=20 rows=1048576 width=533 seed_bytes=184549376 seed_spans=16
2026-09-17T00:06:31.204811Z DEBUG aiur/codegen_seeds{circuit=20 rows=1048576}: aiur::trace_codegen::cuda: prepared generated CUDA trace circuit=20 rows=1048576 width=533 seed_bytes=184549376 seed_spans=16
2026-09-17T00:06:31.757835Z DEBUG aiur/codegen_seeds{circuit=20 rows=117088}: aiur::trace_codegen::cuda: prepared generated CUDA trace circuit=20 rows=117088 width=533 seed_bytes=20607488 seed_spans=2
2026-09-17T00:06:32.237189Z DEBUG aiur::gpu_trace: CPU trace: circuit lacks generated CUDA coverage circuit=32 rows=5041511
2026-09-17T00:06:32.237189Z DEBUG aiur::gpu_trace: CPU trace: circuit lacks generated CUDA coverage circuit=9 rows=2799792
2026-09-17T00:06:32.291362Z DEBUG aiur/codegen_seeds{circuit=20 rows=1048576}: aiur::trace_codegen::cuda: prepared generated CUDA trace circuit=20 rows=1048576 width=533 seed_bytes=184549376 seed_spans=16
2026-09-17T00:06:32.713361Z DEBUG aiur::gpu_trace: CPU trace: circuit lacks generated CUDA coverage circuit=51 rows=215
2026-09-17T00:06:32.713372Z DEBUG aiur::gpu_trace: CPU trace: circuit lacks generated CUDA coverage circuit=2 rows=94
2026-09-17T00:06:32.713749Z DEBUG aiur::gpu_trace: CPU trace: circuit lacks generated CUDA coverage circuit=38 rows=84
2026-09-17T00:06:32.713782Z DEBUG aiur::gpu_trace: CPU trace: circuit lacks generated CUDA coverage circuit=54 rows=175
2026-09-17T00:06:32.713842Z DEBUG aiur::gpu_trace: CPU trace: circuit lacks generated CUDA coverage circuit=55 rows=1107
2026-09-17T00:06:32.713954Z DEBUG aiur::gpu_trace: CPU trace: circuit lacks generated CUDA coverage circuit=10 rows=574636
2026-09-17T00:06:32.714109Z DEBUG aiur::gpu_trace: CPU trace: circuit lacks generated CUDA coverage circuit=29 rows=2691011
2026-09-17T00:06:32.714376Z DEBUG aiur::gpu_trace: CPU trace: circuit lacks generated CUDA coverage circuit=39 rows=17
2026-09-17T00:06:32.714524Z DEBUG aiur::gpu_trace: CPU trace: circuit lacks generated CUDA coverage circuit=45 rows=2
2026-09-17T00:06:32.714638Z DEBUG aiur::gpu_trace: CPU trace: circuit lacks generated CUDA coverage circuit=60 rows=24
2026-09-17T00:06:32.714862Z DEBUG aiur::gpu_trace: CPU trace: circuit lacks generated CUDA coverage circuit=47 rows=1281
2026-09-17T00:06:32.714861Z DEBUG aiur::gpu_trace: CPU trace: circuit lacks generated CUDA coverage circuit=61 rows=17
2026-09-17T00:06:32.858532Z DEBUG aiur/codegen_seeds{circuit=20 rows=1048576}: aiur::trace_codegen::cuda: prepared generated CUDA trace circuit=20 rows=1048576 width=533 seed_bytes=184549376 seed_spans=16
2026-09-17T00:06:32.864676Z DEBUG aiur/codegen_seeds{circuit=30 rows=350633}: aiur::trace_codegen::cuda: prepared generated CUDA trace circuit=30 rows=350633 width=234 seed_bytes=213184864 seed_spans=13
2026-09-17T00:06:35.434611Z DEBUG aiur::gpu_trace: CPU trace: circuit lacks generated CUDA coverage circuit=18 rows=3223494
2026-09-17T00:06:35.434625Z DEBUG aiur::gpu_trace: CPU trace: circuit lacks generated CUDA coverage circuit=53 rows=22
2026-09-17T00:06:35.434625Z DEBUG aiur::gpu_trace: CPU trace: circuit lacks generated CUDA coverage circuit=15 rows=19
2026-09-17T00:06:35.434625Z DEBUG aiur::gpu_trace: CPU trace: circuit lacks generated CUDA coverage circuit=43 rows=2
2026-09-17T00:06:35.434628Z DEBUG aiur::gpu_trace: CPU trace: circuit lacks generated CUDA coverage circuit=62 rows=19
2026-09-17T00:06:35.434625Z DEBUG aiur::gpu_trace: CPU trace: circuit lacks generated CUDA coverage circuit=57 rows=32
2026-09-17T00:06:35.434625Z DEBUG aiur::gpu_trace: CPU trace: circuit lacks generated CUDA coverage circuit=50 rows=18
2026-09-17T00:06:35.434628Z DEBUG aiur::gpu_trace: CPU trace: circuit lacks generated CUDA coverage circuit=5 rows=421801
2026-09-17T00:06:35.434625Z DEBUG aiur::gpu_trace: CPU trace: circuit lacks generated CUDA coverage circuit=56 rows=2
2026-09-17T00:06:35.434628Z DEBUG aiur::gpu_trace: CPU trace: circuit lacks generated CUDA coverage circuit=19 rows=230976
2026-09-17T00:06:35.434679Z DEBUG aiur/codegen_seeds{circuit=59 rows=52}: aiur::trace_codegen::cuda: prepared generated CUDA trace circuit=59 rows=52 width=26 seed_bytes=4576 seed_spans=1
2026-09-17T00:06:35.435046Z DEBUG aiur::gpu_trace: CPU trace: circuit lacks generated CUDA coverage circuit=16 rows=46
2026-09-17T00:06:35.435072Z DEBUG aiur::gpu_trace: CPU trace: circuit lacks generated CUDA coverage circuit=14 rows=17
2026-09-17T00:06:35.435157Z DEBUG aiur::gpu_trace: CPU trace: circuit lacks generated CUDA coverage circuit=44 rows=45
2026-09-17T00:06:35.435206Z DEBUG aiur::gpu_trace: CPU trace: circuit lacks generated CUDA coverage circuit=63 rows=18
2026-09-17T00:06:35.435288Z DEBUG aiur::gpu_trace: CPU trace: circuit lacks generated CUDA coverage circuit=40 rows=19
2026-09-17T00:06:35.435315Z DEBUG aiur::gpu_trace: CPU trace: circuit lacks generated CUDA coverage circuit=46 rows=17
2026-09-17T00:06:35.435331Z DEBUG aiur::gpu_trace: CPU trace: circuit lacks generated CUDA coverage circuit=52 rows=46
2026-09-17T00:06:35.435354Z DEBUG aiur::gpu_trace: CPU trace: circuit lacks generated CUDA coverage circuit=58 rows=93
2026-09-17T00:06:35.435365Z DEBUG aiur::gpu_trace: CPU trace: circuit lacks generated CUDA coverage circuit=41 rows=17
2026-09-17T00:06:35.435416Z DEBUG aiur::gpu_trace: CPU trace: circuit lacks generated CUDA coverage circuit=42 rows=19
2026-09-17T00:06:35.435420Z DEBUG aiur::gpu_trace: CPU trace: circuit lacks generated CUDA coverage circuit=17 rows=19
2026-09-17T00:06:35.435677Z DEBUG aiur::gpu_trace: CPU trace: circuit lacks generated CUDA coverage circuit=64 rows=2
2026-09-17T00:06:35.435881Z DEBUG aiur::gpu_trace: CPU trace: circuit lacks generated CUDA coverage circuit=86 rows=2487822
2026-09-17T00:06:35.435917Z DEBUG aiur::gpu_trace: CPU trace: circuit lacks generated CUDA coverage circuit=85 rows=18
2026-09-17T00:06:35.435933Z DEBUG aiur::gpu_trace: CPU trace: circuit lacks generated CUDA coverage circuit=83 rows=1
2026-09-17T00:06:35.436028Z DEBUG aiur::gpu_trace: CPU trace: circuit lacks generated CUDA coverage circuit=48 rows=37
2026-09-17T00:06:35.436041Z DEBUG aiur/codegen_seeds{circuit=49 rows=3}: aiur::trace_codegen::cuda: prepared generated CUDA trace circuit=49 rows=3 width=13 seed_bytes=120 seed_spans=1
2026-09-17T00:06:35.436053Z DEBUG aiur::gpu_trace: CPU trace: circuit lacks generated CUDA coverage circuit=87 rows=39148
2026-09-17T00:06:35.659162Z DEBUG aiur/codegen_seeds{circuit=20 rows=1048576}: aiur::trace_codegen::cuda: prepared generated CUDA trace circuit=20 rows=1048576 width=533 seed_bytes=184549376 seed_spans=16
2026-09-17T00:06:38.017901Z DEBUG aiur::gpu_trace: CPU trace: circuit lacks generated CUDA coverage circuit=0 rows=691257
2026-09-17T00:06:38.017915Z DEBUG aiur::gpu_trace: CPU trace: circuit lacks generated CUDA coverage circuit=12 rows=426407
2026-09-17T00:06:38.017957Z DEBUG aiur::gpu_trace: CPU trace: circuit lacks generated CUDA coverage circuit=4 rows=145559
2026-09-17T00:06:38.017959Z DEBUG aiur::gpu_trace: CPU trace: circuit lacks generated CUDA coverage circuit=31 rows=889328
2026-09-17T00:06:38.017960Z DEBUG aiur::gpu_trace: CPU trace: circuit lacks generated CUDA coverage circuit=28 rows=563120
2026-09-17T00:06:38.018652Z DEBUG aiur::gpu_trace: CPU trace: circuit lacks generated CUDA coverage circuit=8 rows=252521
2026-09-17T00:06:38.018678Z DEBUG aiur::gpu_trace: CPU trace: circuit lacks generated CUDA coverage circuit=27 rows=508745
2026-09-17T00:06:38.019536Z DEBUG aiur::gpu_trace: CPU trace: circuit lacks generated CUDA coverage circuit=33 rows=598767
2026-09-17T00:06:38.257579Z DEBUG aiur/codegen_seeds{circuit=20 rows=1048576}: aiur::trace_codegen::cuda: prepared generated CUDA trace circuit=20 rows=1048576 width=533 seed_bytes=184549376 seed_spans=16
2026-09-17T00:06:40.617310Z DEBUG aiur::gpu_trace: CPU trace: circuit lacks generated CUDA coverage circuit=1 rows=12496
2026-09-17T00:06:40.617318Z DEBUG aiur::gpu_trace: CPU trace: circuit lacks generated CUDA coverage circuit=3 rows=17799
2026-09-17T00:06:40.617338Z DEBUG aiur::gpu_trace: CPU trace: circuit lacks generated CUDA coverage circuit=7 rows=150438
2026-09-17T00:06:40.617339Z DEBUG aiur::gpu_trace: CPU trace: circuit lacks generated CUDA coverage circuit=84 rows=496027
2026-09-17T00:06:40.617345Z DEBUG aiur::gpu_trace: CPU trace: circuit lacks generated CUDA coverage circuit=37 rows=116111
2026-09-17T00:06:40.617348Z DEBUG aiur::gpu_trace: CPU trace: circuit lacks generated CUDA coverage circuit=25 rows=40840
2026-09-17T00:06:40.617349Z DEBUG aiur::gpu_trace: CPU trace: circuit lacks generated CUDA coverage circuit=13 rows=91165
2026-09-17T00:06:40.617349Z DEBUG aiur::gpu_trace: CPU trace: circuit lacks generated CUDA coverage circuit=6 rows=153364
2026-09-17T00:06:40.617765Z DEBUG aiur::gpu_trace: CPU trace: circuit lacks generated CUDA coverage circuit=65 rows=71797
2026-09-17T00:06:40.618066Z DEBUG aiur::gpu_trace: CPU trace: circuit lacks generated CUDA coverage circuit=11 rows=172169
2026-09-17T00:06:40.618375Z DEBUG aiur::gpu_trace: CPU trace: circuit lacks generated CUDA coverage circuit=34 rows=114300
2026-09-17T00:06:40.618408Z DEBUG aiur::gpu_trace: CPU trace: circuit lacks generated CUDA coverage circuit=66 rows=40583
2026-09-17T00:06:40.618537Z DEBUG aiur::gpu_trace: CPU trace: circuit lacks generated CUDA coverage circuit=35 rows=184458
2026-09-17T00:06:40.618549Z DEBUG aiur::gpu_trace: CPU trace: circuit lacks generated CUDA coverage circuit=26 rows=330656
2026-09-17T00:06:40.618874Z DEBUG aiur::gpu_trace: CPU trace: circuit lacks generated CUDA coverage circuit=36 rows=118726
2026-09-17T00:06:40.619076Z DEBUG aiur::gpu_trace: CPU trace: circuit lacks generated CUDA coverage circuit=21 rows=280877
2026-09-17T00:06:40.619177Z DEBUG aiur::gpu_trace: CPU trace: circuit lacks generated CUDA coverage circuit=23 rows=92470
2026-09-17T00:06:40.619187Z DEBUG aiur::gpu_trace: CPU trace: circuit lacks generated CUDA coverage circuit=24 rows=1770
2026-09-17T00:06:40.619233Z DEBUG aiur::gpu_trace: CPU trace: circuit lacks generated CUDA coverage circuit=22 rows=40840
2026-09-17T00:06:40.756495Z DEBUG aiur/codegen_seeds{circuit=20 rows=1048576}: aiur::trace_codegen::cuda: prepared generated CUDA trace circuit=20 rows=1048576 width=533 seed_bytes=184549376 seed_spans=16
2026-09-17T00:06:43.472600Z DEBUG aiur/codegen_seeds{circuit=20 rows=1048576}: aiur::trace_codegen::cuda: prepared generated CUDA trace circuit=20 rows=1048576 width=533 seed_bytes=184549376 seed_spans=16
2026-09-17T00:06:45.002403Z DEBUG aiur/codegen_seeds{circuit=20 rows=117088}: aiur::trace_codegen::cuda: prepared generated CUDA trace circuit=20 rows=117088 width=533 seed_bytes=20607488 seed_spans=2
[aggregate] slot 6: cached proof e48bbe71fa7b89d93fb106cfad61bd2c7e9a11f0b518aade7898cc909c45a7cd
[trace-shards] 3 shards, 1500000000 committed cells: record 4690810921 B in shared pool, host workspace 16332312908 B of 26088568116 B reserved per prover; regenerating round 2
2026-09-17T00:06:55.795510Z DEBUG aiur::gpu_trace: CPU trace: circuit lacks generated CUDA coverage circuit=3 rows=8513
2026-09-17T00:06:55.795522Z DEBUG aiur::gpu_trace: CPU trace: circuit lacks generated CUDA coverage circuit=26 rows=134773
2026-09-17T00:06:55.795522Z DEBUG aiur::gpu_trace: CPU trace: circuit lacks generated CUDA coverage circuit=5 rows=155680
2026-09-17T00:06:55.795522Z DEBUG aiur::gpu_trace: CPU trace: circuit lacks generated CUDA coverage circuit=9 rows=1250460
2026-09-17T00:06:55.795522Z DEBUG aiur::gpu_trace: CPU trace: circuit lacks generated CUDA coverage circuit=56 rows=1
2026-09-17T00:06:55.796077Z DEBUG aiur::gpu_trace: CPU trace: circuit lacks generated CUDA coverage circuit=32 rows=2222981
2026-09-17T00:06:55.796235Z DEBUG aiur::gpu_trace: CPU trace: circuit lacks generated CUDA coverage circuit=29 rows=1184771
2026-09-17T00:06:55.796363Z DEBUG aiur::gpu_trace: CPU trace: circuit lacks generated CUDA coverage circuit=44 rows=23
2026-09-17T00:06:55.796430Z DEBUG aiur::gpu_trace: CPU trace: circuit lacks generated CUDA coverage circuit=47 rows=666
2026-09-17T00:06:55.796590Z DEBUG aiur::gpu_trace: CPU trace: circuit lacks generated CUDA coverage circuit=65 rows=54
2026-09-17T00:06:55.887852Z DEBUG aiur/codegen_seeds{circuit=30 rows=154984}: aiur::trace_codegen::cuda: prepared generated CUDA trace circuit=30 rows=154984 width=234 seed_bytes=94230272 seed_spans=6
2026-09-17T00:06:55.913720Z DEBUG aiur/codegen_seeds{circuit=20 rows=1048576}: aiur::trace_codegen::cuda: prepared generated CUDA trace circuit=20 rows=1048576 width=533 seed_bytes=184549376 seed_spans=16
2026-09-17T00:06:56.068185Z DEBUG aiur::gpu_trace: CPU trace: circuit lacks generated CUDA coverage circuit=0 rows=283283
2026-09-17T00:06:56.068194Z DEBUG aiur::gpu_trace: CPU trace: circuit lacks generated CUDA coverage circuit=53 rows=19
2026-09-17T00:06:56.068209Z DEBUG aiur::gpu_trace: CPU trace: circuit lacks generated CUDA coverage circuit=19 rows=21432
2026-09-17T00:06:56.068217Z DEBUG aiur::gpu_trace: CPU trace: circuit lacks generated CUDA coverage circuit=54 rows=90
2026-09-17T00:06:56.068218Z DEBUG aiur::gpu_trace: CPU trace: circuit lacks generated CUDA coverage circuit=18 rows=644486
2026-09-17T00:06:56.068222Z DEBUG aiur::gpu_trace: CPU trace: circuit lacks generated CUDA coverage circuit=4 rows=49635
2026-09-17T00:06:56.068220Z DEBUG aiur::gpu_trace: CPU trace: circuit lacks generated CUDA coverage circuit=25 rows=40840
2026-09-17T00:06:56.068222Z DEBUG aiur::gpu_trace: CPU trace: circuit lacks generated CUDA coverage circuit=1 rows=7
2026-09-17T00:06:56.068220Z DEBUG aiur::gpu_trace: CPU trace: circuit lacks generated CUDA coverage circuit=15 rows=8
2026-09-17T00:06:56.068219Z DEBUG aiur::gpu_trace: CPU trace: circuit lacks generated CUDA coverage circuit=21 rows=227800
2026-09-17T00:06:56.068224Z DEBUG aiur::gpu_trace: CPU trace: circuit lacks generated CUDA coverage circuit=14 rows=7
2026-09-17T00:06:56.068222Z DEBUG aiur::gpu_trace: CPU trace: circuit lacks generated CUDA coverage circuit=50 rows=8
2026-09-17T00:06:56.068220Z DEBUG aiur::gpu_trace: CPU trace: circuit lacks generated CUDA coverage circuit=62 rows=8
2026-09-17T00:06:56.068220Z DEBUG aiur::gpu_trace: CPU trace: circuit lacks generated CUDA coverage circuit=55 rows=577
2026-09-17T00:06:56.068215Z DEBUG aiur::gpu_trace: CPU trace: circuit lacks generated CUDA coverage circuit=6 rows=90367
2026-09-17T00:06:56.068395Z DEBUG aiur::gpu_trace: CPU trace: circuit lacks generated CUDA coverage circuit=10 rows=141594
2026-09-17T00:06:56.068578Z DEBUG aiur::gpu_trace: CPU trace: circuit lacks generated CUDA coverage circuit=57 rows=22
2026-09-17T00:06:56.068593Z DEBUG aiur::gpu_trace: CPU trace: circuit lacks generated CUDA coverage circuit=16 rows=23
2026-09-17T00:06:56.068610Z DEBUG aiur::gpu_trace: CPU trace: circuit lacks generated CUDA coverage circuit=17 rows=8
2026-09-17T00:06:56.068628Z DEBUG aiur::gpu_trace: CPU trace: circuit lacks generated CUDA coverage circuit=2 rows=46
2026-09-17T00:06:56.068220Z DEBUG aiur::gpu_trace: CPU trace: circuit lacks generated CUDA coverage circuit=23 rows=92470
2026-09-17T00:06:56.068221Z DEBUG aiur::gpu_trace: CPU trace: circuit lacks generated CUDA coverage circuit=7 rows=61674
2026-09-17T00:06:56.068223Z DEBUG aiur::gpu_trace: CPU trace: circuit lacks generated CUDA coverage circuit=66 rows=3
2026-09-17T00:06:56.068222Z DEBUG aiur::gpu_trace: CPU trace: circuit lacks generated CUDA coverage circuit=13 rows=51554
2026-09-17T00:06:56.068220Z DEBUG aiur::gpu_trace: CPU trace: circuit lacks generated CUDA coverage circuit=12 rows=170291
2026-09-17T00:06:56.068737Z DEBUG aiur/codegen_seeds{circuit=59 rows=33}: aiur::trace_codegen::cuda: prepared generated CUDA trace circuit=59 rows=33 width=26 seed_bytes=2904 seed_spans=1
2026-09-17T00:06:56.068794Z DEBUG aiur::gpu_trace: CPU trace: circuit lacks generated CUDA coverage circuit=11 rows=73861
2026-09-17T00:06:56.068796Z DEBUG aiur::gpu_trace: CPU trace: circuit lacks generated CUDA coverage circuit=84 rows=214968
2026-09-17T00:06:56.068810Z DEBUG aiur::gpu_trace: CPU trace: circuit lacks generated CUDA coverage circuit=58 rows=57
2026-09-17T00:06:56.068833Z DEBUG aiur::gpu_trace: CPU trace: circuit lacks generated CUDA coverage circuit=60 rows=12
2026-09-17T00:06:56.068879Z DEBUG aiur::gpu_trace: CPU trace: circuit lacks generated CUDA coverage circuit=51 rows=103
2026-09-17T00:06:56.068928Z DEBUG aiur::gpu_trace: CPU trace: circuit lacks generated CUDA coverage circuit=63 rows=8
2026-09-17T00:06:56.068934Z DEBUG aiur::gpu_trace: CPU trace: circuit lacks generated CUDA coverage circuit=22 rows=40840
2026-09-17T00:06:56.068964Z DEBUG aiur::gpu_trace: CPU trace: circuit lacks generated CUDA coverage circuit=8 rows=112124
2026-09-17T00:06:56.069045Z DEBUG aiur::gpu_trace: CPU trace: circuit lacks generated CUDA coverage circuit=83 rows=1
2026-09-17T00:06:56.069081Z DEBUG aiur::gpu_trace: CPU trace: circuit lacks generated CUDA coverage circuit=86 rows=1098354
2026-09-17T00:06:56.069116Z DEBUG aiur::gpu_trace: CPU trace: circuit lacks generated CUDA coverage circuit=87 rows=39148
2026-09-17T00:06:56.069152Z DEBUG aiur::gpu_trace: CPU trace: circuit lacks generated CUDA coverage circuit=64 rows=1
2026-09-17T00:06:56.069167Z DEBUG aiur::gpu_trace: CPU trace: circuit lacks generated CUDA coverage circuit=52 rows=23
2026-09-17T00:06:56.069170Z DEBUG aiur::gpu_trace: CPU trace: circuit lacks generated CUDA coverage circuit=37 rows=54274
2026-09-17T00:06:56.069191Z DEBUG aiur::gpu_trace: CPU trace: circuit lacks generated CUDA coverage circuit=85 rows=8
2026-09-17T00:06:56.069232Z DEBUG aiur::gpu_trace: CPU trace: circuit lacks generated CUDA coverage circuit=61 rows=7
2026-09-17T00:06:56.069248Z DEBUG aiur::gpu_trace: CPU trace: circuit lacks generated CUDA coverage circuit=24 rows=736
2026-09-17T00:06:56.069351Z DEBUG aiur::gpu_trace: CPU trace: circuit lacks generated CUDA coverage circuit=31 rows=365003
2026-09-17T00:06:56.069367Z DEBUG aiur::gpu_trace: CPU trace: circuit lacks generated CUDA coverage circuit=28 rows=236239
2026-09-17T00:06:56.070627Z DEBUG aiur::gpu_trace: CPU trace: circuit lacks generated CUDA coverage circuit=34 rows=54300
2026-09-17T00:06:56.072547Z DEBUG aiur::gpu_trace: CPU trace: circuit lacks generated CUDA coverage circuit=43 rows=1
2026-09-17T00:06:56.072679Z DEBUG aiur::gpu_trace: CPU trace: circuit lacks generated CUDA coverage circuit=45 rows=1
2026-09-17T00:06:56.072766Z DEBUG aiur::gpu_trace: CPU trace: circuit lacks generated CUDA coverage circuit=46 rows=7
2026-09-17T00:06:56.072954Z DEBUG aiur::gpu_trace: CPU trace: circuit lacks generated CUDA coverage circuit=48 rows=19
2026-09-17T00:06:56.073097Z DEBUG aiur/codegen_seeds{circuit=49 rows=2}: aiur::trace_codegen::cuda: prepared generated CUDA trace circuit=49 rows=2 width=13 seed_bytes=80 seed_spans=1
2026-09-17T00:06:56.076480Z DEBUG aiur::gpu_trace: CPU trace: circuit lacks generated CUDA coverage circuit=33 rows=283295
2026-09-17T00:06:56.078192Z DEBUG aiur::gpu_trace: CPU trace: circuit lacks generated CUDA coverage circuit=35 rows=86742
2026-09-17T00:06:56.082649Z DEBUG aiur::gpu_trace: CPU trace: circuit lacks generated CUDA coverage circuit=40 rows=8
2026-09-17T00:06:56.082703Z DEBUG aiur::gpu_trace: CPU trace: circuit lacks generated CUDA coverage circuit=41 rows=7
2026-09-17T00:06:56.082757Z DEBUG aiur::gpu_trace: CPU trace: circuit lacks generated CUDA coverage circuit=42 rows=8
2026-09-17T00:06:56.135492Z DEBUG aiur::gpu_trace: CPU trace: circuit lacks generated CUDA coverage circuit=38 rows=39
2026-09-17T00:06:56.135620Z DEBUG aiur::gpu_trace: CPU trace: circuit lacks generated CUDA coverage circuit=39 rows=7
2026-09-17T00:06:56.139980Z DEBUG aiur::gpu_trace: CPU trace: circuit lacks generated CUDA coverage circuit=27 rows=242586
2026-09-17T00:06:56.146277Z DEBUG aiur::gpu_trace: CPU trace: circuit lacks generated CUDA coverage circuit=36 rows=52828
2026-09-17T00:06:56.299059Z DEBUG aiur/codegen_seeds{circuit=20 rows=1048576}: aiur::trace_codegen::cuda: prepared generated CUDA trace circuit=20 rows=1048576 width=533 seed_bytes=184549376 seed_spans=16
2026-09-17T00:06:57.088094Z DEBUG aiur/codegen_seeds{circuit=20 rows=419208}: aiur::trace_codegen::cuda: prepared generated CUDA trace circuit=20 rows=419208 width=533 seed_bytes=73780608 seed_spans=7
2026-09-17T00:06:58.141400Z DEBUG aiur::gpu_trace: CPU trace: circuit lacks generated CUDA coverage circuit=3 rows=8513
2026-09-17T00:06:58.141401Z DEBUG aiur::gpu_trace: CPU trace: circuit lacks generated CUDA coverage circuit=56 rows=1
2026-09-17T00:06:58.141721Z DEBUG aiur::gpu_trace: CPU trace: circuit lacks generated CUDA coverage circuit=9 rows=1250460
2026-09-17T00:06:58.141892Z DEBUG aiur::gpu_trace: CPU trace: circuit lacks generated CUDA coverage circuit=5 rows=155680
2026-09-17T00:06:58.142099Z DEBUG aiur::gpu_trace: CPU trace: circuit lacks generated CUDA coverage circuit=26 rows=134773
2026-09-17T00:06:58.142250Z DEBUG aiur::gpu_trace: CPU trace: circuit lacks generated CUDA coverage circuit=44 rows=23
2026-09-17T00:06:58.142301Z DEBUG aiur::gpu_trace: CPU trace: circuit lacks generated CUDA coverage circuit=47 rows=666
2026-09-17T00:06:58.142328Z DEBUG aiur::gpu_trace: CPU trace: circuit lacks generated CUDA coverage circuit=32 rows=2222981
2026-09-17T00:06:58.142371Z DEBUG aiur::gpu_trace: CPU trace: circuit lacks generated CUDA coverage circuit=29 rows=1184771
2026-09-17T00:06:58.142658Z DEBUG aiur::gpu_trace: CPU trace: circuit lacks generated CUDA coverage circuit=65 rows=54
2026-09-17T00:06:58.421405Z DEBUG aiur/codegen_seeds{circuit=30 rows=154984}: aiur::trace_codegen::cuda: prepared generated CUDA trace circuit=30 rows=154984 width=234 seed_bytes=94230272 seed_spans=6
2026-09-17T00:06:58.437255Z DEBUG aiur/codegen_seeds{circuit=20 rows=1048576}: aiur::trace_codegen::cuda: prepared generated CUDA trace circuit=20 rows=1048576 width=533 seed_bytes=184549376 seed_spans=16
2026-09-17T00:06:58.438007Z DEBUG aiur::gpu_trace: CPU trace: circuit lacks generated CUDA coverage circuit=0 rows=283283
2026-09-17T00:06:58.438029Z DEBUG aiur::gpu_trace: CPU trace: circuit lacks generated CUDA coverage circuit=15 rows=8
2026-09-17T00:06:58.438033Z DEBUG aiur::gpu_trace: CPU trace: circuit lacks generated CUDA coverage circuit=4 rows=49635
2026-09-17T00:06:58.438042Z DEBUG aiur::gpu_trace: CPU trace: circuit lacks generated CUDA coverage circuit=12 rows=170291
2026-09-17T00:06:58.438052Z DEBUG aiur::gpu_trace: CPU trace: circuit lacks generated CUDA coverage circuit=18 rows=644486
2026-09-17T00:06:58.438059Z DEBUG aiur::gpu_trace: CPU trace: circuit lacks generated CUDA coverage circuit=84 rows=214968
2026-09-17T00:06:58.438043Z DEBUG aiur::gpu_trace: CPU trace: circuit lacks generated CUDA coverage circuit=13 rows=51554
2026-09-17T00:06:58.438043Z DEBUG aiur::gpu_trace: CPU trace: circuit lacks generated CUDA coverage circuit=51 rows=103
2026-09-17T00:06:58.438047Z DEBUG aiur::gpu_trace: CPU trace: circuit lacks generated CUDA coverage circuit=62 rows=8
2026-09-17T00:06:58.438046Z DEBUG aiur::gpu_trace: CPU trace: circuit lacks generated CUDA coverage circuit=53 rows=19
2026-09-17T00:06:58.438045Z DEBUG aiur::gpu_trace: CPU trace: circuit lacks generated CUDA coverage circuit=14 rows=7
2026-09-17T00:06:58.438047Z DEBUG aiur::gpu_trace: CPU trace: circuit lacks generated CUDA coverage circuit=28 rows=236239
2026-09-17T00:06:58.438049Z DEBUG aiur::gpu_trace: CPU trace: circuit lacks generated CUDA coverage circuit=16 rows=23
2026-09-17T00:06:58.438052Z DEBUG aiur::gpu_trace: CPU trace: circuit lacks generated CUDA coverage circuit=6 rows=90367
2026-09-17T00:06:58.438043Z DEBUG aiur::gpu_trace: CPU trace: circuit lacks generated CUDA coverage circuit=52 rows=23
2026-09-17T00:06:58.438049Z DEBUG aiur::gpu_trace: CPU trace: circuit lacks generated CUDA coverage circuit=1 rows=7
2026-09-17T00:06:58.438043Z DEBUG aiur::gpu_trace: CPU trace: circuit lacks generated CUDA coverage circuit=7 rows=61674
2026-09-17T00:06:58.438043Z DEBUG aiur::gpu_trace: CPU trace: circuit lacks generated CUDA coverage circuit=37 rows=54274
2026-09-17T00:06:58.438051Z DEBUG aiur::gpu_trace: CPU trace: circuit lacks generated CUDA coverage circuit=31 rows=365003
2026-09-17T00:06:58.438047Z DEBUG aiur::gpu_trace: CPU trace: circuit lacks generated CUDA coverage circuit=50 rows=8
2026-09-17T00:06:58.438048Z DEBUG aiur::gpu_trace: CPU trace: circuit lacks generated CUDA coverage circuit=25 rows=40840
2026-09-17T00:06:58.438270Z DEBUG aiur::gpu_trace: CPU trace: circuit lacks generated CUDA coverage circuit=27 rows=242586
2026-09-17T00:06:58.438379Z DEBUG aiur::gpu_trace: CPU trace: circuit lacks generated CUDA coverage circuit=21 rows=227800
2026-09-17T00:06:58.438439Z DEBUG aiur::gpu_trace: CPU trace: circuit lacks generated CUDA coverage circuit=8 rows=112124
2026-09-17T00:06:58.438444Z DEBUG aiur::gpu_trace: CPU trace: circuit lacks generated CUDA coverage circuit=57 rows=22
2026-09-17T00:06:58.438444Z DEBUG aiur::gpu_trace: CPU trace: circuit lacks generated CUDA coverage circuit=54 rows=90
2026-09-17T00:06:58.438508Z DEBUG aiur::gpu_trace: CPU trace: circuit lacks generated CUDA coverage circuit=63 rows=8
2026-09-17T00:06:58.438619Z DEBUG aiur::gpu_trace: CPU trace: circuit lacks generated CUDA coverage circuit=43 rows=1
2026-09-17T00:06:58.438634Z DEBUG aiur::gpu_trace: CPU trace: circuit lacks generated CUDA coverage circuit=17 rows=8
2026-09-17T00:06:58.438643Z DEBUG aiur::gpu_trace: CPU trace: circuit lacks generated CUDA coverage circuit=40 rows=8
2026-09-17T00:06:58.438683Z DEBUG aiur::gpu_trace: CPU trace: circuit lacks generated CUDA coverage circuit=10 rows=141594
2026-09-17T00:06:58.438764Z DEBUG aiur::gpu_trace: CPU trace: circuit lacks generated CUDA coverage circuit=64 rows=1
2026-09-17T00:06:58.438796Z DEBUG aiur::gpu_trace: CPU trace: circuit lacks generated CUDA coverage circuit=66 rows=3
2026-09-17T00:06:58.438835Z DEBUG aiur::gpu_trace: CPU trace: circuit lacks generated CUDA coverage circuit=2 rows=46
2026-09-17T00:06:58.438851Z DEBUG aiur::gpu_trace: CPU trace: circuit lacks generated CUDA coverage circuit=38 rows=39
2026-09-17T00:06:58.438854Z DEBUG aiur::gpu_trace: CPU trace: circuit lacks generated CUDA coverage circuit=41 rows=7
2026-09-17T00:06:58.438870Z DEBUG aiur::gpu_trace: CPU trace: circuit lacks generated CUDA coverage circuit=19 rows=21432
2026-09-17T00:06:58.438875Z DEBUG aiur::gpu_trace: CPU trace: circuit lacks generated CUDA coverage circuit=58 rows=57
2026-09-17T00:06:58.438893Z DEBUG aiur::gpu_trace: CPU trace: circuit lacks generated CUDA coverage circuit=83 rows=1
2026-09-17T00:06:58.438927Z DEBUG aiur::gpu_trace: CPU trace: circuit lacks generated CUDA coverage circuit=55 rows=577
2026-09-17T00:06:58.439026Z DEBUG aiur/codegen_seeds{circuit=59 rows=33}: aiur::trace_codegen::cuda: prepared generated CUDA trace circuit=59 rows=33 width=26 seed_bytes=2904 seed_spans=1
2026-09-17T00:06:58.439035Z DEBUG aiur::gpu_trace: CPU trace: circuit lacks generated CUDA coverage circuit=60 rows=12
2026-09-17T00:06:58.439062Z DEBUG aiur::gpu_trace: CPU trace: circuit lacks generated CUDA coverage circuit=42 rows=8
2026-09-17T00:06:58.439120Z DEBUG aiur::gpu_trace: CPU trace: circuit lacks generated CUDA coverage circuit=34 rows=54300
2026-09-17T00:06:58.439136Z DEBUG aiur::gpu_trace: CPU trace: circuit lacks generated CUDA coverage circuit=33 rows=283295
2026-09-17T00:06:58.439231Z DEBUG aiur::gpu_trace: CPU trace: circuit lacks generated CUDA coverage circuit=45 rows=1
2026-09-17T00:06:58.439238Z DEBUG aiur::gpu_trace: CPU trace: circuit lacks generated CUDA coverage circuit=11 rows=73861
2026-09-17T00:06:58.439246Z DEBUG aiur::gpu_trace: CPU trace: circuit lacks generated CUDA coverage circuit=35 rows=86742
2026-09-17T00:06:58.439252Z DEBUG aiur::gpu_trace: CPU trace: circuit lacks generated CUDA coverage circuit=39 rows=7
2026-09-17T00:06:58.439291Z DEBUG aiur::gpu_trace: CPU trace: circuit lacks generated CUDA coverage circuit=36 rows=52828
2026-09-17T00:06:58.439330Z DEBUG aiur::gpu_trace: CPU trace: circuit lacks generated CUDA coverage circuit=46 rows=7
2026-09-17T00:06:58.439393Z DEBUG aiur::gpu_trace: CPU trace: circuit lacks generated CUDA coverage circuit=61 rows=7
2026-09-17T00:06:58.439395Z DEBUG aiur::gpu_trace: CPU trace: circuit lacks generated CUDA coverage circuit=48 rows=19
2026-09-17T00:06:58.439530Z DEBUG aiur/codegen_seeds{circuit=49 rows=2}: aiur::trace_codegen::cuda: prepared generated CUDA trace circuit=49 rows=2 width=13 seed_bytes=80 seed_spans=1
2026-09-17T00:06:58.439605Z DEBUG aiur::gpu_trace: CPU trace: circuit lacks generated CUDA coverage circuit=23 rows=92470
2026-09-17T00:06:58.439635Z DEBUG aiur::gpu_trace: CPU trace: circuit lacks generated CUDA coverage circuit=24 rows=736
2026-09-17T00:06:58.442197Z DEBUG aiur::gpu_trace: CPU trace: circuit lacks generated CUDA coverage circuit=22 rows=40840
2026-09-17T00:06:58.443902Z DEBUG aiur::gpu_trace: CPU trace: circuit lacks generated CUDA coverage circuit=86 rows=1098354
2026-09-17T00:06:58.485763Z DEBUG aiur::gpu_trace: CPU trace: circuit lacks generated CUDA coverage circuit=85 rows=8
2026-09-17T00:06:58.503687Z DEBUG aiur::gpu_trace: CPU trace: circuit lacks generated CUDA coverage circuit=87 rows=39148
2026-09-17T00:06:58.659476Z DEBUG aiur/codegen_seeds{circuit=20 rows=1048576}: aiur::trace_codegen::cuda: prepared generated CUDA trace circuit=20 rows=1048576 width=533 seed_bytes=184549376 seed_spans=16
2026-09-17T00:07:01.002685Z DEBUG aiur/codegen_seeds{circuit=20 rows=419208}: aiur::trace_codegen::cuda: prepared generated CUDA trace circuit=20 rows=419208 width=533 seed_bytes=73780608 seed_spans=7
[aggregate] root wrap proven in 17.6s (query-record peak 65.4 GiB): 7 shard(s) verified into 3
[trace-shards] 2 shards, 1500000000 committed cells: record 2596471339 B in shared pool, host workspace 16024734011 B of 26088568116 B reserved per prover; regenerating round 2
2026-09-17T00:07:09.166904Z DEBUG aiur::gpu_trace: CPU trace: circuit lacks generated CUDA coverage circuit=0 rows=122767
2026-09-17T00:07:09.166918Z DEBUG aiur::gpu_trace: CPU trace: circuit lacks generated CUDA coverage circuit=1 rows=7
2026-09-17T00:07:09.166923Z DEBUG aiur::gpu_trace: CPU trace: circuit lacks generated CUDA coverage circuit=12 rows=73897
2026-09-17T00:07:09.166936Z DEBUG aiur::gpu_trace: CPU trace: circuit lacks generated CUDA coverage circuit=62 rows=4
2026-09-17T00:07:09.166934Z DEBUG aiur::gpu_trace: CPU trace: circuit lacks generated CUDA coverage circuit=9 rows=851972
2026-09-17T00:07:09.166941Z DEBUG aiur::gpu_trace: CPU trace: circuit lacks generated CUDA coverage circuit=15 rows=4
2026-09-17T00:07:09.166936Z DEBUG aiur::gpu_trace: CPU trace: circuit lacks generated CUDA coverage circuit=18 rows=505054
2026-09-17T00:07:09.166938Z DEBUG aiur::gpu_trace: CPU trace: circuit lacks generated CUDA coverage circuit=31 rows=163747
2026-09-17T00:07:09.166943Z DEBUG aiur::gpu_trace: CPU trace: circuit lacks generated CUDA coverage circuit=65 rows=54
2026-09-17T00:07:09.166936Z DEBUG aiur::gpu_trace: CPU trace: circuit lacks generated CUDA coverage circuit=6 rows=75487
2026-09-17T00:07:09.166937Z DEBUG aiur::gpu_trace: CPU trace: circuit lacks generated CUDA coverage circuit=50 rows=4
2026-09-17T00:07:09.166939Z DEBUG aiur::gpu_trace: CPU trace: circuit lacks generated CUDA coverage circuit=10 rows=68901
2026-09-17T00:07:09.166937Z DEBUG aiur::gpu_trace: CPU trace: circuit lacks generated CUDA coverage circuit=2 rows=30
2026-09-17T00:07:09.166936Z DEBUG aiur::gpu_trace: CPU trace: circuit lacks generated CUDA coverage circuit=46 rows=3
2026-09-17T00:07:09.166937Z DEBUG aiur::gpu_trace: CPU trace: circuit lacks generated CUDA coverage circuit=51 rows=91
2026-09-17T00:07:09.166934Z DEBUG aiur::gpu_trace: CPU trace: circuit lacks generated CUDA coverage circuit=37 rows=44190
2026-09-17T00:07:09.166934Z DEBUG aiur::gpu_trace: CPU trace: circuit lacks generated CUDA coverage circuit=40 rows=4
2026-09-17T00:07:09.166940Z DEBUG aiur::gpu_trace: CPU trace: circuit lacks generated CUDA coverage circuit=63 rows=4
2026-09-17T00:07:09.166937Z DEBUG aiur::gpu_trace: CPU trace: circuit lacks generated CUDA coverage circuit=53 rows=19
2026-09-17T00:07:09.166936Z DEBUG aiur::gpu_trace: CPU trace: circuit lacks generated CUDA coverage circuit=43 rows=1
2026-09-17T00:07:09.166934Z DEBUG aiur::gpu_trace: CPU trace: circuit lacks generated CUDA coverage circuit=25 rows=40840
2026-09-17T00:07:09.166936Z DEBUG aiur::gpu_trace: CPU trace: circuit lacks generated CUDA coverage circuit=4 rows=26056
2026-09-17T00:07:09.166936Z DEBUG aiur::gpu_trace: CPU trace: circuit lacks generated CUDA coverage circuit=56 rows=1
2026-09-17T00:07:09.166942Z DEBUG aiur::gpu_trace: CPU trace: circuit lacks generated CUDA coverage circuit=21 rows=227800
2026-09-17T00:07:09.166936Z DEBUG aiur::gpu_trace: CPU trace: circuit lacks generated CUDA coverage circuit=29 rows=694798
2026-09-17T00:07:09.166938Z DEBUG aiur::gpu_trace: CPU trace: circuit lacks generated CUDA coverage circuit=28 rows=135128
2026-09-17T00:07:09.167149Z DEBUG aiur::gpu_trace: CPU trace: circuit lacks generated CUDA coverage circuit=64 rows=1
2026-09-17T00:07:09.167204Z DEBUG aiur::gpu_trace: CPU trace: circuit lacks generated CUDA coverage circuit=11 rows=42475
2026-09-17T00:07:09.167203Z DEBUG aiur::gpu_trace: CPU trace: circuit lacks generated CUDA coverage circuit=16 rows=23
2026-09-17T00:07:09.167306Z DEBUG aiur::gpu_trace: CPU trace: circuit lacks generated CUDA coverage circuit=41 rows=3
2026-09-17T00:07:09.167353Z DEBUG aiur::gpu_trace: CPU trace: circuit lacks generated CUDA coverage circuit=57 rows=22
2026-09-17T00:07:09.167370Z DEBUG aiur/codegen_seeds{circuit=59 rows=33}: aiur::trace_codegen::cuda: prepared generated CUDA trace circuit=59 rows=33 width=26 seed_bytes=2904 seed_spans=1
2026-09-17T00:07:09.167419Z DEBUG aiur::gpu_trace: CPU trace: circuit lacks generated CUDA coverage circuit=27 rows=312644
2026-09-17T00:07:09.167432Z DEBUG aiur::gpu_trace: CPU trace: circuit lacks generated CUDA coverage circuit=14 rows=3
2026-09-17T00:07:09.167473Z DEBUG aiur::gpu_trace: CPU trace: circuit lacks generated CUDA coverage circuit=42 rows=4
2026-09-17T00:07:09.167481Z DEBUG aiur::gpu_trace: CPU trace: circuit lacks generated CUDA coverage circuit=38 rows=31
2026-09-17T00:07:09.167544Z DEBUG aiur::gpu_trace: CPU trace: circuit lacks generated CUDA coverage circuit=60 rows=12
2026-09-17T00:07:09.167562Z DEBUG aiur::gpu_trace: CPU trace: circuit lacks generated CUDA coverage circuit=52 rows=23
2026-09-17T00:07:09.167598Z DEBUG aiur::gpu_trace: CPU trace: circuit lacks generated CUDA coverage circuit=17 rows=4
2026-09-17T00:07:09.167610Z DEBUG aiur::gpu_trace: CPU trace: circuit lacks generated CUDA coverage circuit=58 rows=57
2026-09-17T00:07:09.167616Z DEBUG aiur::gpu_trace: CPU trace: circuit lacks generated CUDA coverage circuit=47 rows=384
2026-09-17T00:07:09.167634Z DEBUG aiur::gpu_trace: CPU trace: circuit lacks generated CUDA coverage circuit=44 rows=23
2026-09-17T00:07:09.167638Z DEBUG aiur::gpu_trace: CPU trace: circuit lacks generated CUDA coverage circuit=66 rows=3
2026-09-17T00:07:09.167651Z DEBUG aiur::gpu_trace: CPU trace: circuit lacks generated CUDA coverage circuit=54 rows=88
2026-09-17T00:07:09.167731Z DEBUG aiur::gpu_trace: CPU trace: circuit lacks generated CUDA coverage circuit=8 rows=76644
2026-09-17T00:07:09.167796Z DEBUG aiur::gpu_trace: CPU trace: circuit lacks generated CUDA coverage circuit=61 rows=3
2026-09-17T00:07:09.167999Z DEBUG aiur::gpu_trace: CPU trace: circuit lacks generated CUDA coverage circuit=23 rows=92470
2026-09-17T00:07:09.168011Z DEBUG aiur::gpu_trace: CPU trace: circuit lacks generated CUDA coverage circuit=24 rows=324
2026-09-17T00:07:09.168038Z DEBUG aiur::gpu_trace: CPU trace: circuit lacks generated CUDA coverage circuit=45 rows=1
2026-09-17T00:07:09.168045Z DEBUG aiur::gpu_trace: CPU trace: circuit lacks generated CUDA coverage circuit=22 rows=40840
2026-09-17T00:07:09.168054Z DEBUG aiur::gpu_trace: CPU trace: circuit lacks generated CUDA coverage circuit=39 rows=3
2026-09-17T00:07:09.168069Z DEBUG aiur::gpu_trace: CPU trace: circuit lacks generated CUDA coverage circuit=55 rows=297
2026-09-17T00:07:09.168111Z DEBUG aiur::gpu_trace: CPU trace: circuit lacks generated CUDA coverage circuit=48 rows=19
2026-09-17T00:07:09.168192Z DEBUG aiur::gpu_trace: CPU trace: circuit lacks generated CUDA coverage circuit=84 rows=128499
2026-09-17T00:07:09.168205Z DEBUG aiur::gpu_trace: CPU trace: circuit lacks generated CUDA coverage circuit=86 rows=644520
2026-09-17T00:07:09.168394Z DEBUG aiur::gpu_trace: CPU trace: circuit lacks generated CUDA coverage circuit=5 rows=67940
2026-09-17T00:07:09.168449Z DEBUG aiur/codegen_seeds{circuit=49 rows=2}: aiur::trace_codegen::cuda: prepared generated CUDA trace circuit=49 rows=2 width=13 seed_bytes=80 seed_spans=1
2026-09-17T00:07:09.168543Z DEBUG aiur::gpu_trace: CPU trace: circuit lacks generated CUDA coverage circuit=83 rows=1
2026-09-17T00:07:09.169231Z DEBUG aiur::gpu_trace: CPU trace: circuit lacks generated CUDA coverage circuit=85 rows=4
2026-09-17T00:07:09.169291Z DEBUG aiur::gpu_trace: CPU trace: circuit lacks generated CUDA coverage circuit=34 rows=46700
2026-09-17T00:07:09.169370Z DEBUG aiur::gpu_trace: CPU trace: circuit lacks generated CUDA coverage circuit=32 rows=1309424
2026-09-17T00:07:09.169469Z DEBUG aiur::gpu_trace: CPU trace: circuit lacks generated CUDA coverage circuit=33 rows=338351
2026-09-17T00:07:09.169505Z DEBUG aiur::gpu_trace: CPU trace: circuit lacks generated CUDA coverage circuit=35 rows=72110
2026-09-17T00:07:09.169506Z DEBUG aiur::gpu_trace: CPU trace: circuit lacks generated CUDA coverage circuit=19 rows=16310
2026-09-17T00:07:09.226788Z DEBUG aiur::gpu_trace: CPU trace: circuit lacks generated CUDA coverage circuit=36 rows=35044
2026-09-17T00:07:09.456957Z DEBUG aiur/codegen_seeds{circuit=30 rows=89191}: aiur::trace_codegen::cuda: prepared generated CUDA trace circuit=30 rows=89191 width=234 seed_bytes=54228128 seed_spans=4
2026-09-17T00:07:09.483182Z DEBUG aiur/codegen_seeds{circuit=20 rows=1048576}: aiur::trace_codegen::cuda: prepared generated CUDA trace circuit=20 rows=1048576 width=533 seed_bytes=184549376 seed_spans=16
2026-09-17T00:07:09.484039Z DEBUG aiur::gpu_trace: CPU trace: circuit lacks generated CUDA coverage circuit=26 rows=63056
2026-09-17T00:07:09.484041Z DEBUG aiur::gpu_trace: CPU trace: circuit lacks generated CUDA coverage circuit=13 rows=45550
2026-09-17T00:07:09.484062Z DEBUG aiur::gpu_trace: CPU trace: circuit lacks generated CUDA coverage circuit=7 rows=27238
2026-09-17T00:07:09.484322Z DEBUG aiur::gpu_trace: CPU trace: circuit lacks generated CUDA coverage circuit=3 rows=4977
2026-09-17T00:07:09.485293Z DEBUG aiur::gpu_trace: CPU trace: circuit lacks generated CUDA coverage circuit=87 rows=39148
2026-09-17T00:07:09.502856Z DEBUG aiur/codegen_seeds{circuit=20 rows=254728}: aiur::trace_codegen::cuda: prepared generated CUDA trace circuit=20 rows=254728 width=533 seed_bytes=44832128 seed_spans=4
2026-09-17T00:07:10.523207Z DEBUG aiur::gpu_trace: CPU trace: circuit lacks generated CUDA coverage circuit=0 rows=122767
2026-09-17T00:07:10.523230Z DEBUG aiur::gpu_trace: CPU trace: circuit lacks generated CUDA coverage circuit=15 rows=4
2026-09-17T00:07:10.523234Z DEBUG aiur::gpu_trace: CPU trace: circuit lacks generated CUDA coverage circuit=19 rows=16310
2026-09-17T00:07:10.523237Z DEBUG aiur::gpu_trace: CPU trace: circuit lacks generated CUDA coverage circuit=53 rows=19
2026-09-17T00:07:10.523237Z DEBUG aiur::gpu_trace: CPU trace: circuit lacks generated CUDA coverage circuit=12 rows=73897
2026-09-17T00:07:10.523246Z DEBUG aiur::gpu_trace: CPU trace: circuit lacks generated CUDA coverage circuit=62 rows=4
2026-09-17T00:07:10.523247Z DEBUG aiur::gpu_trace: CPU trace: circuit lacks generated CUDA coverage circuit=18 rows=505054
2026-09-17T00:07:10.523249Z DEBUG aiur::gpu_trace: CPU trace: circuit lacks generated CUDA coverage circuit=65 rows=54
2026-09-17T00:07:10.523252Z DEBUG aiur::gpu_trace: CPU trace: circuit lacks generated CUDA coverage circuit=16 rows=23
2026-09-17T00:07:10.523252Z DEBUG aiur::gpu_trace: CPU trace: circuit lacks generated CUDA coverage circuit=56 rows=1
2026-09-17T00:07:10.523247Z DEBUG aiur::gpu_trace: CPU trace: circuit lacks generated CUDA coverage circuit=50 rows=4
2026-09-17T00:07:10.523251Z DEBUG aiur::gpu_trace: CPU trace: circuit lacks generated CUDA coverage circuit=66 rows=3
2026-09-17T00:07:10.523251Z DEBUG aiur::gpu_trace: CPU trace: circuit lacks generated CUDA coverage circuit=51 rows=91
2026-09-17T00:07:10.523249Z DEBUG aiur::gpu_trace: CPU trace: circuit lacks generated CUDA coverage circuit=63 rows=4
2026-09-17T00:07:10.523250Z DEBUG aiur::gpu_trace: CPU trace: circuit lacks generated CUDA coverage circuit=31 rows=163747
2026-09-17T00:07:10.523252Z DEBUG aiur::gpu_trace: CPU trace: circuit lacks generated CUDA coverage circuit=4 rows=26056
2026-09-17T00:07:10.523250Z DEBUG aiur::gpu_trace: CPU trace: circuit lacks generated CUDA coverage circuit=54 rows=88
2026-09-17T00:07:10.523256Z DEBUG aiur::gpu_trace: CPU trace: circuit lacks generated CUDA coverage circuit=21 rows=227800
2026-09-17T00:07:10.523254Z DEBUG aiur::gpu_trace: CPU trace: circuit lacks generated CUDA coverage circuit=25 rows=40840
2026-09-17T00:07:10.523250Z DEBUG aiur::gpu_trace: CPU trace: circuit lacks generated CUDA coverage circuit=6 rows=75487
2026-09-17T00:07:10.523250Z DEBUG aiur::gpu_trace: CPU trace: circuit lacks generated CUDA coverage circuit=64 rows=1
2026-09-17T00:07:10.523254Z DEBUG aiur::gpu_trace: CPU trace: circuit lacks generated CUDA coverage circuit=37 rows=44190
2026-09-17T00:07:10.523250Z DEBUG aiur::gpu_trace: CPU trace: circuit lacks generated CUDA coverage circuit=1 rows=7
2026-09-17T00:07:10.523539Z DEBUG aiur::gpu_trace: CPU trace: circuit lacks generated CUDA coverage circuit=17 rows=4
2026-09-17T00:07:10.523613Z DEBUG aiur::gpu_trace: CPU trace: circuit lacks generated CUDA coverage circuit=2 rows=30
2026-09-17T00:07:10.523624Z DEBUG aiur::gpu_trace: CPU trace: circuit lacks generated CUDA coverage circuit=52 rows=23
2026-09-17T00:07:10.523628Z DEBUG aiur::gpu_trace: CPU trace: circuit lacks generated CUDA coverage circuit=43 rows=1
2026-09-17T00:07:10.523721Z DEBUG aiur::gpu_trace: CPU trace: circuit lacks generated CUDA coverage circuit=9 rows=851972
2026-09-17T00:07:10.523750Z DEBUG aiur::gpu_trace: CPU trace: circuit lacks generated CUDA coverage circuit=84 rows=128499
2026-09-17T00:07:10.523801Z DEBUG aiur::gpu_trace: CPU trace: circuit lacks generated CUDA coverage circuit=83 rows=1
2026-09-17T00:07:10.523806Z DEBUG aiur::gpu_trace: CPU trace: circuit lacks generated CUDA coverage circuit=10 rows=68901
2026-09-17T00:07:10.523820Z DEBUG aiur::gpu_trace: CPU trace: circuit lacks generated CUDA coverage circuit=28 rows=135128
2026-09-17T00:07:10.523865Z DEBUG aiur::gpu_trace: CPU trace: circuit lacks generated CUDA coverage circuit=40 rows=4
2026-09-17T00:07:10.523860Z DEBUG aiur::gpu_trace: CPU trace: circuit lacks generated CUDA coverage circuit=55 rows=297
2026-09-17T00:07:10.523894Z DEBUG aiur::gpu_trace: CPU trace: circuit lacks generated CUDA coverage circuit=14 rows=3
2026-09-17T00:07:10.523906Z DEBUG aiur::gpu_trace: CPU trace: circuit lacks generated CUDA coverage circuit=5 rows=67940
2026-09-17T00:07:10.523919Z DEBUG aiur/codegen_seeds{circuit=59 rows=33}: aiur::trace_codegen::cuda: prepared generated CUDA trace circuit=59 rows=33 width=26 seed_bytes=2904 seed_spans=1
2026-09-17T00:07:10.523947Z DEBUG aiur::gpu_trace: CPU trace: circuit lacks generated CUDA coverage circuit=86 rows=644520
2026-09-17T00:07:10.523954Z DEBUG aiur::gpu_trace: CPU trace: circuit lacks generated CUDA coverage circuit=11 rows=42475
2026-09-17T00:07:10.523996Z DEBUG aiur::gpu_trace: CPU trace: circuit lacks generated CUDA coverage circuit=8 rows=76644
2026-09-17T00:07:10.524003Z DEBUG aiur::gpu_trace: CPU trace: circuit lacks generated CUDA coverage circuit=46 rows=3
2026-09-17T00:07:10.524080Z DEBUG aiur::gpu_trace: CPU trace: circuit lacks generated CUDA coverage circuit=60 rows=12
2026-09-17T00:07:10.524147Z DEBUG aiur::gpu_trace: CPU trace: circuit lacks generated CUDA coverage circuit=41 rows=3
2026-09-17T00:07:10.524144Z DEBUG aiur::gpu_trace: CPU trace: circuit lacks generated CUDA coverage circuit=57 rows=22
2026-09-17T00:07:10.524217Z DEBUG aiur::gpu_trace: CPU trace: circuit lacks generated CUDA coverage circuit=42 rows=4
2026-09-17T00:07:10.524236Z DEBUG aiur::gpu_trace: CPU trace: circuit lacks generated CUDA coverage circuit=47 rows=384
2026-09-17T00:07:10.524249Z DEBUG aiur::gpu_trace: CPU trace: circuit lacks generated CUDA coverage circuit=44 rows=23
2026-09-17T00:07:10.524256Z DEBUG aiur::gpu_trace: CPU trace: circuit lacks generated CUDA coverage circuit=29 rows=694798
2026-09-17T00:07:10.524332Z DEBUG aiur::gpu_trace: CPU trace: circuit lacks generated CUDA coverage circuit=23 rows=92470
2026-09-17T00:07:10.524333Z DEBUG aiur::gpu_trace: CPU trace: circuit lacks generated CUDA coverage circuit=58 rows=57
2026-09-17T00:07:10.524353Z DEBUG aiur::gpu_trace: CPU trace: circuit lacks generated CUDA coverage circuit=61 rows=3
2026-09-17T00:07:10.524360Z DEBUG aiur::gpu_trace: CPU trace: circuit lacks generated CUDA coverage circuit=34 rows=46700
2026-09-17T00:07:10.524396Z DEBUG aiur::gpu_trace: CPU trace: circuit lacks generated CUDA coverage circuit=45 rows=1
2026-09-17T00:07:10.524445Z DEBUG aiur::gpu_trace: CPU trace: circuit lacks generated CUDA coverage circuit=27 rows=312644
2026-09-17T00:07:10.524511Z DEBUG aiur::gpu_trace: CPU trace: circuit lacks generated CUDA coverage circuit=48 rows=19
2026-09-17T00:07:10.524512Z DEBUG aiur::gpu_trace: CPU trace: circuit lacks generated CUDA coverage circuit=85 rows=4
2026-09-17T00:07:10.524530Z DEBUG aiur::gpu_trace: CPU trace: circuit lacks generated CUDA coverage circuit=35 rows=72110
2026-09-17T00:07:10.524533Z DEBUG aiur/codegen_seeds{circuit=49 rows=2}: aiur::trace_codegen::cuda: prepared generated CUDA trace circuit=49 rows=2 width=13 seed_bytes=80 seed_spans=1
2026-09-17T00:07:10.524606Z DEBUG aiur::gpu_trace: CPU trace: circuit lacks generated CUDA coverage circuit=22 rows=40840
2026-09-17T00:07:10.524673Z DEBUG aiur::gpu_trace: CPU trace: circuit lacks generated CUDA coverage circuit=38 rows=31
2026-09-17T00:07:10.524687Z DEBUG aiur::gpu_trace: CPU trace: circuit lacks generated CUDA coverage circuit=36 rows=35044
2026-09-17T00:07:10.524855Z DEBUG aiur::gpu_trace: CPU trace: circuit lacks generated CUDA coverage circuit=39 rows=3
2026-09-17T00:07:10.524908Z DEBUG aiur::gpu_trace: CPU trace: circuit lacks generated CUDA coverage circuit=32 rows=1309424
2026-09-17T00:07:10.555550Z DEBUG aiur::gpu_trace: CPU trace: circuit lacks generated CUDA coverage circuit=33 rows=338351
2026-09-17T00:07:10.589453Z DEBUG aiur::gpu_trace: CPU trace: circuit lacks generated CUDA coverage circuit=24 rows=324
2026-09-17T00:07:10.803994Z DEBUG aiur/codegen_seeds{circuit=30 rows=89191}: aiur::trace_codegen::cuda: prepared generated CUDA trace circuit=30 rows=89191 width=234 seed_bytes=54228128 seed_spans=4
2026-09-17T00:07:10.825275Z DEBUG aiur/codegen_seeds{circuit=20 rows=1048576}: aiur::trace_codegen::cuda: prepared generated CUDA trace circuit=20 rows=1048576 width=533 seed_bytes=184549376 seed_spans=16
2026-09-17T00:07:10.826153Z DEBUG aiur::gpu_trace: CPU trace: circuit lacks generated CUDA coverage circuit=3 rows=4977
2026-09-17T00:07:10.826161Z DEBUG aiur::gpu_trace: CPU trace: circuit lacks generated CUDA coverage circuit=7 rows=27238
2026-09-17T00:07:10.826642Z DEBUG aiur::gpu_trace: CPU trace: circuit lacks generated CUDA coverage circuit=26 rows=63056
2026-09-17T00:07:10.826667Z DEBUG aiur::gpu_trace: CPU trace: circuit lacks generated CUDA coverage circuit=13 rows=45550
2026-09-17T00:07:10.827274Z DEBUG aiur::gpu_trace: CPU trace: circuit lacks generated CUDA coverage circuit=87 rows=39148
2026-09-17T00:07:10.843276Z DEBUG aiur/codegen_seeds{circuit=20 rows=254728}: aiur::trace_codegen::cuda: prepared generated CUDA trace circuit=20 rows=254728 width=533 seed_bytes=44832128 seed_spans=4
[aggregate] root wrap proven in 9.6s (query-record peak 62.0 GiB): 3 shard(s) verified into 2
[trace-shards] 1 shards, 1500000000 committed cells: record 2027193520 B in shared pool, host workspace 15541336473 B of 26088568116 B reserved per prover; regenerating round 2
2026-09-17T00:07:17.903961Z DEBUG aiur::gpu_trace: CPU trace: circuit lacks generated CUDA coverage circuit=3 rows=3859
2026-09-17T00:07:17.903980Z DEBUG aiur::gpu_trace: CPU trace: circuit lacks generated CUDA coverage circuit=37 rows=41669
2026-09-17T00:07:17.903985Z DEBUG aiur::gpu_trace: CPU trace: circuit lacks generated CUDA coverage circuit=57 rows=22
2026-09-17T00:07:17.903991Z DEBUG aiur::gpu_trace: CPU trace: circuit lacks generated CUDA coverage circuit=53 rows=19
2026-09-17T00:07:17.903995Z DEBUG aiur::gpu_trace: CPU trace: circuit lacks generated CUDA coverage circuit=5 rows=41236
2026-09-17T00:07:17.903989Z DEBUG aiur::gpu_trace: CPU trace: circuit lacks generated CUDA coverage circuit=63 rows=3
2026-09-17T00:07:17.903997Z DEBUG aiur::gpu_trace: CPU trace: circuit lacks generated CUDA coverage circuit=51 rows=88
2026-09-17T00:07:17.903988Z DEBUG aiur::gpu_trace: CPU trace: circuit lacks generated CUDA coverage circuit=62 rows=3
2026-09-17T00:07:17.903992Z DEBUG aiur::gpu_trace: CPU trace: circuit lacks generated CUDA coverage circuit=64 rows=1
2026-09-17T00:07:17.903992Z DEBUG aiur::gpu_trace: CPU trace: circuit lacks generated CUDA coverage circuit=25 rows=40840
2026-09-17T00:07:17.903990Z DEBUG aiur::gpu_trace: CPU trace: circuit lacks generated CUDA coverage circuit=32 rows=1088765
2026-09-17T00:07:17.903993Z DEBUG aiur::gpu_trace: CPU trace: circuit lacks generated CUDA coverage circuit=54 rows=87
2026-09-17T00:07:17.903993Z DEBUG aiur::gpu_trace: CPU trace: circuit lacks generated CUDA coverage circuit=39 rows=2
2026-09-17T00:07:17.903980Z DEBUG aiur::gpu_trace: CPU trace: circuit lacks generated CUDA coverage circuit=4 rows=19986
2026-09-17T00:07:17.903994Z DEBUG aiur::gpu_trace: CPU trace: circuit lacks generated CUDA coverage circuit=65 rows=54
2026-09-17T00:07:17.903994Z DEBUG aiur::gpu_trace: CPU trace: circuit lacks generated CUDA coverage circuit=12 rows=44886
2026-09-17T00:07:17.903998Z DEBUG aiur::gpu_trace: CPU trace: circuit lacks generated CUDA coverage circuit=46 rows=2
2026-09-17T00:07:17.903996Z DEBUG aiur::gpu_trace: CPU trace: circuit lacks generated CUDA coverage circuit=34 rows=44800
2026-09-17T00:07:17.903995Z DEBUG aiur::gpu_trace: CPU trace: circuit lacks generated CUDA coverage circuit=31 rows=103021
2026-09-17T00:07:17.904081Z DEBUG aiur/codegen_seeds{circuit=59 rows=33}: aiur::trace_codegen::cuda: prepared generated CUDA trace circuit=59 rows=33 width=26 seed_bytes=2904 seed_spans=1
2026-09-17T00:07:17.903980Z DEBUG aiur::gpu_trace: CPU trace: circuit lacks generated CUDA coverage circuit=38 rows=29
2026-09-17T00:07:17.903993Z DEBUG aiur::gpu_trace: CPU trace: circuit lacks generated CUDA coverage circuit=40 rows=3
2026-09-17T00:07:17.903995Z DEBUG aiur::gpu_trace: CPU trace: circuit lacks generated CUDA coverage circuit=50 rows=3
2026-09-17T00:07:17.903996Z DEBUG aiur::gpu_trace: CPU trace: circuit lacks generated CUDA coverage circuit=6 rows=71561
2026-09-17T00:07:17.903994Z DEBUG aiur::gpu_trace: CPU trace: circuit lacks generated CUDA coverage circuit=0 rows=78545
2026-09-17T00:07:17.903995Z DEBUG aiur::gpu_trace: CPU trace: circuit lacks generated CUDA coverage circuit=43 rows=1
2026-09-17T00:07:17.903997Z DEBUG aiur::gpu_trace: CPU trace: circuit lacks generated CUDA coverage circuit=56 rows=1
2026-09-17T00:07:17.903990Z DEBUG aiur::gpu_trace: CPU trace: circuit lacks generated CUDA coverage circuit=58 rows=57
2026-09-17T00:07:17.903991Z DEBUG aiur::gpu_trace: CPU trace: circuit lacks generated CUDA coverage circuit=33 rows=353988
2026-09-17T00:07:17.904189Z DEBUG aiur::gpu_trace: CPU trace: circuit lacks generated CUDA coverage circuit=60 rows=12
2026-09-17T00:07:17.904261Z DEBUG aiur::gpu_trace: CPU trace: circuit lacks generated CUDA coverage circuit=55 rows=201
2026-09-17T00:07:17.904302Z DEBUG aiur::gpu_trace: CPU trace: circuit lacks generated CUDA coverage circuit=18 rows=470050
2026-09-17T00:07:17.904322Z DEBUG aiur::gpu_trace: CPU trace: circuit lacks generated CUDA coverage circuit=61 rows=2
2026-09-17T00:07:17.904381Z DEBUG aiur::gpu_trace: CPU trace: circuit lacks generated CUDA coverage circuit=48 rows=19
2026-09-17T00:07:17.904386Z DEBUG aiur::gpu_trace: CPU trace: circuit lacks generated CUDA coverage circuit=44 rows=23
2026-09-17T00:07:17.904426Z DEBUG aiur::gpu_trace: CPU trace: circuit lacks generated CUDA coverage circuit=41 rows=2
2026-09-17T00:07:17.904601Z DEBUG aiur::gpu_trace: CPU trace: circuit lacks generated CUDA coverage circuit=66 rows=3
2026-09-17T00:07:17.904621Z DEBUG aiur/codegen_seeds{circuit=49 rows=2}: aiur::trace_codegen::cuda: prepared generated CUDA trace circuit=49 rows=2 width=13 seed_bytes=80 seed_spans=1
2026-09-17T00:07:17.904674Z DEBUG aiur::gpu_trace: CPU trace: circuit lacks generated CUDA coverage circuit=52 rows=23
2026-09-17T00:07:17.904704Z DEBUG aiur::gpu_trace: CPU trace: circuit lacks generated CUDA coverage circuit=42 rows=3
2026-09-17T00:07:17.904710Z DEBUG aiur::gpu_trace: CPU trace: circuit lacks generated CUDA coverage circuit=47 rows=287
2026-09-17T00:07:17.904722Z DEBUG aiur::gpu_trace: CPU trace: circuit lacks generated CUDA coverage circuit=35 rows=68452
2026-09-17T00:07:17.904796Z DEBUG aiur::gpu_trace: CPU trace: circuit lacks generated CUDA coverage circuit=9 rows=752348
2026-09-17T00:07:17.904806Z DEBUG aiur::gpu_trace: CPU trace: circuit lacks generated CUDA coverage circuit=45 rows=1
2026-09-17T00:07:17.904809Z DEBUG aiur::gpu_trace: CPU trace: circuit lacks generated CUDA coverage circuit=36 rows=30567
2026-09-17T00:07:17.904814Z DEBUG aiur::gpu_trace: CPU trace: circuit lacks generated CUDA coverage circuit=28 rows=105369
2026-09-17T00:07:17.904843Z DEBUG aiur::gpu_trace: CPU trace: circuit lacks generated CUDA coverage circuit=26 rows=41324
2026-09-17T00:07:17.904858Z DEBUG aiur::gpu_trace: CPU trace: circuit lacks generated CUDA coverage circuit=1 rows=7
2026-09-17T00:07:17.904875Z DEBUG aiur::gpu_trace: CPU trace: circuit lacks generated CUDA coverage circuit=21 rows=227800
2026-09-17T00:07:17.904922Z DEBUG aiur::gpu_trace: CPU trace: circuit lacks generated CUDA coverage circuit=23 rows=92470
2026-09-17T00:07:17.904922Z DEBUG aiur::gpu_trace: CPU trace: circuit lacks generated CUDA coverage circuit=10 rows=46291
2026-09-17T00:07:17.904948Z DEBUG aiur::gpu_trace: CPU trace: circuit lacks generated CUDA coverage circuit=27 rows=329635
2026-09-17T00:07:17.905007Z DEBUG aiur::gpu_trace: CPU trace: circuit lacks generated CUDA coverage circuit=19 rows=15015
2026-09-17T00:07:17.905112Z DEBUG aiur::gpu_trace: CPU trace: circuit lacks generated CUDA coverage circuit=15 rows=3
2026-09-17T00:07:17.905110Z DEBUG aiur::gpu_trace: CPU trace: circuit lacks generated CUDA coverage circuit=29 rows=573228
2026-09-17T00:07:17.905203Z DEBUG aiur::gpu_trace: CPU trace: circuit lacks generated CUDA coverage circuit=11 rows=34300
2026-09-17T00:07:17.905232Z DEBUG aiur::gpu_trace: CPU trace: circuit lacks generated CUDA coverage circuit=16 rows=23
2026-09-17T00:07:17.905234Z DEBUG aiur::gpu_trace: CPU trace: circuit lacks generated CUDA coverage circuit=2 rows=26
2026-09-17T00:07:17.905337Z DEBUG aiur::gpu_trace: CPU trace: circuit lacks generated CUDA coverage circuit=17 rows=3
2026-09-17T00:07:17.905350Z DEBUG aiur::gpu_trace: CPU trace: circuit lacks generated CUDA coverage circuit=22 rows=40840
2026-09-17T00:07:17.905434Z DEBUG aiur::gpu_trace: CPU trace: circuit lacks generated CUDA coverage circuit=13 rows=44049
2026-09-17T00:07:17.905491Z DEBUG aiur::gpu_trace: CPU trace: circuit lacks generated CUDA coverage circuit=83 rows=1
2026-09-17T00:07:17.905582Z DEBUG aiur::gpu_trace: CPU trace: circuit lacks generated CUDA coverage circuit=84 rows=103959
2026-09-17T00:07:17.908136Z DEBUG aiur::gpu_trace: CPU trace: circuit lacks generated CUDA coverage circuit=7 rows=17866
2026-09-17T00:07:17.909059Z DEBUG aiur::gpu_trace: CPU trace: circuit lacks generated CUDA coverage circuit=8 rows=67122
2026-09-17T00:07:17.961374Z DEBUG aiur::gpu_trace: CPU trace: circuit lacks generated CUDA coverage circuit=86 rows=534835
2026-09-17T00:07:17.963800Z DEBUG aiur::gpu_trace: CPU trace: circuit lacks generated CUDA coverage circuit=85 rows=3
2026-09-17T00:07:17.967249Z DEBUG aiur::gpu_trace: CPU trace: circuit lacks generated CUDA coverage circuit=14 rows=2
2026-09-17T00:07:17.972949Z DEBUG aiur::gpu_trace: CPU trace: circuit lacks generated CUDA coverage circuit=24 rows=221
2026-09-17T00:07:18.022436Z DEBUG aiur::gpu_trace: CPU trace: circuit lacks generated CUDA coverage circuit=87 rows=39148
2026-09-17T00:07:18.156790Z DEBUG aiur/codegen_seeds{circuit=30 rows=73058}: aiur::trace_codegen::cuda: prepared generated CUDA trace circuit=30 rows=73058 width=234 seed_bytes=44419264 seed_spans=3
2026-09-17T00:07:18.183384Z DEBUG aiur/codegen_seeds{circuit=20 rows=969184}: aiur::trace_codegen::cuda: prepared generated CUDA trace circuit=20 rows=969184 width=533 seed_bytes=170576384 seed_spans=15
2026-09-17T00:07:19.055114Z DEBUG aiur::gpu_trace: CPU trace: circuit lacks generated CUDA coverage circuit=0 rows=78545
2026-09-17T00:07:19.055126Z DEBUG aiur::gpu_trace: CPU trace: circuit lacks generated CUDA coverage circuit=6 rows=71561
2026-09-17T00:07:19.055126Z DEBUG aiur::gpu_trace: CPU trace: circuit lacks generated CUDA coverage circuit=3 rows=3859
2026-09-17T00:07:19.055131Z DEBUG aiur::gpu_trace: CPU trace: circuit lacks generated CUDA coverage circuit=1 rows=7
2026-09-17T00:07:19.055133Z DEBUG aiur::gpu_trace: CPU trace: circuit lacks generated CUDA coverage circuit=12 rows=44886
2026-09-17T00:07:19.055139Z DEBUG aiur::gpu_trace: CPU trace: circuit lacks generated CUDA coverage circuit=9 rows=752348
2026-09-17T00:07:19.055150Z DEBUG aiur::gpu_trace: CPU trace: circuit lacks generated CUDA coverage circuit=10 rows=46291
2026-09-17T00:07:19.055155Z DEBUG aiur::gpu_trace: CPU trace: circuit lacks generated CUDA coverage circuit=15 rows=3
2026-09-17T00:07:19.055158Z DEBUG aiur::gpu_trace: CPU trace: circuit lacks generated CUDA coverage circuit=84 rows=103959
2026-09-17T00:07:19.055161Z DEBUG aiur::gpu_trace: CPU trace: circuit lacks generated CUDA coverage circuit=86 rows=534835
2026-09-17T00:07:19.055160Z DEBUG aiur::gpu_trace: CPU trace: circuit lacks generated CUDA coverage circuit=8 rows=67122
2026-09-17T00:07:19.055164Z DEBUG aiur::gpu_trace: CPU trace: circuit lacks generated CUDA coverage circuit=2 rows=26
2026-09-17T00:07:19.055162Z DEBUG aiur::gpu_trace: CPU trace: circuit lacks generated CUDA coverage circuit=85 rows=3
2026-09-17T00:07:19.055164Z DEBUG aiur::gpu_trace: CPU trace: circuit lacks generated CUDA coverage circuit=83 rows=1
2026-09-17T00:07:19.055165Z DEBUG aiur::gpu_trace: CPU trace: circuit lacks generated CUDA coverage circuit=62 rows=3
2026-09-17T00:07:19.055167Z DEBUG aiur::gpu_trace: CPU trace: circuit lacks generated CUDA coverage circuit=87 rows=39148
2026-09-17T00:07:19.055160Z DEBUG aiur::gpu_trace: CPU trace: circuit lacks generated CUDA coverage circuit=16 rows=23
2026-09-17T00:07:19.055163Z DEBUG aiur::gpu_trace: CPU trace: circuit lacks generated CUDA coverage circuit=13 rows=44049
2026-09-17T00:07:19.055164Z DEBUG aiur::gpu_trace: CPU trace: circuit lacks generated CUDA coverage circuit=5 rows=41236
2026-09-17T00:07:19.055168Z DEBUG aiur::gpu_trace: CPU trace: circuit lacks generated CUDA coverage circuit=21 rows=227800
2026-09-17T00:07:19.055167Z DEBUG aiur::gpu_trace: CPU trace: circuit lacks generated CUDA coverage circuit=19 rows=15015
2026-09-17T00:07:19.055164Z DEBUG aiur::gpu_trace: CPU trace: circuit lacks generated CUDA coverage circuit=50 rows=3
2026-09-17T00:07:19.055166Z DEBUG aiur::gpu_trace: CPU trace: circuit lacks generated CUDA coverage circuit=18 rows=470050
2026-09-17T00:07:19.055161Z DEBUG aiur::gpu_trace: CPU trace: circuit lacks generated CUDA coverage circuit=4 rows=19986
2026-09-17T00:07:19.055161Z DEBUG aiur::gpu_trace: CPU trace: circuit lacks generated CUDA coverage circuit=17 rows=3
2026-09-17T00:07:19.055169Z DEBUG aiur::gpu_trace: CPU trace: circuit lacks generated CUDA coverage circuit=11 rows=34300
2026-09-17T00:07:19.055163Z DEBUG aiur::gpu_trace: CPU trace: circuit lacks generated CUDA coverage circuit=25 rows=40840
2026-09-17T00:07:19.055160Z DEBUG aiur::gpu_trace: CPU trace: circuit lacks generated CUDA coverage circuit=7 rows=17866
2026-09-17T00:07:19.055250Z DEBUG aiur::gpu_trace: CPU trace: circuit lacks generated CUDA coverage circuit=56 rows=1
2026-09-17T00:07:19.055424Z DEBUG aiur::gpu_trace: CPU trace: circuit lacks generated CUDA coverage circuit=14 rows=2
2026-09-17T00:07:19.055520Z DEBUG aiur::gpu_trace: CPU trace: circuit lacks generated CUDA coverage circuit=23 rows=92470
2026-09-17T00:07:19.055558Z DEBUG aiur::gpu_trace: CPU trace: circuit lacks generated CUDA coverage circuit=37 rows=41669
2026-09-17T00:07:19.055597Z DEBUG aiur::gpu_trace: CPU trace: circuit lacks generated CUDA coverage circuit=51 rows=88
2026-09-17T00:07:19.055605Z DEBUG aiur::gpu_trace: CPU trace: circuit lacks generated CUDA coverage circuit=63 rows=3
2026-09-17T00:07:19.055643Z DEBUG aiur::gpu_trace: CPU trace: circuit lacks generated CUDA coverage circuit=57 rows=22
2026-09-17T00:07:19.055703Z DEBUG aiur::gpu_trace: CPU trace: circuit lacks generated CUDA coverage circuit=52 rows=23
2026-09-17T00:07:19.055767Z DEBUG aiur::gpu_trace: CPU trace: circuit lacks generated CUDA coverage circuit=24 rows=221
2026-09-17T00:07:19.055777Z DEBUG aiur::gpu_trace: CPU trace: circuit lacks generated CUDA coverage circuit=64 rows=1
2026-09-17T00:07:19.055869Z DEBUG aiur::gpu_trace: CPU trace: circuit lacks generated CUDA coverage circuit=58 rows=57
2026-09-17T00:07:19.055878Z DEBUG aiur::gpu_trace: CPU trace: circuit lacks generated CUDA coverage circuit=53 rows=19
2026-09-17T00:07:19.055933Z DEBUG aiur::gpu_trace: CPU trace: circuit lacks generated CUDA coverage circuit=54 rows=87
2026-09-17T00:07:19.055945Z DEBUG aiur::gpu_trace: CPU trace: circuit lacks generated CUDA coverage circuit=65 rows=54
2026-09-17T00:07:19.056011Z DEBUG aiur::gpu_trace: CPU trace: circuit lacks generated CUDA coverage circuit=31 rows=103021
2026-09-17T00:07:19.056019Z DEBUG aiur::gpu_trace: CPU trace: circuit lacks generated CUDA coverage circuit=66 rows=3
2026-09-17T00:07:19.056107Z DEBUG aiur/codegen_seeds{circuit=59 rows=33}: aiur::trace_codegen::cuda: prepared generated CUDA trace circuit=59 rows=33 width=26 seed_bytes=2904 seed_spans=1
2026-09-17T00:07:19.056120Z DEBUG aiur::gpu_trace: CPU trace: circuit lacks generated CUDA coverage circuit=60 rows=12
2026-09-17T00:07:19.056198Z DEBUG aiur::gpu_trace: CPU trace: circuit lacks generated CUDA coverage circuit=55 rows=201
2026-09-17T00:07:19.056313Z DEBUG aiur::gpu_trace: CPU trace: circuit lacks generated CUDA coverage circuit=61 rows=2
2026-09-17T00:07:19.056499Z DEBUG aiur::gpu_trace: CPU trace: circuit lacks generated CUDA coverage circuit=43 rows=1
2026-09-17T00:07:19.056503Z DEBUG aiur::gpu_trace: CPU trace: circuit lacks generated CUDA coverage circuit=22 rows=40840
2026-09-17T00:07:19.056577Z DEBUG aiur::gpu_trace: CPU trace: circuit lacks generated CUDA coverage circuit=44 rows=23
2026-09-17T00:07:19.056805Z DEBUG aiur::gpu_trace: CPU trace: circuit lacks generated CUDA coverage circuit=45 rows=1
2026-09-17T00:07:19.056924Z DEBUG aiur::gpu_trace: CPU trace: circuit lacks generated CUDA coverage circuit=46 rows=2
2026-09-17T00:07:19.057036Z DEBUG aiur::gpu_trace: CPU trace: circuit lacks generated CUDA coverage circuit=47 rows=287
2026-09-17T00:07:19.057421Z DEBUG aiur::gpu_trace: CPU trace: circuit lacks generated CUDA coverage circuit=48 rows=19
2026-09-17T00:07:19.057443Z DEBUG aiur::gpu_trace: CPU trace: circuit lacks generated CUDA coverage circuit=34 rows=44800
2026-09-17T00:07:19.058161Z DEBUG aiur::gpu_trace: CPU trace: circuit lacks generated CUDA coverage circuit=32 rows=1088765
2026-09-17T00:07:19.059207Z DEBUG aiur/codegen_seeds{circuit=49 rows=2}: aiur::trace_codegen::cuda: prepared generated CUDA trace circuit=49 rows=2 width=13 seed_bytes=80 seed_spans=1
2026-09-17T00:07:19.059233Z DEBUG aiur::gpu_trace: CPU trace: circuit lacks generated CUDA coverage circuit=40 rows=3
2026-09-17T00:07:19.059273Z DEBUG aiur::gpu_trace: CPU trace: circuit lacks generated CUDA coverage circuit=41 rows=2
2026-09-17T00:07:19.059313Z DEBUG aiur::gpu_trace: CPU trace: circuit lacks generated CUDA coverage circuit=42 rows=3
2026-09-17T00:07:19.059349Z DEBUG aiur::gpu_trace: CPU trace: circuit lacks generated CUDA coverage circuit=28 rows=105369
2026-09-17T00:07:19.082190Z DEBUG aiur::gpu_trace: CPU trace: circuit lacks generated CUDA coverage circuit=38 rows=29
2026-09-17T00:07:19.082296Z DEBUG aiur::gpu_trace: CPU trace: circuit lacks generated CUDA coverage circuit=39 rows=2
2026-09-17T00:07:19.094117Z DEBUG aiur::gpu_trace: CPU trace: circuit lacks generated CUDA coverage circuit=35 rows=68452
2026-09-17T00:07:19.097516Z DEBUG aiur::gpu_trace: CPU trace: circuit lacks generated CUDA coverage circuit=29 rows=573228
2026-09-17T00:07:19.112921Z DEBUG aiur::gpu_trace: CPU trace: circuit lacks generated CUDA coverage circuit=26 rows=41324
2026-09-17T00:07:19.114186Z DEBUG aiur::gpu_trace: CPU trace: circuit lacks generated CUDA coverage circuit=27 rows=329635
2026-09-17T00:07:19.129829Z DEBUG aiur::gpu_trace: CPU trace: circuit lacks generated CUDA coverage circuit=36 rows=30567
2026-09-17T00:07:19.142400Z DEBUG aiur::gpu_trace: CPU trace: circuit lacks generated CUDA coverage circuit=33 rows=353988
2026-09-17T00:07:19.302323Z DEBUG aiur/codegen_seeds{circuit=30 rows=73058}: aiur::trace_codegen::cuda: prepared generated CUDA trace circuit=30 rows=73058 width=234 seed_bytes=44419264 seed_spans=3
2026-09-17T00:07:19.327833Z DEBUG aiur/codegen_seeds{circuit=20 rows=969184}: aiur::trace_codegen::cuda: prepared generated CUDA trace circuit=20 rows=969184 width=533 seed_bytes=170576384 seed_spans=15
[aggregate] root wrap proven in 8.0s (query-record peak 59.4 GiB): 2 shard(s) verified into 1
[lanes] worker 0: root proven at +438s
[lanes] calibration: claims 4 executed: record mean 20.5 GiB, p50 20.8 GiB, p90 21.8 GiB, max 21.8 GiB (unit 0); execution mean 114.5s, max 125.7s
[lanes] calibration: joins 3 executed: record mean 13.3 GiB, p50 13.6 GiB, p90 15.1 GiB, max 15.1 GiB (unit 2); execution mean 33.0s, max 39.6s
[lanes] calibration: 4 shards at a 38.9 GiB initial reservation (155.7 GiB shared record budget): largest claim record 56% of the initial reservation, largest join record 38%, 0 contention retry/retries; p90-scaled candidate 3 shard(s) at this initial reservation (claims measured this run only; a resumed run measures fewer)
[lanes] record pool: peak granted 120.9 GiB, 0 growth waits (0.0s summed across executions), 0 contention retries
[lanes] root cef56bca82bd3d5fb10c162e174c6f26550b3eaff51d92570d7bce7ba92d5f0e verified; composed verdict OK; end to end 438s
	Command being timed: "/tmp/claude-30033/-home-sam-repos-ix/9c1af3d4-3a5f-4585-a0ae-b691c8d73308/scratchpad/bench/ix-new6 prove --ixe /tmp/claude-30033/-home-sam-repos-ix/9c1af3d4-3a5f-4585-a0ae-b691c8d73308/scratchpad/bench/init.ixe --ixes /tmp/claude-30033/-home-sam-repos-ix/9c1af3d4-3a5f-4585-a0ae-b691c8d73308/scratchpad/bench/init-4.ixes --trace-shards --lanes 1 --exec-jobs 2 --max-ram 200"
	User time (seconds): 2093.57
	System time (seconds): 108.19
	Percent of CPU this job got: 498%
	Elapsed (wall clock) time (h:mm:ss or m:ss): 7:21.49
	Average shared text size (kbytes): 0
	Average unshared data size (kbytes): 0
	Average stack size (kbytes): 0
	Average total size (kbytes): 0
	Maximum resident set size (kbytes): 98224668
	Average resident set size (kbytes): 0
	Major (requiring I/O) page faults: 378
	Minor (reclaiming a frame) page faults: 3820651
	Voluntary context switches: 187057
	Involuntary context switches: 170848
	Swaps: 0
	File system inputs: 0
	File system outputs: 272656
	Socket messages sent: 0
	Socket messages received: 0
	Signals delivered: 0
	Page size (bytes): 4096
	Exit status: 0
