[lanes] host budget 200.0 GiB process-wide (requested 200.0 GiB per GPU, visible cgroup limit unlimited or unavailable): 155.7 GiB shared records, 24.2 GiB workspace per GPU, 20.0 GiB headroom; 3 CPU executions, 1 prepared queue slots; 31.1 GiB initial reservation, growth waits for shared capacity; 1500000000 trace cells
[lanes] per-record ceiling 128.0 GiB; oversized environment claims are bisected automatically
[lanes] building 1 resident workers
[lanes] 4 claims (0 reused from the index, 0 retired under cached joins without an indexed proof), 3 joins (0 cached)
[lanes] claim 0 dispatched at +0s
[lanes] claim 1 dispatched at +0s
[lanes] claim 2 dispatched at +0s
[lanes] executor 0: claim 0 execution started at +0s
[lanes] executor 1: claim 1 execution started at +0s
[lanes] executor 2: claim 2 execution started at +0s
[trace-shards] 11 shards, 1500000000 committed cells: record 23506774632 B in shared pool, host workspace 17328975783 B of 26088568116 B reserved per prover; regenerating round 2
[lanes] executor 0: claim 0 executed in 114.5s, record 23506774632 B (21.8 GiB) at +114s
[lanes] claim 3 dispatched at +114s
[lanes] worker 0: claim 0 proving started at +114s
[lanes] executor 0: claim 3 execution started at +114s
2026-09-17T00:49:15.804708Z DEBUG aiur::gpu_trace: CPU trace: circuit lacks generated CUDA coverage circuit=90 rows=75467
2026-09-17T00:49:15.804841Z DEBUG aiur::gpu_trace: CPU trace: circuit lacks generated CUDA coverage circuit=75 rows=33
2026-09-17T00:49:15.804866Z DEBUG aiur::gpu_trace: CPU trace: circuit lacks generated CUDA coverage circuit=79 rows=2
2026-09-17T00:49:15.805728Z DEBUG aiur::gpu_trace: CPU trace: circuit lacks generated CUDA coverage circuit=176 rows=1
2026-09-17T00:49:15.869044Z DEBUG aiur/codegen_seeds{circuit=16 rows=1048576}: aiur::trace_codegen::cuda: prepared generated CUDA trace circuit=16 rows=1048576 width=533 seed_bytes=184549376 seed_spans=16
2026-09-17T00:49:16.087419Z DEBUG aiur/codegen_seeds{circuit=117 rows=12699666}: aiur::trace_codegen::cuda: prepared generated CUDA trace circuit=117 rows=12699666 width=15 seed_bytes=609583968 seed_spans=194
2026-09-17T00:49:16.088229Z DEBUG aiur::gpu_trace: CPU trace: circuit lacks generated CUDA coverage circuit=3 rows=7
2026-09-17T00:49:16.088241Z DEBUG aiur::gpu_trace: CPU trace: circuit lacks generated CUDA coverage circuit=7 rows=13162
2026-09-17T00:49:16.088847Z DEBUG aiur::gpu_trace: CPU trace: circuit lacks generated CUDA coverage circuit=57 rows=304
2026-09-17T00:49:16.089222Z DEBUG aiur::gpu_trace: CPU trace: circuit lacks generated CUDA coverage circuit=64 rows=99
2026-09-17T00:49:16.089492Z DEBUG aiur::gpu_trace: CPU trace: circuit lacks generated CUDA coverage circuit=136 rows=31882
2026-09-17T00:49:16.089777Z DEBUG aiur::gpu_trace: CPU trace: circuit lacks generated CUDA coverage circuit=129 rows=339422
2026-09-17T00:49:16.090435Z DEBUG aiur::gpu_trace: CPU trace: circuit lacks generated CUDA coverage circuit=91 rows=5100597
2026-09-17T00:49:16.153154Z DEBUG aiur/codegen_seeds{circuit=16 rows=1048576}: aiur::trace_codegen::cuda: prepared generated CUDA trace circuit=16 rows=1048576 width=533 seed_bytes=184549376 seed_spans=16
[trace-shards] 10 shards, 1500000000 committed cells: record 22378934326 B in shared pool, host workspace 17347067431 B of 26088568116 B reserved per prover; regenerating round 2
[lanes] executor 2: claim 2 executed in 115.3s, record 22378934326 B (20.8 GiB) at +115s
[trace-shards] 11 shards, 1500000000 committed cells: record 22753858957 B in shared pool, host workspace 17329026695 B of 26088568116 B reserved per prover; regenerating round 2
[lanes] executor 1: claim 1 executed in 115.6s, record 22753858957 B (21.1 GiB) at +115s
2026-09-17T00:49:17.159202Z DEBUG aiur::gpu_trace: CPU trace: circuit lacks generated CUDA coverage circuit=26 rows=19
2026-09-17T00:49:17.160004Z DEBUG aiur::gpu_trace: CPU trace: circuit lacks generated CUDA coverage circuit=77 rows=15
2026-09-17T00:49:17.160334Z DEBUG aiur::gpu_trace: CPU trace: circuit lacks generated CUDA coverage circuit=22 rows=31
2026-09-17T00:49:17.160464Z DEBUG aiur::gpu_trace: CPU trace: circuit lacks generated CUDA coverage circuit=150 rows=1145750
2026-09-17T00:49:17.203821Z DEBUG aiur/codegen_seeds{circuit=16 rows=1048576}: aiur::trace_codegen::cuda: prepared generated CUDA trace circuit=16 rows=1048576 width=533 seed_bytes=184549376 seed_spans=16
2026-09-17T00:49:17.701576Z DEBUG aiur/codegen_seeds{circuit=12 rows=16777216}: aiur::trace_codegen::cuda: prepared generated CUDA trace circuit=12 rows=16777216 width=17 seed_bytes=1342177280 seed_spans=256
2026-09-17T00:49:18.286145Z DEBUG aiur::gpu_trace: CPU trace: circuit lacks generated CUDA coverage circuit=126 rows=446516
2026-09-17T00:49:18.286183Z DEBUG aiur::gpu_trace: CPU trace: circuit lacks generated CUDA coverage circuit=158 rows=8712
2026-09-17T00:49:18.286390Z DEBUG aiur::gpu_trace: CPU trace: circuit lacks generated CUDA coverage circuit=68 rows=16
2026-09-17T00:49:18.286448Z DEBUG aiur::gpu_trace: CPU trace: circuit lacks generated CUDA coverage circuit=94 rows=15788
2026-09-17T00:49:18.327904Z DEBUG aiur/codegen_seeds{circuit=16 rows=905944}: aiur::trace_codegen::cuda: prepared generated CUDA trace circuit=16 rows=905944 width=533 seed_bytes=159446144 seed_spans=14
2026-09-17T00:49:18.697966Z DEBUG aiur/codegen_seeds{circuit=12 rows=11961305}: aiur::trace_codegen::cuda: prepared generated CUDA trace circuit=12 rows=11961305 width=17 seed_bytes=956904400 seed_spans=183
2026-09-17T00:49:19.183450Z DEBUG aiur::gpu_trace: CPU trace: circuit lacks generated CUDA coverage circuit=47 rows=362339
2026-09-17T00:49:19.183544Z DEBUG aiur::gpu_trace: CPU trace: circuit lacks generated CUDA coverage circuit=69 rows=16
2026-09-17T00:49:19.183872Z DEBUG aiur::gpu_trace: CPU trace: circuit lacks generated CUDA coverage circuit=70 rows=16
2026-09-17T00:49:19.184481Z DEBUG aiur::gpu_trace: CPU trace: circuit lacks generated CUDA coverage circuit=71 rows=16
2026-09-17T00:49:19.185056Z DEBUG aiur::gpu_trace: CPU trace: circuit lacks generated CUDA coverage circuit=87 rows=12
2026-09-17T00:49:19.683707Z DEBUG aiur/codegen_seeds{circuit=119 rows=9771112}: aiur::trace_codegen::cuda: prepared generated CUDA trace circuit=119 rows=9771112 width=20 seed_bytes=547182272 seed_spans=150
2026-09-17T00:49:19.764107Z DEBUG aiur/codegen_seeds{circuit=38 rows=4629033}: aiur::trace_codegen::cuda: prepared generated CUDA trace circuit=38 rows=4629033 width=27 seed_bytes=851742072 seed_spans=71
2026-09-17T00:49:19.916600Z DEBUG aiur/codegen_seeds{circuit=42 rows=6586741}: aiur::trace_codegen::cuda: prepared generated CUDA trace circuit=42 rows=6586741 width=49 seed_bytes=1791593552 seed_spans=107
2026-09-17T00:49:20.031299Z DEBUG aiur::gpu_trace: CPU trace: circuit lacks generated CUDA coverage circuit=138 rows=713933
2026-09-17T00:49:20.451028Z DEBUG aiur/codegen_seeds{circuit=107 rows=5046546}: aiur::trace_codegen::cuda: prepared generated CUDA trace circuit=107 rows=5046546 width=23 seed_bytes=282606576 seed_spans=78
2026-09-17T00:49:20.475238Z DEBUG aiur/codegen_seeds{circuit=101 rows=5539615}: aiur::trace_codegen::cuda: prepared generated CUDA trace circuit=101 rows=5539615 width=19 seed_bytes=354535360 seed_spans=85
2026-09-17T00:49:20.489484Z DEBUG aiur/codegen_seeds{circuit=177 rows=6293918}: aiur::trace_codegen::cuda: prepared generated CUDA trace circuit=177 rows=6293918 width=10 seed_bytes=302108064 seed_spans=97
2026-09-17T00:49:20.514328Z DEBUG aiur/codegen_seeds{circuit=170 rows=15815678}: aiur::trace_codegen::cuda: prepared generated CUDA trace circuit=170 rows=15815678 width=11 seed_bytes=632627120 seed_spans=242
2026-09-17T00:49:20.545337Z DEBUG aiur/codegen_seeds{circuit=36 rows=6609473}: aiur::trace_codegen::cuda: prepared generated CUDA trace circuit=36 rows=6609473 width=25 seed_bytes=634509408 seed_spans=101
2026-09-17T00:49:21.151106Z DEBUG aiur::gpu_trace: CPU trace: circuit lacks generated CUDA coverage circuit=145 rows=257178
2026-09-17T00:49:21.469299Z DEBUG aiur/codegen_seeds{circuit=102 rows=1233322}: aiur::trace_codegen::cuda: prepared generated CUDA trace circuit=102 rows=1233322 width=43 seed_bytes=49332880 seed_spans=19
2026-09-17T00:49:21.486840Z DEBUG aiur/codegen_seeds{circuit=106 rows=5236793}: aiur::trace_codegen::cuda: prepared generated CUDA trace circuit=106 rows=5236793 width=9 seed_bytes=167577376 seed_spans=80
2026-09-17T00:49:21.492853Z DEBUG aiur/codegen_seeds{circuit=178 rows=4406516}: aiur::trace_codegen::cuda: prepared generated CUDA trace circuit=178 rows=4406516 width=10 seed_bytes=211512768 seed_spans=68
2026-09-17T00:49:21.498827Z DEBUG aiur/codegen_seeds{circuit=162 rows=2173375}: aiur::trace_codegen::cuda: prepared generated CUDA trace circuit=162 rows=2173375 width=33 seed_bytes=260805000 seed_spans=34
2026-09-17T00:49:21.501825Z DEBUG aiur/codegen_seeds{circuit=112 rows=3351648}: aiur::trace_codegen::cuda: prepared generated CUDA trace circuit=112 rows=3351648 width=31 seed_bytes=241318656 seed_spans=52
2026-09-17T00:49:21.554271Z DEBUG aiur/codegen_seeds{circuit=33 rows=6140427}: aiur::trace_codegen::cuda: prepared generated CUDA trace circuit=33 rows=6140427 width=18 seed_bytes=687727824 seed_spans=94
2026-09-17T00:49:22.109529Z DEBUG aiur::gpu_trace: CPU trace: circuit lacks generated CUDA coverage circuit=40 rows=110945
2026-09-17T00:49:22.110021Z DEBUG aiur::gpu_trace: CPU trace: circuit lacks generated CUDA coverage circuit=167 rows=1873085
2026-09-17T00:49:22.110758Z DEBUG aiur::gpu_trace: CPU trace: circuit lacks generated CUDA coverage circuit=20 rows=854779
2026-09-17T00:49:22.111424Z DEBUG aiur::gpu_trace: CPU trace: circuit lacks generated CUDA coverage circuit=120 rows=2332114
2026-09-17T00:49:22.111429Z DEBUG aiur::gpu_trace: CPU trace: circuit lacks generated CUDA coverage circuit=24 rows=908138
2026-09-17T00:49:22.113521Z DEBUG aiur::gpu_trace: CPU trace: circuit lacks generated CUDA coverage circuit=168 rows=1399631
2026-09-17T00:49:22.550508Z DEBUG aiur/codegen_seeds{circuit=15 rows=425142}: aiur::trace_codegen::cuda: prepared generated CUDA trace circuit=15 rows=425142 width=177 seed_bytes=173457936 seed_spans=11
2026-09-17T00:49:22.579076Z DEBUG aiur/codegen_seeds{circuit=13 rows=400257}: aiur::trace_codegen::cuda: prepared generated CUDA trace circuit=13 rows=400257 width=195 seed_bytes=339417936 seed_spans=21
2026-09-17T00:49:22.580402Z DEBUG aiur/codegen_seeds{circuit=183 rows=7272697}: aiur::trace_codegen::cuda: prepared generated CUDA trace circuit=183 rows=7272697 width=10 seed_bytes=349089456 seed_spans=111
2026-09-17T00:49:23.268052Z DEBUG aiur::gpu_trace: CPU trace: circuit lacks generated CUDA coverage circuit=44 rows=384342
2026-09-17T00:49:23.268049Z DEBUG aiur::gpu_trace: CPU trace: circuit lacks generated CUDA coverage circuit=179 rows=2959760
2026-09-17T00:49:23.268049Z DEBUG aiur::gpu_trace: CPU trace: circuit lacks generated CUDA coverage circuit=166 rows=1607107
2026-09-17T00:49:23.268587Z DEBUG aiur::gpu_trace: CPU trace: circuit lacks generated CUDA coverage circuit=34 rows=1152953
2026-09-17T00:49:23.268830Z DEBUG aiur::gpu_trace: CPU trace: circuit lacks generated CUDA coverage circuit=50 rows=3316
2026-09-17T00:49:23.268961Z DEBUG aiur::gpu_trace: CPU trace: circuit lacks generated CUDA coverage circuit=134 rows=239238
2026-09-17T00:49:23.269055Z DEBUG aiur::gpu_trace: CPU trace: circuit lacks generated CUDA coverage circuit=110 rows=1209604
2026-09-17T00:49:23.269118Z DEBUG aiur::gpu_trace: CPU trace: circuit lacks generated CUDA coverage circuit=37 rows=1081649
2026-09-17T00:49:23.270280Z DEBUG aiur::gpu_trace: CPU trace: circuit lacks generated CUDA coverage circuit=122 rows=1662709
2026-09-17T00:49:23.270736Z DEBUG aiur::gpu_trace: CPU trace: circuit lacks generated CUDA coverage circuit=113 rows=1097921
2026-09-17T00:49:23.290263Z DEBUG aiur::gpu_trace: CPU trace: circuit lacks generated CUDA coverage circuit=135 rows=3998
2026-09-17T00:49:23.926070Z DEBUG aiur/codegen_seeds{circuit=88 rows=2419252}: aiur::trace_codegen::cuda: prepared generated CUDA trace circuit=88 rows=2419252 width=10 seed_bytes=116124096 seed_spans=37
2026-09-17T00:49:23.931395Z DEBUG aiur/codegen_seeds{circuit=118 rows=3297187}: aiur::trace_codegen::cuda: prepared generated CUDA trace circuit=118 rows=3297187 width=10 seed_bytes=158264976 seed_spans=51
2026-09-17T00:49:23.933916Z DEBUG aiur/codegen_seeds{circuit=180 rows=3622920}: aiur::trace_codegen::cuda: prepared generated CUDA trace circuit=180 rows=3622920 width=8 seed_bytes=173900160 seed_spans=56
2026-09-17T00:49:23.936062Z DEBUG aiur/codegen_seeds{circuit=54 rows=3372270}: aiur::trace_codegen::cuda: prepared generated CUDA trace circuit=54 rows=3372270 width=11 seed_bytes=188847120 seed_spans=52
2026-09-17T00:49:23.939063Z DEBUG aiur/codegen_seeds{circuit=111 rows=3555642}: aiur::trace_codegen::cuda: prepared generated CUDA trace circuit=111 rows=3555642 width=11 seed_bytes=142225680 seed_spans=55
2026-09-17T00:49:23.966435Z DEBUG aiur/codegen_seeds{circuit=45 rows=1507309}: aiur::trace_codegen::cuda: prepared generated CUDA trace circuit=45 rows=1507309 width=26 seed_bytes=265286384 seed_spans=23
2026-09-17T00:49:24.824696Z DEBUG aiur::gpu_trace: CPU trace: circuit lacks generated CUDA coverage circuit=0 rows=136036
2026-09-17T00:49:24.824754Z DEBUG aiur::gpu_trace: CPU trace: circuit lacks generated CUDA coverage circuit=25 rows=68380
2026-09-17T00:49:24.824759Z DEBUG aiur::gpu_trace: CPU trace: circuit lacks generated CUDA coverage circuit=127 rows=436663
2026-09-17T00:49:24.824757Z DEBUG aiur::gpu_trace: CPU trace: circuit lacks generated CUDA coverage circuit=89 rows=99720
2026-09-17T00:49:24.824776Z DEBUG aiur::gpu_trace: CPU trace: circuit lacks generated CUDA coverage circuit=156 rows=227970
2026-09-17T00:49:24.824777Z DEBUG aiur::gpu_trace: CPU trace: circuit lacks generated CUDA coverage circuit=52 rows=153516
2026-09-17T00:49:24.825295Z DEBUG aiur::gpu_trace: CPU trace: circuit lacks generated CUDA coverage circuit=104 rows=179314
2026-09-17T00:49:24.825334Z DEBUG aiur::gpu_trace: CPU trace: circuit lacks generated CUDA coverage circuit=10 rows=36458
2026-09-17T00:49:24.825418Z DEBUG aiur::gpu_trace: CPU trace: circuit lacks generated CUDA coverage circuit=137 rows=227483
2026-09-17T00:49:24.825675Z DEBUG aiur::gpu_trace: CPU trace: circuit lacks generated CUDA coverage circuit=14 rows=1101513
2026-09-17T00:49:24.825719Z DEBUG aiur::gpu_trace: CPU trace: circuit lacks generated CUDA coverage circuit=2 rows=186190
2026-09-17T00:49:24.825757Z DEBUG aiur::gpu_trace: CPU trace: circuit lacks generated CUDA coverage circuit=161 rows=189170
2026-09-17T00:49:24.825898Z DEBUG aiur::gpu_trace: CPU trace: circuit lacks generated CUDA coverage circuit=169 rows=1313302
2026-09-17T00:49:24.825955Z DEBUG aiur::gpu_trace: CPU trace: circuit lacks generated CUDA coverage circuit=182 rows=460244
2026-09-17T00:49:24.826045Z DEBUG aiur::gpu_trace: CPU trace: circuit lacks generated CUDA coverage circuit=130 rows=235475
2026-09-17T00:49:24.826053Z DEBUG aiur::gpu_trace: CPU trace: circuit lacks generated CUDA coverage circuit=41 rows=415072
2026-09-17T00:49:24.826126Z DEBUG aiur::gpu_trace: CPU trace: circuit lacks generated CUDA coverage circuit=139 rows=217573
2026-09-17T00:49:24.826132Z DEBUG aiur::gpu_trace: CPU trace: circuit lacks generated CUDA coverage circuit=81 rows=111119
2026-09-17T00:49:24.826184Z DEBUG aiur::gpu_trace: CPU trace: circuit lacks generated CUDA coverage circuit=65 rows=94436
2026-09-17T00:49:24.826256Z DEBUG aiur::gpu_trace: CPU trace: circuit lacks generated CUDA coverage circuit=131 rows=391965
2026-09-17T00:49:24.826309Z DEBUG aiur::gpu_trace: CPU trace: circuit lacks generated CUDA coverage circuit=95 rows=24713
2026-09-17T00:49:24.826397Z DEBUG aiur::gpu_trace: CPU trace: circuit lacks generated CUDA coverage circuit=11 rows=169166
2026-09-17T00:49:24.826548Z DEBUG aiur::gpu_trace: CPU trace: circuit lacks generated CUDA coverage circuit=23 rows=83894
2026-09-17T00:49:24.826604Z DEBUG aiur::gpu_trace: CPU trace: circuit lacks generated CUDA coverage circuit=164 rows=780872
2026-09-17T00:49:24.826633Z DEBUG aiur::gpu_trace: CPU trace: circuit lacks generated CUDA coverage circuit=157 rows=237378
2026-09-17T00:49:24.826806Z DEBUG aiur::gpu_trace: CPU trace: circuit lacks generated CUDA coverage circuit=46 rows=165428
2026-09-17T00:49:24.826870Z DEBUG aiur::gpu_trace: CPU trace: circuit lacks generated CUDA coverage circuit=132 rows=1097053
2026-09-17T00:49:24.826913Z DEBUG aiur::gpu_trace: CPU trace: circuit lacks generated CUDA coverage circuit=43 rows=65569
2026-09-17T00:49:24.831238Z DEBUG aiur::gpu_trace: CPU trace: circuit lacks generated CUDA coverage circuit=128 rows=230802
2026-09-17T00:49:24.832151Z DEBUG aiur::gpu_trace: CPU trace: circuit lacks generated CUDA coverage circuit=114 rows=431091
2026-09-17T00:49:24.964950Z DEBUG aiur/codegen_seeds{circuit=140 rows=474228}: aiur::trace_codegen::cuda: prepared generated CUDA trace circuit=140 rows=474228 width=25 seed_bytes=17111760 seed_spans=8
2026-09-17T00:49:24.964992Z DEBUG aiur::gpu_trace: CPU trace: circuit lacks generated CUDA coverage circuit=141 rows=266407
2026-09-17T00:49:24.990304Z DEBUG aiur::gpu_trace: CPU trace: circuit lacks generated CUDA coverage circuit=66 rows=753
2026-09-17T00:49:25.036153Z DEBUG aiur::gpu_trace: CPU trace: circuit lacks generated CUDA coverage circuit=147 rows=226531
2026-09-17T00:49:25.061143Z DEBUG aiur::gpu_trace: CPU trace: circuit lacks generated CUDA coverage circuit=151 rows=800138
2026-09-17T00:49:25.064702Z DEBUG aiur::gpu_trace: CPU trace: circuit lacks generated CUDA coverage circuit=152 rows=665982
2026-09-17T00:49:25.118447Z DEBUG aiur::gpu_trace: CPU trace: circuit lacks generated CUDA coverage circuit=105 rows=444844
2026-09-17T00:49:25.140703Z DEBUG aiur::gpu_trace: CPU trace: circuit lacks generated CUDA coverage circuit=148 rows=257365
2026-09-17T00:49:25.193665Z DEBUG aiur::gpu_trace: CPU trace: circuit lacks generated CUDA coverage circuit=144 rows=230199
2026-09-17T00:49:25.204629Z DEBUG aiur::gpu_trace: CPU trace: circuit lacks generated CUDA coverage circuit=108 rows=530178
2026-09-17T00:49:25.218196Z DEBUG aiur::gpu_trace: CPU trace: circuit lacks generated CUDA coverage circuit=109 rows=1713363
2026-09-17T00:49:25.257615Z DEBUG aiur::gpu_trace: CPU trace: circuit lacks generated CUDA coverage circuit=184 rows=258488
2026-09-17T00:49:25.259253Z DEBUG aiur::gpu_trace: CPU trace: circuit lacks generated CUDA coverage circuit=142 rows=317897
2026-09-17T00:49:25.343527Z DEBUG aiur::gpu_trace: CPU trace: circuit lacks generated CUDA coverage circuit=115 rows=1339296
2026-09-17T00:49:25.389179Z DEBUG aiur::gpu_trace: CPU trace: circuit lacks generated CUDA coverage circuit=121 rows=438926
2026-09-17T00:49:25.455007Z DEBUG aiur::gpu_trace: CPU trace: circuit lacks generated CUDA coverage circuit=123 rows=226134
2026-09-17T00:49:25.469361Z DEBUG aiur::gpu_trace: CPU trace: circuit lacks generated CUDA coverage circuit=116 rows=822587
2026-09-17T00:49:25.514445Z DEBUG aiur::gpu_trace: CPU trace: circuit lacks generated CUDA coverage circuit=125 rows=532278
2026-09-17T00:49:25.561199Z DEBUG aiur/codegen_seeds{circuit=124 rows=61448}: aiur::trace_codegen::cuda: prepared generated CUDA trace circuit=124 rows=61448 width=98 seed_bytes=14213176 seed_spans=2
2026-09-17T00:49:26.742013Z DEBUG aiur::gpu_trace: CPU trace: circuit lacks generated CUDA coverage circuit=153 rows=1371
2026-09-17T00:49:26.742018Z DEBUG aiur::gpu_trace: CPU trace: circuit lacks generated CUDA coverage circuit=31 rows=2660
2026-09-17T00:49:26.742016Z DEBUG aiur::gpu_trace: CPU trace: circuit lacks generated CUDA coverage circuit=133 rows=213403
2026-09-17T00:49:26.742012Z DEBUG aiur::gpu_trace: CPU trace: circuit lacks generated CUDA coverage circuit=76 rows=50726
2026-09-17T00:49:26.742012Z DEBUG aiur::gpu_trace: CPU trace: circuit lacks generated CUDA coverage circuit=51 rows=24976
2026-09-17T00:49:26.742017Z DEBUG aiur::gpu_trace: CPU trace: circuit lacks generated CUDA coverage circuit=9 rows=47216
2026-09-17T00:49:26.742019Z DEBUG aiur::gpu_trace: CPU trace: circuit lacks generated CUDA coverage circuit=4 rows=6787
2026-09-17T00:49:26.742012Z DEBUG aiur::gpu_trace: CPU trace: circuit lacks generated CUDA coverage circuit=1 rows=26755
2026-09-17T00:49:26.742013Z DEBUG aiur::gpu_trace: CPU trace: circuit lacks generated CUDA coverage circuit=60 rows=2232
2026-09-17T00:49:26.742285Z DEBUG aiur::gpu_trace: CPU trace: circuit lacks generated CUDA coverage circuit=8 rows=32832
2026-09-17T00:49:26.742320Z DEBUG aiur/codegen_seeds{circuit=63 rows=204}: aiur::trace_codegen::cuda: prepared generated CUDA trace circuit=63 rows=204 width=68 seed_bytes=42432 seed_spans=1
2026-09-17T00:49:26.742388Z DEBUG aiur::gpu_trace: CPU trace: circuit lacks generated CUDA coverage circuit=58 rows=8618
2026-09-17T00:49:26.742425Z DEBUG aiur::gpu_trace: CPU trace: circuit lacks generated CUDA coverage circuit=39 rows=156324
2026-09-17T00:49:26.742469Z DEBUG aiur::gpu_trace: CPU trace: circuit lacks generated CUDA coverage circuit=59 rows=98991
2026-09-17T00:49:26.742539Z DEBUG aiur::gpu_trace: CPU trace: circuit lacks generated CUDA coverage circuit=61 rows=9034
2026-09-17T00:49:26.742593Z DEBUG aiur::gpu_trace: CPU trace: circuit lacks generated CUDA coverage circuit=27 rows=1842
2026-09-17T00:49:26.742630Z DEBUG aiur::gpu_trace: CPU trace: circuit lacks generated CUDA coverage circuit=103 rows=253275
2026-09-17T00:49:26.742664Z DEBUG aiur::gpu_trace: CPU trace: circuit lacks generated CUDA coverage circuit=28 rows=4945
2026-09-17T00:49:26.742738Z DEBUG aiur::gpu_trace: CPU trace: circuit lacks generated CUDA coverage circuit=181 rows=382628
2026-09-17T00:49:26.742790Z DEBUG aiur::gpu_trace: CPU trace: circuit lacks generated CUDA coverage circuit=146 rows=91414
2026-09-17T00:49:26.742969Z DEBUG aiur::gpu_trace: CPU trace: circuit lacks generated CUDA coverage circuit=35 rows=75579
2026-09-17T00:49:26.743149Z DEBUG aiur::gpu_trace: CPU trace: circuit lacks generated CUDA coverage circuit=5 rows=377
2026-09-17T00:49:26.743301Z DEBUG aiur::gpu_trace: CPU trace: circuit lacks generated CUDA coverage circuit=143 rows=230042
2026-09-17T00:49:26.743341Z DEBUG aiur::gpu_trace: CPU trace: circuit lacks generated CUDA coverage circuit=67 rows=3174
2026-09-17T00:49:26.743392Z DEBUG aiur::gpu_trace: CPU trace: circuit lacks generated CUDA coverage circuit=30 rows=20321
2026-09-17T00:49:26.743619Z DEBUG aiur::gpu_trace: CPU trace: circuit lacks generated CUDA coverage circuit=48 rows=26035
2026-09-17T00:49:26.743615Z DEBUG aiur::gpu_trace: CPU trace: circuit lacks generated CUDA coverage circuit=17 rows=21861
2026-09-17T00:49:26.743742Z DEBUG aiur::gpu_trace: CPU trace: circuit lacks generated CUDA coverage circuit=55 rows=6878
2026-09-17T00:49:26.743747Z DEBUG aiur::gpu_trace: CPU trace: circuit lacks generated CUDA coverage circuit=62 rows=358
2026-09-17T00:49:26.743878Z DEBUG aiur::gpu_trace: CPU trace: circuit lacks generated CUDA coverage circuit=72 rows=11118
2026-09-17T00:49:26.744002Z DEBUG aiur::gpu_trace: CPU trace: circuit lacks generated CUDA coverage circuit=18 rows=22386
2026-09-17T00:49:26.744073Z DEBUG aiur::gpu_trace: CPU trace: circuit lacks generated CUDA coverage circuit=53 rows=22398
2026-09-17T00:49:26.744463Z DEBUG aiur::gpu_trace: CPU trace: circuit lacks generated CUDA coverage circuit=92 rows=101982
2026-09-17T00:49:26.746683Z DEBUG aiur::gpu_trace: CPU trace: circuit lacks generated CUDA coverage circuit=154 rows=30934
2026-09-17T00:49:26.746775Z DEBUG aiur::gpu_trace: CPU trace: circuit lacks generated CUDA coverage circuit=74 rows=188
2026-09-17T00:49:26.747306Z DEBUG aiur::gpu_trace: CPU trace: circuit lacks generated CUDA coverage circuit=49 rows=126383
2026-09-17T00:49:26.747858Z DEBUG aiur/codegen_seeds{circuit=56 rows=305}: aiur::trace_codegen::cuda: prepared generated CUDA trace circuit=56 rows=305 width=49 seed_bytes=24400 seed_spans=1
2026-09-17T00:49:26.748100Z DEBUG aiur::gpu_trace: CPU trace: circuit lacks generated CUDA coverage circuit=73 rows=19604
2026-09-17T00:49:26.748318Z DEBUG aiur::gpu_trace: CPU trace: circuit lacks generated CUDA coverage circuit=82 rows=103437
2026-09-17T00:49:26.751194Z DEBUG aiur::gpu_trace: CPU trace: circuit lacks generated CUDA coverage circuit=19 rows=59494
2026-09-17T00:49:26.753315Z DEBUG aiur::gpu_trace: CPU trace: circuit lacks generated CUDA coverage circuit=85 rows=1503
2026-09-17T00:49:26.754073Z DEBUG aiur::gpu_trace: CPU trace: circuit lacks generated CUDA coverage circuit=149 rows=227570
2026-09-17T00:49:26.755408Z DEBUG aiur::gpu_trace: CPU trace: circuit lacks generated CUDA coverage circuit=86 rows=6555
2026-09-17T00:49:26.765460Z DEBUG aiur::gpu_trace: CPU trace: circuit lacks generated CUDA coverage circuit=80 rows=49596
2026-09-17T00:49:26.767734Z DEBUG aiur::gpu_trace: CPU trace: circuit lacks generated CUDA coverage circuit=155 rows=28359
2026-09-17T00:49:26.768895Z DEBUG aiur::gpu_trace: CPU trace: circuit lacks generated CUDA coverage circuit=83 rows=43731
2026-09-17T00:49:26.769938Z DEBUG aiur/codegen_seeds{circuit=6 rows=28377}: aiur::trace_codegen::cuda: prepared generated CUDA trace circuit=6 rows=28377 width=63 seed_bytes=5236104 seed_spans=4
2026-09-17T00:49:26.780251Z DEBUG aiur::gpu_trace: CPU trace: circuit lacks generated CUDA coverage circuit=159 rows=15915
2026-09-17T00:49:26.783927Z DEBUG aiur::gpu_trace: CPU trace: circuit lacks generated CUDA coverage circuit=163 rows=137801
2026-09-17T00:49:26.785856Z DEBUG aiur::gpu_trace: CPU trace: circuit lacks generated CUDA coverage circuit=78 rows=11710
2026-09-17T00:49:26.788623Z DEBUG aiur::gpu_trace: CPU trace: circuit lacks generated CUDA coverage circuit=160 rows=16540
2026-09-17T00:49:26.797904Z DEBUG aiur/codegen_seeds{circuit=32 rows=235824}: aiur::trace_codegen::cuda: prepared generated CUDA trace circuit=32 rows=235824 width=21 seed_bytes=9645064 seed_spans=7
2026-09-17T00:49:26.829503Z DEBUG aiur::gpu_trace: CPU trace: circuit lacks generated CUDA coverage circuit=96 rows=64465
2026-09-17T00:49:26.830773Z DEBUG aiur::gpu_trace: CPU trace: circuit lacks generated CUDA coverage circuit=98 rows=194729
2026-09-17T00:49:26.830956Z DEBUG aiur::gpu_trace: CPU trace: circuit lacks generated CUDA coverage circuit=93 rows=28376
2026-09-17T00:49:26.831397Z DEBUG aiur::gpu_trace: CPU trace: circuit lacks generated CUDA coverage circuit=100 rows=130928
2026-09-17T00:49:26.831976Z DEBUG aiur::gpu_trace: CPU trace: circuit lacks generated CUDA coverage circuit=97 rows=195012
2026-09-17T00:49:26.839012Z DEBUG aiur::gpu_trace: CPU trace: circuit lacks generated CUDA coverage circuit=99 rows=144762
2026-09-17T00:49:28.326508Z DEBUG aiur::gpu_trace: CPU trace: circuit lacks generated CUDA coverage circuit=75 rows=33
2026-09-17T00:49:28.327257Z DEBUG aiur::gpu_trace: CPU trace: circuit lacks generated CUDA coverage circuit=79 rows=2
2026-09-17T00:49:28.327390Z DEBUG aiur::gpu_trace: CPU trace: circuit lacks generated CUDA coverage circuit=90 rows=75467
2026-09-17T00:49:28.327500Z DEBUG aiur::gpu_trace: CPU trace: circuit lacks generated CUDA coverage circuit=176 rows=1
2026-09-17T00:49:28.379372Z DEBUG aiur/codegen_seeds{circuit=16 rows=1048576}: aiur::trace_codegen::cuda: prepared generated CUDA trace circuit=16 rows=1048576 width=533 seed_bytes=184549376 seed_spans=16
2026-09-17T00:49:28.573460Z DEBUG aiur/codegen_seeds{circuit=117 rows=12699666}: aiur::trace_codegen::cuda: prepared generated CUDA trace circuit=117 rows=12699666 width=15 seed_bytes=609583968 seed_spans=194
2026-09-17T00:49:28.574249Z DEBUG aiur::gpu_trace: CPU trace: circuit lacks generated CUDA coverage circuit=3 rows=7
2026-09-17T00:49:28.574280Z DEBUG aiur::gpu_trace: CPU trace: circuit lacks generated CUDA coverage circuit=7 rows=13162
2026-09-17T00:49:28.574855Z DEBUG aiur::gpu_trace: CPU trace: circuit lacks generated CUDA coverage circuit=129 rows=339422
2026-09-17T00:49:28.575303Z DEBUG aiur::gpu_trace: CPU trace: circuit lacks generated CUDA coverage circuit=136 rows=31882
2026-09-17T00:49:28.576267Z DEBUG aiur::gpu_trace: CPU trace: circuit lacks generated CUDA coverage circuit=57 rows=304
2026-09-17T00:49:28.576474Z DEBUG aiur::gpu_trace: CPU trace: circuit lacks generated CUDA coverage circuit=91 rows=5100597
2026-09-17T00:49:28.576508Z DEBUG aiur::gpu_trace: CPU trace: circuit lacks generated CUDA coverage circuit=64 rows=99
2026-09-17T00:49:28.621873Z DEBUG aiur/codegen_seeds{circuit=16 rows=1048576}: aiur::trace_codegen::cuda: prepared generated CUDA trace circuit=16 rows=1048576 width=533 seed_bytes=184549376 seed_spans=16
2026-09-17T00:49:31.178177Z DEBUG aiur::gpu_trace: CPU trace: circuit lacks generated CUDA coverage circuit=77 rows=15
2026-09-17T00:49:31.178412Z DEBUG aiur::gpu_trace: CPU trace: circuit lacks generated CUDA coverage circuit=26 rows=19
2026-09-17T00:49:31.179374Z DEBUG aiur::gpu_trace: CPU trace: circuit lacks generated CUDA coverage circuit=22 rows=31
2026-09-17T00:49:31.180775Z DEBUG aiur::gpu_trace: CPU trace: circuit lacks generated CUDA coverage circuit=150 rows=1145750
2026-09-17T00:49:31.226260Z DEBUG aiur/codegen_seeds{circuit=16 rows=1048576}: aiur::trace_codegen::cuda: prepared generated CUDA trace circuit=16 rows=1048576 width=533 seed_bytes=184549376 seed_spans=16
2026-09-17T00:49:31.788096Z DEBUG aiur/codegen_seeds{circuit=12 rows=16777216}: aiur::trace_codegen::cuda: prepared generated CUDA trace circuit=12 rows=16777216 width=17 seed_bytes=1342177280 seed_spans=256
2026-09-17T00:49:34.214381Z DEBUG aiur::gpu_trace: CPU trace: circuit lacks generated CUDA coverage circuit=68 rows=16
2026-09-17T00:49:34.214740Z DEBUG aiur::gpu_trace: CPU trace: circuit lacks generated CUDA coverage circuit=94 rows=15788
2026-09-17T00:49:34.214781Z DEBUG aiur::gpu_trace: CPU trace: circuit lacks generated CUDA coverage circuit=126 rows=446516
2026-09-17T00:49:34.214941Z DEBUG aiur::gpu_trace: CPU trace: circuit lacks generated CUDA coverage circuit=158 rows=8712
2026-09-17T00:49:34.251800Z DEBUG aiur/codegen_seeds{circuit=16 rows=905944}: aiur::trace_codegen::cuda: prepared generated CUDA trace circuit=16 rows=905944 width=533 seed_bytes=159446144 seed_spans=14
2026-09-17T00:49:34.662289Z DEBUG aiur/codegen_seeds{circuit=12 rows=11961305}: aiur::trace_codegen::cuda: prepared generated CUDA trace circuit=12 rows=11961305 width=17 seed_bytes=956904400 seed_spans=183
2026-09-17T00:49:36.973662Z DEBUG aiur::gpu_trace: CPU trace: circuit lacks generated CUDA coverage circuit=47 rows=362339
2026-09-17T00:49:36.974826Z DEBUG aiur::gpu_trace: CPU trace: circuit lacks generated CUDA coverage circuit=69 rows=16
2026-09-17T00:49:36.975009Z DEBUG aiur::gpu_trace: CPU trace: circuit lacks generated CUDA coverage circuit=70 rows=16
2026-09-17T00:49:36.975437Z DEBUG aiur::gpu_trace: CPU trace: circuit lacks generated CUDA coverage circuit=71 rows=16
2026-09-17T00:49:36.975746Z DEBUG aiur::gpu_trace: CPU trace: circuit lacks generated CUDA coverage circuit=87 rows=12
2026-09-17T00:49:37.485627Z DEBUG aiur/codegen_seeds{circuit=119 rows=9771112}: aiur::trace_codegen::cuda: prepared generated CUDA trace circuit=119 rows=9771112 width=20 seed_bytes=547182272 seed_spans=150
2026-09-17T00:49:37.547005Z DEBUG aiur/codegen_seeds{circuit=38 rows=4629033}: aiur::trace_codegen::cuda: prepared generated CUDA trace circuit=38 rows=4629033 width=27 seed_bytes=851742072 seed_spans=71
2026-09-17T00:49:37.711401Z DEBUG aiur/codegen_seeds{circuit=42 rows=6586741}: aiur::trace_codegen::cuda: prepared generated CUDA trace circuit=42 rows=6586741 width=49 seed_bytes=1791593552 seed_spans=107
2026-09-17T00:49:39.651305Z DEBUG aiur::gpu_trace: CPU trace: circuit lacks generated CUDA coverage circuit=138 rows=713933
2026-09-17T00:49:40.089268Z DEBUG aiur/codegen_seeds{circuit=107 rows=5046546}: aiur::trace_codegen::cuda: prepared generated CUDA trace circuit=107 rows=5046546 width=23 seed_bytes=282606576 seed_spans=78
2026-09-17T00:49:40.090103Z DEBUG aiur/codegen_seeds{circuit=177 rows=6293918}: aiur::trace_codegen::cuda: prepared generated CUDA trace circuit=177 rows=6293918 width=10 seed_bytes=302108064 seed_spans=97
2026-09-17T00:49:40.099735Z DEBUG aiur/codegen_seeds{circuit=101 rows=5539615}: aiur::trace_codegen::cuda: prepared generated CUDA trace circuit=101 rows=5539615 width=19 seed_bytes=354535360 seed_spans=85
2026-09-17T00:49:40.135644Z DEBUG aiur/codegen_seeds{circuit=170 rows=15815678}: aiur::trace_codegen::cuda: prepared generated CUDA trace circuit=170 rows=15815678 width=11 seed_bytes=632627120 seed_spans=242
2026-09-17T00:49:40.138775Z DEBUG aiur/codegen_seeds{circuit=36 rows=6609473}: aiur::trace_codegen::cuda: prepared generated CUDA trace circuit=36 rows=6609473 width=25 seed_bytes=634509408 seed_spans=101
2026-09-17T00:49:43.223410Z DEBUG aiur::gpu_trace: CPU trace: circuit lacks generated CUDA coverage circuit=145 rows=257178
2026-09-17T00:49:43.544751Z DEBUG aiur/codegen_seeds{circuit=102 rows=1233322}: aiur::trace_codegen::cuda: prepared generated CUDA trace circuit=102 rows=1233322 width=43 seed_bytes=49332880 seed_spans=19
2026-09-17T00:49:43.566890Z DEBUG aiur/codegen_seeds{circuit=178 rows=4406516}: aiur::trace_codegen::cuda: prepared generated CUDA trace circuit=178 rows=4406516 width=10 seed_bytes=211512768 seed_spans=68
2026-09-17T00:49:43.571168Z DEBUG aiur/codegen_seeds{circuit=112 rows=3351648}: aiur::trace_codegen::cuda: prepared generated CUDA trace circuit=112 rows=3351648 width=31 seed_bytes=241318656 seed_spans=52
2026-09-17T00:49:43.591726Z DEBUG aiur/codegen_seeds{circuit=106 rows=5236793}: aiur::trace_codegen::cuda: prepared generated CUDA trace circuit=106 rows=5236793 width=9 seed_bytes=167577376 seed_spans=80
2026-09-17T00:49:43.595615Z DEBUG aiur/codegen_seeds{circuit=162 rows=2173375}: aiur::trace_codegen::cuda: prepared generated CUDA trace circuit=162 rows=2173375 width=33 seed_bytes=260805000 seed_spans=34
2026-09-17T00:49:43.635660Z DEBUG aiur/codegen_seeds{circuit=33 rows=6140427}: aiur::trace_codegen::cuda: prepared generated CUDA trace circuit=33 rows=6140427 width=18 seed_bytes=687727824 seed_spans=94
2026-09-17T00:49:46.387599Z DEBUG aiur::gpu_trace: CPU trace: circuit lacks generated CUDA coverage circuit=24 rows=908138
2026-09-17T00:49:46.388258Z DEBUG aiur::gpu_trace: CPU trace: circuit lacks generated CUDA coverage circuit=120 rows=2332114
2026-09-17T00:49:46.388350Z DEBUG aiur::gpu_trace: CPU trace: circuit lacks generated CUDA coverage circuit=20 rows=854779
2026-09-17T00:49:46.388961Z DEBUG aiur::gpu_trace: CPU trace: circuit lacks generated CUDA coverage circuit=40 rows=110945
2026-09-17T00:49:46.389429Z DEBUG aiur::gpu_trace: CPU trace: circuit lacks generated CUDA coverage circuit=167 rows=1873085
2026-09-17T00:49:46.390826Z DEBUG aiur::gpu_trace: CPU trace: circuit lacks generated CUDA coverage circuit=168 rows=1399631
2026-09-17T00:49:46.826327Z DEBUG aiur/codegen_seeds{circuit=15 rows=425142}: aiur::trace_codegen::cuda: prepared generated CUDA trace circuit=15 rows=425142 width=177 seed_bytes=173457936 seed_spans=11
2026-09-17T00:49:46.852161Z DEBUG aiur/codegen_seeds{circuit=183 rows=7272697}: aiur::trace_codegen::cuda: prepared generated CUDA trace circuit=183 rows=7272697 width=10 seed_bytes=349089456 seed_spans=111
2026-09-17T00:49:46.853555Z DEBUG aiur/codegen_seeds{circuit=13 rows=400257}: aiur::trace_codegen::cuda: prepared generated CUDA trace circuit=13 rows=400257 width=195 seed_bytes=339417936 seed_spans=21
2026-09-17T00:49:49.598019Z DEBUG aiur::gpu_trace: CPU trace: circuit lacks generated CUDA coverage circuit=179 rows=2959760
2026-09-17T00:49:49.598018Z DEBUG aiur::gpu_trace: CPU trace: circuit lacks generated CUDA coverage circuit=166 rows=1607107
2026-09-17T00:49:49.598501Z DEBUG aiur::gpu_trace: CPU trace: circuit lacks generated CUDA coverage circuit=44 rows=384342
2026-09-17T00:49:49.599673Z DEBUG aiur::gpu_trace: CPU trace: circuit lacks generated CUDA coverage circuit=110 rows=1209604
2026-09-17T00:49:49.599684Z DEBUG aiur::gpu_trace: CPU trace: circuit lacks generated CUDA coverage circuit=134 rows=239238
2026-09-17T00:49:49.599918Z DEBUG aiur::gpu_trace: CPU trace: circuit lacks generated CUDA coverage circuit=50 rows=3316
2026-09-17T00:49:49.600121Z DEBUG aiur::gpu_trace: CPU trace: circuit lacks generated CUDA coverage circuit=113 rows=1097921
2026-09-17T00:49:49.600260Z DEBUG aiur::gpu_trace: CPU trace: circuit lacks generated CUDA coverage circuit=122 rows=1662709
2026-09-17T00:49:49.600275Z DEBUG aiur::gpu_trace: CPU trace: circuit lacks generated CUDA coverage circuit=34 rows=1152953
2026-09-17T00:49:49.600584Z DEBUG aiur::gpu_trace: CPU trace: circuit lacks generated CUDA coverage circuit=135 rows=3998
2026-09-17T00:49:49.601072Z DEBUG aiur::gpu_trace: CPU trace: circuit lacks generated CUDA coverage circuit=37 rows=1081649
2026-09-17T00:49:50.258050Z DEBUG aiur/codegen_seeds{circuit=111 rows=3555642}: aiur::trace_codegen::cuda: prepared generated CUDA trace circuit=111 rows=3555642 width=11 seed_bytes=142225680 seed_spans=55
2026-09-17T00:49:50.258800Z DEBUG aiur/codegen_seeds{circuit=88 rows=2419252}: aiur::trace_codegen::cuda: prepared generated CUDA trace circuit=88 rows=2419252 width=10 seed_bytes=116124096 seed_spans=37
2026-09-17T00:49:50.259924Z DEBUG aiur/codegen_seeds{circuit=118 rows=3297187}: aiur::trace_codegen::cuda: prepared generated CUDA trace circuit=118 rows=3297187 width=10 seed_bytes=158264976 seed_spans=51
2026-09-17T00:49:50.262801Z DEBUG aiur/codegen_seeds{circuit=180 rows=3622920}: aiur::trace_codegen::cuda: prepared generated CUDA trace circuit=180 rows=3622920 width=8 seed_bytes=173900160 seed_spans=56
2026-09-17T00:49:50.262984Z DEBUG aiur/codegen_seeds{circuit=54 rows=3372270}: aiur::trace_codegen::cuda: prepared generated CUDA trace circuit=54 rows=3372270 width=11 seed_bytes=188847120 seed_spans=52
2026-09-17T00:49:50.285200Z DEBUG aiur/codegen_seeds{circuit=45 rows=1507309}: aiur::trace_codegen::cuda: prepared generated CUDA trace circuit=45 rows=1507309 width=26 seed_bytes=265286384 seed_spans=23
2026-09-17T00:49:53.790115Z DEBUG aiur::gpu_trace: CPU trace: circuit lacks generated CUDA coverage circuit=0 rows=136036
2026-09-17T00:49:53.790149Z DEBUG aiur::gpu_trace: CPU trace: circuit lacks generated CUDA coverage circuit=127 rows=436663
2026-09-17T00:49:53.790152Z DEBUG aiur::gpu_trace: CPU trace: circuit lacks generated CUDA coverage circuit=89 rows=99720
2026-09-17T00:49:53.790149Z DEBUG aiur::gpu_trace: CPU trace: circuit lacks generated CUDA coverage circuit=14 rows=1101513
2026-09-17T00:49:53.790149Z DEBUG aiur::gpu_trace: CPU trace: circuit lacks generated CUDA coverage circuit=2 rows=186190
2026-09-17T00:49:53.790154Z DEBUG aiur::gpu_trace: CPU trace: circuit lacks generated CUDA coverage circuit=25 rows=68380
2026-09-17T00:49:53.790170Z DEBUG aiur::gpu_trace: CPU trace: circuit lacks generated CUDA coverage circuit=114 rows=431091
2026-09-17T00:49:53.790185Z DEBUG aiur::gpu_trace: CPU trace: circuit lacks generated CUDA coverage circuit=10 rows=36458
2026-09-17T00:49:53.790592Z DEBUG aiur::gpu_trace: CPU trace: circuit lacks generated CUDA coverage circuit=147 rows=226531
2026-09-17T00:49:53.790812Z DEBUG aiur::gpu_trace: CPU trace: circuit lacks generated CUDA coverage circuit=23 rows=83894
2026-09-17T00:49:53.790876Z DEBUG aiur::gpu_trace: CPU trace: circuit lacks generated CUDA coverage circuit=81 rows=111119
2026-09-17T00:49:53.790999Z DEBUG aiur::gpu_trace: CPU trace: circuit lacks generated CUDA coverage circuit=65 rows=94436
2026-09-17T00:49:53.791055Z DEBUG aiur::gpu_trace: CPU trace: circuit lacks generated CUDA coverage circuit=130 rows=235475
2026-09-17T00:49:53.791063Z DEBUG aiur::gpu_trace: CPU trace: circuit lacks generated CUDA coverage circuit=131 rows=391965
2026-09-17T00:49:53.791074Z DEBUG aiur::gpu_trace: CPU trace: circuit lacks generated CUDA coverage circuit=104 rows=179314
2026-09-17T00:49:53.791229Z DEBUG aiur::gpu_trace: CPU trace: circuit lacks generated CUDA coverage circuit=52 rows=153516
2026-09-17T00:49:53.791394Z DEBUG aiur::gpu_trace: CPU trace: circuit lacks generated CUDA coverage circuit=144 rows=230199
2026-09-17T00:49:53.791474Z DEBUG aiur::gpu_trace: CPU trace: circuit lacks generated CUDA coverage circuit=151 rows=800138
2026-09-17T00:49:53.791513Z DEBUG aiur::gpu_trace: CPU trace: circuit lacks generated CUDA coverage circuit=95 rows=24713
2026-09-17T00:49:53.791524Z DEBUG aiur::gpu_trace: CPU trace: circuit lacks generated CUDA coverage circuit=108 rows=530178
2026-09-17T00:49:53.791567Z DEBUG aiur::gpu_trace: CPU trace: circuit lacks generated CUDA coverage circuit=66 rows=753
2026-09-17T00:49:53.791598Z DEBUG aiur::gpu_trace: CPU trace: circuit lacks generated CUDA coverage circuit=105 rows=444844
2026-09-17T00:49:53.791666Z DEBUG aiur::gpu_trace: CPU trace: circuit lacks generated CUDA coverage circuit=128 rows=230802
2026-09-17T00:49:53.791773Z DEBUG aiur::gpu_trace: CPU trace: circuit lacks generated CUDA coverage circuit=141 rows=266407
2026-09-17T00:49:53.791805Z DEBUG aiur::gpu_trace: CPU trace: circuit lacks generated CUDA coverage circuit=156 rows=227970
2026-09-17T00:49:53.791849Z DEBUG aiur::gpu_trace: CPU trace: circuit lacks generated CUDA coverage circuit=121 rows=438926
2026-09-17T00:49:53.791935Z DEBUG aiur::gpu_trace: CPU trace: circuit lacks generated CUDA coverage circuit=137 rows=227483
2026-09-17T00:49:53.791952Z DEBUG aiur::gpu_trace: CPU trace: circuit lacks generated CUDA coverage circuit=182 rows=460244
2026-09-17T00:49:53.792289Z DEBUG aiur::gpu_trace: CPU trace: circuit lacks generated CUDA coverage circuit=41 rows=415072
2026-09-17T00:49:53.793906Z DEBUG aiur::gpu_trace: CPU trace: circuit lacks generated CUDA coverage circuit=152 rows=665982
2026-09-17T00:49:53.795117Z DEBUG aiur::gpu_trace: CPU trace: circuit lacks generated CUDA coverage circuit=123 rows=226134
2026-09-17T00:49:53.928586Z DEBUG aiur::gpu_trace: CPU trace: circuit lacks generated CUDA coverage circuit=11 rows=169166
2026-09-17T00:49:53.938336Z DEBUG aiur::gpu_trace: CPU trace: circuit lacks generated CUDA coverage circuit=169 rows=1313302
2026-09-17T00:49:53.944427Z DEBUG aiur/codegen_seeds{circuit=140 rows=474228}: aiur::trace_codegen::cuda: prepared generated CUDA trace circuit=140 rows=474228 width=25 seed_bytes=17111760 seed_spans=8
2026-09-17T00:49:53.946007Z DEBUG aiur::gpu_trace: CPU trace: circuit lacks generated CUDA coverage circuit=125 rows=532278
2026-09-17T00:49:54.003433Z DEBUG aiur/codegen_seeds{circuit=124 rows=61448}: aiur::trace_codegen::cuda: prepared generated CUDA trace circuit=124 rows=61448 width=98 seed_bytes=14213176 seed_spans=2
2026-09-17T00:49:54.003468Z DEBUG aiur::gpu_trace: CPU trace: circuit lacks generated CUDA coverage circuit=148 rows=257365
2026-09-17T00:49:54.092485Z DEBUG aiur::gpu_trace: CPU trace: circuit lacks generated CUDA coverage circuit=161 rows=189170
2026-09-17T00:49:54.108056Z DEBUG aiur::gpu_trace: CPU trace: circuit lacks generated CUDA coverage circuit=184 rows=258488
2026-09-17T00:49:54.118473Z DEBUG aiur::gpu_trace: CPU trace: circuit lacks generated CUDA coverage circuit=139 rows=217573
2026-09-17T00:49:54.144776Z DEBUG aiur::gpu_trace: CPU trace: circuit lacks generated CUDA coverage circuit=157 rows=237378
2026-09-17T00:49:54.252594Z DEBUG aiur::gpu_trace: CPU trace: circuit lacks generated CUDA coverage circuit=115 rows=1339296
2026-09-17T00:49:54.261575Z DEBUG aiur::gpu_trace: CPU trace: circuit lacks generated CUDA coverage circuit=164 rows=780872
2026-09-17T00:49:54.280499Z DEBUG aiur::gpu_trace: CPU trace: circuit lacks generated CUDA coverage circuit=109 rows=1713363
2026-09-17T00:49:54.322442Z DEBUG aiur::gpu_trace: CPU trace: circuit lacks generated CUDA coverage circuit=142 rows=317897
2026-09-17T00:49:54.326248Z DEBUG aiur::gpu_trace: CPU trace: circuit lacks generated CUDA coverage circuit=132 rows=1097053
2026-09-17T00:49:54.370812Z DEBUG aiur::gpu_trace: CPU trace: circuit lacks generated CUDA coverage circuit=116 rows=822587
2026-09-17T00:49:54.487788Z DEBUG aiur::gpu_trace: CPU trace: circuit lacks generated CUDA coverage circuit=46 rows=165428
2026-09-17T00:49:54.552179Z DEBUG aiur::gpu_trace: CPU trace: circuit lacks generated CUDA coverage circuit=43 rows=65569
2026-09-17T00:49:57.571658Z DEBUG aiur::gpu_trace: CPU trace: circuit lacks generated CUDA coverage circuit=1 rows=26755
2026-09-17T00:49:57.571689Z DEBUG aiur::gpu_trace: CPU trace: circuit lacks generated CUDA coverage circuit=18 rows=22386
2026-09-17T00:49:57.571695Z DEBUG aiur::gpu_trace: CPU trace: circuit lacks generated CUDA coverage circuit=31 rows=2660
2026-09-17T00:49:57.571693Z DEBUG aiur::gpu_trace: CPU trace: circuit lacks generated CUDA coverage circuit=76 rows=50726
2026-09-17T00:49:57.571691Z DEBUG aiur::gpu_trace: CPU trace: circuit lacks generated CUDA coverage circuit=51 rows=24976
2026-09-17T00:49:57.571694Z DEBUG aiur::gpu_trace: CPU trace: circuit lacks generated CUDA coverage circuit=133 rows=213403
2026-09-17T00:49:57.571691Z DEBUG aiur::gpu_trace: CPU trace: circuit lacks generated CUDA coverage circuit=92 rows=101982
2026-09-17T00:49:57.571699Z DEBUG aiur::gpu_trace: CPU trace: circuit lacks generated CUDA coverage circuit=82 rows=103437
2026-09-17T00:49:57.571723Z DEBUG aiur::gpu_trace: CPU trace: circuit lacks generated CUDA coverage circuit=85 rows=1503
2026-09-17T00:49:57.571742Z DEBUG aiur::gpu_trace: CPU trace: circuit lacks generated CUDA coverage circuit=159 rows=15915
2026-09-17T00:49:57.571699Z DEBUG aiur::gpu_trace: CPU trace: circuit lacks generated CUDA coverage circuit=153 rows=1371
2026-09-17T00:49:57.571951Z DEBUG aiur/codegen_seeds{circuit=63 rows=204}: aiur::trace_codegen::cuda: prepared generated CUDA trace circuit=63 rows=204 width=68 seed_bytes=42432 seed_spans=1
2026-09-17T00:49:57.572337Z DEBUG aiur::gpu_trace: CPU trace: circuit lacks generated CUDA coverage circuit=103 rows=253275
2026-09-17T00:49:57.572363Z DEBUG aiur::gpu_trace: CPU trace: circuit lacks generated CUDA coverage circuit=4 rows=6787
2026-09-17T00:49:57.572385Z DEBUG aiur::gpu_trace: CPU trace: circuit lacks generated CUDA coverage circuit=181 rows=382628
2026-09-17T00:49:57.572459Z DEBUG aiur::gpu_trace: CPU trace: circuit lacks generated CUDA coverage circuit=96 rows=64465
2026-09-17T00:49:57.572628Z DEBUG aiur::gpu_trace: CPU trace: circuit lacks generated CUDA coverage circuit=72 rows=11118
2026-09-17T00:49:57.572665Z DEBUG aiur::gpu_trace: CPU trace: circuit lacks generated CUDA coverage circuit=39 rows=156324
2026-09-17T00:49:57.572798Z DEBUG aiur::gpu_trace: CPU trace: circuit lacks generated CUDA coverage circuit=154 rows=30934
2026-09-17T00:49:57.572862Z DEBUG aiur::gpu_trace: CPU trace: circuit lacks generated CUDA coverage circuit=143 rows=230042
2026-09-17T00:49:57.572928Z DEBUG aiur::gpu_trace: CPU trace: circuit lacks generated CUDA coverage circuit=27 rows=1842
2026-09-17T00:49:57.572973Z DEBUG aiur::gpu_trace: CPU trace: circuit lacks generated CUDA coverage circuit=74 rows=188
2026-09-17T00:49:57.572981Z DEBUG aiur::gpu_trace: CPU trace: circuit lacks generated CUDA coverage circuit=17 rows=21861
2026-09-17T00:49:57.573066Z DEBUG aiur::gpu_trace: CPU trace: circuit lacks generated CUDA coverage circuit=146 rows=91414
2026-09-17T00:49:57.573111Z DEBUG aiur::gpu_trace: CPU trace: circuit lacks generated CUDA coverage circuit=67 rows=3174
2026-09-17T00:49:57.573276Z DEBUG aiur::gpu_trace: CPU trace: circuit lacks generated CUDA coverage circuit=48 rows=26035
2026-09-17T00:49:57.573382Z DEBUG aiur::gpu_trace: CPU trace: circuit lacks generated CUDA coverage circuit=83 rows=43731
2026-09-17T00:49:57.573449Z DEBUG aiur::gpu_trace: CPU trace: circuit lacks generated CUDA coverage circuit=5 rows=377
2026-09-17T00:49:57.573748Z DEBUG aiur::gpu_trace: CPU trace: circuit lacks generated CUDA coverage circuit=80 rows=49596
2026-09-17T00:49:57.573845Z DEBUG aiur::gpu_trace: CPU trace: circuit lacks generated CUDA coverage circuit=86 rows=6555
2026-09-17T00:49:57.573919Z DEBUG aiur::gpu_trace: CPU trace: circuit lacks generated CUDA coverage circuit=78 rows=11710
2026-09-17T00:49:57.574454Z DEBUG aiur::gpu_trace: CPU trace: circuit lacks generated CUDA coverage circuit=155 rows=28359
2026-09-17T00:49:57.576224Z DEBUG aiur::gpu_trace: CPU trace: circuit lacks generated CUDA coverage circuit=35 rows=75579
2026-09-17T00:49:57.577168Z DEBUG aiur::gpu_trace: CPU trace: circuit lacks generated CUDA coverage circuit=9 rows=47216
2026-09-17T00:49:57.577313Z DEBUG aiur::gpu_trace: CPU trace: circuit lacks generated CUDA coverage circuit=163 rows=137801
2026-09-17T00:49:57.580132Z DEBUG aiur::gpu_trace: CPU trace: circuit lacks generated CUDA coverage circuit=28 rows=4945
2026-09-17T00:49:57.581223Z DEBUG aiur::gpu_trace: CPU trace: circuit lacks generated CUDA coverage circuit=49 rows=126383
2026-09-17T00:49:57.584858Z DEBUG aiur::gpu_trace: CPU trace: circuit lacks generated CUDA coverage circuit=73 rows=19604
2026-09-17T00:49:57.585902Z DEBUG aiur::gpu_trace: CPU trace: circuit lacks generated CUDA coverage circuit=93 rows=28376
2026-09-17T00:49:57.586401Z DEBUG aiur::gpu_trace: CPU trace: circuit lacks generated CUDA coverage circuit=8 rows=32832
2026-09-17T00:49:57.587802Z DEBUG aiur::gpu_trace: CPU trace: circuit lacks generated CUDA coverage circuit=30 rows=20321
2026-09-17T00:49:57.595971Z DEBUG aiur::gpu_trace: CPU trace: circuit lacks generated CUDA coverage circuit=19 rows=59494
2026-09-17T00:49:57.600842Z DEBUG aiur::gpu_trace: CPU trace: circuit lacks generated CUDA coverage circuit=58 rows=8618
2026-09-17T00:49:57.603542Z DEBUG aiur/codegen_seeds{circuit=6 rows=28377}: aiur::trace_codegen::cuda: prepared generated CUDA trace circuit=6 rows=28377 width=63 seed_bytes=5236104 seed_spans=4
2026-09-17T00:49:57.603569Z DEBUG aiur::gpu_trace: CPU trace: circuit lacks generated CUDA coverage circuit=98 rows=194729
2026-09-17T00:49:57.613586Z DEBUG aiur::gpu_trace: CPU trace: circuit lacks generated CUDA coverage circuit=59 rows=98991
2026-09-17T00:49:57.618845Z DEBUG aiur::gpu_trace: CPU trace: circuit lacks generated CUDA coverage circuit=160 rows=16540
2026-09-17T00:49:57.627904Z DEBUG aiur::gpu_trace: CPU trace: circuit lacks generated CUDA coverage circuit=55 rows=6878
2026-09-17T00:49:57.628796Z DEBUG aiur::gpu_trace: CPU trace: circuit lacks generated CUDA coverage circuit=100 rows=130928
2026-09-17T00:49:57.634210Z DEBUG aiur::gpu_trace: CPU trace: circuit lacks generated CUDA coverage circuit=99 rows=144762
2026-09-17T00:49:57.635176Z DEBUG aiur::gpu_trace: CPU trace: circuit lacks generated CUDA coverage circuit=149 rows=227570
2026-09-17T00:49:57.635952Z DEBUG aiur::gpu_trace: CPU trace: circuit lacks generated CUDA coverage circuit=97 rows=195012
2026-09-17T00:49:57.638271Z DEBUG aiur::gpu_trace: CPU trace: circuit lacks generated CUDA coverage circuit=60 rows=2232
2026-09-17T00:49:57.638766Z DEBUG aiur/codegen_seeds{circuit=56 rows=305}: aiur::trace_codegen::cuda: prepared generated CUDA trace circuit=56 rows=305 width=49 seed_bytes=24400 seed_spans=1
2026-09-17T00:49:57.638781Z DEBUG aiur::gpu_trace: CPU trace: circuit lacks generated CUDA coverage circuit=61 rows=9034
2026-09-17T00:49:57.640671Z DEBUG aiur::gpu_trace: CPU trace: circuit lacks generated CUDA coverage circuit=62 rows=358
2026-09-17T00:49:57.654141Z DEBUG aiur::gpu_trace: CPU trace: circuit lacks generated CUDA coverage circuit=53 rows=22398
2026-09-17T00:49:57.660750Z DEBUG aiur/codegen_seeds{circuit=32 rows=235824}: aiur::trace_codegen::cuda: prepared generated CUDA trace circuit=32 rows=235824 width=21 seed_bytes=9645064 seed_spans=7
[lanes] worker 0: claim 0 proven at +161s (3 left)
[lanes] worker 0: claim 2 proving started at +161s
2026-09-17T00:50:02.341656Z DEBUG aiur::gpu_trace: CPU trace: circuit lacks generated CUDA coverage circuit=79 rows=2
2026-09-17T00:50:02.341965Z DEBUG aiur::gpu_trace: CPU trace: circuit lacks generated CUDA coverage circuit=90 rows=88211
2026-09-17T00:50:02.342569Z DEBUG aiur/codegen_seeds{circuit=56 rows=99}: aiur::trace_codegen::cuda: prepared generated CUDA trace circuit=56 rows=99 width=49 seed_bytes=7920 seed_spans=1
2026-09-17T00:50:02.343322Z DEBUG aiur::gpu_trace: CPU trace: circuit lacks generated CUDA coverage circuit=176 rows=1
2026-09-17T00:50:02.394004Z DEBUG aiur/codegen_seeds{circuit=16 rows=1048576}: aiur::trace_codegen::cuda: prepared generated CUDA trace circuit=16 rows=1048576 width=533 seed_bytes=184549376 seed_spans=16
2026-09-17T00:50:02.664446Z DEBUG aiur/codegen_seeds{circuit=117 rows=15066656}: aiur::trace_codegen::cuda: prepared generated CUDA trace circuit=117 rows=15066656 width=15 seed_bytes=723199488 seed_spans=230
2026-09-17T00:50:02.665278Z DEBUG aiur::gpu_trace: CPU trace: circuit lacks generated CUDA coverage circuit=3 rows=9
2026-09-17T00:50:02.665337Z DEBUG aiur::gpu_trace: CPU trace: circuit lacks generated CUDA coverage circuit=153 rows=1191
2026-09-17T00:50:02.665345Z DEBUG aiur::gpu_trace: CPU trace: circuit lacks generated CUDA coverage circuit=22 rows=29
2026-09-17T00:50:02.665584Z DEBUG aiur/codegen_seeds{circuit=63 rows=106}: aiur::trace_codegen::cuda: prepared generated CUDA trace circuit=63 rows=106 width=68 seed_bytes=22048 seed_spans=1
2026-09-17T00:50:02.665676Z DEBUG aiur::gpu_trace: CPU trace: circuit lacks generated CUDA coverage circuit=58 rows=2177
2026-09-17T00:50:02.666601Z DEBUG aiur::gpu_trace: CPU trace: circuit lacks generated CUDA coverage circuit=91 rows=4931554
2026-09-17T00:50:02.667916Z DEBUG aiur::gpu_trace: CPU trace: circuit lacks generated CUDA coverage circuit=156 rows=375191
2026-09-17T00:50:02.717373Z DEBUG aiur/codegen_seeds{circuit=16 rows=1048576}: aiur::trace_codegen::cuda: prepared generated CUDA trace circuit=16 rows=1048576 width=533 seed_bytes=184549376 seed_spans=16
2026-09-17T00:50:03.424015Z DEBUG aiur::gpu_trace: CPU trace: circuit lacks generated CUDA coverage circuit=26 rows=6
2026-09-17T00:50:03.424177Z DEBUG aiur::gpu_trace: CPU trace: circuit lacks generated CUDA coverage circuit=34 rows=907035
2026-09-17T00:50:03.424216Z DEBUG aiur::gpu_trace: CPU trace: circuit lacks generated CUDA coverage circuit=84 rows=5
2026-09-17T00:50:03.425558Z DEBUG aiur::gpu_trace: CPU trace: circuit lacks generated CUDA coverage circuit=60 rows=65
2026-09-17T00:50:03.467851Z DEBUG aiur/codegen_seeds{circuit=16 rows=1048576}: aiur::trace_codegen::cuda: prepared generated CUDA trace circuit=16 rows=1048576 width=533 seed_bytes=184549376 seed_spans=16
2026-09-17T00:50:03.965127Z DEBUG aiur/codegen_seeds{circuit=12 rows=16777216}: aiur::trace_codegen::cuda: prepared generated CUDA trace circuit=12 rows=16777216 width=17 seed_bytes=1342177280 seed_spans=256
2026-09-17T00:50:04.420292Z DEBUG aiur::gpu_trace: CPU trace: circuit lacks generated CUDA coverage circuit=89 rows=127640
2026-09-17T00:50:04.421077Z DEBUG aiur::gpu_trace: CPU trace: circuit lacks generated CUDA coverage circuit=64 rows=38
2026-09-17T00:50:04.421653Z DEBUG aiur::gpu_trace: CPU trace: circuit lacks generated CUDA coverage circuit=57 rows=98
2026-09-17T00:50:04.422056Z DEBUG aiur::gpu_trace: CPU trace: circuit lacks generated CUDA coverage circuit=68 rows=16
2026-09-17T00:50:04.953035Z DEBUG aiur/codegen_seeds{circuit=119 rows=11635949}: aiur::trace_codegen::cuda: prepared generated CUDA trace circuit=119 rows=11635949 width=20 seed_bytes=651613144 seed_spans=178
2026-09-17T00:50:04.993383Z DEBUG aiur/codegen_seeds{circuit=38 rows=4479712}: aiur::trace_codegen::cuda: prepared generated CUDA trace circuit=38 rows=4479712 width=27 seed_bytes=824267008 seed_spans=69
2026-09-17T00:50:05.115169Z DEBUG aiur/codegen_seeds{circuit=42 rows=6583335}: aiur::trace_codegen::cuda: prepared generated CUDA trace circuit=42 rows=6583335 width=49 seed_bytes=1790667120 seed_spans=107
2026-09-17T00:50:05.292316Z DEBUG aiur::gpu_trace: CPU trace: circuit lacks generated CUDA coverage circuit=77 rows=2
2026-09-17T00:50:05.293376Z DEBUG aiur::gpu_trace: CPU trace: circuit lacks generated CUDA coverage circuit=69 rows=15
2026-09-17T00:50:05.293602Z DEBUG aiur::gpu_trace: CPU trace: circuit lacks generated CUDA coverage circuit=97 rows=232051
2026-09-17T00:50:05.293880Z DEBUG aiur::gpu_trace: CPU trace: circuit lacks generated CUDA coverage circuit=70 rows=16
2026-09-17T00:50:05.294150Z DEBUG aiur::gpu_trace: CPU trace: circuit lacks generated CUDA coverage circuit=152 rows=650998
2026-09-17T00:50:05.294268Z DEBUG aiur::gpu_trace: CPU trace: circuit lacks generated CUDA coverage circuit=71 rows=16
2026-09-17T00:50:05.294475Z DEBUG aiur::gpu_trace: CPU trace: circuit lacks generated CUDA coverage circuit=75 rows=4
2026-09-17T00:50:05.730054Z DEBUG aiur/codegen_seeds{circuit=170 rows=11286266}: aiur::trace_codegen::cuda: prepared generated CUDA trace circuit=170 rows=11286266 width=11 seed_bytes=451450640 seed_spans=173
2026-09-17T00:50:05.739315Z DEBUG aiur/codegen_seeds{circuit=112 rows=6260162}: aiur::trace_codegen::cuda: prepared generated CUDA trace circuit=112 rows=6260162 width=31 seed_bytes=450731664 seed_spans=96
2026-09-17T00:50:05.754001Z DEBUG aiur/codegen_seeds{circuit=36 rows=6598250}: aiur::trace_codegen::cuda: prepared generated CUDA trace circuit=36 rows=6598250 width=25 seed_bytes=633432000 seed_spans=101
2026-09-17T00:50:05.764005Z DEBUG aiur/codegen_seeds{circuit=107 rows=7689358}: aiur::trace_codegen::cuda: prepared generated CUDA trace circuit=107 rows=7689358 width=23 seed_bytes=430604048 seed_spans=118
2026-09-17T00:50:06.409917Z DEBUG aiur::gpu_trace: CPU trace: circuit lacks generated CUDA coverage circuit=40 rows=120138
2026-09-17T00:50:06.673068Z DEBUG aiur/codegen_seeds{circuit=102 rows=1879966}: aiur::trace_codegen::cuda: prepared generated CUDA trace circuit=102 rows=1879966 width=43 seed_bytes=75198640 seed_spans=29
2026-09-17T00:50:06.695795Z DEBUG aiur/codegen_seeds{circuit=162 rows=2106830}: aiur::trace_codegen::cuda: prepared generated CUDA trace circuit=162 rows=2106830 width=33 seed_bytes=252819600 seed_spans=33
2026-09-17T00:50:06.725919Z DEBUG aiur/codegen_seeds{circuit=101 rows=6980607}: aiur::trace_codegen::cuda: prepared generated CUDA trace circuit=101 rows=6980607 width=19 seed_bytes=446758848 seed_spans=107
2026-09-17T00:50:06.728103Z DEBUG aiur/codegen_seeds{circuit=12 rows=6325048}: aiur::trace_codegen::cuda: prepared generated CUDA trace circuit=12 rows=6325048 width=17 seed_bytes=506003840 seed_spans=97
2026-09-17T00:50:07.372553Z DEBUG aiur::gpu_trace: CPU trace: circuit lacks generated CUDA coverage circuit=61 rows=6422
2026-09-17T00:50:07.372650Z DEBUG aiur::gpu_trace: CPU trace: circuit lacks generated CUDA coverage circuit=62 rows=184
2026-09-17T00:50:07.374076Z DEBUG aiur::gpu_trace: CPU trace: circuit lacks generated CUDA coverage circuit=85 rows=585
2026-09-17T00:50:07.872418Z DEBUG aiur/codegen_seeds{circuit=118 rows=3703715}: aiur::trace_codegen::cuda: prepared generated CUDA trace circuit=118 rows=3703715 width=10 seed_bytes=177778320 seed_spans=57
2026-09-17T00:50:07.883990Z DEBUG aiur/codegen_seeds{circuit=111 rows=6505080}: aiur::trace_codegen::cuda: prepared generated CUDA trace circuit=111 rows=6505080 width=11 seed_bytes=260203200 seed_spans=100
2026-09-17T00:50:07.887998Z DEBUG aiur/codegen_seeds{circuit=13 rows=339773}: aiur::trace_codegen::cuda: prepared generated CUDA trace circuit=13 rows=339773 width=195 seed_bytes=288127504 seed_spans=18
2026-09-17T00:50:07.905572Z DEBUG aiur/codegen_seeds{circuit=183 rows=7486634}: aiur::trace_codegen::cuda: prepared generated CUDA trace circuit=183 rows=7486634 width=10 seed_bytes=359358432 seed_spans=115
2026-09-17T00:50:07.921518Z DEBUG aiur/codegen_seeds{circuit=106 rows=7882444}: aiur::trace_codegen::cuda: prepared generated CUDA trace circuit=106 rows=7882444 width=9 seed_bytes=252238208 seed_spans=121
2026-09-17T00:50:07.924873Z DEBUG aiur/codegen_seeds{circuit=177 rows=6798544}: aiur::trace_codegen::cuda: prepared generated CUDA trace circuit=177 rows=6798544 width=10 seed_bytes=326330112 seed_spans=104
2026-09-17T00:50:07.960707Z DEBUG aiur/codegen_seeds{circuit=33 rows=7366504}: aiur::trace_codegen::cuda: prepared generated CUDA trace circuit=33 rows=7366504 width=18 seed_bytes=825048448 seed_spans=113
2026-09-17T00:50:08.510042Z DEBUG aiur::gpu_trace: CPU trace: circuit lacks generated CUDA coverage circuit=120 rows=2586271
2026-09-17T00:50:08.510043Z DEBUG aiur::gpu_trace: CPU trace: circuit lacks generated CUDA coverage circuit=108 rows=905603
2026-09-17T00:50:08.510463Z DEBUG aiur::gpu_trace: CPU trace: circuit lacks generated CUDA coverage circuit=67 rows=3047
2026-09-17T00:50:08.510576Z DEBUG aiur::gpu_trace: CPU trace: circuit lacks generated CUDA coverage circuit=83 rows=28481
2026-09-17T00:50:08.510844Z DEBUG aiur::gpu_trace: CPU trace: circuit lacks generated CUDA coverage circuit=109 rows=3151977
2026-09-17T00:50:08.511161Z DEBUG aiur::gpu_trace: CPU trace: circuit lacks generated CUDA coverage circuit=167 rows=1992255
2026-09-17T00:50:08.511788Z DEBUG aiur::gpu_trace: CPU trace: circuit lacks generated CUDA coverage circuit=24 rows=560736
2026-09-17T00:50:08.511861Z DEBUG aiur::gpu_trace: CPU trace: circuit lacks generated CUDA coverage circuit=168 rows=1611823
2026-09-17T00:50:08.512017Z DEBUG aiur::gpu_trace: CPU trace: circuit lacks generated CUDA coverage circuit=20 rows=528891
2026-09-17T00:50:08.512626Z DEBUG aiur::gpu_trace: CPU trace: circuit lacks generated CUDA coverage circuit=110 rows=2638124
2026-09-17T00:50:09.102568Z DEBUG aiur/codegen_seeds{circuit=16 rows=79824}: aiur::trace_codegen::cuda: prepared generated CUDA trace circuit=16 rows=79824 width=533 seed_bytes=14049024 seed_spans=2
2026-09-17T00:50:09.129627Z DEBUG aiur/codegen_seeds{circuit=54 rows=3652594}: aiur::trace_codegen::cuda: prepared generated CUDA trace circuit=54 rows=3652594 width=11 seed_bytes=204545264 seed_spans=56
2026-09-17T00:50:09.130112Z DEBUG aiur/codegen_seeds{circuit=15 rows=345283}: aiur::trace_codegen::cuda: prepared generated CUDA trace circuit=15 rows=345283 width=177 seed_bytes=140875464 seed_spans=9
2026-09-17T00:50:09.617009Z DEBUG aiur::gpu_trace: CPU trace: circuit lacks generated CUDA coverage circuit=19 rows=53132
2026-09-17T00:50:09.617009Z DEBUG aiur::gpu_trace: CPU trace: circuit lacks generated CUDA coverage circuit=179 rows=3061159
2026-09-17T00:50:09.617277Z DEBUG aiur::gpu_trace: CPU trace: circuit lacks generated CUDA coverage circuit=166 rows=1683279
2026-09-17T00:50:09.617695Z DEBUG aiur::gpu_trace: CPU trace: circuit lacks generated CUDA coverage circuit=44 rows=249606
2026-09-17T00:50:09.617800Z DEBUG aiur::gpu_trace: CPU trace: circuit lacks generated CUDA coverage circuit=115 rows=1509591
2026-09-17T00:50:09.617977Z DEBUG aiur::gpu_trace: CPU trace: circuit lacks generated CUDA coverage circuit=105 rows=479743
2026-09-17T00:50:09.618280Z DEBUG aiur::gpu_trace: CPU trace: circuit lacks generated CUDA coverage circuit=169 rows=1404773
2026-09-17T00:50:09.619017Z DEBUG aiur::gpu_trace: CPU trace: circuit lacks generated CUDA coverage circuit=113 rows=1850721
2026-09-17T00:50:09.619354Z DEBUG aiur::gpu_trace: CPU trace: circuit lacks generated CUDA coverage circuit=132 rows=1364805
2026-09-17T00:50:09.619399Z DEBUG aiur::gpu_trace: CPU trace: circuit lacks generated CUDA coverage circuit=134 rows=295238
2026-09-17T00:50:09.619633Z DEBUG aiur::gpu_trace: CPU trace: circuit lacks generated CUDA coverage circuit=137 rows=304108
2026-09-17T00:50:09.619695Z DEBUG aiur::gpu_trace: CPU trace: circuit lacks generated CUDA coverage circuit=135 rows=4327
2026-09-17T00:50:09.619871Z DEBUG aiur::gpu_trace: CPU trace: circuit lacks generated CUDA coverage circuit=122 rows=1676534
2026-09-17T00:50:09.619892Z DEBUG aiur::gpu_trace: CPU trace: circuit lacks generated CUDA coverage circuit=125 rows=538318
2026-09-17T00:50:09.619968Z DEBUG aiur::gpu_trace: CPU trace: circuit lacks generated CUDA coverage circuit=147 rows=285969
2026-09-17T00:50:09.620015Z DEBUG aiur::gpu_trace: CPU trace: circuit lacks generated CUDA coverage circuit=150 rows=1255693
2026-09-17T00:50:09.620178Z DEBUG aiur::gpu_trace: CPU trace: circuit lacks generated CUDA coverage circuit=37 rows=858034
2026-09-17T00:50:09.626608Z DEBUG aiur::gpu_trace: CPU trace: circuit lacks generated CUDA coverage circuit=138 rows=844040
2026-09-17T00:50:09.635829Z DEBUG aiur::gpu_trace: CPU trace: circuit lacks generated CUDA coverage circuit=126 rows=437729
2026-09-17T00:50:09.636358Z DEBUG aiur::gpu_trace: CPU trace: circuit lacks generated CUDA coverage circuit=116 rows=961712
2026-09-17T00:50:09.643666Z DEBUG aiur::gpu_trace: CPU trace: circuit lacks generated CUDA coverage circuit=184 rows=158891
2026-09-17T00:50:09.989407Z DEBUG aiur::gpu_trace: CPU trace: circuit lacks generated CUDA coverage circuit=151 rows=909410
2026-09-17T00:50:10.267030Z DEBUG aiur/codegen_seeds{circuit=140 rows=540493}: aiur::trace_codegen::cuda: prepared generated CUDA trace circuit=140 rows=540493 width=25 seed_bytes=19479240 seed_spans=10
2026-09-17T00:50:10.600196Z DEBUG aiur/codegen_seeds{circuit=88 rows=3001118}: aiur::trace_codegen::cuda: prepared generated CUDA trace circuit=88 rows=3001118 width=10 seed_bytes=144053664 seed_spans=46
2026-09-17T00:50:10.609497Z DEBUG aiur/codegen_seeds{circuit=178 rows=4158809}: aiur::trace_codegen::cuda: prepared generated CUDA trace circuit=178 rows=4158809 width=10 seed_bytes=199622832 seed_spans=64
2026-09-17T00:50:10.616993Z DEBUG aiur/codegen_seeds{circuit=180 rows=3602210}: aiur::trace_codegen::cuda: prepared generated CUDA trace circuit=180 rows=3602210 width=8 seed_bytes=172906080 seed_spans=55
2026-09-17T00:50:10.626935Z DEBUG aiur/codegen_seeds{circuit=45 rows=1579511}: aiur::trace_codegen::cuda: prepared generated CUDA trace circuit=45 rows=1579511 width=26 seed_bytes=277993936 seed_spans=25
2026-09-17T00:50:11.074326Z DEBUG aiur::gpu_trace: CPU trace: circuit lacks generated CUDA coverage circuit=0 rows=162420
2026-09-17T00:50:11.074364Z DEBUG aiur::gpu_trace: CPU trace: circuit lacks generated CUDA coverage circuit=182 rows=482112
2026-09-17T00:50:11.074364Z DEBUG aiur::gpu_trace: CPU trace: circuit lacks generated CUDA coverage circuit=1 rows=18432
2026-09-17T00:50:11.074368Z DEBUG aiur::gpu_trace: CPU trace: circuit lacks generated CUDA coverage circuit=82 rows=122500
2026-09-17T00:50:11.074370Z DEBUG aiur::gpu_trace: CPU trace: circuit lacks generated CUDA coverage circuit=127 rows=434509
2026-09-17T00:50:11.074368Z DEBUG aiur::gpu_trace: CPU trace: circuit lacks generated CUDA coverage circuit=76 rows=47808
2026-09-17T00:50:11.074368Z DEBUG aiur::gpu_trace: CPU trace: circuit lacks generated CUDA coverage circuit=114 rows=597833
2026-09-17T00:50:11.074370Z DEBUG aiur::gpu_trace: CPU trace: circuit lacks generated CUDA coverage circuit=25 rows=44061
2026-09-17T00:50:11.074373Z DEBUG aiur::gpu_trace: CPU trace: circuit lacks generated CUDA coverage circuit=18 rows=14298
2026-09-17T00:50:11.074417Z DEBUG aiur::gpu_trace: CPU trace: circuit lacks generated CUDA coverage circuit=51 rows=17021
2026-09-17T00:50:11.074432Z DEBUG aiur::gpu_trace: CPU trace: circuit lacks generated CUDA coverage circuit=159 rows=23171
2026-09-17T00:50:11.074764Z DEBUG aiur::gpu_trace: CPU trace: circuit lacks generated CUDA coverage circuit=4 rows=18957
2026-09-17T00:50:11.074773Z DEBUG aiur::gpu_trace: CPU trace: circuit lacks generated CUDA coverage circuit=103 rows=327531
2026-09-17T00:50:11.074816Z DEBUG aiur::gpu_trace: CPU trace: circuit lacks generated CUDA coverage circuit=2 rows=153453
2026-09-17T00:50:11.074871Z DEBUG aiur::gpu_trace: CPU trace: circuit lacks generated CUDA coverage circuit=121 rows=460545
2026-09-17T00:50:11.074928Z DEBUG aiur::gpu_trace: CPU trace: circuit lacks generated CUDA coverage circuit=154 rows=28644
2026-09-17T00:50:11.074976Z DEBUG aiur::gpu_trace: CPU trace: circuit lacks generated CUDA coverage circuit=86 rows=10372
2026-09-17T00:50:11.075015Z DEBUG aiur::gpu_trace: CPU trace: circuit lacks generated CUDA coverage circuit=123 rows=221681
2026-09-17T00:50:11.075038Z DEBUG aiur::gpu_trace: CPU trace: circuit lacks generated CUDA coverage circuit=17 rows=14235
2026-09-17T00:50:11.075162Z DEBUG aiur::gpu_trace: CPU trace: circuit lacks generated CUDA coverage circuit=14 rows=793076
2026-09-17T00:50:11.075164Z DEBUG aiur::gpu_trace: CPU trace: circuit lacks generated CUDA coverage circuit=80 rows=42321
2026-09-17T00:50:11.075173Z DEBUG aiur::gpu_trace: CPU trace: circuit lacks generated CUDA coverage circuit=59 rows=99846
2026-09-17T00:50:11.075245Z DEBUG aiur::gpu_trace: CPU trace: circuit lacks generated CUDA coverage circuit=65 rows=91747
2026-09-17T00:50:11.075290Z DEBUG aiur::gpu_trace: CPU trace: circuit lacks generated CUDA coverage circuit=92 rows=101041
2026-09-17T00:50:11.075421Z DEBUG aiur::gpu_trace: CPU trace: circuit lacks generated CUDA coverage circuit=104 rows=211082
2026-09-17T00:50:11.075613Z DEBUG aiur::gpu_trace: CPU trace: circuit lacks generated CUDA coverage circuit=181 rows=322610
2026-09-17T00:50:11.075717Z DEBUG aiur::gpu_trace: CPU trace: circuit lacks generated CUDA coverage circuit=9 rows=33736
2026-09-17T00:50:11.079141Z DEBUG aiur::gpu_trace: CPU trace: circuit lacks generated CUDA coverage circuit=55 rows=4178
2026-09-17T00:50:11.079384Z DEBUG aiur::gpu_trace: CPU trace: circuit lacks generated CUDA coverage circuit=5 rows=270
2026-09-17T00:50:11.079751Z DEBUG aiur::gpu_trace: CPU trace: circuit lacks generated CUDA coverage circuit=10 rows=33570
2026-09-17T00:50:11.093674Z DEBUG aiur::gpu_trace: CPU trace: circuit lacks generated CUDA coverage circuit=155 rows=34309
2026-09-17T00:50:11.095649Z DEBUG aiur::gpu_trace: CPU trace: circuit lacks generated CUDA coverage circuit=23 rows=54100
2026-09-17T00:50:11.101291Z DEBUG aiur::gpu_trace: CPU trace: circuit lacks generated CUDA coverage circuit=141 rows=302459
2026-09-17T00:50:11.102053Z DEBUG aiur/codegen_seeds{circuit=6 rows=17820}: aiur::trace_codegen::cuda: prepared generated CUDA trace circuit=6 rows=17820 width=63 seed_bytes=3289032 seed_spans=4
2026-09-17T00:50:11.102106Z DEBUG aiur::gpu_trace: CPU trace: circuit lacks generated CUDA coverage circuit=7 rows=37830
2026-09-17T00:50:11.108099Z DEBUG aiur::gpu_trace: CPU trace: circuit lacks generated CUDA coverage circuit=146 rows=98985
2026-09-17T00:50:11.113948Z DEBUG aiur/codegen_seeds{circuit=124 rows=64132}: aiur::trace_codegen::cuda: prepared generated CUDA trace circuit=124 rows=64132 width=98 seed_bytes=14951040 seed_spans=2
2026-09-17T00:50:11.117749Z DEBUG aiur::gpu_trace: CPU trace: circuit lacks generated CUDA coverage circuit=81 rows=109094
2026-09-17T00:50:11.118985Z DEBUG aiur::gpu_trace: CPU trace: circuit lacks generated CUDA coverage circuit=8 rows=26243
2026-09-17T00:50:11.119738Z DEBUG aiur::gpu_trace: CPU trace: circuit lacks generated CUDA coverage circuit=157 rows=219356
2026-09-17T00:50:11.122511Z DEBUG aiur::gpu_trace: CPU trace: circuit lacks generated CUDA coverage circuit=163 rows=149601
2026-09-17T00:50:11.134534Z DEBUG aiur::gpu_trace: CPU trace: circuit lacks generated CUDA coverage circuit=78 rows=6731
2026-09-17T00:50:11.135107Z DEBUG aiur::gpu_trace: CPU trace: circuit lacks generated CUDA coverage circuit=11 rows=112011
2026-09-17T00:50:11.140017Z DEBUG aiur::gpu_trace: CPU trace: circuit lacks generated CUDA coverage circuit=52 rows=170568
2026-09-17T00:50:11.146081Z DEBUG aiur::gpu_trace: CPU trace: circuit lacks generated CUDA coverage circuit=160 rows=28285
2026-09-17T00:50:11.163147Z DEBUG aiur::gpu_trace: CPU trace: circuit lacks generated CUDA coverage circuit=161 rows=176127
2026-09-17T00:50:11.164496Z DEBUG aiur::gpu_trace: CPU trace: circuit lacks generated CUDA coverage circuit=149 rows=267179
2026-09-17T00:50:11.172588Z DEBUG aiur::gpu_trace: CPU trace: circuit lacks generated CUDA coverage circuit=53 rows=14613
2026-09-17T00:50:11.174704Z DEBUG aiur::gpu_trace: CPU trace: circuit lacks generated CUDA coverage circuit=95 rows=30509
2026-09-17T00:50:11.179229Z DEBUG aiur::gpu_trace: CPU trace: circuit lacks generated CUDA coverage circuit=158 rows=12623
2026-09-17T00:50:11.179734Z DEBUG aiur::gpu_trace: CPU trace: circuit lacks generated CUDA coverage circuit=39 rows=191507
2026-09-17T00:50:11.181646Z DEBUG aiur::gpu_trace: CPU trace: circuit lacks generated CUDA coverage circuit=148 rows=292072
2026-09-17T00:50:11.190263Z DEBUG aiur::gpu_trace: CPU trace: circuit lacks generated CUDA coverage circuit=143 rows=269496
2026-09-17T00:50:11.219454Z DEBUG aiur::gpu_trace: CPU trace: circuit lacks generated CUDA coverage circuit=142 rows=364189
2026-09-17T00:50:11.224035Z DEBUG aiur::gpu_trace: CPU trace: circuit lacks generated CUDA coverage circuit=66 rows=629
2026-09-17T00:50:11.224758Z DEBUG aiur::gpu_trace: CPU trace: circuit lacks generated CUDA coverage circuit=72 rows=11125
2026-09-17T00:50:11.227985Z DEBUG aiur::gpu_trace: CPU trace: circuit lacks generated CUDA coverage circuit=96 rows=82447
2026-09-17T00:50:11.235540Z DEBUG aiur::gpu_trace: CPU trace: circuit lacks generated CUDA coverage circuit=73 rows=24412
2026-09-17T00:50:11.252032Z DEBUG aiur::gpu_trace: CPU trace: circuit lacks generated CUDA coverage circuit=93 rows=19709
2026-09-17T00:50:11.258374Z DEBUG aiur::gpu_trace: CPU trace: circuit lacks generated CUDA coverage circuit=164 rows=836789
2026-09-17T00:50:11.262353Z DEBUG aiur::gpu_trace: CPU trace: circuit lacks generated CUDA coverage circuit=41 rows=492517
2026-09-17T00:50:11.266421Z DEBUG aiur::gpu_trace: CPU trace: circuit lacks generated CUDA coverage circuit=74 rows=737
2026-09-17T00:50:11.297280Z DEBUG aiur::gpu_trace: CPU trace: circuit lacks generated CUDA coverage circuit=133 rows=284408
2026-09-17T00:50:11.298863Z DEBUG aiur::gpu_trace: CPU trace: circuit lacks generated CUDA coverage circuit=130 rows=255769
2026-09-17T00:50:11.303371Z DEBUG aiur::gpu_trace: CPU trace: circuit lacks generated CUDA coverage circuit=98 rows=233884
2026-09-17T00:50:11.305994Z DEBUG aiur::gpu_trace: CPU trace: circuit lacks generated CUDA coverage circuit=94 rows=20688
2026-09-17T00:50:11.311692Z DEBUG aiur::gpu_trace: CPU trace: circuit lacks generated CUDA coverage circuit=136 rows=19762
2026-09-17T00:50:11.316192Z DEBUG aiur::gpu_trace: CPU trace: circuit lacks generated CUDA coverage circuit=139 rows=269295
2026-09-17T00:50:11.347018Z DEBUG aiur::gpu_trace: CPU trace: circuit lacks generated CUDA coverage circuit=100 rows=323504
2026-09-17T00:50:11.358468Z DEBUG aiur::gpu_trace: CPU trace: circuit lacks generated CUDA coverage circuit=144 rows=269603
2026-09-17T00:50:11.366883Z DEBUG aiur::gpu_trace: CPU trace: circuit lacks generated CUDA coverage circuit=99 rows=328143
2026-09-17T00:50:11.391786Z DEBUG aiur::gpu_trace: CPU trace: circuit lacks generated CUDA coverage circuit=131 rows=464979
2026-09-17T00:50:11.473814Z DEBUG aiur::gpu_trace: CPU trace: circuit lacks generated CUDA coverage circuit=31 rows=2621
2026-09-17T00:50:11.480240Z DEBUG aiur::gpu_trace: CPU trace: circuit lacks generated CUDA coverage circuit=145 rows=305191
2026-09-17T00:50:11.509200Z DEBUG aiur::gpu_trace: CPU trace: circuit lacks generated CUDA coverage circuit=35 rows=66945
2026-09-17T00:50:11.530572Z DEBUG aiur/codegen_seeds{circuit=32 rows=218051}: aiur::trace_codegen::cuda: prepared generated CUDA trace circuit=32 rows=218051 width=21 seed_bytes=9395624 seed_spans=7
2026-09-17T00:50:11.531177Z DEBUG aiur::gpu_trace: CPU trace: circuit lacks generated CUDA coverage circuit=46 rows=180256
2026-09-17T00:50:11.533988Z DEBUG aiur::gpu_trace: CPU trace: circuit lacks generated CUDA coverage circuit=128 rows=280069
2026-09-17T00:50:11.551547Z DEBUG aiur::gpu_trace: CPU trace: circuit lacks generated CUDA coverage circuit=47 rows=235340
2026-09-17T00:50:11.558033Z DEBUG aiur::gpu_trace: CPU trace: circuit lacks generated CUDA coverage circuit=28 rows=1817
2026-09-17T00:50:11.560499Z DEBUG aiur::gpu_trace: CPU trace: circuit lacks generated CUDA coverage circuit=30 rows=13216
2026-09-17T00:50:11.567889Z DEBUG aiur::gpu_trace: CPU trace: circuit lacks generated CUDA coverage circuit=129 rows=397753
2026-09-17T00:50:11.590255Z DEBUG aiur::gpu_trace: CPU trace: circuit lacks generated CUDA coverage circuit=43 rows=74208
2026-09-17T00:50:11.610148Z DEBUG aiur::gpu_trace: CPU trace: circuit lacks generated CUDA coverage circuit=27 rows=1549
2026-09-17T00:50:11.670731Z DEBUG aiur::gpu_trace: CPU trace: circuit lacks generated CUDA coverage circuit=49 rows=117560
2026-09-17T00:50:11.671877Z DEBUG aiur::gpu_trace: CPU trace: circuit lacks generated CUDA coverage circuit=48 rows=18047
2026-09-17T00:50:11.679298Z DEBUG aiur::gpu_trace: CPU trace: circuit lacks generated CUDA coverage circuit=50 rows=1207
2026-09-17T00:50:13.224202Z DEBUG aiur::gpu_trace: CPU trace: circuit lacks generated CUDA coverage circuit=79 rows=2
2026-09-17T00:50:13.224686Z DEBUG aiur::gpu_trace: CPU trace: circuit lacks generated CUDA coverage circuit=90 rows=88211
2026-09-17T00:50:13.224929Z DEBUG aiur/codegen_seeds{circuit=56 rows=99}: aiur::trace_codegen::cuda: prepared generated CUDA trace circuit=56 rows=99 width=49 seed_bytes=7920 seed_spans=1
2026-09-17T00:50:13.226755Z DEBUG aiur::gpu_trace: CPU trace: circuit lacks generated CUDA coverage circuit=176 rows=1
2026-09-17T00:50:13.298680Z DEBUG aiur/codegen_seeds{circuit=16 rows=1048576}: aiur::trace_codegen::cuda: prepared generated CUDA trace circuit=16 rows=1048576 width=533 seed_bytes=184549376 seed_spans=16
2026-09-17T00:50:13.588597Z DEBUG aiur/codegen_seeds{circuit=117 rows=15066656}: aiur::trace_codegen::cuda: prepared generated CUDA trace circuit=117 rows=15066656 width=15 seed_bytes=723199488 seed_spans=230
2026-09-17T00:50:13.589462Z DEBUG aiur::gpu_trace: CPU trace: circuit lacks generated CUDA coverage circuit=3 rows=9
2026-09-17T00:50:13.589466Z DEBUG aiur::gpu_trace: CPU trace: circuit lacks generated CUDA coverage circuit=153 rows=1191
2026-09-17T00:50:13.589596Z DEBUG aiur/codegen_seeds{circuit=63 rows=106}: aiur::trace_codegen::cuda: prepared generated CUDA trace circuit=63 rows=106 width=68 seed_bytes=22048 seed_spans=1
2026-09-17T00:50:13.589973Z DEBUG aiur::gpu_trace: CPU trace: circuit lacks generated CUDA coverage circuit=58 rows=2177
2026-09-17T00:50:13.590446Z DEBUG aiur::gpu_trace: CPU trace: circuit lacks generated CUDA coverage circuit=156 rows=375191
2026-09-17T00:50:13.590638Z DEBUG aiur::gpu_trace: CPU trace: circuit lacks generated CUDA coverage circuit=22 rows=29
2026-09-17T00:50:13.590938Z DEBUG aiur::gpu_trace: CPU trace: circuit lacks generated CUDA coverage circuit=91 rows=4931554
2026-09-17T00:50:13.637343Z DEBUG aiur/codegen_seeds{circuit=16 rows=1048576}: aiur::trace_codegen::cuda: prepared generated CUDA trace circuit=16 rows=1048576 width=533 seed_bytes=184549376 seed_spans=16
2026-09-17T00:50:16.126810Z DEBUG aiur::gpu_trace: CPU trace: circuit lacks generated CUDA coverage circuit=26 rows=6
2026-09-17T00:50:16.127437Z DEBUG aiur::gpu_trace: CPU trace: circuit lacks generated CUDA coverage circuit=34 rows=907035
2026-09-17T00:50:16.127599Z DEBUG aiur::gpu_trace: CPU trace: circuit lacks generated CUDA coverage circuit=60 rows=65
2026-09-17T00:50:16.128290Z DEBUG aiur::gpu_trace: CPU trace: circuit lacks generated CUDA coverage circuit=84 rows=5
2026-09-17T00:50:16.187309Z DEBUG aiur/codegen_seeds{circuit=16 rows=1048576}: aiur::trace_codegen::cuda: prepared generated CUDA trace circuit=16 rows=1048576 width=533 seed_bytes=184549376 seed_spans=16
2026-09-17T00:50:16.705730Z DEBUG aiur/codegen_seeds{circuit=12 rows=16777216}: aiur::trace_codegen::cuda: prepared generated CUDA trace circuit=12 rows=16777216 width=17 seed_bytes=1342177280 seed_spans=256
2026-09-17T00:50:19.154389Z DEBUG aiur::gpu_trace: CPU trace: circuit lacks generated CUDA coverage circuit=89 rows=127640
2026-09-17T00:50:19.154390Z DEBUG aiur::gpu_trace: CPU trace: circuit lacks generated CUDA coverage circuit=57 rows=98
2026-09-17T00:50:19.154861Z DEBUG aiur::gpu_trace: CPU trace: circuit lacks generated CUDA coverage circuit=64 rows=38
2026-09-17T00:50:19.156403Z DEBUG aiur::gpu_trace: CPU trace: circuit lacks generated CUDA coverage circuit=68 rows=16
2026-09-17T00:50:19.726212Z DEBUG aiur/codegen_seeds{circuit=119 rows=11635949}: aiur::trace_codegen::cuda: prepared generated CUDA trace circuit=119 rows=11635949 width=20 seed_bytes=651613144 seed_spans=178
2026-09-17T00:50:19.772385Z DEBUG aiur/codegen_seeds{circuit=38 rows=4479712}: aiur::trace_codegen::cuda: prepared generated CUDA trace circuit=38 rows=4479712 width=27 seed_bytes=824267008 seed_spans=69
2026-09-17T00:50:19.953584Z DEBUG aiur/codegen_seeds{circuit=42 rows=6583335}: aiur::trace_codegen::cuda: prepared generated CUDA trace circuit=42 rows=6583335 width=49 seed_bytes=1790667120 seed_spans=107
2026-09-17T00:50:21.854399Z DEBUG aiur::gpu_trace: CPU trace: circuit lacks generated CUDA coverage circuit=77 rows=2
2026-09-17T00:50:21.855172Z DEBUG aiur::gpu_trace: CPU trace: circuit lacks generated CUDA coverage circuit=69 rows=15
2026-09-17T00:50:21.855510Z DEBUG aiur::gpu_trace: CPU trace: circuit lacks generated CUDA coverage circuit=70 rows=16
2026-09-17T00:50:21.856071Z DEBUG aiur::gpu_trace: CPU trace: circuit lacks generated CUDA coverage circuit=71 rows=16
2026-09-17T00:50:21.856282Z DEBUG aiur::gpu_trace: CPU trace: circuit lacks generated CUDA coverage circuit=97 rows=232051
2026-09-17T00:50:21.856492Z DEBUG aiur::gpu_trace: CPU trace: circuit lacks generated CUDA coverage circuit=75 rows=4
2026-09-17T00:50:21.856795Z DEBUG aiur::gpu_trace: CPU trace: circuit lacks generated CUDA coverage circuit=152 rows=650998
2026-09-17T00:50:22.304252Z DEBUG aiur/codegen_seeds{circuit=107 rows=7689358}: aiur::trace_codegen::cuda: prepared generated CUDA trace circuit=107 rows=7689358 width=23 seed_bytes=430604048 seed_spans=118
2026-09-17T00:50:22.312125Z DEBUG aiur/codegen_seeds{circuit=170 rows=11286266}: aiur::trace_codegen::cuda: prepared generated CUDA trace circuit=170 rows=11286266 width=11 seed_bytes=451450640 seed_spans=173
2026-09-17T00:50:22.315936Z DEBUG aiur/codegen_seeds{circuit=112 rows=6260162}: aiur::trace_codegen::cuda: prepared generated CUDA trace circuit=112 rows=6260162 width=31 seed_bytes=450731664 seed_spans=96
2026-09-17T00:50:22.359664Z DEBUG aiur/codegen_seeds{circuit=36 rows=6598250}: aiur::trace_codegen::cuda: prepared generated CUDA trace circuit=36 rows=6598250 width=25 seed_bytes=633432000 seed_spans=101
2026-09-17T00:50:25.500880Z DEBUG aiur::gpu_trace: CPU trace: circuit lacks generated CUDA coverage circuit=40 rows=120138
2026-09-17T00:50:25.774432Z DEBUG aiur/codegen_seeds{circuit=102 rows=1879966}: aiur::trace_codegen::cuda: prepared generated CUDA trace circuit=102 rows=1879966 width=43 seed_bytes=75198640 seed_spans=29
2026-09-17T00:50:25.807700Z DEBUG aiur/codegen_seeds{circuit=162 rows=2106830}: aiur::trace_codegen::cuda: prepared generated CUDA trace circuit=162 rows=2106830 width=33 seed_bytes=252819600 seed_spans=33
2026-09-17T00:50:25.848839Z DEBUG aiur/codegen_seeds{circuit=101 rows=6980607}: aiur::trace_codegen::cuda: prepared generated CUDA trace circuit=101 rows=6980607 width=19 seed_bytes=446758848 seed_spans=107
2026-09-17T00:50:25.857624Z DEBUG aiur/codegen_seeds{circuit=12 rows=6325048}: aiur::trace_codegen::cuda: prepared generated CUDA trace circuit=12 rows=6325048 width=17 seed_bytes=506003840 seed_spans=97
2026-09-17T00:50:28.696122Z DEBUG aiur::gpu_trace: CPU trace: circuit lacks generated CUDA coverage circuit=61 rows=6422
2026-09-17T00:50:28.696205Z DEBUG aiur::gpu_trace: CPU trace: circuit lacks generated CUDA coverage circuit=62 rows=184
2026-09-17T00:50:28.697645Z DEBUG aiur::gpu_trace: CPU trace: circuit lacks generated CUDA coverage circuit=85 rows=585
2026-09-17T00:50:29.213331Z DEBUG aiur/codegen_seeds{circuit=118 rows=3703715}: aiur::trace_codegen::cuda: prepared generated CUDA trace circuit=118 rows=3703715 width=10 seed_bytes=177778320 seed_spans=57
2026-09-17T00:50:29.213798Z DEBUG aiur/codegen_seeds{circuit=106 rows=7882444}: aiur::trace_codegen::cuda: prepared generated CUDA trace circuit=106 rows=7882444 width=9 seed_bytes=252238208 seed_spans=121
2026-09-17T00:50:29.216937Z DEBUG aiur/codegen_seeds{circuit=13 rows=339773}: aiur::trace_codegen::cuda: prepared generated CUDA trace circuit=13 rows=339773 width=195 seed_bytes=288127504 seed_spans=18
2026-09-17T00:50:29.229984Z DEBUG aiur/codegen_seeds{circuit=111 rows=6505080}: aiur::trace_codegen::cuda: prepared generated CUDA trace circuit=111 rows=6505080 width=11 seed_bytes=260203200 seed_spans=100
2026-09-17T00:50:29.255832Z DEBUG aiur/codegen_seeds{circuit=183 rows=7486634}: aiur::trace_codegen::cuda: prepared generated CUDA trace circuit=183 rows=7486634 width=10 seed_bytes=359358432 seed_spans=115
2026-09-17T00:50:29.276970Z DEBUG aiur/codegen_seeds{circuit=177 rows=6798544}: aiur::trace_codegen::cuda: prepared generated CUDA trace circuit=177 rows=6798544 width=10 seed_bytes=326330112 seed_spans=104
2026-09-17T00:50:29.311142Z DEBUG aiur/codegen_seeds{circuit=33 rows=7366504}: aiur::trace_codegen::cuda: prepared generated CUDA trace circuit=33 rows=7366504 width=18 seed_bytes=825048448 seed_spans=113
2026-09-17T00:50:32.193827Z DEBUG aiur::gpu_trace: CPU trace: circuit lacks generated CUDA coverage circuit=167 rows=1992255
2026-09-17T00:50:32.195058Z DEBUG aiur::gpu_trace: CPU trace: circuit lacks generated CUDA coverage circuit=24 rows=560736
2026-09-17T00:50:32.195331Z DEBUG aiur::gpu_trace: CPU trace: circuit lacks generated CUDA coverage circuit=108 rows=905603
2026-09-17T00:50:32.195452Z DEBUG aiur::gpu_trace: CPU trace: circuit lacks generated CUDA coverage circuit=168 rows=1611823
2026-09-17T00:50:32.195504Z DEBUG aiur::gpu_trace: CPU trace: circuit lacks generated CUDA coverage circuit=20 rows=528891
2026-09-17T00:50:32.195639Z DEBUG aiur::gpu_trace: CPU trace: circuit lacks generated CUDA coverage circuit=120 rows=2586271
2026-09-17T00:50:32.195799Z DEBUG aiur::gpu_trace: CPU trace: circuit lacks generated CUDA coverage circuit=67 rows=3047
2026-09-17T00:50:32.195801Z DEBUG aiur::gpu_trace: CPU trace: circuit lacks generated CUDA coverage circuit=109 rows=3151977
2026-09-17T00:50:32.195876Z DEBUG aiur::gpu_trace: CPU trace: circuit lacks generated CUDA coverage circuit=110 rows=2638124
2026-09-17T00:50:32.196635Z DEBUG aiur::gpu_trace: CPU trace: circuit lacks generated CUDA coverage circuit=83 rows=28481
2026-09-17T00:50:32.801829Z DEBUG aiur/codegen_seeds{circuit=16 rows=79824}: aiur::trace_codegen::cuda: prepared generated CUDA trace circuit=16 rows=79824 width=533 seed_bytes=14049024 seed_spans=2
2026-09-17T00:50:32.825818Z DEBUG aiur/codegen_seeds{circuit=15 rows=345283}: aiur::trace_codegen::cuda: prepared generated CUDA trace circuit=15 rows=345283 width=177 seed_bytes=140875464 seed_spans=9
2026-09-17T00:50:32.838456Z DEBUG aiur/codegen_seeds{circuit=54 rows=3652594}: aiur::trace_codegen::cuda: prepared generated CUDA trace circuit=54 rows=3652594 width=11 seed_bytes=204545264 seed_spans=56
2026-09-17T00:50:35.717378Z DEBUG aiur::gpu_trace: CPU trace: circuit lacks generated CUDA coverage circuit=105 rows=479743
2026-09-17T00:50:35.717744Z DEBUG aiur::gpu_trace: CPU trace: circuit lacks generated CUDA coverage circuit=115 rows=1509591
2026-09-17T00:50:35.718131Z DEBUG aiur::gpu_trace: CPU trace: circuit lacks generated CUDA coverage circuit=19 rows=53132
2026-09-17T00:50:35.718818Z DEBUG aiur::gpu_trace: CPU trace: circuit lacks generated CUDA coverage circuit=179 rows=3061159
2026-09-17T00:50:35.719132Z DEBUG aiur::gpu_trace: CPU trace: circuit lacks generated CUDA coverage circuit=138 rows=844040
2026-09-17T00:50:35.719148Z DEBUG aiur::gpu_trace: CPU trace: circuit lacks generated CUDA coverage circuit=134 rows=295238
2026-09-17T00:50:35.719199Z DEBUG aiur::gpu_trace: CPU trace: circuit lacks generated CUDA coverage circuit=113 rows=1850721
2026-09-17T00:50:35.719204Z DEBUG aiur::gpu_trace: CPU trace: circuit lacks generated CUDA coverage circuit=137 rows=304108
2026-09-17T00:50:35.719319Z DEBUG aiur::gpu_trace: CPU trace: circuit lacks generated CUDA coverage circuit=44 rows=249606
2026-09-17T00:50:35.719387Z DEBUG aiur::gpu_trace: CPU trace: circuit lacks generated CUDA coverage circuit=166 rows=1683279
2026-09-17T00:50:35.719392Z DEBUG aiur::gpu_trace: CPU trace: circuit lacks generated CUDA coverage circuit=147 rows=285969
2026-09-17T00:50:35.719393Z DEBUG aiur::gpu_trace: CPU trace: circuit lacks generated CUDA coverage circuit=122 rows=1676534
2026-09-17T00:50:35.719634Z DEBUG aiur::gpu_trace: CPU trace: circuit lacks generated CUDA coverage circuit=150 rows=1255693
2026-09-17T00:50:35.719739Z DEBUG aiur::gpu_trace: CPU trace: circuit lacks generated CUDA coverage circuit=125 rows=538318
2026-09-17T00:50:35.719869Z DEBUG aiur::gpu_trace: CPU trace: circuit lacks generated CUDA coverage circuit=132 rows=1364805
2026-09-17T00:50:35.719936Z DEBUG aiur::gpu_trace: CPU trace: circuit lacks generated CUDA coverage circuit=151 rows=909410
2026-09-17T00:50:35.720125Z DEBUG aiur::gpu_trace: CPU trace: circuit lacks generated CUDA coverage circuit=169 rows=1404773
2026-09-17T00:50:35.720128Z DEBUG aiur::gpu_trace: CPU trace: circuit lacks generated CUDA coverage circuit=126 rows=437729
2026-09-17T00:50:35.720150Z DEBUG aiur::gpu_trace: CPU trace: circuit lacks generated CUDA coverage circuit=116 rows=961712
2026-09-17T00:50:35.720564Z DEBUG aiur::gpu_trace: CPU trace: circuit lacks generated CUDA coverage circuit=37 rows=858034
2026-09-17T00:50:35.720818Z DEBUG aiur::gpu_trace: CPU trace: circuit lacks generated CUDA coverage circuit=184 rows=158891
2026-09-17T00:50:35.864837Z DEBUG aiur::gpu_trace: CPU trace: circuit lacks generated CUDA coverage circuit=135 rows=4327
2026-09-17T00:50:36.360686Z DEBUG aiur/codegen_seeds{circuit=140 rows=540493}: aiur::trace_codegen::cuda: prepared generated CUDA trace circuit=140 rows=540493 width=25 seed_bytes=19479240 seed_spans=10
2026-09-17T00:50:36.687555Z DEBUG aiur/codegen_seeds{circuit=88 rows=3001118}: aiur::trace_codegen::cuda: prepared generated CUDA trace circuit=88 rows=3001118 width=10 seed_bytes=144053664 seed_spans=46
2026-09-17T00:50:36.724913Z DEBUG aiur/codegen_seeds{circuit=180 rows=3602210}: aiur::trace_codegen::cuda: prepared generated CUDA trace circuit=180 rows=3602210 width=8 seed_bytes=172906080 seed_spans=55
2026-09-17T00:50:36.730273Z DEBUG aiur/codegen_seeds{circuit=178 rows=4158809}: aiur::trace_codegen::cuda: prepared generated CUDA trace circuit=178 rows=4158809 width=10 seed_bytes=199622832 seed_spans=64
2026-09-17T00:50:36.747243Z DEBUG aiur/codegen_seeds{circuit=45 rows=1579511}: aiur::trace_codegen::cuda: prepared generated CUDA trace circuit=45 rows=1579511 width=26 seed_bytes=277993936 seed_spans=25
2026-09-17T00:50:39.711846Z DEBUG aiur::gpu_trace: CPU trace: circuit lacks generated CUDA coverage circuit=0 rows=162420
2026-09-17T00:50:39.711879Z DEBUG aiur::gpu_trace: CPU trace: circuit lacks generated CUDA coverage circuit=4 rows=18957
2026-09-17T00:50:39.711889Z DEBUG aiur::gpu_trace: CPU trace: circuit lacks generated CUDA coverage circuit=95 rows=30509
2026-09-17T00:50:39.711889Z DEBUG aiur::gpu_trace: CPU trace: circuit lacks generated CUDA coverage circuit=76 rows=47808
2026-09-17T00:50:39.711890Z DEBUG aiur::gpu_trace: CPU trace: circuit lacks generated CUDA coverage circuit=41 rows=492517
2026-09-17T00:50:39.711894Z DEBUG aiur::gpu_trace: CPU trace: circuit lacks generated CUDA coverage circuit=31 rows=2621
2026-09-17T00:50:39.711893Z DEBUG aiur::gpu_trace: CPU trace: circuit lacks generated CUDA coverage circuit=51 rows=17021
2026-09-17T00:50:39.711889Z DEBUG aiur::gpu_trace: CPU trace: circuit lacks generated CUDA coverage circuit=66 rows=629
2026-09-17T00:50:39.711902Z DEBUG aiur::gpu_trace: CPU trace: circuit lacks generated CUDA coverage circuit=5 rows=270
2026-09-17T00:50:39.711892Z DEBUG aiur::gpu_trace: CPU trace: circuit lacks generated CUDA coverage circuit=127 rows=434509
2026-09-17T00:50:39.711892Z DEBUG aiur::gpu_trace: CPU trace: circuit lacks generated CUDA coverage circuit=47 rows=235340
2026-09-17T00:50:39.711894Z DEBUG aiur::gpu_trace: CPU trace: circuit lacks generated CUDA coverage circuit=82 rows=122500
2026-09-17T00:50:39.711890Z DEBUG aiur::gpu_trace: CPU trace: circuit lacks generated CUDA coverage circuit=1 rows=18432
2026-09-17T00:50:39.711890Z DEBUG aiur::gpu_trace: CPU trace: circuit lacks generated CUDA coverage circuit=25 rows=44061
2026-09-17T00:50:39.711891Z DEBUG aiur::gpu_trace: CPU trace: circuit lacks generated CUDA coverage circuit=80 rows=42321
2026-09-17T00:50:39.711917Z DEBUG aiur::gpu_trace: CPU trace: circuit lacks generated CUDA coverage circuit=92 rows=101041
2026-09-17T00:50:39.712094Z DEBUG aiur::gpu_trace: CPU trace: circuit lacks generated CUDA coverage circuit=49 rows=117560
2026-09-17T00:50:39.712223Z DEBUG aiur::gpu_trace: CPU trace: circuit lacks generated CUDA coverage circuit=78 rows=6731
2026-09-17T00:50:39.712266Z DEBUG aiur::gpu_trace: CPU trace: circuit lacks generated CUDA coverage circuit=81 rows=109094
2026-09-17T00:50:39.712289Z DEBUG aiur::gpu_trace: CPU trace: circuit lacks generated CUDA coverage circuit=46 rows=180256
2026-09-17T00:50:39.712386Z DEBUG aiur::gpu_trace: CPU trace: circuit lacks generated CUDA coverage circuit=154 rows=28644
2026-09-17T00:50:39.712495Z DEBUG aiur::gpu_trace: CPU trace: circuit lacks generated CUDA coverage circuit=103 rows=327531
2026-09-17T00:50:39.712517Z DEBUG aiur::gpu_trace: CPU trace: circuit lacks generated CUDA coverage circuit=39 rows=191507
2026-09-17T00:50:39.712652Z DEBUG aiur::gpu_trace: CPU trace: circuit lacks generated CUDA coverage circuit=14 rows=793076
2026-09-17T00:50:39.712658Z DEBUG aiur::gpu_trace: CPU trace: circuit lacks generated CUDA coverage circuit=35 rows=66945
2026-09-17T00:50:39.712675Z DEBUG aiur::gpu_trace: CPU trace: circuit lacks generated CUDA coverage circuit=9 rows=33736
2026-09-17T00:50:39.712687Z DEBUG aiur::gpu_trace: CPU trace: circuit lacks generated CUDA coverage circuit=43 rows=74208
2026-09-17T00:50:39.712694Z DEBUG aiur::gpu_trace: CPU trace: circuit lacks generated CUDA coverage circuit=65 rows=91747
2026-09-17T00:50:39.712782Z DEBUG aiur::gpu_trace: CPU trace: circuit lacks generated CUDA coverage circuit=2 rows=153453
2026-09-17T00:50:39.713018Z DEBUG aiur::gpu_trace: CPU trace: circuit lacks generated CUDA coverage circuit=141 rows=302459
2026-09-17T00:50:39.713790Z DEBUG aiur::gpu_trace: CPU trace: circuit lacks generated CUDA coverage circuit=86 rows=10372
2026-09-17T00:50:39.716138Z DEBUG aiur::gpu_trace: CPU trace: circuit lacks generated CUDA coverage circuit=72 rows=11125
2026-09-17T00:50:39.719521Z DEBUG aiur::gpu_trace: CPU trace: circuit lacks generated CUDA coverage circuit=59 rows=99846
2026-09-17T00:50:39.722237Z DEBUG aiur::gpu_trace: CPU trace: circuit lacks generated CUDA coverage circuit=114 rows=597833
2026-09-17T00:50:39.731968Z DEBUG aiur::gpu_trace: CPU trace: circuit lacks generated CUDA coverage circuit=155 rows=34309
2026-09-17T00:50:39.732954Z DEBUG aiur::gpu_trace: CPU trace: circuit lacks generated CUDA coverage circuit=181 rows=322610
2026-09-17T00:50:39.737676Z DEBUG aiur::gpu_trace: CPU trace: circuit lacks generated CUDA coverage circuit=74 rows=737
2026-09-17T00:50:39.741886Z DEBUG aiur/codegen_seeds{circuit=6 rows=17820}: aiur::trace_codegen::cuda: prepared generated CUDA trace circuit=6 rows=17820 width=63 seed_bytes=3289032 seed_spans=4
2026-09-17T00:50:39.741932Z DEBUG aiur::gpu_trace: CPU trace: circuit lacks generated CUDA coverage circuit=7 rows=37830
2026-09-17T00:50:39.750746Z DEBUG aiur::gpu_trace: CPU trace: circuit lacks generated CUDA coverage circuit=73 rows=24412
2026-09-17T00:50:39.755944Z DEBUG aiur::gpu_trace: CPU trace: circuit lacks generated CUDA coverage circuit=93 rows=19709
2026-09-17T00:50:39.757438Z DEBUG aiur::gpu_trace: CPU trace: circuit lacks generated CUDA coverage circuit=157 rows=219356
2026-09-17T00:50:39.761106Z DEBUG aiur::gpu_trace: CPU trace: circuit lacks generated CUDA coverage circuit=8 rows=26243
2026-09-17T00:50:39.761434Z DEBUG aiur::gpu_trace: CPU trace: circuit lacks generated CUDA coverage circuit=50 rows=1207
2026-09-17T00:50:39.768329Z DEBUG aiur::gpu_trace: CPU trace: circuit lacks generated CUDA coverage circuit=18 rows=14298
2026-09-17T00:50:39.778125Z DEBUG aiur::gpu_trace: CPU trace: circuit lacks generated CUDA coverage circuit=96 rows=82447
2026-09-17T00:50:39.782760Z DEBUG aiur::gpu_trace: CPU trace: circuit lacks generated CUDA coverage circuit=23 rows=54100
2026-09-17T00:50:39.783021Z DEBUG aiur::gpu_trace: CPU trace: circuit lacks generated CUDA coverage circuit=52 rows=170568
2026-09-17T00:50:39.786206Z DEBUG aiur::gpu_trace: CPU trace: circuit lacks generated CUDA coverage circuit=94 rows=20688
2026-09-17T00:50:39.792705Z DEBUG aiur/codegen_seeds{circuit=32 rows=218051}: aiur::trace_codegen::cuda: prepared generated CUDA trace circuit=32 rows=218051 width=21 seed_bytes=9395624 seed_spans=7
2026-09-17T00:50:39.798037Z DEBUG aiur::gpu_trace: CPU trace: circuit lacks generated CUDA coverage circuit=28 rows=1817
2026-09-17T00:50:39.800542Z DEBUG aiur::gpu_trace: CPU trace: circuit lacks generated CUDA coverage circuit=30 rows=13216
2026-09-17T00:50:39.806447Z DEBUG aiur::gpu_trace: CPU trace: circuit lacks generated CUDA coverage circuit=133 rows=284408
2026-09-17T00:50:39.816349Z DEBUG aiur::gpu_trace: CPU trace: circuit lacks generated CUDA coverage circuit=130 rows=255769
2026-09-17T00:50:39.818213Z DEBUG aiur::gpu_trace: CPU trace: circuit lacks generated CUDA coverage circuit=48 rows=18047
2026-09-17T00:50:39.822420Z DEBUG aiur::gpu_trace: CPU trace: circuit lacks generated CUDA coverage circuit=128 rows=280069
2026-09-17T00:50:39.824394Z DEBUG aiur::gpu_trace: CPU trace: circuit lacks generated CUDA coverage circuit=10 rows=33570
2026-09-17T00:50:39.826379Z DEBUG aiur::gpu_trace: CPU trace: circuit lacks generated CUDA coverage circuit=136 rows=19762
2026-09-17T00:50:39.830343Z DEBUG aiur::gpu_trace: CPU trace: circuit lacks generated CUDA coverage circuit=139 rows=269295
2026-09-17T00:50:39.837861Z DEBUG aiur::gpu_trace: CPU trace: circuit lacks generated CUDA coverage circuit=182 rows=482112
2026-09-17T00:50:39.841023Z DEBUG aiur::gpu_trace: CPU trace: circuit lacks generated CUDA coverage circuit=121 rows=460545
2026-09-17T00:50:39.843250Z DEBUG aiur::gpu_trace: CPU trace: circuit lacks generated CUDA coverage circuit=98 rows=233884
2026-09-17T00:50:39.864488Z DEBUG aiur::gpu_trace: CPU trace: circuit lacks generated CUDA coverage circuit=123 rows=221681
2026-09-17T00:50:39.894735Z DEBUG aiur::gpu_trace: CPU trace: circuit lacks generated CUDA coverage circuit=146 rows=98985
2026-09-17T00:50:39.903821Z DEBUG aiur::gpu_trace: CPU trace: circuit lacks generated CUDA coverage circuit=55 rows=4178
2026-09-17T00:50:39.910904Z DEBUG aiur::gpu_trace: CPU trace: circuit lacks generated CUDA coverage circuit=131 rows=464979
2026-09-17T00:50:39.926717Z DEBUG aiur::gpu_trace: CPU trace: circuit lacks generated CUDA coverage circuit=11 rows=112011
2026-09-17T00:50:39.971786Z DEBUG aiur::gpu_trace: CPU trace: circuit lacks generated CUDA coverage circuit=53 rows=14613
2026-09-17T00:50:40.011301Z DEBUG aiur::gpu_trace: CPU trace: circuit lacks generated CUDA coverage circuit=27 rows=1549
2026-09-17T00:50:40.011375Z DEBUG aiur::gpu_trace: CPU trace: circuit lacks generated CUDA coverage circuit=100 rows=323504
2026-09-17T00:50:40.014281Z DEBUG aiur::gpu_trace: CPU trace: circuit lacks generated CUDA coverage circuit=148 rows=292072
2026-09-17T00:50:40.052440Z DEBUG aiur::gpu_trace: CPU trace: circuit lacks generated CUDA coverage circuit=158 rows=12623
2026-09-17T00:50:40.055613Z DEBUG aiur::gpu_trace: CPU trace: circuit lacks generated CUDA coverage circuit=159 rows=23171
2026-09-17T00:50:40.077800Z DEBUG aiur::gpu_trace: CPU trace: circuit lacks generated CUDA coverage circuit=149 rows=267179
2026-09-17T00:50:40.079276Z DEBUG aiur::gpu_trace: CPU trace: circuit lacks generated CUDA coverage circuit=17 rows=14235
2026-09-17T00:50:40.105005Z DEBUG aiur::gpu_trace: CPU trace: circuit lacks generated CUDA coverage circuit=160 rows=28285
2026-09-17T00:50:40.120513Z DEBUG aiur::gpu_trace: CPU trace: circuit lacks generated CUDA coverage circuit=161 rows=176127
2026-09-17T00:50:40.148837Z DEBUG aiur::gpu_trace: CPU trace: circuit lacks generated CUDA coverage circuit=99 rows=328143
2026-09-17T00:50:40.177922Z DEBUG aiur::gpu_trace: CPU trace: circuit lacks generated CUDA coverage circuit=143 rows=269496
2026-09-17T00:50:40.179817Z DEBUG aiur::gpu_trace: CPU trace: circuit lacks generated CUDA coverage circuit=163 rows=149601
2026-09-17T00:50:40.202425Z DEBUG aiur::gpu_trace: CPU trace: circuit lacks generated CUDA coverage circuit=142 rows=364189
2026-09-17T00:50:40.221554Z DEBUG aiur::gpu_trace: CPU trace: circuit lacks generated CUDA coverage circuit=104 rows=211082
2026-09-17T00:50:40.226966Z DEBUG aiur::gpu_trace: CPU trace: circuit lacks generated CUDA coverage circuit=164 rows=836789
2026-09-17T00:50:40.230969Z DEBUG aiur/codegen_seeds{circuit=124 rows=64132}: aiur::trace_codegen::cuda: prepared generated CUDA trace circuit=124 rows=64132 width=98 seed_bytes=14951040 seed_spans=2
2026-09-17T00:50:40.243788Z DEBUG aiur::gpu_trace: CPU trace: circuit lacks generated CUDA coverage circuit=129 rows=397753
2026-09-17T00:50:40.292311Z DEBUG aiur::gpu_trace: CPU trace: circuit lacks generated CUDA coverage circuit=144 rows=269603
2026-09-17T00:50:40.295068Z DEBUG aiur::gpu_trace: CPU trace: circuit lacks generated CUDA coverage circuit=145 rows=305191
[lanes] worker 0: claim 2 proven at +204s (2 left)
[lanes] worker 0: claim 1 proving started at +204s
2026-09-17T00:50:45.219287Z DEBUG aiur::gpu_trace: CPU trace: circuit lacks generated CUDA coverage circuit=90 rows=88084
2026-09-17T00:50:45.219666Z DEBUG aiur::gpu_trace: CPU trace: circuit lacks generated CUDA coverage circuit=57 rows=140
2026-09-17T00:50:45.221433Z DEBUG aiur::gpu_trace: CPU trace: circuit lacks generated CUDA coverage circuit=176 rows=1
2026-09-17T00:50:45.221528Z DEBUG aiur::gpu_trace: CPU trace: circuit lacks generated CUDA coverage circuit=75 rows=8
2026-09-17T00:50:45.272790Z DEBUG aiur/codegen_seeds{circuit=16 rows=1048576}: aiur::trace_codegen::cuda: prepared generated CUDA trace circuit=16 rows=1048576 width=533 seed_bytes=184549376 seed_spans=16
2026-09-17T00:50:45.528473Z DEBUG aiur/codegen_seeds{circuit=117 rows=13240533}: aiur::trace_codegen::cuda: prepared generated CUDA trace circuit=117 rows=13240533 width=15 seed_bytes=635545584 seed_spans=203
2026-09-17T00:50:45.529936Z DEBUG aiur::gpu_trace: CPU trace: circuit lacks generated CUDA coverage circuit=77 rows=2
2026-09-17T00:50:45.530061Z DEBUG aiur::gpu_trace: CPU trace: circuit lacks generated CUDA coverage circuit=27 rows=2358
2026-09-17T00:50:45.530610Z DEBUG aiur::gpu_trace: CPU trace: circuit lacks generated CUDA coverage circuit=91 rows=4960939
2026-09-17T00:50:45.530851Z DEBUG aiur::gpu_trace: CPU trace: circuit lacks generated CUDA coverage circuit=156 rows=304394
2026-09-17T00:50:45.531428Z DEBUG aiur::gpu_trace: CPU trace: circuit lacks generated CUDA coverage circuit=22 rows=30
2026-09-17T00:50:45.531717Z DEBUG aiur::gpu_trace: CPU trace: circuit lacks generated CUDA coverage circuit=62 rows=258
2026-09-17T00:50:45.588161Z DEBUG aiur/codegen_seeds{circuit=16 rows=1048576}: aiur::trace_codegen::cuda: prepared generated CUDA trace circuit=16 rows=1048576 width=533 seed_bytes=184549376 seed_spans=16
2026-09-17T00:50:46.274212Z DEBUG aiur::gpu_trace: CPU trace: circuit lacks generated CUDA coverage circuit=34 rows=1016406
2026-09-17T00:50:46.274224Z DEBUG aiur::gpu_trace: CPU trace: circuit lacks generated CUDA coverage circuit=69 rows=15
2026-09-17T00:50:46.274518Z DEBUG aiur::gpu_trace: CPU trace: circuit lacks generated CUDA coverage circuit=70 rows=16
2026-09-17T00:50:46.274564Z DEBUG aiur::gpu_trace: CPU trace: circuit lacks generated CUDA coverage circuit=26 rows=6
2026-09-17T00:50:46.274697Z DEBUG aiur::gpu_trace: CPU trace: circuit lacks generated CUDA coverage circuit=64 rows=60
2026-09-17T00:50:46.275157Z DEBUG aiur::gpu_trace: CPU trace: circuit lacks generated CUDA coverage circuit=71 rows=16
2026-09-17T00:50:46.275337Z DEBUG aiur::gpu_trace: CPU trace: circuit lacks generated CUDA coverage circuit=68 rows=16
2026-09-17T00:50:46.322406Z DEBUG aiur/codegen_seeds{circuit=16 rows=1048576}: aiur::trace_codegen::cuda: prepared generated CUDA trace circuit=16 rows=1048576 width=533 seed_bytes=184549376 seed_spans=16
2026-09-17T00:50:46.792769Z DEBUG aiur/codegen_seeds{circuit=12 rows=16777216}: aiur::trace_codegen::cuda: prepared generated CUDA trace circuit=12 rows=16777216 width=17 seed_bytes=1342177280 seed_spans=256
2026-09-17T00:50:47.282439Z DEBUG aiur::gpu_trace: CPU trace: circuit lacks generated CUDA coverage circuit=3 rows=19
2026-09-17T00:50:47.283185Z DEBUG aiur::gpu_trace: CPU trace: circuit lacks generated CUDA coverage circuit=87 rows=2
2026-09-17T00:50:47.284402Z DEBUG aiur::gpu_trace: CPU trace: circuit lacks generated CUDA coverage circuit=47 rows=296840
2026-09-17T00:50:47.816315Z DEBUG aiur/codegen_seeds{circuit=119 rows=10189848}: aiur::trace_codegen::cuda: prepared generated CUDA trace circuit=119 rows=10189848 width=20 seed_bytes=570631488 seed_spans=156
2026-09-17T00:50:47.836926Z DEBUG aiur/codegen_seeds{circuit=38 rows=4375748}: aiur::trace_codegen::cuda: prepared generated CUDA trace circuit=38 rows=4375748 width=27 seed_bytes=805137632 seed_spans=67
2026-09-17T00:50:47.990717Z DEBUG aiur/codegen_seeds{circuit=42 rows=6466839}: aiur::trace_codegen::cuda: prepared generated CUDA trace circuit=42 rows=6466839 width=49 seed_bytes=1758980208 seed_spans=105
2026-09-17T00:50:48.166953Z DEBUG aiur::gpu_trace: CPU trace: circuit lacks generated CUDA coverage circuit=9 rows=46085
2026-09-17T00:50:48.166958Z DEBUG aiur::gpu_trace: CPU trace: circuit lacks generated CUDA coverage circuit=60 rows=150
2026-09-17T00:50:48.167594Z DEBUG aiur::gpu_trace: CPU trace: circuit lacks generated CUDA coverage circuit=28 rows=3052
2026-09-17T00:50:48.167855Z DEBUG aiur::gpu_trace: CPU trace: circuit lacks generated CUDA coverage circuit=179 rows=2858316
2026-09-17T00:50:48.193641Z DEBUG aiur/codegen_seeds{circuit=16 rows=452160}: aiur::trace_codegen::cuda: prepared generated CUDA trace circuit=16 rows=452160 width=533 seed_bytes=79580160 seed_spans=7
2026-09-17T00:50:48.560653Z DEBUG aiur/codegen_seeds{circuit=112 rows=5516647}: aiur::trace_codegen::cuda: prepared generated CUDA trace circuit=112 rows=5516647 width=31 seed_bytes=397198584 seed_spans=85
2026-09-17T00:50:48.618679Z DEBUG aiur/codegen_seeds{circuit=12 rows=8603438}: aiur::trace_codegen::cuda: prepared generated CUDA trace circuit=12 rows=8603438 width=17 seed_bytes=688275040 seed_spans=132
2026-09-17T00:50:49.278369Z DEBUG aiur::gpu_trace: CPU trace: circuit lacks generated CUDA coverage circuit=89 rows=108199
2026-09-17T00:50:49.661890Z DEBUG aiur/codegen_seeds{circuit=111 rows=5757201}: aiur::trace_codegen::cuda: prepared generated CUDA trace circuit=111 rows=5757201 width=11 seed_bytes=230288040 seed_spans=88
2026-09-17T00:50:49.695874Z DEBUG aiur/codegen_seeds{circuit=170 rows=10085609}: aiur::trace_codegen::cuda: prepared generated CUDA trace circuit=170 rows=10085609 width=11 seed_bytes=403424360 seed_spans=154
2026-09-17T00:50:49.696902Z DEBUG aiur/codegen_seeds{circuit=36 rows=6487894}: aiur::trace_codegen::cuda: prepared generated CUDA trace circuit=36 rows=6487894 width=25 seed_bytes=622837824 seed_spans=99
2026-09-17T00:50:49.698135Z DEBUG aiur/codegen_seeds{circuit=107 rows=7498195}: aiur::trace_codegen::cuda: prepared generated CUDA trace circuit=107 rows=7498195 width=23 seed_bytes=419898920 seed_spans=115
2026-09-17T00:50:49.723101Z DEBUG aiur/codegen_seeds{circuit=101 rows=6786968}: aiur::trace_codegen::cuda: prepared generated CUDA trace circuit=101 rows=6786968 width=19 seed_bytes=434365952 seed_spans=104
2026-09-17T00:50:50.114486Z DEBUG aiur::gpu_trace: CPU trace: circuit lacks generated CUDA coverage circuit=153 rows=1233
2026-09-17T00:50:50.116082Z DEBUG aiur::gpu_trace: CPU trace: circuit lacks generated CUDA coverage circuit=154 rows=23096
2026-09-17T00:50:50.117705Z DEBUG aiur::gpu_trace: CPU trace: circuit lacks generated CUDA coverage circuit=74 rows=943
2026-09-17T00:50:50.500101Z DEBUG aiur/codegen_seeds{circuit=118 rows=3307842}: aiur::trace_codegen::cuda: prepared generated CUDA trace circuit=118 rows=3307842 width=10 seed_bytes=158776416 seed_spans=51
2026-09-17T00:50:50.516699Z DEBUG aiur/codegen_seeds{circuit=106 rows=7689551}: aiur::trace_codegen::cuda: prepared generated CUDA trace circuit=106 rows=7689551 width=9 seed_bytes=246065632 seed_spans=118
2026-09-17T00:50:50.521018Z DEBUG aiur/codegen_seeds{circuit=162 rows=2225576}: aiur::trace_codegen::cuda: prepared generated CUDA trace circuit=162 rows=2225576 width=33 seed_bytes=267069120 seed_spans=34
2026-09-17T00:50:50.560700Z DEBUG aiur/codegen_seeds{circuit=177 rows=6288862}: aiur::trace_codegen::cuda: prepared generated CUDA trace circuit=177 rows=6288862 width=10 seed_bytes=301865376 seed_spans=96
2026-09-17T00:50:50.605707Z DEBUG aiur/codegen_seeds{circuit=33 rows=6295443}: aiur::trace_codegen::cuda: prepared generated CUDA trace circuit=33 rows=6295443 width=18 seed_bytes=705089616 seed_spans=97
2026-09-17T00:50:51.096650Z DEBUG aiur::gpu_trace: CPU trace: circuit lacks generated CUDA coverage circuit=120 rows=2153673
2026-09-17T00:50:51.097358Z DEBUG aiur::gpu_trace: CPU trace: circuit lacks generated CUDA coverage circuit=39 rows=211388
2026-09-17T00:50:51.097400Z DEBUG aiur::gpu_trace: CPU trace: circuit lacks generated CUDA coverage circuit=20 rows=716732
2026-09-17T00:50:51.097869Z DEBUG aiur::gpu_trace: CPU trace: circuit lacks generated CUDA coverage circuit=41 rows=559887
2026-09-17T00:50:51.098251Z DEBUG aiur::gpu_trace: CPU trace: circuit lacks generated CUDA coverage circuit=110 rows=2410949
2026-09-17T00:50:51.098559Z DEBUG aiur::gpu_trace: CPU trace: circuit lacks generated CUDA coverage circuit=24 rows=826390
2026-09-17T00:50:51.532777Z DEBUG aiur/codegen_seeds{circuit=102 rows=1644769}: aiur::trace_codegen::cuda: prepared generated CUDA trace circuit=102 rows=1644769 width=43 seed_bytes=65790760 seed_spans=26
2026-09-17T00:50:51.553455Z DEBUG aiur/codegen_seeds{circuit=15 rows=374330}: aiur::trace_codegen::cuda: prepared generated CUDA trace circuit=15 rows=374330 width=177 seed_bytes=152726640 seed_spans=10
2026-09-17T00:50:51.567215Z DEBUG aiur/codegen_seeds{circuit=13 rows=374903}: aiur::trace_codegen::cuda: prepared generated CUDA trace circuit=13 rows=374903 width=195 seed_bytes=317917744 seed_spans=19
2026-09-17T00:50:51.625944Z DEBUG aiur/codegen_seeds{circuit=183 rows=7134758}: aiur::trace_codegen::cuda: prepared generated CUDA trace circuit=183 rows=7134758 width=10 seed_bytes=342468384 seed_spans=109
2026-09-17T00:50:52.328756Z DEBUG aiur::gpu_trace: CPU trace: circuit lacks generated CUDA coverage circuit=166 rows=1717297
2026-09-17T00:50:52.329400Z DEBUG aiur::gpu_trace: CPU trace: circuit lacks generated CUDA coverage circuit=103 rows=318056
2026-09-17T00:50:52.330133Z DEBUG aiur::gpu_trace: CPU trace: circuit lacks generated CUDA coverage circuit=44 rows=317156
2026-09-17T00:50:52.330342Z DEBUG aiur::gpu_trace: CPU trace: circuit lacks generated CUDA coverage circuit=132 rows=1178024
2026-09-17T00:50:52.330943Z DEBUG aiur::gpu_trace: CPU trace: circuit lacks generated CUDA coverage circuit=109 rows=2918563
2026-09-17T00:50:52.331161Z DEBUG aiur::gpu_trace: CPU trace: circuit lacks generated CUDA coverage circuit=113 rows=1563647
2026-09-17T00:50:52.331972Z DEBUG aiur::gpu_trace: CPU trace: circuit lacks generated CUDA coverage circuit=122 rows=1436501
2026-09-17T00:50:52.335182Z DEBUG aiur::gpu_trace: CPU trace: circuit lacks generated CUDA coverage circuit=167 rows=2001425
2026-09-17T00:50:52.344163Z DEBUG aiur::gpu_trace: CPU trace: circuit lacks generated CUDA coverage circuit=168 rows=1558774
2026-09-17T00:50:53.070955Z DEBUG aiur/codegen_seeds{circuit=88 rows=2575976}: aiur::trace_codegen::cuda: prepared generated CUDA trace circuit=88 rows=2575976 width=10 seed_bytes=123646848 seed_spans=40
2026-09-17T00:50:53.077387Z DEBUG aiur/codegen_seeds{circuit=180 rows=3400442}: aiur::trace_codegen::cuda: prepared generated CUDA trace circuit=180 rows=3400442 width=8 seed_bytes=163221216 seed_spans=52
2026-09-17T00:50:53.082964Z DEBUG aiur/codegen_seeds{circuit=45 rows=1492791}: aiur::trace_codegen::cuda: prepared generated CUDA trace circuit=45 rows=1492791 width=26 seed_bytes=262731216 seed_spans=23
2026-09-17T00:50:53.107621Z DEBUG aiur/codegen_seeds{circuit=54 rows=3433489}: aiur::trace_codegen::cuda: prepared generated CUDA trace circuit=54 rows=3433489 width=11 seed_bytes=192275384 seed_spans=53
2026-09-17T00:50:53.112326Z DEBUG aiur/codegen_seeds{circuit=178 rows=3846505}: aiur::trace_codegen::cuda: prepared generated CUDA trace circuit=178 rows=3846505 width=10 seed_bytes=184632240 seed_spans=59
2026-09-17T00:50:53.753538Z DEBUG aiur::gpu_trace: CPU trace: circuit lacks generated CUDA coverage circuit=0 rows=157999
2026-09-17T00:50:53.753557Z DEBUG aiur::gpu_trace: CPU trace: circuit lacks generated CUDA coverage circuit=51 rows=23767
2026-09-17T00:50:53.753589Z DEBUG aiur::gpu_trace: CPU trace: circuit lacks generated CUDA coverage circuit=2 rows=211584
2026-09-17T00:50:53.753591Z DEBUG aiur::gpu_trace: CPU trace: circuit lacks generated CUDA coverage circuit=127 rows=414251
2026-09-17T00:50:53.753595Z DEBUG aiur::gpu_trace: CPU trace: circuit lacks generated CUDA coverage circuit=114 rows=568832
2026-09-17T00:50:53.753595Z DEBUG aiur::gpu_trace: CPU trace: circuit lacks generated CUDA coverage circuit=105 rows=471940
2026-09-17T00:50:53.753594Z DEBUG aiur::gpu_trace: CPU trace: circuit lacks generated CUDA coverage circuit=25 rows=62579
2026-09-17T00:50:53.753599Z DEBUG aiur::gpu_trace: CPU trace: circuit lacks generated CUDA coverage circuit=82 rows=136254
2026-09-17T00:50:53.753596Z DEBUG aiur::gpu_trace: CPU trace: circuit lacks generated CUDA coverage circuit=52 rows=179044
2026-09-17T00:50:53.753597Z DEBUG aiur::gpu_trace: CPU trace: circuit lacks generated CUDA coverage circuit=108 rows=1040866
2026-09-17T00:50:53.753886Z DEBUG aiur::gpu_trace: CPU trace: circuit lacks generated CUDA coverage circuit=104 rows=224121
2026-09-17T00:50:53.754188Z DEBUG aiur::gpu_trace: CPU trace: circuit lacks generated CUDA coverage circuit=35 rows=66262
2026-09-17T00:50:53.754193Z DEBUG aiur::gpu_trace: CPU trace: circuit lacks generated CUDA coverage circuit=40 rows=147565
2026-09-17T00:50:53.754222Z DEBUG aiur::gpu_trace: CPU trace: circuit lacks generated CUDA coverage circuit=59 rows=110700
2026-09-17T00:50:53.754444Z DEBUG aiur::gpu_trace: CPU trace: circuit lacks generated CUDA coverage circuit=8 rows=34735
2026-09-17T00:50:53.754524Z DEBUG aiur::gpu_trace: CPU trace: circuit lacks generated CUDA coverage circuit=37 rows=949031
2026-09-17T00:50:53.754613Z DEBUG aiur::gpu_trace: CPU trace: circuit lacks generated CUDA coverage circuit=81 rows=100397
2026-09-17T00:50:53.754811Z DEBUG aiur::gpu_trace: CPU trace: circuit lacks generated CUDA coverage circuit=65 rows=80417
2026-09-17T00:50:53.754861Z DEBUG aiur::gpu_trace: CPU trace: circuit lacks generated CUDA coverage circuit=14 rows=1121711
2026-09-17T00:50:53.755317Z DEBUG aiur::gpu_trace: CPU trace: circuit lacks generated CUDA coverage circuit=157 rows=160781
2026-09-17T00:50:53.755323Z DEBUG aiur::gpu_trace: CPU trace: circuit lacks generated CUDA coverage circuit=147 rows=280270
2026-09-17T00:50:53.755399Z DEBUG aiur::gpu_trace: CPU trace: circuit lacks generated CUDA coverage circuit=144 rows=237882
2026-09-17T00:50:53.755432Z DEBUG aiur::gpu_trace: CPU trace: circuit lacks generated CUDA coverage circuit=133 rows=234725
2026-09-17T00:50:53.755462Z DEBUG aiur::gpu_trace: CPU trace: circuit lacks generated CUDA coverage circuit=46 rows=157100
2026-09-17T00:50:53.755465Z DEBUG aiur::gpu_trace: CPU trace: circuit lacks generated CUDA coverage circuit=181 rows=342355
2026-09-17T00:50:53.755472Z DEBUG aiur::gpu_trace: CPU trace: circuit lacks generated CUDA coverage circuit=23 rows=77214
2026-09-17T00:50:53.755507Z DEBUG aiur::gpu_trace: CPU trace: circuit lacks generated CUDA coverage circuit=49 rows=117350
2026-09-17T00:50:53.755560Z DEBUG aiur::gpu_trace: CPU trace: circuit lacks generated CUDA coverage circuit=43 rows=65963
2026-09-17T00:50:53.755856Z DEBUG aiur::gpu_trace: CPU trace: circuit lacks generated CUDA coverage circuit=150 rows=1385542
2026-09-17T00:50:53.759122Z DEBUG aiur::gpu_trace: CPU trace: circuit lacks generated CUDA coverage circuit=96 rows=74354
2026-09-17T00:50:53.827526Z DEBUG aiur/codegen_seeds{circuit=32 rows=208775}: aiur::trace_codegen::cuda: prepared generated CUDA trace circuit=32 rows=208775 width=21 seed_bytes=8805000 seed_spans=6
2026-09-17T00:50:53.837738Z DEBUG aiur::gpu_trace: CPU trace: circuit lacks generated CUDA coverage circuit=121 rows=382960
2026-09-17T00:50:53.859776Z DEBUG aiur::gpu_trace: CPU trace: circuit lacks generated CUDA coverage circuit=10 rows=32163
2026-09-17T00:50:53.877479Z DEBUG aiur::gpu_trace: CPU trace: circuit lacks generated CUDA coverage circuit=85 rows=765
2026-09-17T00:50:53.878469Z DEBUG aiur::gpu_trace: CPU trace: circuit lacks generated CUDA coverage circuit=98 rows=236429
2026-09-17T00:50:53.887651Z DEBUG aiur::gpu_trace: CPU trace: circuit lacks generated CUDA coverage circuit=148 rows=254624
2026-09-17T00:50:53.891037Z DEBUG aiur::gpu_trace: CPU trace: circuit lacks generated CUDA coverage circuit=97 rows=236664
2026-09-17T00:50:53.898677Z DEBUG aiur::gpu_trace: CPU trace: circuit lacks generated CUDA coverage circuit=182 rows=449563
2026-09-17T00:50:53.903802Z DEBUG aiur/codegen_seeds{circuit=140 rows=512889}: aiur::trace_codegen::cuda: prepared generated CUDA trace circuit=140 rows=512889 width=25 seed_bytes=17950008 seed_spans=9
2026-09-17T00:50:53.903832Z DEBUG aiur::gpu_trace: CPU trace: circuit lacks generated CUDA coverage circuit=141 rows=305582
2026-09-17T00:50:53.920256Z DEBUG aiur::gpu_trace: CPU trace: circuit lacks generated CUDA coverage circuit=151 rows=1005800
2026-09-17T00:50:53.975512Z DEBUG aiur::gpu_trace: CPU trace: circuit lacks generated CUDA coverage circuit=11 rows=156277
2026-09-17T00:50:53.991865Z DEBUG aiur::gpu_trace: CPU trace: circuit lacks generated CUDA coverage circuit=123 rows=196229
2026-09-17T00:50:54.000299Z DEBUG aiur::gpu_trace: CPU trace: circuit lacks generated CUDA coverage circuit=145 rows=330078
2026-09-17T00:50:54.046558Z DEBUG aiur::gpu_trace: CPU trace: circuit lacks generated CUDA coverage circuit=100 rows=355288
2026-09-17T00:50:54.085264Z DEBUG aiur::gpu_trace: CPU trace: circuit lacks generated CUDA coverage circuit=161 rows=128195
2026-09-17T00:50:54.121228Z DEBUG aiur::gpu_trace: CPU trace: circuit lacks generated CUDA coverage circuit=169 rows=1314208
2026-09-17T00:50:54.142190Z DEBUG aiur::gpu_trace: CPU trace: circuit lacks generated CUDA coverage circuit=130 rows=241940
2026-09-17T00:50:54.183707Z DEBUG aiur::gpu_trace: CPU trace: circuit lacks generated CUDA coverage circuit=152 rows=744283
2026-09-17T00:50:54.187794Z DEBUG aiur::gpu_trace: CPU trace: circuit lacks generated CUDA coverage circuit=99 rows=362554
2026-09-17T00:50:54.188879Z DEBUG aiur::gpu_trace: CPU trace: circuit lacks generated CUDA coverage circuit=137 rows=299727
2026-09-17T00:50:54.191739Z DEBUG aiur::gpu_trace: CPU trace: circuit lacks generated CUDA coverage circuit=138 rows=890089
2026-09-17T00:50:54.233041Z DEBUG aiur::gpu_trace: CPU trace: circuit lacks generated CUDA coverage circuit=184 rows=235257
2026-09-17T00:50:54.237201Z DEBUG aiur::gpu_trace: CPU trace: circuit lacks generated CUDA coverage circuit=115 rows=1281575
2026-09-17T00:50:54.301410Z DEBUG aiur::gpu_trace: CPU trace: circuit lacks generated CUDA coverage circuit=125 rows=486323
2026-09-17T00:50:54.308335Z DEBUG aiur::gpu_trace: CPU trace: circuit lacks generated CUDA coverage circuit=134 rows=260774
2026-09-17T00:50:54.320339Z DEBUG aiur::gpu_trace: CPU trace: circuit lacks generated CUDA coverage circuit=126 rows=384556
2026-09-17T00:50:54.327017Z DEBUG aiur::gpu_trace: CPU trace: circuit lacks generated CUDA coverage circuit=131 rows=417876
2026-09-17T00:50:54.332384Z DEBUG aiur::gpu_trace: CPU trace: circuit lacks generated CUDA coverage circuit=128 rows=305944
2026-09-17T00:50:54.341851Z DEBUG aiur::gpu_trace: CPU trace: circuit lacks generated CUDA coverage circuit=164 rows=892751
2026-09-17T00:50:54.410391Z DEBUG aiur::gpu_trace: CPU trace: circuit lacks generated CUDA coverage circuit=116 rows=798287
2026-09-17T00:50:54.433460Z DEBUG aiur::gpu_trace: CPU trace: circuit lacks generated CUDA coverage circuit=139 rows=280374
2026-09-17T00:50:54.435585Z DEBUG aiur/codegen_seeds{circuit=124 rows=56264}: aiur::trace_codegen::cuda: prepared generated CUDA trace circuit=124 rows=56264 width=98 seed_bytes=12896528 seed_spans=2
2026-09-17T00:50:54.455957Z DEBUG aiur::gpu_trace: CPU trace: circuit lacks generated CUDA coverage circuit=142 rows=354483
2026-09-17T00:50:54.460553Z DEBUG aiur::gpu_trace: CPU trace: circuit lacks generated CUDA coverage circuit=129 rows=394210
2026-09-17T00:50:55.217735Z DEBUG aiur::gpu_trace: CPU trace: circuit lacks generated CUDA coverage circuit=1 rows=26104
2026-09-17T00:50:55.217778Z DEBUG aiur::gpu_trace: CPU trace: circuit lacks generated CUDA coverage circuit=4 rows=19046
2026-09-17T00:50:55.217780Z DEBUG aiur::gpu_trace: CPU trace: circuit lacks generated CUDA coverage circuit=76 rows=50798
2026-09-17T00:50:55.217777Z DEBUG aiur::gpu_trace: CPU trace: circuit lacks generated CUDA coverage circuit=18 rows=20519
2026-09-17T00:50:55.217841Z DEBUG aiur::gpu_trace: CPU trace: circuit lacks generated CUDA coverage circuit=146 rows=92582
2026-09-17T00:50:55.217916Z DEBUG aiur/codegen_seeds{circuit=63 rows=151}: aiur::trace_codegen::cuda: prepared generated CUDA trace circuit=63 rows=151 width=68 seed_bytes=31408 seed_spans=1
2026-09-17T00:50:55.218204Z DEBUG aiur::gpu_trace: CPU trace: circuit lacks generated CUDA coverage circuit=17 rows=20257
2026-09-17T00:50:55.218396Z DEBUG aiur::gpu_trace: CPU trace: circuit lacks generated CUDA coverage circuit=149 rows=235731
2026-09-17T00:50:55.218538Z DEBUG aiur::gpu_trace: CPU trace: circuit lacks generated CUDA coverage circuit=19 rows=61412
2026-09-17T00:50:55.218591Z DEBUG aiur::gpu_trace: CPU trace: circuit lacks generated CUDA coverage circuit=155 rows=28497
2026-09-17T00:50:55.218660Z DEBUG aiur::gpu_trace: CPU trace: circuit lacks generated CUDA coverage circuit=66 rows=927
2026-09-17T00:50:55.218704Z DEBUG aiur::gpu_trace: CPU trace: circuit lacks generated CUDA coverage circuit=135 rows=3923
2026-09-17T00:50:55.218778Z DEBUG aiur::gpu_trace: CPU trace: circuit lacks generated CUDA coverage circuit=95 rows=30131
2026-09-17T00:50:55.218790Z DEBUG aiur::gpu_trace: CPU trace: circuit lacks generated CUDA coverage circuit=72 rows=13643
2026-09-17T00:50:55.218807Z DEBUG aiur::gpu_trace: CPU trace: circuit lacks generated CUDA coverage circuit=92 rows=94738
2026-09-17T00:50:55.218821Z DEBUG aiur::gpu_trace: CPU trace: circuit lacks generated CUDA coverage circuit=53 rows=20659
2026-09-17T00:50:55.218971Z DEBUG aiur::gpu_trace: CPU trace: circuit lacks generated CUDA coverage circuit=58 rows=3263
2026-09-17T00:50:55.219110Z DEBUG aiur::gpu_trace: CPU trace: circuit lacks generated CUDA coverage circuit=143 rows=237741
2026-09-17T00:50:55.219153Z DEBUG aiur::gpu_trace: CPU trace: circuit lacks generated CUDA coverage circuit=136 rows=27850
2026-09-17T00:50:55.219282Z DEBUG aiur::gpu_trace: CPU trace: circuit lacks generated CUDA coverage circuit=83 rows=40524
2026-09-17T00:50:55.219407Z DEBUG aiur::gpu_trace: CPU trace: circuit lacks generated CUDA coverage circuit=84 rows=36
2026-09-17T00:50:55.219584Z DEBUG aiur::gpu_trace: CPU trace: circuit lacks generated CUDA coverage circuit=86 rows=12372
2026-09-17T00:50:55.219601Z DEBUG aiur::gpu_trace: CPU trace: circuit lacks generated CUDA coverage circuit=30 rows=18979
2026-09-17T00:50:55.219635Z DEBUG aiur::gpu_trace: CPU trace: circuit lacks generated CUDA coverage circuit=67 rows=3669
2026-09-17T00:50:55.219703Z DEBUG aiur::gpu_trace: CPU trace: circuit lacks generated CUDA coverage circuit=55 rows=4887
2026-09-17T00:50:55.219902Z DEBUG aiur::gpu_trace: CPU trace: circuit lacks generated CUDA coverage circuit=93 rows=25383
2026-09-17T00:50:55.219906Z DEBUG aiur::gpu_trace: CPU trace: circuit lacks generated CUDA coverage circuit=31 rows=3245
2026-09-17T00:50:55.219911Z DEBUG aiur/codegen_seeds{circuit=56 rows=141}: aiur::trace_codegen::cuda: prepared generated CUDA trace circuit=56 rows=141 width=49 seed_bytes=11280 seed_spans=1
2026-09-17T00:50:55.220867Z DEBUG aiur::gpu_trace: CPU trace: circuit lacks generated CUDA coverage circuit=159 rows=18795
2026-09-17T00:50:55.221152Z DEBUG aiur::gpu_trace: CPU trace: circuit lacks generated CUDA coverage circuit=163 rows=183970
2026-09-17T00:50:55.221227Z DEBUG aiur::gpu_trace: CPU trace: circuit lacks generated CUDA coverage circuit=94 rows=27952
2026-09-17T00:50:55.221667Z DEBUG aiur::gpu_trace: CPU trace: circuit lacks generated CUDA coverage circuit=158 rows=10373
2026-09-17T00:50:55.224304Z DEBUG aiur::gpu_trace: CPU trace: circuit lacks generated CUDA coverage circuit=48 rows=25228
2026-09-17T00:50:55.225205Z DEBUG aiur::gpu_trace: CPU trace: circuit lacks generated CUDA coverage circuit=5 rows=302
2026-09-17T00:50:55.228497Z DEBUG aiur::gpu_trace: CPU trace: circuit lacks generated CUDA coverage circuit=61 rows=7877
2026-09-17T00:50:55.229733Z DEBUG aiur::gpu_trace: CPU trace: circuit lacks generated CUDA coverage circuit=73 rows=25332
2026-09-17T00:50:55.232685Z DEBUG aiur::gpu_trace: CPU trace: circuit lacks generated CUDA coverage circuit=50 rows=1658
2026-09-17T00:50:55.236122Z DEBUG aiur::gpu_trace: CPU trace: circuit lacks generated CUDA coverage circuit=7 rows=37966
2026-09-17T00:50:55.239193Z DEBUG aiur::gpu_trace: CPU trace: circuit lacks generated CUDA coverage circuit=160 rows=22356
2026-09-17T00:50:55.244822Z DEBUG aiur/codegen_seeds{circuit=6 rows=25367}: aiur::trace_codegen::cuda: prepared generated CUDA trace circuit=6 rows=25367 width=63 seed_bytes=4731864 seed_spans=4
2026-09-17T00:50:55.245057Z DEBUG aiur::gpu_trace: CPU trace: circuit lacks generated CUDA coverage circuit=80 rows=44451
2026-09-17T00:50:55.254980Z DEBUG aiur::gpu_trace: CPU trace: circuit lacks generated CUDA coverage circuit=78 rows=7581
2026-09-17T00:50:56.688956Z DEBUG aiur::gpu_trace: CPU trace: circuit lacks generated CUDA coverage circuit=90 rows=88084
2026-09-17T00:50:56.689116Z DEBUG aiur::gpu_trace: CPU trace: circuit lacks generated CUDA coverage circuit=176 rows=1
2026-09-17T00:50:56.689456Z DEBUG aiur::gpu_trace: CPU trace: circuit lacks generated CUDA coverage circuit=75 rows=8
2026-09-17T00:50:56.689583Z DEBUG aiur::gpu_trace: CPU trace: circuit lacks generated CUDA coverage circuit=57 rows=140
2026-09-17T00:50:56.761141Z DEBUG aiur/codegen_seeds{circuit=16 rows=1048576}: aiur::trace_codegen::cuda: prepared generated CUDA trace circuit=16 rows=1048576 width=533 seed_bytes=184549376 seed_spans=16
2026-09-17T00:50:57.006567Z DEBUG aiur/codegen_seeds{circuit=117 rows=13240533}: aiur::trace_codegen::cuda: prepared generated CUDA trace circuit=117 rows=13240533 width=15 seed_bytes=635545584 seed_spans=203
2026-09-17T00:50:57.008052Z DEBUG aiur::gpu_trace: CPU trace: circuit lacks generated CUDA coverage circuit=77 rows=2
2026-09-17T00:50:57.008340Z DEBUG aiur::gpu_trace: CPU trace: circuit lacks generated CUDA coverage circuit=27 rows=2358
2026-09-17T00:50:57.008669Z DEBUG aiur::gpu_trace: CPU trace: circuit lacks generated CUDA coverage circuit=22 rows=30
2026-09-17T00:50:57.008735Z DEBUG aiur::gpu_trace: CPU trace: circuit lacks generated CUDA coverage circuit=62 rows=258
2026-09-17T00:50:57.009299Z DEBUG aiur::gpu_trace: CPU trace: circuit lacks generated CUDA coverage circuit=156 rows=304394
2026-09-17T00:50:57.010125Z DEBUG aiur::gpu_trace: CPU trace: circuit lacks generated CUDA coverage circuit=91 rows=4960939
2026-09-17T00:50:57.071056Z DEBUG aiur/codegen_seeds{circuit=16 rows=1048576}: aiur::trace_codegen::cuda: prepared generated CUDA trace circuit=16 rows=1048576 width=533 seed_bytes=184549376 seed_spans=16
2026-09-17T00:50:59.548414Z DEBUG aiur::gpu_trace: CPU trace: circuit lacks generated CUDA coverage circuit=34 rows=1016406
2026-09-17T00:50:59.548414Z DEBUG aiur::gpu_trace: CPU trace: circuit lacks generated CUDA coverage circuit=26 rows=6
2026-09-17T00:50:59.550405Z DEBUG aiur::gpu_trace: CPU trace: circuit lacks generated CUDA coverage circuit=64 rows=60
2026-09-17T00:50:59.550675Z DEBUG aiur::gpu_trace: CPU trace: circuit lacks generated CUDA coverage circuit=69 rows=15
2026-09-17T00:50:59.550935Z DEBUG aiur::gpu_trace: CPU trace: circuit lacks generated CUDA coverage circuit=70 rows=16
2026-09-17T00:50:59.551021Z DEBUG aiur::gpu_trace: CPU trace: circuit lacks generated CUDA coverage circuit=68 rows=16
2026-09-17T00:50:59.551096Z DEBUG aiur::gpu_trace: CPU trace: circuit lacks generated CUDA coverage circuit=71 rows=16
2026-09-17T00:50:59.600464Z DEBUG aiur/codegen_seeds{circuit=16 rows=1048576}: aiur::trace_codegen::cuda: prepared generated CUDA trace circuit=16 rows=1048576 width=533 seed_bytes=184549376 seed_spans=16
2026-09-17T00:51:00.153398Z DEBUG aiur/codegen_seeds{circuit=12 rows=16777216}: aiur::trace_codegen::cuda: prepared generated CUDA trace circuit=12 rows=16777216 width=17 seed_bytes=1342177280 seed_spans=256
2026-09-17T00:51:02.537029Z DEBUG aiur::gpu_trace: CPU trace: circuit lacks generated CUDA coverage circuit=3 rows=19
2026-09-17T00:51:02.537606Z DEBUG aiur::gpu_trace: CPU trace: circuit lacks generated CUDA coverage circuit=47 rows=296840
2026-09-17T00:51:02.539779Z DEBUG aiur::gpu_trace: CPU trace: circuit lacks generated CUDA coverage circuit=87 rows=2
2026-09-17T00:51:03.082075Z DEBUG aiur/codegen_seeds{circuit=119 rows=10189848}: aiur::trace_codegen::cuda: prepared generated CUDA trace circuit=119 rows=10189848 width=20 seed_bytes=570631488 seed_spans=156
[trace-shards] 9 shards, 1500000000 committed cells: record 19464827503 B in shared pool, host workspace 16678134938 B of 26088568116 B reserved per prover; regenerating round 2
[lanes] executor 0: claim 3 executed in 107.4s, record 19464827503 B (18.1 GiB) at +222s
2026-09-17T00:51:03.120678Z DEBUG aiur/codegen_seeds{circuit=38 rows=4375748}: aiur::trace_codegen::cuda: prepared generated CUDA trace circuit=38 rows=4375748 width=27 seed_bytes=805137632 seed_spans=67
2026-09-17T00:51:03.255358Z DEBUG aiur/codegen_seeds{circuit=42 rows=6466839}: aiur::trace_codegen::cuda: prepared generated CUDA trace circuit=42 rows=6466839 width=49 seed_bytes=1758980208 seed_spans=105
2026-09-17T00:51:05.240224Z DEBUG aiur::gpu_trace: CPU trace: circuit lacks generated CUDA coverage circuit=9 rows=46085
2026-09-17T00:51:05.240242Z DEBUG aiur::gpu_trace: CPU trace: circuit lacks generated CUDA coverage circuit=179 rows=2858316
2026-09-17T00:51:05.241388Z DEBUG aiur::gpu_trace: CPU trace: circuit lacks generated CUDA coverage circuit=28 rows=3052
2026-09-17T00:51:05.241691Z DEBUG aiur::gpu_trace: CPU trace: circuit lacks generated CUDA coverage circuit=60 rows=150
2026-09-17T00:51:05.268797Z DEBUG aiur/codegen_seeds{circuit=16 rows=452160}: aiur::trace_codegen::cuda: prepared generated CUDA trace circuit=16 rows=452160 width=533 seed_bytes=79580160 seed_spans=7
2026-09-17T00:51:05.634266Z DEBUG aiur/codegen_seeds{circuit=112 rows=5516647}: aiur::trace_codegen::cuda: prepared generated CUDA trace circuit=112 rows=5516647 width=31 seed_bytes=397198584 seed_spans=85
2026-09-17T00:51:05.646656Z DEBUG aiur/codegen_seeds{circuit=12 rows=8603438}: aiur::trace_codegen::cuda: prepared generated CUDA trace circuit=12 rows=8603438 width=17 seed_bytes=688275040 seed_spans=132
2026-09-17T00:51:08.765127Z DEBUG aiur::gpu_trace: CPU trace: circuit lacks generated CUDA coverage circuit=89 rows=108199
2026-09-17T00:51:09.113251Z DEBUG aiur/codegen_seeds{circuit=111 rows=5757201}: aiur::trace_codegen::cuda: prepared generated CUDA trace circuit=111 rows=5757201 width=11 seed_bytes=230288040 seed_spans=88
2026-09-17T00:51:09.143616Z DEBUG aiur/codegen_seeds{circuit=170 rows=10085609}: aiur::trace_codegen::cuda: prepared generated CUDA trace circuit=170 rows=10085609 width=11 seed_bytes=403424360 seed_spans=154
2026-09-17T00:51:09.150761Z DEBUG aiur/codegen_seeds{circuit=107 rows=7498195}: aiur::trace_codegen::cuda: prepared generated CUDA trace circuit=107 rows=7498195 width=23 seed_bytes=419898920 seed_spans=115
2026-09-17T00:51:09.173231Z DEBUG aiur/codegen_seeds{circuit=101 rows=6786968}: aiur::trace_codegen::cuda: prepared generated CUDA trace circuit=101 rows=6786968 width=19 seed_bytes=434365952 seed_spans=104
2026-09-17T00:51:09.207625Z DEBUG aiur/codegen_seeds{circuit=36 rows=6487894}: aiur::trace_codegen::cuda: prepared generated CUDA trace circuit=36 rows=6487894 width=25 seed_bytes=622837824 seed_spans=99
2026-09-17T00:51:11.584623Z DEBUG aiur::gpu_trace: CPU trace: circuit lacks generated CUDA coverage circuit=153 rows=1233
2026-09-17T00:51:11.586023Z DEBUG aiur::gpu_trace: CPU trace: circuit lacks generated CUDA coverage circuit=74 rows=943
2026-09-17T00:51:11.587189Z DEBUG aiur::gpu_trace: CPU trace: circuit lacks generated CUDA coverage circuit=154 rows=23096
2026-09-17T00:51:11.962792Z DEBUG aiur/codegen_seeds{circuit=118 rows=3307842}: aiur::trace_codegen::cuda: prepared generated CUDA trace circuit=118 rows=3307842 width=10 seed_bytes=158776416 seed_spans=51
2026-09-17T00:51:11.968485Z DEBUG aiur/codegen_seeds{circuit=162 rows=2225576}: aiur::trace_codegen::cuda: prepared generated CUDA trace circuit=162 rows=2225576 width=33 seed_bytes=267069120 seed_spans=34
2026-09-17T00:51:11.973281Z DEBUG aiur/codegen_seeds{circuit=106 rows=7689551}: aiur::trace_codegen::cuda: prepared generated CUDA trace circuit=106 rows=7689551 width=9 seed_bytes=246065632 seed_spans=118
2026-09-17T00:51:11.974319Z DEBUG aiur/codegen_seeds{circuit=177 rows=6288862}: aiur::trace_codegen::cuda: prepared generated CUDA trace circuit=177 rows=6288862 width=10 seed_bytes=301865376 seed_spans=96
2026-09-17T00:51:12.038056Z DEBUG aiur/codegen_seeds{circuit=33 rows=6295443}: aiur::trace_codegen::cuda: prepared generated CUDA trace circuit=33 rows=6295443 width=18 seed_bytes=705089616 seed_spans=97
2026-09-17T00:51:14.693867Z DEBUG aiur::gpu_trace: CPU trace: circuit lacks generated CUDA coverage circuit=20 rows=716732
2026-09-17T00:51:14.694287Z DEBUG aiur::gpu_trace: CPU trace: circuit lacks generated CUDA coverage circuit=120 rows=2153673
2026-09-17T00:51:14.694391Z DEBUG aiur::gpu_trace: CPU trace: circuit lacks generated CUDA coverage circuit=110 rows=2410949
2026-09-17T00:51:14.694681Z DEBUG aiur::gpu_trace: CPU trace: circuit lacks generated CUDA coverage circuit=24 rows=826390
2026-09-17T00:51:14.694923Z DEBUG aiur::gpu_trace: CPU trace: circuit lacks generated CUDA coverage circuit=39 rows=211388
2026-09-17T00:51:14.695963Z DEBUG aiur::gpu_trace: CPU trace: circuit lacks generated CUDA coverage circuit=41 rows=559887
2026-09-17T00:51:15.115359Z DEBUG aiur/codegen_seeds{circuit=102 rows=1644769}: aiur::trace_codegen::cuda: prepared generated CUDA trace circuit=102 rows=1644769 width=43 seed_bytes=65790760 seed_spans=26
2026-09-17T00:51:15.128875Z DEBUG aiur/codegen_seeds{circuit=15 rows=374330}: aiur::trace_codegen::cuda: prepared generated CUDA trace circuit=15 rows=374330 width=177 seed_bytes=152726640 seed_spans=10
2026-09-17T00:51:15.180732Z DEBUG aiur/codegen_seeds{circuit=183 rows=7134758}: aiur::trace_codegen::cuda: prepared generated CUDA trace circuit=183 rows=7134758 width=10 seed_bytes=342468384 seed_spans=109
2026-09-17T00:51:15.199060Z DEBUG aiur/codegen_seeds{circuit=13 rows=374903}: aiur::trace_codegen::cuda: prepared generated CUDA trace circuit=13 rows=374903 width=195 seed_bytes=317917744 seed_spans=19
2026-09-17T00:51:18.263956Z DEBUG aiur::gpu_trace: CPU trace: circuit lacks generated CUDA coverage circuit=44 rows=317156
2026-09-17T00:51:18.264544Z DEBUG aiur::gpu_trace: CPU trace: circuit lacks generated CUDA coverage circuit=103 rows=318056
2026-09-17T00:51:18.264581Z DEBUG aiur::gpu_trace: CPU trace: circuit lacks generated CUDA coverage circuit=109 rows=2918563
2026-09-17T00:51:18.265310Z DEBUG aiur::gpu_trace: CPU trace: circuit lacks generated CUDA coverage circuit=166 rows=1717297
2026-09-17T00:51:18.265597Z DEBUG aiur::gpu_trace: CPU trace: circuit lacks generated CUDA coverage circuit=122 rows=1436501
2026-09-17T00:51:18.265804Z DEBUG aiur::gpu_trace: CPU trace: circuit lacks generated CUDA coverage circuit=113 rows=1563647
2026-09-17T00:51:18.265913Z DEBUG aiur::gpu_trace: CPU trace: circuit lacks generated CUDA coverage circuit=167 rows=2001425
2026-09-17T00:51:18.266550Z DEBUG aiur::gpu_trace: CPU trace: circuit lacks generated CUDA coverage circuit=168 rows=1558774
2026-09-17T00:51:18.266590Z DEBUG aiur::gpu_trace: CPU trace: circuit lacks generated CUDA coverage circuit=132 rows=1178024
2026-09-17T00:51:18.980168Z DEBUG aiur/codegen_seeds{circuit=88 rows=2575976}: aiur::trace_codegen::cuda: prepared generated CUDA trace circuit=88 rows=2575976 width=10 seed_bytes=123646848 seed_spans=40
2026-09-17T00:51:18.985435Z DEBUG aiur/codegen_seeds{circuit=180 rows=3400442}: aiur::trace_codegen::cuda: prepared generated CUDA trace circuit=180 rows=3400442 width=8 seed_bytes=163221216 seed_spans=52
2026-09-17T00:51:18.986809Z DEBUG aiur/codegen_seeds{circuit=178 rows=3846505}: aiur::trace_codegen::cuda: prepared generated CUDA trace circuit=178 rows=3846505 width=10 seed_bytes=184632240 seed_spans=59
2026-09-17T00:51:18.996344Z DEBUG aiur/codegen_seeds{circuit=54 rows=3433489}: aiur::trace_codegen::cuda: prepared generated CUDA trace circuit=54 rows=3433489 width=11 seed_bytes=192275384 seed_spans=53
2026-09-17T00:51:19.013529Z DEBUG aiur/codegen_seeds{circuit=45 rows=1492791}: aiur::trace_codegen::cuda: prepared generated CUDA trace circuit=45 rows=1492791 width=26 seed_bytes=262731216 seed_spans=23
2026-09-17T00:51:22.309655Z DEBUG aiur::gpu_trace: CPU trace: circuit lacks generated CUDA coverage circuit=0 rows=157999
2026-09-17T00:51:22.309679Z DEBUG aiur::gpu_trace: CPU trace: circuit lacks generated CUDA coverage circuit=25 rows=62579
2026-09-17T00:51:22.309679Z DEBUG aiur::gpu_trace: CPU trace: circuit lacks generated CUDA coverage circuit=127 rows=414251
2026-09-17T00:51:22.309697Z DEBUG aiur::gpu_trace: CPU trace: circuit lacks generated CUDA coverage circuit=128 rows=305944
2026-09-17T00:51:22.309700Z DEBUG aiur::gpu_trace: CPU trace: circuit lacks generated CUDA coverage circuit=108 rows=1040866
2026-09-17T00:51:22.309693Z DEBUG aiur::gpu_trace: CPU trace: circuit lacks generated CUDA coverage circuit=82 rows=136254
2026-09-17T00:51:22.309694Z DEBUG aiur::gpu_trace: CPU trace: circuit lacks generated CUDA coverage circuit=51 rows=23767
2026-09-17T00:51:22.309694Z DEBUG aiur::gpu_trace: CPU trace: circuit lacks generated CUDA coverage circuit=133 rows=234725
2026-09-17T00:51:22.309700Z DEBUG aiur::gpu_trace: CPU trace: circuit lacks generated CUDA coverage circuit=52 rows=179044
2026-09-17T00:51:22.309693Z DEBUG aiur::gpu_trace: CPU trace: circuit lacks generated CUDA coverage circuit=114 rows=568832
2026-09-17T00:51:22.309694Z DEBUG aiur::gpu_trace: CPU trace: circuit lacks generated CUDA coverage circuit=130 rows=241940
2026-09-17T00:51:22.309790Z DEBUG aiur::gpu_trace: CPU trace: circuit lacks generated CUDA coverage circuit=2 rows=211584
2026-09-17T00:51:22.310244Z DEBUG aiur::gpu_trace: CPU trace: circuit lacks generated CUDA coverage circuit=147 rows=280270
2026-09-17T00:51:22.310314Z DEBUG aiur::gpu_trace: CPU trace: circuit lacks generated CUDA coverage circuit=121 rows=382960
2026-09-17T00:51:22.310372Z DEBUG aiur::gpu_trace: CPU trace: circuit lacks generated CUDA coverage circuit=81 rows=100397
2026-09-17T00:51:22.310431Z DEBUG aiur::gpu_trace: CPU trace: circuit lacks generated CUDA coverage circuit=14 rows=1121711
2026-09-17T00:51:22.310516Z DEBUG aiur::gpu_trace: CPU trace: circuit lacks generated CUDA coverage circuit=65 rows=80417
2026-09-17T00:51:22.310731Z DEBUG aiur::gpu_trace: CPU trace: circuit lacks generated CUDA coverage circuit=40 rows=147565
2026-09-17T00:51:22.310750Z DEBUG aiur::gpu_trace: CPU trace: circuit lacks generated CUDA coverage circuit=131 rows=417876
2026-09-17T00:51:22.310782Z DEBUG aiur::gpu_trace: CPU trace: circuit lacks generated CUDA coverage circuit=59 rows=110700
2026-09-17T00:51:22.310860Z DEBUG aiur::gpu_trace: CPU trace: circuit lacks generated CUDA coverage circuit=8 rows=34735
2026-09-17T00:51:22.310943Z DEBUG aiur::gpu_trace: CPU trace: circuit lacks generated CUDA coverage circuit=137 rows=299727
2026-09-17T00:51:22.311013Z DEBUG aiur::gpu_trace: CPU trace: circuit lacks generated CUDA coverage circuit=104 rows=224121
2026-09-17T00:51:22.311188Z DEBUG aiur::gpu_trace: CPU trace: circuit lacks generated CUDA coverage circuit=46 rows=157100
2026-09-17T00:51:22.311291Z DEBUG aiur::gpu_trace: CPU trace: circuit lacks generated CUDA coverage circuit=10 rows=32163
2026-09-17T00:51:22.311305Z DEBUG aiur::gpu_trace: CPU trace: circuit lacks generated CUDA coverage circuit=23 rows=77214
2026-09-17T00:51:22.311322Z DEBUG aiur::gpu_trace: CPU trace: circuit lacks generated CUDA coverage circuit=157 rows=160781
2026-09-17T00:51:22.311367Z DEBUG aiur::gpu_trace: CPU trace: circuit lacks generated CUDA coverage circuit=96 rows=74354
2026-09-17T00:51:22.314232Z DEBUG aiur::gpu_trace: CPU trace: circuit lacks generated CUDA coverage circuit=11 rows=156277
2026-09-17T00:51:22.315651Z DEBUG aiur::gpu_trace: CPU trace: circuit lacks generated CUDA coverage circuit=43 rows=65963
2026-09-17T00:51:22.387517Z DEBUG aiur/codegen_seeds{circuit=32 rows=208775}: aiur::trace_codegen::cuda: prepared generated CUDA trace circuit=32 rows=208775 width=21 seed_bytes=8805000 seed_spans=6
2026-09-17T00:51:22.387614Z DEBUG aiur::gpu_trace: CPU trace: circuit lacks generated CUDA coverage circuit=35 rows=66262
2026-09-17T00:51:22.416265Z DEBUG aiur::gpu_trace: CPU trace: circuit lacks generated CUDA coverage circuit=129 rows=394210
2026-09-17T00:51:22.423391Z DEBUG aiur/codegen_seeds{circuit=140 rows=512889}: aiur::trace_codegen::cuda: prepared generated CUDA trace circuit=140 rows=512889 width=25 seed_bytes=17950008 seed_spans=9
2026-09-17T00:51:22.423426Z DEBUG aiur::gpu_trace: CPU trace: circuit lacks generated CUDA coverage circuit=141 rows=305582
2026-09-17T00:51:22.431851Z DEBUG aiur::gpu_trace: CPU trace: circuit lacks generated CUDA coverage circuit=85 rows=765
2026-09-17T00:51:22.465843Z DEBUG aiur::gpu_trace: CPU trace: circuit lacks generated CUDA coverage circuit=97 rows=236664
2026-09-17T00:51:22.475725Z DEBUG aiur::gpu_trace: CPU trace: circuit lacks generated CUDA coverage circuit=98 rows=236429
2026-09-17T00:51:22.475781Z DEBUG aiur::gpu_trace: CPU trace: circuit lacks generated CUDA coverage circuit=37 rows=949031
2026-09-17T00:51:22.511496Z DEBUG aiur::gpu_trace: CPU trace: circuit lacks generated CUDA coverage circuit=134 rows=260774
2026-09-17T00:51:22.541567Z DEBUG aiur::gpu_trace: CPU trace: circuit lacks generated CUDA coverage circuit=105 rows=471940
2026-09-17T00:51:22.565283Z DEBUG aiur::gpu_trace: CPU trace: circuit lacks generated CUDA coverage circuit=161 rows=128195
2026-09-17T00:51:22.565854Z DEBUG aiur::gpu_trace: CPU trace: circuit lacks generated CUDA coverage circuit=123 rows=196229
2026-09-17T00:51:22.572071Z DEBUG aiur::gpu_trace: CPU trace: circuit lacks generated CUDA coverage circuit=144 rows=237882
2026-09-17T00:51:22.578683Z DEBUG aiur::gpu_trace: CPU trace: circuit lacks generated CUDA coverage circuit=150 rows=1385542
2026-09-17T00:51:22.585488Z DEBUG aiur::gpu_trace: CPU trace: circuit lacks generated CUDA coverage circuit=125 rows=486323
2026-09-17T00:51:22.630190Z DEBUG aiur::gpu_trace: CPU trace: circuit lacks generated CUDA coverage circuit=148 rows=254624
2026-09-17T00:51:22.670603Z DEBUG aiur::gpu_trace: CPU trace: circuit lacks generated CUDA coverage circuit=49 rows=117350
2026-09-17T00:51:22.683227Z DEBUG aiur::gpu_trace: CPU trace: circuit lacks generated CUDA coverage circuit=145 rows=330078
2026-09-17T00:51:22.700792Z DEBUG aiur::gpu_trace: CPU trace: circuit lacks generated CUDA coverage circuit=100 rows=355288
2026-09-17T00:51:22.703968Z DEBUG aiur/codegen_seeds{circuit=124 rows=56264}: aiur::trace_codegen::cuda: prepared generated CUDA trace circuit=124 rows=56264 width=98 seed_bytes=12896528 seed_spans=2
2026-09-17T00:51:22.722081Z DEBUG aiur::gpu_trace: CPU trace: circuit lacks generated CUDA coverage circuit=142 rows=354483
2026-09-17T00:51:22.735199Z DEBUG aiur::gpu_trace: CPU trace: circuit lacks generated CUDA coverage circuit=151 rows=1005800
2026-09-17T00:51:22.779891Z DEBUG aiur::gpu_trace: CPU trace: circuit lacks generated CUDA coverage circuit=99 rows=362554
2026-09-17T00:51:22.790338Z DEBUG aiur::gpu_trace: CPU trace: circuit lacks generated CUDA coverage circuit=126 rows=384556
2026-09-17T00:51:22.814881Z DEBUG aiur::gpu_trace: CPU trace: circuit lacks generated CUDA coverage circuit=115 rows=1281575
2026-09-17T00:51:22.871101Z DEBUG aiur::gpu_trace: CPU trace: circuit lacks generated CUDA coverage circuit=164 rows=892751
2026-09-17T00:51:22.894404Z DEBUG aiur::gpu_trace: CPU trace: circuit lacks generated CUDA coverage circuit=138 rows=890089
2026-09-17T00:51:22.919885Z DEBUG aiur::gpu_trace: CPU trace: circuit lacks generated CUDA coverage circuit=181 rows=342355
2026-09-17T00:51:22.932991Z DEBUG aiur::gpu_trace: CPU trace: circuit lacks generated CUDA coverage circuit=116 rows=798287
2026-09-17T00:51:22.993063Z DEBUG aiur::gpu_trace: CPU trace: circuit lacks generated CUDA coverage circuit=152 rows=744283
2026-09-17T00:51:23.010298Z DEBUG aiur::gpu_trace: CPU trace: circuit lacks generated CUDA coverage circuit=169 rows=1314208
2026-09-17T00:51:23.049927Z DEBUG aiur::gpu_trace: CPU trace: circuit lacks generated CUDA coverage circuit=182 rows=449563
2026-09-17T00:51:23.056326Z DEBUG aiur::gpu_trace: CPU trace: circuit lacks generated CUDA coverage circuit=139 rows=280374
2026-09-17T00:51:23.277541Z DEBUG aiur::gpu_trace: CPU trace: circuit lacks generated CUDA coverage circuit=184 rows=235257
2026-09-17T00:51:26.032981Z DEBUG aiur::gpu_trace: CPU trace: circuit lacks generated CUDA coverage circuit=7 rows=37966
2026-09-17T00:51:26.033000Z DEBUG aiur::gpu_trace: CPU trace: circuit lacks generated CUDA coverage circuit=1 rows=26104
2026-09-17T00:51:26.033001Z DEBUG aiur::gpu_trace: CPU trace: circuit lacks generated CUDA coverage circuit=4 rows=19046
2026-09-17T00:51:26.032999Z DEBUG aiur::gpu_trace: CPU trace: circuit lacks generated CUDA coverage circuit=135 rows=3923
2026-09-17T00:51:26.033002Z DEBUG aiur::gpu_trace: CPU trace: circuit lacks generated CUDA coverage circuit=136 rows=27850
2026-09-17T00:51:26.033008Z DEBUG aiur::gpu_trace: CPU trace: circuit lacks generated CUDA coverage circuit=76 rows=50798
2026-09-17T00:51:26.033002Z DEBUG aiur::gpu_trace: CPU trace: circuit lacks generated CUDA coverage circuit=31 rows=3245
2026-09-17T00:51:26.033195Z DEBUG aiur::gpu_trace: CPU trace: circuit lacks generated CUDA coverage circuit=146 rows=92582
2026-09-17T00:51:26.033209Z DEBUG aiur::gpu_trace: CPU trace: circuit lacks generated CUDA coverage circuit=18 rows=20519
2026-09-17T00:51:26.033394Z DEBUG aiur/codegen_seeds{circuit=63 rows=151}: aiur::trace_codegen::cuda: prepared generated CUDA trace circuit=63 rows=151 width=68 seed_bytes=31408 seed_spans=1
2026-09-17T00:51:26.034194Z DEBUG aiur::gpu_trace: CPU trace: circuit lacks generated CUDA coverage circuit=66 rows=927
2026-09-17T00:51:26.034285Z DEBUG aiur::gpu_trace: CPU trace: circuit lacks generated CUDA coverage circuit=19 rows=61412
2026-09-17T00:51:26.034493Z DEBUG aiur::gpu_trace: CPU trace: circuit lacks generated CUDA coverage circuit=155 rows=28497
2026-09-17T00:51:26.034796Z DEBUG aiur::gpu_trace: CPU trace: circuit lacks generated CUDA coverage circuit=53 rows=20659
2026-09-17T00:51:26.034847Z DEBUG aiur::gpu_trace: CPU trace: circuit lacks generated CUDA coverage circuit=143 rows=237741
2026-09-17T00:51:26.034975Z DEBUG aiur::gpu_trace: CPU trace: circuit lacks generated CUDA coverage circuit=83 rows=40524
2026-09-17T00:51:26.035148Z DEBUG aiur::gpu_trace: CPU trace: circuit lacks generated CUDA coverage circuit=159 rows=18795
2026-09-17T00:51:26.035254Z DEBUG aiur::gpu_trace: CPU trace: circuit lacks generated CUDA coverage circuit=84 rows=36
2026-09-17T00:51:26.035276Z DEBUG aiur::gpu_trace: CPU trace: circuit lacks generated CUDA coverage circuit=30 rows=18979
2026-09-17T00:51:26.035286Z DEBUG aiur::gpu_trace: CPU trace: circuit lacks generated CUDA coverage circuit=17 rows=20257
2026-09-17T00:51:26.035369Z DEBUG aiur::gpu_trace: CPU trace: circuit lacks generated CUDA coverage circuit=48 rows=25228
2026-09-17T00:51:26.035373Z DEBUG aiur::gpu_trace: CPU trace: circuit lacks generated CUDA coverage circuit=58 rows=3263
2026-09-17T00:51:26.035416Z DEBUG aiur::gpu_trace: CPU trace: circuit lacks generated CUDA coverage circuit=86 rows=12372
2026-09-17T00:51:26.035448Z DEBUG aiur::gpu_trace: CPU trace: circuit lacks generated CUDA coverage circuit=80 rows=44451
2026-09-17T00:51:26.035452Z DEBUG aiur::gpu_trace: CPU trace: circuit lacks generated CUDA coverage circuit=92 rows=94738
2026-09-17T00:51:26.035539Z DEBUG aiur::gpu_trace: CPU trace: circuit lacks generated CUDA coverage circuit=67 rows=3669
2026-09-17T00:51:26.035545Z DEBUG aiur::gpu_trace: CPU trace: circuit lacks generated CUDA coverage circuit=78 rows=7581
2026-09-17T00:51:26.035590Z DEBUG aiur::gpu_trace: CPU trace: circuit lacks generated CUDA coverage circuit=160 rows=22356
2026-09-17T00:51:26.035619Z DEBUG aiur::gpu_trace: CPU trace: circuit lacks generated CUDA coverage circuit=163 rows=183970
2026-09-17T00:51:26.035694Z DEBUG aiur::gpu_trace: CPU trace: circuit lacks generated CUDA coverage circuit=95 rows=30131
2026-09-17T00:51:26.035979Z DEBUG aiur::gpu_trace: CPU trace: circuit lacks generated CUDA coverage circuit=5 rows=302
2026-09-17T00:51:26.037031Z DEBUG aiur::gpu_trace: CPU trace: circuit lacks generated CUDA coverage circuit=149 rows=235731
2026-09-17T00:51:26.037384Z DEBUG aiur::gpu_trace: CPU trace: circuit lacks generated CUDA coverage circuit=50 rows=1658
2026-09-17T00:51:26.038824Z DEBUG aiur::gpu_trace: CPU trace: circuit lacks generated CUDA coverage circuit=55 rows=4887
2026-09-17T00:51:26.039292Z DEBUG aiur::gpu_trace: CPU trace: circuit lacks generated CUDA coverage circuit=93 rows=25383
2026-09-17T00:51:26.044963Z DEBUG aiur::gpu_trace: CPU trace: circuit lacks generated CUDA coverage circuit=94 rows=27952
2026-09-17T00:51:26.045935Z DEBUG aiur::gpu_trace: CPU trace: circuit lacks generated CUDA coverage circuit=72 rows=13643
2026-09-17T00:51:26.046529Z DEBUG aiur::gpu_trace: CPU trace: circuit lacks generated CUDA coverage circuit=61 rows=7877
2026-09-17T00:51:26.053952Z DEBUG aiur::gpu_trace: CPU trace: circuit lacks generated CUDA coverage circuit=73 rows=25332
2026-09-17T00:51:26.054125Z DEBUG aiur/codegen_seeds{circuit=6 rows=25367}: aiur::trace_codegen::cuda: prepared generated CUDA trace circuit=6 rows=25367 width=63 seed_bytes=4731864 seed_spans=4
2026-09-17T00:51:26.056307Z DEBUG aiur/codegen_seeds{circuit=56 rows=141}: aiur::trace_codegen::cuda: prepared generated CUDA trace circuit=56 rows=141 width=49 seed_bytes=11280 seed_spans=1
2026-09-17T00:51:26.064219Z DEBUG aiur::gpu_trace: CPU trace: circuit lacks generated CUDA coverage circuit=158 rows=10373
[lanes] worker 0: claim 1 proven at +249s (1 left)
[lanes] join 2 dispatched at +249s
[lanes] worker 0: claim 3 proving started at +249s
[lanes] executor 0: join 2 execution started at +249s
[aggregate] structural-joining slots 0, 1 into 2
2026-09-17T00:51:30.142553Z DEBUG aiur::gpu_trace: CPU trace: circuit lacks generated CUDA coverage circuit=90 rows=71405
2026-09-17T00:51:30.142651Z DEBUG aiur::gpu_trace: CPU trace: circuit lacks generated CUDA coverage circuit=22 rows=40
2026-09-17T00:51:30.142769Z DEBUG aiur::gpu_trace: CPU trace: circuit lacks generated CUDA coverage circuit=79 rows=2
2026-09-17T00:51:30.144259Z DEBUG aiur::gpu_trace: CPU trace: circuit lacks generated CUDA coverage circuit=176 rows=1
2026-09-17T00:51:30.193596Z DEBUG aiur/codegen_seeds{circuit=16 rows=1048576}: aiur::trace_codegen::cuda: prepared generated CUDA trace circuit=16 rows=1048576 width=533 seed_bytes=184549376 seed_spans=16
2026-09-17T00:51:30.385367Z DEBUG aiur/codegen_seeds{circuit=117 rows=10717034}: aiur::trace_codegen::cuda: prepared generated CUDA trace circuit=117 rows=10717034 width=15 seed_bytes=514417632 seed_spans=164
2026-09-17T00:51:30.386222Z DEBUG aiur::gpu_trace: CPU trace: circuit lacks generated CUDA coverage circuit=153 rows=987
2026-09-17T00:51:30.386852Z DEBUG aiur::gpu_trace: CPU trace: circuit lacks generated CUDA coverage circuit=91 rows=4288836
2026-09-17T00:51:30.386924Z DEBUG aiur::gpu_trace: CPU trace: circuit lacks generated CUDA coverage circuit=26 rows=5
2026-09-17T00:51:30.387166Z DEBUG aiur::gpu_trace: CPU trace: circuit lacks generated CUDA coverage circuit=53 rows=13607
2026-09-17T00:51:30.387311Z DEBUG aiur::gpu_trace: CPU trace: circuit lacks generated CUDA coverage circuit=129 rows=305895
2026-09-17T00:51:30.388937Z DEBUG aiur::gpu_trace: CPU trace: circuit lacks generated CUDA coverage circuit=50 rows=956
2026-09-17T00:51:30.444858Z DEBUG aiur/codegen_seeds{circuit=16 rows=1048576}: aiur::trace_codegen::cuda: prepared generated CUDA trace circuit=16 rows=1048576 width=533 seed_bytes=184549376 seed_spans=16
2026-09-17T00:51:31.116837Z DEBUG aiur::gpu_trace: CPU trace: circuit lacks generated CUDA coverage circuit=34 rows=806750
2026-09-17T00:51:31.118065Z DEBUG aiur::gpu_trace: CPU trace: circuit lacks generated CUDA coverage circuit=60 rows=51
2026-09-17T00:51:31.118800Z DEBUG aiur::gpu_trace: CPU trace: circuit lacks generated CUDA coverage circuit=75 rows=5
2026-09-17T00:51:31.155407Z DEBUG aiur/codegen_seeds{circuit=16 rows=774008}: aiur::trace_codegen::cuda: prepared generated CUDA trace circuit=16 rows=774008 width=533 seed_bytes=136225408 seed_spans=12
2026-09-17T00:51:31.676366Z DEBUG aiur/codegen_seeds{circuit=12 rows=16777216}: aiur::trace_codegen::cuda: prepared generated CUDA trace circuit=12 rows=16777216 width=17 seed_bytes=1342177280 seed_spans=256
2026-09-17T00:51:32.109455Z DEBUG aiur::gpu_trace: CPU trace: circuit lacks generated CUDA coverage circuit=27 rows=2112
2026-09-17T00:51:32.110639Z DEBUG aiur::gpu_trace: CPU trace: circuit lacks generated CUDA coverage circuit=52 rows=136816
2026-09-17T00:51:32.110649Z DEBUG aiur::gpu_trace: CPU trace: circuit lacks generated CUDA coverage circuit=110 rows=3009599
2026-09-17T00:51:32.111493Z DEBUG aiur::gpu_trace: CPU trace: circuit lacks generated CUDA coverage circuit=84 rows=42
2026-09-17T00:51:32.111959Z DEBUG aiur/codegen_seeds{circuit=56 rows=42}: aiur::trace_codegen::cuda: prepared generated CUDA trace circuit=56 rows=42 width=49 seed_bytes=3360 seed_spans=1
2026-09-17T00:51:32.601892Z DEBUG aiur/codegen_seeds{circuit=112 rows=6880798}: aiur::trace_codegen::cuda: prepared generated CUDA trace circuit=112 rows=6880798 width=31 seed_bytes=495417456 seed_spans=105
2026-09-17T00:51:32.633716Z DEBUG aiur/codegen_seeds{circuit=170 rows=10342533}: aiur::trace_codegen::cuda: prepared generated CUDA trace circuit=170 rows=10342533 width=11 seed_bytes=413701320 seed_spans=158
2026-09-17T00:51:32.848635Z DEBUG aiur/codegen_seeds{circuit=42 rows=5709906}: aiur::trace_codegen::cuda: prepared generated CUDA trace circuit=42 rows=5709906 width=49 seed_bytes=1553094432 seed_spans=93
2026-09-17T00:51:32.974353Z DEBUG aiur::gpu_trace: CPU trace: circuit lacks generated CUDA coverage circuit=3 rows=8
2026-09-17T00:51:32.974413Z DEBUG aiur/codegen_seeds{circuit=63 rows=27}: aiur::trace_codegen::cuda: prepared generated CUDA trace circuit=63 rows=27 width=68 seed_bytes=5616 seed_spans=1
2026-09-17T00:51:32.975346Z DEBUG aiur::gpu_trace: CPU trace: circuit lacks generated CUDA coverage circuit=77 rows=3
2026-09-17T00:51:32.976251Z DEBUG aiur::gpu_trace: CPU trace: circuit lacks generated CUDA coverage circuit=62 rows=45
2026-09-17T00:51:32.976617Z DEBUG aiur::gpu_trace: CPU trace: circuit lacks generated CUDA coverage circuit=87 rows=24
2026-09-17T00:51:32.976693Z DEBUG aiur::gpu_trace: CPU trace: circuit lacks generated CUDA coverage circuit=121 rows=285799
2026-09-17T00:51:33.308598Z DEBUG aiur/codegen_seeds{circuit=102 rows=2155801}: aiur::trace_codegen::cuda: prepared generated CUDA trace circuit=102 rows=2155801 width=43 seed_bytes=86232040 seed_spans=33
2026-09-17T00:51:33.360324Z DEBUG aiur/codegen_seeds{circuit=101 rows=6149238}: aiur::trace_codegen::cuda: prepared generated CUDA trace circuit=101 rows=6149238 width=19 seed_bytes=393551232 seed_spans=94
2026-09-17T00:51:33.368786Z DEBUG aiur/codegen_seeds{circuit=107 rows=7702343}: aiur::trace_codegen::cuda: prepared generated CUDA trace circuit=107 rows=7702343 width=23 seed_bytes=431331208 seed_spans=118
2026-09-17T00:51:33.375539Z DEBUG aiur/codegen_seeds{circuit=36 rows=5723878}: aiur::trace_codegen::cuda: prepared generated CUDA trace circuit=36 rows=5723878 width=25 seed_bytes=549492288 seed_spans=88
2026-09-17T00:51:33.410938Z DEBUG aiur/codegen_seeds{circuit=33 rows=6366783}: aiur::trace_codegen::cuda: prepared generated CUDA trace circuit=33 rows=6366783 width=18 seed_bytes=713079696 seed_spans=98
2026-09-17T00:51:34.104289Z DEBUG aiur::gpu_trace: CPU trace: circuit lacks generated CUDA coverage circuit=64 rows=12
2026-09-17T00:51:34.104538Z DEBUG aiur::gpu_trace: CPU trace: circuit lacks generated CUDA coverage circuit=57 rows=42
2026-09-17T00:51:34.104600Z DEBUG aiur::gpu_trace: CPU trace: circuit lacks generated CUDA coverage circuit=116 rows=846200
2026-09-17T00:51:34.105238Z DEBUG aiur::gpu_trace: CPU trace: circuit lacks generated CUDA coverage circuit=69 rows=15
2026-09-17T00:51:34.105448Z DEBUG aiur::gpu_trace: CPU trace: circuit lacks generated CUDA coverage circuit=70 rows=16
2026-09-17T00:51:34.105473Z DEBUG aiur::gpu_trace: CPU trace: circuit lacks generated CUDA coverage circuit=93 rows=13648
2026-09-17T00:51:34.105768Z DEBUG aiur::gpu_trace: CPU trace: circuit lacks generated CUDA coverage circuit=71 rows=16
2026-09-17T00:51:34.106053Z DEBUG aiur::gpu_trace: CPU trace: circuit lacks generated CUDA coverage circuit=68 rows=16
2026-09-17T00:51:34.106432Z DEBUG aiur::gpu_trace: CPU trace: circuit lacks generated CUDA coverage circuit=21 rows=5
2026-09-17T00:51:34.106732Z DEBUG aiur::gpu_trace: CPU trace: circuit lacks generated CUDA coverage circuit=74 rows=775
2026-09-17T00:51:34.663199Z DEBUG aiur/codegen_seeds{circuit=106 rows=7892517}: aiur::trace_codegen::cuda: prepared generated CUDA trace circuit=106 rows=7892517 width=9 seed_bytes=252560544 seed_spans=121
2026-09-17T00:51:34.669267Z DEBUG aiur/codegen_seeds{circuit=111 rows=7179957}: aiur::trace_codegen::cuda: prepared generated CUDA trace circuit=111 rows=7179957 width=11 seed_bytes=287198280 seed_spans=110
2026-09-17T00:51:34.692135Z DEBUG aiur/codegen_seeds{circuit=177 rows=4936168}: aiur::trace_codegen::cuda: prepared generated CUDA trace circuit=177 rows=4936168 width=10 seed_bytes=236936064 seed_spans=76
2026-09-17T00:51:34.699243Z DEBUG aiur/codegen_seeds{circuit=119 rows=8276495}: aiur::trace_codegen::cuda: prepared generated CUDA trace circuit=119 rows=8276495 width=20 seed_bytes=463483720 seed_spans=127
2026-09-17T00:51:34.699599Z DEBUG aiur/codegen_seeds{circuit=13 rows=306826}: aiur::trace_codegen::cuda: prepared generated CUDA trace circuit=13 rows=306826 width=195 seed_bytes=260188448 seed_spans=16
2026-09-17T00:51:34.746985Z DEBUG aiur/codegen_seeds{circuit=38 rows=3812578}: aiur::trace_codegen::cuda: prepared generated CUDA trace circuit=38 rows=3812578 width=27 seed_bytes=701514352 seed_spans=59
2026-09-17T00:51:35.030287Z DEBUG aiur::gpu_trace: CPU trace: circuit lacks generated CUDA coverage circuit=109 rows=3450567
2026-09-17T00:51:35.030432Z DEBUG aiur::gpu_trace: CPU trace: circuit lacks generated CUDA coverage circuit=167 rows=1827728
2026-09-17T00:51:35.030770Z DEBUG aiur::gpu_trace: CPU trace: circuit lacks generated CUDA coverage circuit=61 rows=5486
2026-09-17T00:51:35.030911Z DEBUG aiur::gpu_trace: CPU trace: circuit lacks generated CUDA coverage circuit=5 rows=679
2026-09-17T00:51:35.032746Z DEBUG aiur::gpu_trace: CPU trace: circuit lacks generated CUDA coverage circuit=168 rows=1508723
2026-09-17T00:51:35.032796Z DEBUG aiur::gpu_trace: CPU trace: circuit lacks generated CUDA coverage circuit=37 rows=759836
2026-09-17T00:51:35.032838Z DEBUG aiur::gpu_trace: CPU trace: circuit lacks generated CUDA coverage circuit=85 rows=478
2026-09-17T00:51:35.557188Z DEBUG aiur/codegen_seeds{circuit=15 rows=305220}: aiur::trace_codegen::cuda: prepared generated CUDA trace circuit=15 rows=305220 width=177 seed_bytes=124529760 seed_spans=8
2026-09-17T00:51:35.559759Z DEBUG aiur/codegen_seeds{circuit=118 rows=2674877}: aiur::trace_codegen::cuda: prepared generated CUDA trace circuit=118 rows=2674877 width=10 seed_bytes=128394096 seed_spans=41
2026-09-17T00:51:35.560799Z DEBUG aiur/codegen_seeds{circuit=54 rows=2684902}: aiur::trace_codegen::cuda: prepared generated CUDA trace circuit=54 rows=2684902 width=11 seed_bytes=150354512 seed_spans=41
2026-09-17T00:51:35.576019Z DEBUG aiur/codegen_seeds{circuit=162 rows=1722394}: aiur::trace_codegen::cuda: prepared generated CUDA trace circuit=162 rows=1722394 width=33 seed_bytes=206687280 seed_spans=27
2026-09-17T00:51:35.577762Z DEBUG aiur/codegen_seeds{circuit=183 rows=5848581}: aiur::trace_codegen::cuda: prepared generated CUDA trace circuit=183 rows=5848581 width=10 seed_bytes=280731888 seed_spans=90
2026-09-17T00:51:35.588032Z DEBUG aiur/codegen_seeds{circuit=12 rows=3707799}: aiur::trace_codegen::cuda: prepared generated CUDA trace circuit=12 rows=3707799 width=17 seed_bytes=296623920 seed_spans=57
2026-09-17T00:51:36.112292Z DEBUG aiur::gpu_trace: CPU trace: circuit lacks generated CUDA coverage circuit=179 rows=2249785
2026-09-17T00:51:36.112298Z DEBUG aiur::gpu_trace: CPU trace: circuit lacks generated CUDA coverage circuit=166 rows=1520898
2026-09-17T00:51:36.112623Z DEBUG aiur::gpu_trace: CPU trace: circuit lacks generated CUDA coverage circuit=120 rows=1657250
2026-09-17T00:51:36.112881Z DEBUG aiur::gpu_trace: CPU trace: circuit lacks generated CUDA coverage circuit=20 rows=473770
2026-09-17T00:51:36.113192Z DEBUG aiur::gpu_trace: CPU trace: circuit lacks generated CUDA coverage circuit=24 rows=515620
2026-09-17T00:51:36.113262Z DEBUG aiur::gpu_trace: CPU trace: circuit lacks generated CUDA coverage circuit=115 rows=1314496
2026-09-17T00:51:36.113630Z DEBUG aiur::gpu_trace: CPU trace: circuit lacks generated CUDA coverage circuit=128 rows=230572
2026-09-17T00:51:36.113649Z DEBUG aiur::gpu_trace: CPU trace: circuit lacks generated CUDA coverage circuit=126 rows=279647
2026-09-17T00:51:36.113702Z DEBUG aiur::gpu_trace: CPU trace: circuit lacks generated CUDA coverage circuit=44 rows=228794
2026-09-17T00:51:36.113868Z DEBUG aiur::gpu_trace: CPU trace: circuit lacks generated CUDA coverage circuit=156 rows=573574
2026-09-17T00:51:36.114181Z DEBUG aiur::gpu_trace: CPU trace: circuit lacks generated CUDA coverage circuit=152 rows=558410
2026-09-17T00:51:36.114288Z DEBUG aiur::gpu_trace: CPU trace: circuit lacks generated CUDA coverage circuit=122 rows=1060856
2026-09-17T00:51:36.114321Z DEBUG aiur::gpu_trace: CPU trace: circuit lacks generated CUDA coverage circuit=150 rows=1076571
2026-09-17T00:51:36.114805Z DEBUG aiur::gpu_trace: CPU trace: circuit lacks generated CUDA coverage circuit=113 rows=1955430
2026-09-17T00:51:36.114860Z DEBUG aiur::gpu_trace: CPU trace: circuit lacks generated CUDA coverage circuit=169 rows=1249211
2026-09-17T00:51:36.737037Z DEBUG aiur/codegen_seeds{circuit=180 rows=2669537}: aiur::trace_codegen::cuda: prepared generated CUDA trace circuit=180 rows=2669537 width=8 seed_bytes=128137776 seed_spans=41
2026-09-17T00:51:36.829685Z DEBUG aiur/codegen_seeds{circuit=88 rows=2066135}: aiur::trace_codegen::cuda: prepared generated CUDA trace circuit=88 rows=2066135 width=10 seed_bytes=99174480 seed_spans=32
2026-09-17T00:51:36.833482Z DEBUG aiur/codegen_seeds{circuit=178 rows=3069412}: aiur::trace_codegen::cuda: prepared generated CUDA trace circuit=178 rows=3069412 width=10 seed_bytes=147331776 seed_spans=47
2026-09-17T00:51:36.854238Z DEBUG aiur/codegen_seeds{circuit=45 rows=1379852}: aiur::trace_codegen::cuda: prepared generated CUDA trace circuit=45 rows=1379852 width=26 seed_bytes=242853952 seed_spans=22
2026-09-17T00:51:37.398717Z DEBUG aiur::gpu_trace: CPU trace: circuit lacks generated CUDA coverage circuit=0 rows=114125
2026-09-17T00:51:37.398735Z DEBUG aiur::gpu_trace: CPU trace: circuit lacks generated CUDA coverage circuit=1 rows=19037
2026-09-17T00:51:37.398746Z DEBUG aiur::gpu_trace: CPU trace: circuit lacks generated CUDA coverage circuit=51 rows=16537
2026-09-17T00:51:37.398764Z DEBUG aiur::gpu_trace: CPU trace: circuit lacks generated CUDA coverage circuit=105 rows=359561
2026-09-17T00:51:37.398776Z DEBUG aiur::gpu_trace: CPU trace: circuit lacks generated CUDA coverage circuit=58 rows=1862
2026-09-17T00:51:37.398777Z DEBUG aiur::gpu_trace: CPU trace: circuit lacks generated CUDA coverage circuit=18 rows=13256
2026-09-17T00:51:37.398778Z DEBUG aiur::gpu_trace: CPU trace: circuit lacks generated CUDA coverage circuit=76 rows=38610
2026-09-17T00:51:37.398779Z DEBUG aiur::gpu_trace: CPU trace: circuit lacks generated CUDA coverage circuit=55 rows=3987
2026-09-17T00:51:37.398782Z DEBUG aiur::gpu_trace: CPU trace: circuit lacks generated CUDA coverage circuit=82 rows=98184
2026-09-17T00:51:37.398784Z DEBUG aiur::gpu_trace: CPU trace: circuit lacks generated CUDA coverage circuit=114 rows=580548
2026-09-17T00:51:37.398793Z DEBUG aiur::gpu_trace: CPU trace: circuit lacks generated CUDA coverage circuit=78 rows=4827
2026-09-17T00:51:37.398783Z DEBUG aiur::gpu_trace: CPU trace: circuit lacks generated CUDA coverage circuit=108 rows=981571
2026-09-17T00:51:37.398785Z DEBUG aiur::gpu_trace: CPU trace: circuit lacks generated CUDA coverage circuit=25 rows=41274
2026-09-17T00:51:37.398784Z DEBUG aiur::gpu_trace: CPU trace: circuit lacks generated CUDA coverage circuit=89 rows=91635
2026-09-17T00:51:37.398783Z DEBUG aiur::gpu_trace: CPU trace: circuit lacks generated CUDA coverage circuit=127 rows=324508
2026-09-17T00:51:37.398778Z DEBUG aiur::gpu_trace: CPU trace: circuit lacks generated CUDA coverage circuit=2 rows=164005
2026-09-17T00:51:37.398854Z DEBUG aiur::gpu_trace: CPU trace: circuit lacks generated CUDA coverage circuit=103 rows=345717
2026-09-17T00:51:37.399043Z DEBUG aiur::gpu_trace: CPU trace: circuit lacks generated CUDA coverage circuit=9 rows=32455
2026-09-17T00:51:37.399143Z DEBUG aiur::gpu_trace: CPU trace: circuit lacks generated CUDA coverage circuit=80 rows=36365
2026-09-17T00:51:37.399201Z DEBUG aiur::gpu_trace: CPU trace: circuit lacks generated CUDA coverage circuit=14 rows=820034
2026-09-17T00:51:37.399307Z DEBUG aiur::gpu_trace: CPU trace: circuit lacks generated CUDA coverage circuit=81 rows=75199
2026-09-17T00:51:37.399354Z DEBUG aiur::gpu_trace: CPU trace: circuit lacks generated CUDA coverage circuit=59 rows=84180
2026-09-17T00:51:37.399382Z DEBUG aiur::gpu_trace: CPU trace: circuit lacks generated CUDA coverage circuit=4 rows=22108
2026-09-17T00:51:37.399512Z DEBUG aiur::gpu_trace: CPU trace: circuit lacks generated CUDA coverage circuit=154 rows=21826
2026-09-17T00:51:37.399603Z DEBUG aiur::gpu_trace: CPU trace: circuit lacks generated CUDA coverage circuit=17 rows=13259
2026-09-17T00:51:37.399610Z DEBUG aiur::gpu_trace: CPU trace: circuit lacks generated CUDA coverage circuit=65 rows=59383
2026-09-17T00:51:37.399658Z DEBUG aiur::gpu_trace: CPU trace: circuit lacks generated CUDA coverage circuit=66 rows=339
2026-09-17T00:51:37.399692Z DEBUG aiur::gpu_trace: CPU trace: circuit lacks generated CUDA coverage circuit=95 rows=21394
2026-09-17T00:51:37.400728Z DEBUG aiur::gpu_trace: CPU trace: circuit lacks generated CUDA coverage circuit=67 rows=2996
2026-09-17T00:51:37.403161Z DEBUG aiur::gpu_trace: CPU trace: circuit lacks generated CUDA coverage circuit=39 rows=189266
2026-09-17T00:51:37.404213Z DEBUG aiur::gpu_trace: CPU trace: circuit lacks generated CUDA coverage circuit=72 rows=14482
2026-09-17T00:51:37.410552Z DEBUG aiur::gpu_trace: CPU trace: circuit lacks generated CUDA coverage circuit=7 rows=44180
2026-09-17T00:51:37.417429Z DEBUG aiur::gpu_trace: CPU trace: circuit lacks generated CUDA coverage circuit=19 rows=43062
2026-09-17T00:51:37.424169Z DEBUG aiur/codegen_seeds{circuit=6 rows=17291}: aiur::trace_codegen::cuda: prepared generated CUDA trace circuit=6 rows=17291 width=63 seed_bytes=3062304 seed_spans=4
2026-09-17T00:51:37.430835Z DEBUG aiur::gpu_trace: CPU trace: circuit lacks generated CUDA coverage circuit=8 rows=27552
2026-09-17T00:51:37.436780Z DEBUG aiur::gpu_trace: CPU trace: circuit lacks generated CUDA coverage circuit=10 rows=29752
2026-09-17T00:51:37.437068Z DEBUG aiur::gpu_trace: CPU trace: circuit lacks generated CUDA coverage circuit=133 rows=193798
2026-09-17T00:51:37.437505Z DEBUG aiur::gpu_trace: CPU trace: circuit lacks generated CUDA coverage circuit=86 rows=9322
2026-09-17T00:51:37.439784Z DEBUG aiur::gpu_trace: CPU trace: circuit lacks generated CUDA coverage circuit=83 rows=26521
2026-09-17T00:51:37.440207Z DEBUG aiur::gpu_trace: CPU trace: circuit lacks generated CUDA coverage circuit=73 rows=23494
2026-09-17T00:51:37.441288Z DEBUG aiur::gpu_trace: CPU trace: circuit lacks generated CUDA coverage circuit=46 rows=125926
2026-09-17T00:51:37.444223Z DEBUG aiur::gpu_trace: CPU trace: circuit lacks generated CUDA coverage circuit=155 rows=30887
2026-09-17T00:51:37.446220Z DEBUG aiur::gpu_trace: CPU trace: circuit lacks generated CUDA coverage circuit=96 rows=63896
2026-09-17T00:51:37.449682Z DEBUG aiur::gpu_trace: CPU trace: circuit lacks generated CUDA coverage circuit=98 rows=187513
2026-09-17T00:51:37.455073Z DEBUG aiur::gpu_trace: CPU trace: circuit lacks generated CUDA coverage circuit=31 rows=3207
2026-09-17T00:51:37.455532Z DEBUG aiur::gpu_trace: CPU trace: circuit lacks generated CUDA coverage circuit=28 rows=2524
2026-09-17T00:51:37.459166Z DEBUG aiur::gpu_trace: CPU trace: circuit lacks generated CUDA coverage circuit=30 rows=12783
2026-09-17T00:51:37.461543Z DEBUG aiur::gpu_trace: CPU trace: circuit lacks generated CUDA coverage circuit=146 rows=69945
2026-09-17T00:51:37.462781Z DEBUG aiur::gpu_trace: CPU trace: circuit lacks generated CUDA coverage circuit=181 rows=285687
2026-09-17T00:51:37.463239Z DEBUG aiur::gpu_trace: CPU trace: circuit lacks generated CUDA coverage circuit=100 rows=367368
2026-09-17T00:51:37.463339Z DEBUG aiur::gpu_trace: CPU trace: circuit lacks generated CUDA coverage circuit=23 rows=50260
2026-09-17T00:51:37.463725Z DEBUG aiur::gpu_trace: CPU trace: circuit lacks generated CUDA coverage circuit=35 rows=49000
2026-09-17T00:51:37.467046Z DEBUG aiur::gpu_trace: CPU trace: circuit lacks generated CUDA coverage circuit=97 rows=185222
2026-09-17T00:51:37.484318Z DEBUG aiur::gpu_trace: CPU trace: circuit lacks generated CUDA coverage circuit=149 rows=187224
2026-09-17T00:51:37.493046Z DEBUG aiur::gpu_trace: CPU trace: circuit lacks generated CUDA coverage circuit=157 rows=180752
2026-09-17T00:51:37.495768Z DEBUG aiur/codegen_seeds{circuit=32 rows=171950}: aiur::trace_codegen::cuda: prepared generated CUDA trace circuit=32 rows=171950 width=21 seed_bytes=7313688 seed_spans=6
2026-09-17T00:51:37.499880Z DEBUG aiur/codegen_seeds{circuit=140 rows=407209}: aiur::trace_codegen::cuda: prepared generated CUDA trace circuit=140 rows=407209 width=25 seed_bytes=14255856 seed_spans=7
2026-09-17T00:51:37.499916Z DEBUG aiur::gpu_trace: CPU trace: circuit lacks generated CUDA coverage circuit=141 rows=243148
2026-09-17T00:51:37.500117Z DEBUG aiur::gpu_trace: CPU trace: circuit lacks generated CUDA coverage circuit=123 rows=147121
2026-09-17T00:51:37.504499Z DEBUG aiur::gpu_trace: CPU trace: circuit lacks generated CUDA coverage circuit=99 rows=371390
2026-09-17T00:51:37.523427Z DEBUG aiur::gpu_trace: CPU trace: circuit lacks generated CUDA coverage circuit=125 rows=362935
2026-09-17T00:51:37.526923Z DEBUG aiur::gpu_trace: CPU trace: circuit lacks generated CUDA coverage circuit=11 rows=105737
2026-09-17T00:51:37.531576Z DEBUG aiur::gpu_trace: CPU trace: circuit lacks generated CUDA coverage circuit=159 rows=24094
2026-09-17T00:51:37.540220Z DEBUG aiur::gpu_trace: CPU trace: circuit lacks generated CUDA coverage circuit=163 rows=136129
2026-09-17T00:51:37.548126Z DEBUG aiur::gpu_trace: CPU trace: circuit lacks generated CUDA coverage circuit=147 rows=222828
2026-09-17T00:51:37.560261Z DEBUG aiur::gpu_trace: CPU trace: circuit lacks generated CUDA coverage circuit=40 rows=113054
2026-09-17T00:51:37.573657Z DEBUG aiur::gpu_trace: CPU trace: circuit lacks generated CUDA coverage circuit=182 rows=322703
2026-09-17T00:51:37.585501Z DEBUG aiur::gpu_trace: CPU trace: circuit lacks generated CUDA coverage circuit=160 rows=26663
2026-09-17T00:51:37.597318Z DEBUG aiur::gpu_trace: CPU trace: circuit lacks generated CUDA coverage circuit=151 rows=782908
2026-09-17T00:51:37.599801Z DEBUG aiur::gpu_trace: CPU trace: circuit lacks generated CUDA coverage circuit=161 rows=141476
2026-09-17T00:51:37.609933Z DEBUG aiur::gpu_trace: CPU trace: circuit lacks generated CUDA coverage circuit=41 rows=483204
2026-09-17T00:51:37.621181Z DEBUG aiur::gpu_trace: CPU trace: circuit lacks generated CUDA coverage circuit=92 rows=74955
2026-09-17T00:51:37.635517Z DEBUG aiur::gpu_trace: CPU trace: circuit lacks generated CUDA coverage circuit=94 rows=18884
2026-09-17T00:51:37.645474Z DEBUG aiur::gpu_trace: CPU trace: circuit lacks generated CUDA coverage circuit=164 rows=704045
2026-09-17T00:51:37.658406Z DEBUG aiur::gpu_trace: CPU trace: circuit lacks generated CUDA coverage circuit=143 rows=188385
2026-09-17T00:51:37.661137Z DEBUG aiur::gpu_trace: CPU trace: circuit lacks generated CUDA coverage circuit=158 rows=11082
2026-09-17T00:51:37.664007Z DEBUG aiur::gpu_trace: CPU trace: circuit lacks generated CUDA coverage circuit=104 rows=166358
2026-09-17T00:51:37.665981Z DEBUG aiur::gpu_trace: CPU trace: circuit lacks generated CUDA coverage circuit=130 rows=182278
2026-09-17T00:51:37.673478Z DEBUG aiur::gpu_trace: CPU trace: circuit lacks generated CUDA coverage circuit=148 rows=202435
2026-09-17T00:51:37.700105Z DEBUG aiur::gpu_trace: CPU trace: circuit lacks generated CUDA coverage circuit=47 rows=215550
2026-09-17T00:51:37.705265Z DEBUG aiur::gpu_trace: CPU trace: circuit lacks generated CUDA coverage circuit=49 rows=91574
2026-09-17T00:51:37.758132Z DEBUG aiur::gpu_trace: CPU trace: circuit lacks generated CUDA coverage circuit=144 rows=188490
2026-09-17T00:51:37.760653Z DEBUG aiur::gpu_trace: CPU trace: circuit lacks generated CUDA coverage circuit=184 rows=146301
2026-09-17T00:51:37.766237Z DEBUG aiur::gpu_trace: CPU trace: circuit lacks generated CUDA coverage circuit=145 rows=251077
2026-09-17T00:51:37.768386Z DEBUG aiur::gpu_trace: CPU trace: circuit lacks generated CUDA coverage circuit=131 rows=333194
2026-09-17T00:51:37.799884Z DEBUG aiur/codegen_seeds{circuit=124 rows=40552}: aiur::trace_codegen::cuda: prepared generated CUDA trace circuit=124 rows=40552 width=98 seed_bytes=9262464 seed_spans=2
2026-09-17T00:51:37.826799Z DEBUG aiur::gpu_trace: CPU trace: circuit lacks generated CUDA coverage circuit=142 rows=291805
2026-09-17T00:51:37.829854Z DEBUG aiur::gpu_trace: CPU trace: circuit lacks generated CUDA coverage circuit=48 rows=16909
2026-09-17T00:51:37.845304Z DEBUG aiur::gpu_trace: CPU trace: circuit lacks generated CUDA coverage circuit=132 rows=956867
2026-09-17T00:51:37.852347Z DEBUG aiur::gpu_trace: CPU trace: circuit lacks generated CUDA coverage circuit=136 rows=18256
2026-09-17T00:51:37.855042Z DEBUG aiur::gpu_trace: CPU trace: circuit lacks generated CUDA coverage circuit=138 rows=718413
2026-09-17T00:51:37.856179Z DEBUG aiur::gpu_trace: CPU trace: circuit lacks generated CUDA coverage circuit=137 rows=247247
2026-09-17T00:51:37.876533Z DEBUG aiur::gpu_trace: CPU trace: circuit lacks generated CUDA coverage circuit=43 rows=54587
2026-09-17T00:51:37.883629Z DEBUG aiur::gpu_trace: CPU trace: circuit lacks generated CUDA coverage circuit=139 rows=226589
2026-09-17T00:51:37.914992Z DEBUG aiur::gpu_trace: CPU trace: circuit lacks generated CUDA coverage circuit=134 rows=209735
2026-09-17T00:51:37.918937Z DEBUG aiur::gpu_trace: CPU trace: circuit lacks generated CUDA coverage circuit=135 rows=3063
2026-09-17T00:51:39.984625Z DEBUG aiur::gpu_trace: CPU trace: circuit lacks generated CUDA coverage circuit=90 rows=71405
2026-09-17T00:51:39.984652Z DEBUG aiur::gpu_trace: CPU trace: circuit lacks generated CUDA coverage circuit=22 rows=40
2026-09-17T00:51:39.985094Z DEBUG aiur::gpu_trace: CPU trace: circuit lacks generated CUDA coverage circuit=79 rows=2
2026-09-17T00:51:39.986069Z DEBUG aiur::gpu_trace: CPU trace: circuit lacks generated CUDA coverage circuit=176 rows=1
2026-09-17T00:51:40.034369Z DEBUG aiur/codegen_seeds{circuit=16 rows=1048576}: aiur::trace_codegen::cuda: prepared generated CUDA trace circuit=16 rows=1048576 width=533 seed_bytes=184549376 seed_spans=16
2026-09-17T00:51:40.254784Z DEBUG aiur/codegen_seeds{circuit=117 rows=10717034}: aiur::trace_codegen::cuda: prepared generated CUDA trace circuit=117 rows=10717034 width=15 seed_bytes=514417632 seed_spans=164
2026-09-17T00:51:40.255644Z DEBUG aiur::gpu_trace: CPU trace: circuit lacks generated CUDA coverage circuit=26 rows=5
2026-09-17T00:51:40.255646Z DEBUG aiur::gpu_trace: CPU trace: circuit lacks generated CUDA coverage circuit=153 rows=987
2026-09-17T00:51:40.257030Z DEBUG aiur::gpu_trace: CPU trace: circuit lacks generated CUDA coverage circuit=91 rows=4288836
2026-09-17T00:51:40.257195Z DEBUG aiur::gpu_trace: CPU trace: circuit lacks generated CUDA coverage circuit=53 rows=13607
2026-09-17T00:51:40.257514Z DEBUG aiur::gpu_trace: CPU trace: circuit lacks generated CUDA coverage circuit=50 rows=956
2026-09-17T00:51:40.258067Z DEBUG aiur::gpu_trace: CPU trace: circuit lacks generated CUDA coverage circuit=129 rows=305895
2026-09-17T00:51:40.324757Z DEBUG aiur/codegen_seeds{circuit=16 rows=1048576}: aiur::trace_codegen::cuda: prepared generated CUDA trace circuit=16 rows=1048576 width=533 seed_bytes=184549376 seed_spans=16
2026-09-17T00:51:42.757796Z DEBUG aiur::gpu_trace: CPU trace: circuit lacks generated CUDA coverage circuit=60 rows=51
2026-09-17T00:51:42.759816Z DEBUG aiur::gpu_trace: CPU trace: circuit lacks generated CUDA coverage circuit=34 rows=806750
2026-09-17T00:51:42.760524Z DEBUG aiur::gpu_trace: CPU trace: circuit lacks generated CUDA coverage circuit=75 rows=5
2026-09-17T00:51:42.801234Z DEBUG aiur/codegen_seeds{circuit=16 rows=774008}: aiur::trace_codegen::cuda: prepared generated CUDA trace circuit=16 rows=774008 width=533 seed_bytes=136225408 seed_spans=12
2026-09-17T00:51:43.361489Z DEBUG aiur/codegen_seeds{circuit=12 rows=16777216}: aiur::trace_codegen::cuda: prepared generated CUDA trace circuit=12 rows=16777216 width=17 seed_bytes=1342177280 seed_spans=256
2026-09-17T00:51:45.790848Z DEBUG aiur::gpu_trace: CPU trace: circuit lacks generated CUDA coverage circuit=110 rows=3009599
2026-09-17T00:51:45.791540Z DEBUG aiur::gpu_trace: CPU trace: circuit lacks generated CUDA coverage circuit=52 rows=136816
2026-09-17T00:51:45.791682Z DEBUG aiur::gpu_trace: CPU trace: circuit lacks generated CUDA coverage circuit=27 rows=2112
2026-09-17T00:51:45.792389Z DEBUG aiur/codegen_seeds{circuit=56 rows=42}: aiur::trace_codegen::cuda: prepared generated CUDA trace circuit=56 rows=42 width=49 seed_bytes=3360 seed_spans=1
2026-09-17T00:51:45.793198Z DEBUG aiur::gpu_trace: CPU trace: circuit lacks generated CUDA coverage circuit=84 rows=42
2026-09-17T00:51:46.309276Z DEBUG aiur/codegen_seeds{circuit=170 rows=10342533}: aiur::trace_codegen::cuda: prepared generated CUDA trace circuit=170 rows=10342533 width=11 seed_bytes=413701320 seed_spans=158
2026-09-17T00:51:46.336735Z DEBUG aiur/codegen_seeds{circuit=112 rows=6880798}: aiur::trace_codegen::cuda: prepared generated CUDA trace circuit=112 rows=6880798 width=31 seed_bytes=495417456 seed_spans=105
2026-09-17T00:51:46.555998Z DEBUG aiur/codegen_seeds{circuit=42 rows=5709906}: aiur::trace_codegen::cuda: prepared generated CUDA trace circuit=42 rows=5709906 width=49 seed_bytes=1553094432 seed_spans=93
2026-09-17T00:51:48.440498Z DEBUG aiur::gpu_trace: CPU trace: circuit lacks generated CUDA coverage circuit=3 rows=8
2026-09-17T00:51:48.440796Z DEBUG aiur/codegen_seeds{circuit=63 rows=27}: aiur::trace_codegen::cuda: prepared generated CUDA trace circuit=63 rows=27 width=68 seed_bytes=5616 seed_spans=1
2026-09-17T00:51:48.441202Z DEBUG aiur::gpu_trace: CPU trace: circuit lacks generated CUDA coverage circuit=121 rows=285799
2026-09-17T00:51:48.441348Z DEBUG aiur::gpu_trace: CPU trace: circuit lacks generated CUDA coverage circuit=77 rows=3
2026-09-17T00:51:48.443039Z DEBUG aiur::gpu_trace: CPU trace: circuit lacks generated CUDA coverage circuit=62 rows=45
2026-09-17T00:51:48.443623Z DEBUG aiur::gpu_trace: CPU trace: circuit lacks generated CUDA coverage circuit=87 rows=24
2026-09-17T00:51:48.775263Z DEBUG aiur/codegen_seeds{circuit=102 rows=2155801}: aiur::trace_codegen::cuda: prepared generated CUDA trace circuit=102 rows=2155801 width=43 seed_bytes=86232040 seed_spans=33
2026-09-17T00:51:48.833396Z DEBUG aiur/codegen_seeds{circuit=101 rows=6149238}: aiur::trace_codegen::cuda: prepared generated CUDA trace circuit=101 rows=6149238 width=19 seed_bytes=393551232 seed_spans=94
2026-09-17T00:51:48.841859Z DEBUG aiur/codegen_seeds{circuit=107 rows=7702343}: aiur::trace_codegen::cuda: prepared generated CUDA trace circuit=107 rows=7702343 width=23 seed_bytes=431331208 seed_spans=118
2026-09-17T00:51:48.860695Z DEBUG aiur/codegen_seeds{circuit=36 rows=5723878}: aiur::trace_codegen::cuda: prepared generated CUDA trace circuit=36 rows=5723878 width=25 seed_bytes=549492288 seed_spans=88
2026-09-17T00:51:48.888488Z DEBUG aiur/codegen_seeds{circuit=33 rows=6366783}: aiur::trace_codegen::cuda: prepared generated CUDA trace circuit=33 rows=6366783 width=18 seed_bytes=713079696 seed_spans=98
2026-09-17T00:51:52.191915Z DEBUG aiur::gpu_trace: CPU trace: circuit lacks generated CUDA coverage circuit=64 rows=12
2026-09-17T00:51:52.191986Z DEBUG aiur::gpu_trace: CPU trace: circuit lacks generated CUDA coverage circuit=116 rows=846200
2026-09-17T00:51:52.192048Z DEBUG aiur::gpu_trace: CPU trace: circuit lacks generated CUDA coverage circuit=21 rows=5
2026-09-17T00:51:52.192629Z DEBUG aiur::gpu_trace: CPU trace: circuit lacks generated CUDA coverage circuit=57 rows=42
2026-09-17T00:51:52.193222Z DEBUG aiur::gpu_trace: CPU trace: circuit lacks generated CUDA coverage circuit=69 rows=15
2026-09-17T00:51:52.193402Z DEBUG aiur::gpu_trace: CPU trace: circuit lacks generated CUDA coverage circuit=70 rows=16
2026-09-17T00:51:52.193622Z DEBUG aiur::gpu_trace: CPU trace: circuit lacks generated CUDA coverage circuit=71 rows=16
2026-09-17T00:51:52.193807Z DEBUG aiur::gpu_trace: CPU trace: circuit lacks generated CUDA coverage circuit=68 rows=16
2026-09-17T00:51:52.193823Z DEBUG aiur::gpu_trace: CPU trace: circuit lacks generated CUDA coverage circuit=74 rows=775
2026-09-17T00:51:52.194225Z DEBUG aiur::gpu_trace: CPU trace: circuit lacks generated CUDA coverage circuit=93 rows=13648
2026-09-17T00:51:52.746389Z DEBUG aiur/codegen_seeds{circuit=177 rows=4936168}: aiur::trace_codegen::cuda: prepared generated CUDA trace circuit=177 rows=4936168 width=10 seed_bytes=236936064 seed_spans=76
2026-09-17T00:51:52.770772Z DEBUG aiur/codegen_seeds{circuit=106 rows=7892517}: aiur::trace_codegen::cuda: prepared generated CUDA trace circuit=106 rows=7892517 width=9 seed_bytes=252560544 seed_spans=121
2026-09-17T00:51:52.776169Z DEBUG aiur/codegen_seeds{circuit=111 rows=7179957}: aiur::trace_codegen::cuda: prepared generated CUDA trace circuit=111 rows=7179957 width=11 seed_bytes=287198280 seed_spans=110
2026-09-17T00:51:52.777593Z DEBUG aiur/codegen_seeds{circuit=13 rows=306826}: aiur::trace_codegen::cuda: prepared generated CUDA trace circuit=13 rows=306826 width=195 seed_bytes=260188448 seed_spans=16
2026-09-17T00:51:52.787341Z DEBUG aiur/codegen_seeds{circuit=38 rows=3812578}: aiur::trace_codegen::cuda: prepared generated CUDA trace circuit=38 rows=3812578 width=27 seed_bytes=701514352 seed_spans=59
2026-09-17T00:51:52.811743Z DEBUG aiur/codegen_seeds{circuit=119 rows=8276495}: aiur::trace_codegen::cuda: prepared generated CUDA trace circuit=119 rows=8276495 width=20 seed_bytes=463483720 seed_spans=127
2026-09-17T00:51:54.833904Z DEBUG aiur::gpu_trace: CPU trace: circuit lacks generated CUDA coverage circuit=109 rows=3450567
2026-09-17T00:51:54.834259Z DEBUG aiur::gpu_trace: CPU trace: circuit lacks generated CUDA coverage circuit=5 rows=679
2026-09-17T00:51:54.834441Z DEBUG aiur::gpu_trace: CPU trace: circuit lacks generated CUDA coverage circuit=37 rows=759836
2026-09-17T00:51:54.834787Z DEBUG aiur::gpu_trace: CPU trace: circuit lacks generated CUDA coverage circuit=85 rows=478
2026-09-17T00:51:54.835127Z DEBUG aiur::gpu_trace: CPU trace: circuit lacks generated CUDA coverage circuit=167 rows=1827728
2026-09-17T00:51:54.835150Z DEBUG aiur::gpu_trace: CPU trace: circuit lacks generated CUDA coverage circuit=61 rows=5486
2026-09-17T00:51:54.836036Z DEBUG aiur::gpu_trace: CPU trace: circuit lacks generated CUDA coverage circuit=168 rows=1508723
2026-09-17T00:51:55.371384Z DEBUG aiur/codegen_seeds{circuit=118 rows=2674877}: aiur::trace_codegen::cuda: prepared generated CUDA trace circuit=118 rows=2674877 width=10 seed_bytes=128394096 seed_spans=41
2026-09-17T00:51:55.374947Z DEBUG aiur/codegen_seeds{circuit=54 rows=2684902}: aiur::trace_codegen::cuda: prepared generated CUDA trace circuit=54 rows=2684902 width=11 seed_bytes=150354512 seed_spans=41
2026-09-17T00:51:55.390304Z DEBUG aiur/codegen_seeds{circuit=15 rows=305220}: aiur::trace_codegen::cuda: prepared generated CUDA trace circuit=15 rows=305220 width=177 seed_bytes=124529760 seed_spans=8
2026-09-17T00:51:55.397633Z DEBUG aiur/codegen_seeds{circuit=12 rows=3707799}: aiur::trace_codegen::cuda: prepared generated CUDA trace circuit=12 rows=3707799 width=17 seed_bytes=296623920 seed_spans=57
2026-09-17T00:51:55.399742Z DEBUG aiur/codegen_seeds{circuit=183 rows=5848581}: aiur::trace_codegen::cuda: prepared generated CUDA trace circuit=183 rows=5848581 width=10 seed_bytes=280731888 seed_spans=90
2026-09-17T00:51:55.405315Z DEBUG aiur/codegen_seeds{circuit=162 rows=1722394}: aiur::trace_codegen::cuda: prepared generated CUDA trace circuit=162 rows=1722394 width=33 seed_bytes=206687280 seed_spans=27
2026-09-17T00:51:58.335400Z DEBUG aiur::gpu_trace: CPU trace: circuit lacks generated CUDA coverage circuit=179 rows=2249785
2026-09-17T00:51:58.335400Z DEBUG aiur::gpu_trace: CPU trace: circuit lacks generated CUDA coverage circuit=166 rows=1520898
2026-09-17T00:51:58.335404Z DEBUG aiur::gpu_trace: CPU trace: circuit lacks generated CUDA coverage circuit=120 rows=1657250
2026-09-17T00:51:58.335722Z DEBUG aiur::gpu_trace: CPU trace: circuit lacks generated CUDA coverage circuit=115 rows=1314496
2026-09-17T00:51:58.335923Z DEBUG aiur::gpu_trace: CPU trace: circuit lacks generated CUDA coverage circuit=169 rows=1249211
2026-09-17T00:51:58.336237Z DEBUG aiur::gpu_trace: CPU trace: circuit lacks generated CUDA coverage circuit=128 rows=230572
2026-09-17T00:51:58.336657Z DEBUG aiur::gpu_trace: CPU trace: circuit lacks generated CUDA coverage circuit=156 rows=573574
2026-09-17T00:51:58.336796Z DEBUG aiur::gpu_trace: CPU trace: circuit lacks generated CUDA coverage circuit=20 rows=473770
2026-09-17T00:51:58.337038Z DEBUG aiur::gpu_trace: CPU trace: circuit lacks generated CUDA coverage circuit=122 rows=1060856
2026-09-17T00:51:58.337301Z DEBUG aiur::gpu_trace: CPU trace: circuit lacks generated CUDA coverage circuit=150 rows=1076571
2026-09-17T00:51:58.337367Z DEBUG aiur::gpu_trace: CPU trace: circuit lacks generated CUDA coverage circuit=152 rows=558410
2026-09-17T00:51:58.337462Z DEBUG aiur::gpu_trace: CPU trace: circuit lacks generated CUDA coverage circuit=126 rows=279647
2026-09-17T00:51:58.337725Z DEBUG aiur::gpu_trace: CPU trace: circuit lacks generated CUDA coverage circuit=24 rows=515620
2026-09-17T00:51:58.337756Z DEBUG aiur::gpu_trace: CPU trace: circuit lacks generated CUDA coverage circuit=44 rows=228794
2026-09-17T00:51:58.338267Z DEBUG aiur::gpu_trace: CPU trace: circuit lacks generated CUDA coverage circuit=113 rows=1955430
2026-09-17T00:51:59.062653Z DEBUG aiur/codegen_seeds{circuit=88 rows=2066135}: aiur::trace_codegen::cuda: prepared generated CUDA trace circuit=88 rows=2066135 width=10 seed_bytes=99174480 seed_spans=32
2026-09-17T00:51:59.071838Z DEBUG aiur/codegen_seeds{circuit=180 rows=2669537}: aiur::trace_codegen::cuda: prepared generated CUDA trace circuit=180 rows=2669537 width=8 seed_bytes=128137776 seed_spans=41
2026-09-17T00:51:59.083562Z DEBUG aiur/codegen_seeds{circuit=178 rows=3069412}: aiur::trace_codegen::cuda: prepared generated CUDA trace circuit=178 rows=3069412 width=10 seed_bytes=147331776 seed_spans=47
2026-09-17T00:51:59.097645Z DEBUG aiur/codegen_seeds{circuit=45 rows=1379852}: aiur::trace_codegen::cuda: prepared generated CUDA trace circuit=45 rows=1379852 width=26 seed_bytes=242853952 seed_spans=22
2026-09-17T00:52:01.974411Z DEBUG aiur::gpu_trace: CPU trace: circuit lacks generated CUDA coverage circuit=0 rows=114125
2026-09-17T00:52:01.974421Z DEBUG aiur::gpu_trace: CPU trace: circuit lacks generated CUDA coverage circuit=1 rows=19037
2026-09-17T00:52:01.974432Z DEBUG aiur::gpu_trace: CPU trace: circuit lacks generated CUDA coverage circuit=19 rows=43062
2026-09-17T00:52:01.974437Z DEBUG aiur::gpu_trace: CPU trace: circuit lacks generated CUDA coverage circuit=2 rows=164005
2026-09-17T00:52:01.974451Z DEBUG aiur::gpu_trace: CPU trace: circuit lacks generated CUDA coverage circuit=51 rows=16537
2026-09-17T00:52:01.974452Z DEBUG aiur::gpu_trace: CPU trace: circuit lacks generated CUDA coverage circuit=14 rows=820034
2026-09-17T00:52:01.974453Z DEBUG aiur::gpu_trace: CPU trace: circuit lacks generated CUDA coverage circuit=18 rows=13256
2026-09-17T00:52:01.974458Z DEBUG aiur::gpu_trace: CPU trace: circuit lacks generated CUDA coverage circuit=31 rows=3207
2026-09-17T00:52:01.974453Z DEBUG aiur::gpu_trace: CPU trace: circuit lacks generated CUDA coverage circuit=127 rows=324508
2026-09-17T00:52:01.974452Z DEBUG aiur::gpu_trace: CPU trace: circuit lacks generated CUDA coverage circuit=28 rows=2524
2026-09-17T00:52:01.974452Z DEBUG aiur::gpu_trace: CPU trace: circuit lacks generated CUDA coverage circuit=133 rows=193798
2026-09-17T00:52:01.974458Z DEBUG aiur::gpu_trace: CPU trace: circuit lacks generated CUDA coverage circuit=23 rows=50260
2026-09-17T00:52:01.974461Z DEBUG aiur::gpu_trace: CPU trace: circuit lacks generated CUDA coverage circuit=76 rows=38610
2026-09-17T00:52:01.974461Z DEBUG aiur::gpu_trace: CPU trace: circuit lacks generated CUDA coverage circuit=25 rows=41274
2026-09-17T00:52:01.974452Z DEBUG aiur::gpu_trace: CPU trace: circuit lacks generated CUDA coverage circuit=130 rows=182278
2026-09-17T00:52:01.974476Z DEBUG aiur::gpu_trace: CPU trace: circuit lacks generated CUDA coverage circuit=136 rows=18256
2026-09-17T00:52:01.974896Z DEBUG aiur::gpu_trace: CPU trace: circuit lacks generated CUDA coverage circuit=154 rows=21826
2026-09-17T00:52:01.974908Z DEBUG aiur::gpu_trace: CPU trace: circuit lacks generated CUDA coverage circuit=131 rows=333194
2026-09-17T00:52:01.974974Z DEBUG aiur::gpu_trace: CPU trace: circuit lacks generated CUDA coverage circuit=39 rows=189266
2026-09-17T00:52:01.974981Z DEBUG aiur::gpu_trace: CPU trace: circuit lacks generated CUDA coverage circuit=103 rows=345717
2026-09-17T00:52:01.975076Z DEBUG aiur::gpu_trace: CPU trace: circuit lacks generated CUDA coverage circuit=4 rows=22108
2026-09-17T00:52:01.975150Z DEBUG aiur::gpu_trace: CPU trace: circuit lacks generated CUDA coverage circuit=58 rows=1862
2026-09-17T00:52:01.975179Z DEBUG aiur::gpu_trace: CPU trace: circuit lacks generated CUDA coverage circuit=17 rows=13259
2026-09-17T00:52:01.975200Z DEBUG aiur::gpu_trace: CPU trace: circuit lacks generated CUDA coverage circuit=114 rows=580548
2026-09-17T00:52:01.975244Z DEBUG aiur::gpu_trace: CPU trace: circuit lacks generated CUDA coverage circuit=134 rows=209735
2026-09-17T00:52:01.975272Z DEBUG aiur::gpu_trace: CPU trace: circuit lacks generated CUDA coverage circuit=55 rows=3987
2026-09-17T00:52:01.975346Z DEBUG aiur::gpu_trace: CPU trace: circuit lacks generated CUDA coverage circuit=65 rows=59383
2026-09-17T00:52:01.975381Z DEBUG aiur::gpu_trace: CPU trace: circuit lacks generated CUDA coverage circuit=108 rows=981571
2026-09-17T00:52:01.975385Z DEBUG aiur::gpu_trace: CPU trace: circuit lacks generated CUDA coverage circuit=72 rows=14482
2026-09-17T00:52:01.975442Z DEBUG aiur::gpu_trace: CPU trace: circuit lacks generated CUDA coverage circuit=138 rows=718413
2026-09-17T00:52:01.981389Z DEBUG aiur::gpu_trace: CPU trace: circuit lacks generated CUDA coverage circuit=137 rows=247247
2026-09-17T00:52:01.981839Z DEBUG aiur::gpu_trace: CPU trace: circuit lacks generated CUDA coverage circuit=59 rows=84180
2026-09-17T00:52:01.982067Z DEBUG aiur::gpu_trace: CPU trace: circuit lacks generated CUDA coverage circuit=30 rows=12783
2026-09-17T00:52:01.990023Z DEBUG aiur::gpu_trace: CPU trace: circuit lacks generated CUDA coverage circuit=155 rows=30887
2026-09-17T00:52:01.992458Z DEBUG aiur::gpu_trace: CPU trace: circuit lacks generated CUDA coverage circuit=9 rows=32455
2026-09-17T00:52:01.998056Z DEBUG aiur::gpu_trace: CPU trace: circuit lacks generated CUDA coverage circuit=46 rows=125926
2026-09-17T00:52:01.999626Z DEBUG aiur/codegen_seeds{circuit=6 rows=17291}: aiur::trace_codegen::cuda: prepared generated CUDA trace circuit=6 rows=17291 width=63 seed_bytes=3062304 seed_spans=4
2026-09-17T00:52:01.999659Z DEBUG aiur::gpu_trace: CPU trace: circuit lacks generated CUDA coverage circuit=7 rows=44180
2026-09-17T00:52:02.003118Z DEBUG aiur::gpu_trace: CPU trace: circuit lacks generated CUDA coverage circuit=73 rows=23494
2026-09-17T00:52:02.013919Z DEBUG aiur::gpu_trace: CPU trace: circuit lacks generated CUDA coverage circuit=157 rows=180752
2026-09-17T00:52:02.017613Z DEBUG aiur::gpu_trace: CPU trace: circuit lacks generated CUDA coverage circuit=8 rows=27552
2026-09-17T00:52:02.018229Z DEBUG aiur::gpu_trace: CPU trace: circuit lacks generated CUDA coverage circuit=47 rows=215550
2026-09-17T00:52:02.024914Z DEBUG aiur::gpu_trace: CPU trace: circuit lacks generated CUDA coverage circuit=78 rows=4827
2026-09-17T00:52:02.029269Z DEBUG aiur::gpu_trace: CPU trace: circuit lacks generated CUDA coverage circuit=49 rows=91574
2026-09-17T00:52:02.034493Z DEBUG aiur::gpu_trace: CPU trace: circuit lacks generated CUDA coverage circuit=80 rows=36365
2026-09-17T00:52:02.037493Z DEBUG aiur/codegen_seeds{circuit=32 rows=171950}: aiur::trace_codegen::cuda: prepared generated CUDA trace circuit=32 rows=171950 width=21 seed_bytes=7313688 seed_spans=6
2026-09-17T00:52:02.037578Z DEBUG aiur::gpu_trace: CPU trace: circuit lacks generated CUDA coverage circuit=35 rows=49000
2026-09-17T00:52:02.039716Z DEBUG aiur::gpu_trace: CPU trace: circuit lacks generated CUDA coverage circuit=123 rows=147121
2026-09-17T00:52:02.051187Z DEBUG aiur::gpu_trace: CPU trace: circuit lacks generated CUDA coverage circuit=48 rows=16909
2026-09-17T00:52:02.057461Z DEBUG aiur::gpu_trace: CPU trace: circuit lacks generated CUDA coverage circuit=132 rows=956867
2026-09-17T00:52:02.061016Z DEBUG aiur::gpu_trace: CPU trace: circuit lacks generated CUDA coverage circuit=81 rows=75199
2026-09-17T00:52:02.063484Z DEBUG aiur::gpu_trace: CPU trace: circuit lacks generated CUDA coverage circuit=66 rows=339
2026-09-17T00:52:02.063949Z DEBUG aiur::gpu_trace: CPU trace: circuit lacks generated CUDA coverage circuit=67 rows=2996
2026-09-17T00:52:02.069173Z DEBUG aiur::gpu_trace: CPU trace: circuit lacks generated CUDA coverage circuit=40 rows=113054
2026-09-17T00:52:02.073776Z DEBUG aiur/codegen_seeds{circuit=140 rows=407209}: aiur::trace_codegen::cuda: prepared generated CUDA trace circuit=140 rows=407209 width=25 seed_bytes=14255856 seed_spans=7
2026-09-17T00:52:02.073810Z DEBUG aiur::gpu_trace: CPU trace: circuit lacks generated CUDA coverage circuit=141 rows=243148
2026-09-17T00:52:02.082146Z DEBUG aiur::gpu_trace: CPU trace: circuit lacks generated CUDA coverage circuit=10 rows=29752
2026-09-17T00:52:02.118657Z DEBUG aiur::gpu_trace: CPU trace: circuit lacks generated CUDA coverage circuit=125 rows=362935
2026-09-17T00:52:02.119903Z DEBUG aiur::gpu_trace: CPU trace: circuit lacks generated CUDA coverage circuit=41 rows=483204
2026-09-17T00:52:02.120342Z DEBUG aiur::gpu_trace: CPU trace: circuit lacks generated CUDA coverage circuit=43 rows=54587
2026-09-17T00:52:02.166834Z DEBUG aiur::gpu_trace: CPU trace: circuit lacks generated CUDA coverage circuit=11 rows=105737
2026-09-17T00:52:02.189390Z DEBUG aiur::gpu_trace: CPU trace: circuit lacks generated CUDA coverage circuit=139 rows=226589
2026-09-17T00:52:02.196857Z DEBUG aiur::gpu_trace: CPU trace: circuit lacks generated CUDA coverage circuit=181 rows=285687
2026-09-17T00:52:02.224145Z DEBUG aiur/codegen_seeds{circuit=124 rows=40552}: aiur::trace_codegen::cuda: prepared generated CUDA trace circuit=124 rows=40552 width=98 seed_bytes=9262464 seed_spans=2
2026-09-17T00:52:02.235271Z DEBUG aiur::gpu_trace: CPU trace: circuit lacks generated CUDA coverage circuit=89 rows=91635
2026-09-17T00:52:02.268173Z DEBUG aiur::gpu_trace: CPU trace: circuit lacks generated CUDA coverage circuit=158 rows=11082
2026-09-17T00:52:02.271168Z DEBUG aiur::gpu_trace: CPU trace: circuit lacks generated CUDA coverage circuit=159 rows=24094
2026-09-17T00:52:02.280671Z DEBUG aiur::gpu_trace: CPU trace: circuit lacks generated CUDA coverage circuit=104 rows=166358
2026-09-17T00:52:02.307144Z DEBUG aiur::gpu_trace: CPU trace: circuit lacks generated CUDA coverage circuit=182 rows=322703
2026-09-17T00:52:02.308875Z DEBUG aiur::gpu_trace: CPU trace: circuit lacks generated CUDA coverage circuit=146 rows=69945
2026-09-17T00:52:02.323430Z DEBUG aiur::gpu_trace: CPU trace: circuit lacks generated CUDA coverage circuit=160 rows=26663
2026-09-17T00:52:02.325290Z DEBUG aiur::gpu_trace: CPU trace: circuit lacks generated CUDA coverage circuit=149 rows=187224
2026-09-17T00:52:02.337984Z DEBUG aiur::gpu_trace: CPU trace: circuit lacks generated CUDA coverage circuit=161 rows=141476
2026-09-17T00:52:02.395342Z DEBUG aiur::gpu_trace: CPU trace: circuit lacks generated CUDA coverage circuit=143 rows=188385
2026-09-17T00:52:02.396008Z DEBUG aiur::gpu_trace: CPU trace: circuit lacks generated CUDA coverage circuit=151 rows=782908
2026-09-17T00:52:02.396185Z DEBUG aiur::gpu_trace: CPU trace: circuit lacks generated CUDA coverage circuit=163 rows=136129
2026-09-17T00:52:02.404208Z DEBUG aiur::gpu_trace: CPU trace: circuit lacks generated CUDA coverage circuit=147 rows=222828
2026-09-17T00:52:02.423869Z DEBUG aiur::gpu_trace: CPU trace: circuit lacks generated CUDA coverage circuit=82 rows=98184
2026-09-17T00:52:02.424637Z DEBUG aiur::gpu_trace: CPU trace: circuit lacks generated CUDA coverage circuit=86 rows=9322
2026-09-17T00:52:02.425976Z DEBUG aiur::gpu_trace: CPU trace: circuit lacks generated CUDA coverage circuit=92 rows=74955
2026-09-17T00:52:02.443254Z DEBUG aiur::gpu_trace: CPU trace: circuit lacks generated CUDA coverage circuit=105 rows=359561
2026-09-17T00:52:02.444319Z DEBUG aiur::gpu_trace: CPU trace: circuit lacks generated CUDA coverage circuit=142 rows=291805
2026-09-17T00:52:02.447512Z DEBUG aiur::gpu_trace: CPU trace: circuit lacks generated CUDA coverage circuit=83 rows=26521
2026-09-17T00:52:02.448651Z DEBUG aiur::gpu_trace: CPU trace: circuit lacks generated CUDA coverage circuit=184 rows=146301
2026-09-17T00:52:02.459821Z DEBUG aiur::gpu_trace: CPU trace: circuit lacks generated CUDA coverage circuit=148 rows=202435
2026-09-17T00:52:02.482261Z DEBUG aiur::gpu_trace: CPU trace: circuit lacks generated CUDA coverage circuit=94 rows=18884
2026-09-17T00:52:02.504348Z DEBUG aiur::gpu_trace: CPU trace: circuit lacks generated CUDA coverage circuit=144 rows=188490
2026-09-17T00:52:02.505194Z DEBUG aiur::gpu_trace: CPU trace: circuit lacks generated CUDA coverage circuit=95 rows=21394
2026-09-17T00:52:02.507830Z DEBUG aiur::gpu_trace: CPU trace: circuit lacks generated CUDA coverage circuit=98 rows=187513
2026-09-17T00:52:02.507905Z DEBUG aiur::gpu_trace: CPU trace: circuit lacks generated CUDA coverage circuit=100 rows=367368
2026-09-17T00:52:02.534725Z DEBUG aiur::gpu_trace: CPU trace: circuit lacks generated CUDA coverage circuit=164 rows=704045
2026-09-17T00:52:02.540160Z DEBUG aiur::gpu_trace: CPU trace: circuit lacks generated CUDA coverage circuit=96 rows=63896
2026-09-17T00:52:02.545565Z DEBUG aiur::gpu_trace: CPU trace: circuit lacks generated CUDA coverage circuit=99 rows=371390
2026-09-17T00:52:02.555862Z DEBUG aiur::gpu_trace: CPU trace: circuit lacks generated CUDA coverage circuit=97 rows=185222
2026-09-17T00:52:02.565392Z DEBUG aiur::gpu_trace: CPU trace: circuit lacks generated CUDA coverage circuit=145 rows=251077
2026-09-17T00:52:02.579876Z DEBUG aiur::gpu_trace: CPU trace: circuit lacks generated CUDA coverage circuit=135 rows=3063
[lanes] worker 0: claim 3 proven at +287s (0 left)
[lanes] join 5 dispatched at +287s
[lanes] executor 1: join 5 execution started at +287s
[aggregate] structural-joining slots 3, 4 into 5
[trace-shards] 9 shards, 1500000000 committed cells: record 16263532668 B in shared pool, host workspace 16607614388 B of 26088568116 B reserved per prover; regenerating round 2
[lanes] executor 0: join 2 executed in 38.9s, record 16263532668 B (15.1 GiB) at +287s
[lanes] worker 0: join 2 proving started at +287s
2026-09-17T00:52:09.007116Z DEBUG aiur::gpu_trace: CPU trace: circuit lacks generated CUDA coverage circuit=9 rows=3302498
2026-09-17T00:52:09.008009Z DEBUG aiur::gpu_trace: CPU trace: circuit lacks generated CUDA coverage circuit=32 rows=6053003
2026-09-17T00:52:09.008265Z DEBUG aiur::gpu_trace: CPU trace: circuit lacks generated CUDA coverage circuit=61 rows=22
2026-09-17T00:52:09.008271Z DEBUG aiur::gpu_trace: CPU trace: circuit lacks generated CUDA coverage circuit=42 rows=24
2026-09-17T00:52:09.051817Z DEBUG aiur/codegen_seeds{circuit=20 rows=1048576}: aiur::trace_codegen::cuda: prepared generated CUDA trace circuit=20 rows=1048576 width=533 seed_bytes=184549376 seed_spans=16
2026-09-17T00:52:09.483360Z DEBUG aiur::gpu_trace: CPU trace: circuit lacks generated CUDA coverage circuit=62 rows=24
2026-09-17T00:52:09.483365Z DEBUG aiur::gpu_trace: CPU trace: circuit lacks generated CUDA coverage circuit=63 rows=23
2026-09-17T00:52:09.483376Z DEBUG aiur::gpu_trace: CPU trace: circuit lacks generated CUDA coverage circuit=15 rows=24
2026-09-17T00:52:09.483383Z DEBUG aiur::gpu_trace: CPU trace: circuit lacks generated CUDA coverage circuit=40 rows=24
2026-09-17T00:52:09.483386Z DEBUG aiur::gpu_trace: CPU trace: circuit lacks generated CUDA coverage circuit=38 rows=110
2026-09-17T00:52:09.483390Z DEBUG aiur::gpu_trace: CPU trace: circuit lacks generated CUDA coverage circuit=64 rows=2
2026-09-17T00:52:09.483391Z DEBUG aiur::gpu_trace: CPU trace: circuit lacks generated CUDA coverage circuit=2 rows=106
2026-09-17T00:52:09.483386Z DEBUG aiur::gpu_trace: CPU trace: circuit lacks generated CUDA coverage circuit=16 rows=62
2026-09-17T00:52:09.483393Z DEBUG aiur::gpu_trace: CPU trace: circuit lacks generated CUDA coverage circuit=50 rows=23
2026-09-17T00:52:09.483414Z DEBUG aiur::gpu_trace: CPU trace: circuit lacks generated CUDA coverage circuit=14 rows=22
2026-09-17T00:52:09.483388Z DEBUG aiur::gpu_trace: CPU trace: circuit lacks generated CUDA coverage circuit=43 rows=2
2026-09-17T00:52:09.483662Z DEBUG aiur::gpu_trace: CPU trace: circuit lacks generated CUDA coverage circuit=5 rows=640503
2026-09-17T00:52:09.483677Z DEBUG aiur::gpu_trace: CPU trace: circuit lacks generated CUDA coverage circuit=56 rows=1
2026-09-17T00:52:09.483853Z DEBUG aiur::gpu_trace: CPU trace: circuit lacks generated CUDA coverage circuit=10 rows=778622
2026-09-17T00:52:09.483897Z DEBUG aiur::gpu_trace: CPU trace: circuit lacks generated CUDA coverage circuit=46 rows=22
2026-09-17T00:52:09.483916Z DEBUG aiur::gpu_trace: CPU trace: circuit lacks generated CUDA coverage circuit=24 rows=2285
2026-09-17T00:52:09.483937Z DEBUG aiur::gpu_trace: CPU trace: circuit lacks generated CUDA coverage circuit=51 rows=440
2026-09-17T00:52:09.483992Z DEBUG aiur::gpu_trace: CPU trace: circuit lacks generated CUDA coverage circuit=57 rows=45
2026-09-17T00:52:09.484096Z DEBUG aiur::gpu_trace: CPU trace: circuit lacks generated CUDA coverage circuit=48 rows=21
2026-09-17T00:52:09.484111Z DEBUG aiur::gpu_trace: CPU trace: circuit lacks generated CUDA coverage circuit=44 rows=61
2026-09-17T00:52:09.484164Z DEBUG aiur::gpu_trace: CPU trace: circuit lacks generated CUDA coverage circuit=17 rows=24
2026-09-17T00:52:09.484172Z DEBUG aiur::gpu_trace: CPU trace: circuit lacks generated CUDA coverage circuit=39 rows=22
2026-09-17T00:52:09.484215Z DEBUG aiur::gpu_trace: CPU trace: circuit lacks generated CUDA coverage circuit=41 rows=22
2026-09-17T00:52:09.484322Z DEBUG aiur::gpu_trace: CPU trace: circuit lacks generated CUDA coverage circuit=45 rows=2
2026-09-17T00:52:09.484333Z DEBUG aiur/codegen_seeds{circuit=59 rows=74}: aiur::trace_codegen::cuda: prepared generated CUDA trace circuit=59 rows=74 width=26 seed_bytes=6512 seed_spans=1
2026-09-17T00:52:09.484344Z DEBUG aiur::gpu_trace: CPU trace: circuit lacks generated CUDA coverage circuit=60 rows=32
2026-09-17T00:52:09.484557Z DEBUG aiur/codegen_seeds{circuit=49 rows=3}: aiur::trace_codegen::cuda: prepared generated CUDA trace circuit=49 rows=3 width=13 seed_bytes=120 seed_spans=1
2026-09-17T00:52:09.484665Z DEBUG aiur::gpu_trace: CPU trace: circuit lacks generated CUDA coverage circuit=47 rows=4361
2026-09-17T00:52:09.486301Z DEBUG aiur::gpu_trace: CPU trace: circuit lacks generated CUDA coverage circuit=58 rows=127
2026-09-17T00:52:09.489351Z DEBUG aiur::gpu_trace: CPU trace: circuit lacks generated CUDA coverage circuit=83 rows=1
2026-09-17T00:52:09.489355Z DEBUG aiur::gpu_trace: CPU trace: circuit lacks generated CUDA coverage circuit=52 rows=62
2026-09-17T00:52:09.489486Z DEBUG aiur::gpu_trace: CPU trace: circuit lacks generated CUDA coverage circuit=53 rows=24
2026-09-17T00:52:09.489518Z DEBUG aiur::gpu_trace: CPU trace: circuit lacks generated CUDA coverage circuit=85 rows=23
2026-09-17T00:52:09.489553Z DEBUG aiur::gpu_trace: CPU trace: circuit lacks generated CUDA coverage circuit=54 rows=384
2026-09-17T00:52:09.489818Z DEBUG aiur::gpu_trace: CPU trace: circuit lacks generated CUDA coverage circuit=55 rows=3978
2026-09-17T00:52:09.546285Z DEBUG aiur/codegen_seeds{circuit=20 rows=1048576}: aiur::trace_codegen::cuda: prepared generated CUDA trace circuit=20 rows=1048576 width=533 seed_bytes=184549376 seed_spans=16
2026-09-17T00:52:10.761193Z DEBUG aiur::gpu_trace: CPU trace: circuit lacks generated CUDA coverage circuit=18 rows=3513116
2026-09-17T00:52:10.761433Z DEBUG aiur::gpu_trace: CPU trace: circuit lacks generated CUDA coverage circuit=22 rows=142964
2026-09-17T00:52:10.763352Z DEBUG aiur::gpu_trace: CPU trace: circuit lacks generated CUDA coverage circuit=31 rows=1362018
2026-09-17T00:52:10.764287Z DEBUG aiur::gpu_trace: CPU trace: circuit lacks generated CUDA coverage circuit=29 rows=3300084
2026-09-17T00:52:10.920699Z DEBUG aiur/codegen_seeds{circuit=20 rows=1048576}: aiur::trace_codegen::cuda: prepared generated CUDA trace circuit=20 rows=1048576 width=533 seed_bytes=184549376 seed_spans=16
2026-09-17T00:52:10.940499Z DEBUG aiur/codegen_seeds{circuit=30 rows=434371}: aiur::trace_codegen::cuda: prepared generated CUDA trace circuit=30 rows=434371 width=234 seed_bytes=264097568 seed_spans=16
2026-09-17T00:52:11.876723Z DEBUG aiur::gpu_trace: CPU trace: circuit lacks generated CUDA coverage circuit=12 rows=669493
2026-09-17T00:52:11.876741Z DEBUG aiur::gpu_trace: CPU trace: circuit lacks generated CUDA coverage circuit=19 rows=212242
2026-09-17T00:52:11.877128Z DEBUG aiur::gpu_trace: CPU trace: circuit lacks generated CUDA coverage circuit=27 rows=1203960
2026-09-17T00:52:11.877248Z DEBUG aiur::gpu_trace: CPU trace: circuit lacks generated CUDA coverage circuit=84 rows=776911
2026-09-17T00:52:11.877527Z DEBUG aiur::gpu_trace: CPU trace: circuit lacks generated CUDA coverage circuit=86 rows=2962421
2026-09-17T00:52:12.150210Z DEBUG aiur/codegen_seeds{circuit=20 rows=1048576}: aiur::trace_codegen::cuda: prepared generated CUDA trace circuit=20 rows=1048576 width=533 seed_bytes=184549376 seed_spans=16
2026-09-17T00:52:12.850718Z DEBUG aiur::gpu_trace: CPU trace: circuit lacks generated CUDA coverage circuit=0 rows=986096
2026-09-17T00:52:12.850768Z DEBUG aiur::gpu_trace: CPU trace: circuit lacks generated CUDA coverage circuit=4 rows=175092
2026-09-17T00:52:12.850771Z DEBUG aiur::gpu_trace: CPU trace: circuit lacks generated CUDA coverage circuit=37 rows=277795
2026-09-17T00:52:12.850775Z DEBUG aiur::gpu_trace: CPU trace: circuit lacks generated CUDA coverage circuit=65 rows=86206
2026-09-17T00:52:12.850919Z DEBUG aiur::gpu_trace: CPU trace: circuit lacks generated CUDA coverage circuit=35 rows=344198
2026-09-17T00:52:12.851545Z DEBUG aiur::gpu_trace: CPU trace: circuit lacks generated CUDA coverage circuit=33 rows=1053661
2026-09-17T00:52:12.851586Z DEBUG aiur::gpu_trace: CPU trace: circuit lacks generated CUDA coverage circuit=28 rows=922226
2026-09-17T00:52:13.127924Z DEBUG aiur/codegen_seeds{circuit=20 rows=1048576}: aiur::trace_codegen::cuda: prepared generated CUDA trace circuit=20 rows=1048576 width=533 seed_bytes=184549376 seed_spans=16
2026-09-17T00:52:13.850232Z DEBUG aiur::gpu_trace: CPU trace: circuit lacks generated CUDA coverage circuit=1 rows=20047
2026-09-17T00:52:13.850272Z DEBUG aiur::gpu_trace: CPU trace: circuit lacks generated CUDA coverage circuit=7 rows=212619
2026-09-17T00:52:13.850279Z DEBUG aiur::gpu_trace: CPU trace: circuit lacks generated CUDA coverage circuit=6 rows=335105
2026-09-17T00:52:13.850284Z DEBUG aiur::gpu_trace: CPU trace: circuit lacks generated CUDA coverage circuit=8 rows=440667
2026-09-17T00:52:13.850286Z DEBUG aiur::gpu_trace: CPU trace: circuit lacks generated CUDA coverage circuit=21 rows=800829
2026-09-17T00:52:13.850290Z DEBUG aiur::gpu_trace: CPU trace: circuit lacks generated CUDA coverage circuit=3 rows=35661
2026-09-17T00:52:13.850286Z DEBUG aiur::gpu_trace: CPU trace: circuit lacks generated CUDA coverage circuit=25 rows=142964
2026-09-17T00:52:13.850295Z DEBUG aiur::gpu_trace: CPU trace: circuit lacks generated CUDA coverage circuit=11 rows=214524
2026-09-17T00:52:13.850286Z DEBUG aiur::gpu_trace: CPU trace: circuit lacks generated CUDA coverage circuit=36 rows=141477
2026-09-17T00:52:13.850284Z DEBUG aiur::gpu_trace: CPU trace: circuit lacks generated CUDA coverage circuit=34 rows=228800
2026-09-17T00:52:13.850592Z DEBUG aiur::gpu_trace: CPU trace: circuit lacks generated CUDA coverage circuit=13 rows=178559
2026-09-17T00:52:13.850855Z DEBUG aiur::gpu_trace: CPU trace: circuit lacks generated CUDA coverage circuit=23 rows=306504
2026-09-17T00:52:13.851144Z DEBUG aiur::gpu_trace: CPU trace: circuit lacks generated CUDA coverage circuit=26 rows=533851
2026-09-17T00:52:13.851596Z DEBUG aiur::gpu_trace: CPU trace: circuit lacks generated CUDA coverage circuit=66 rows=27120
2026-09-17T00:52:13.851810Z DEBUG aiur::gpu_trace: CPU trace: circuit lacks generated CUDA coverage circuit=87 rows=132649
2026-09-17T00:52:14.035164Z DEBUG aiur/codegen_seeds{circuit=20 rows=1048576}: aiur::trace_codegen::cuda: prepared generated CUDA trace circuit=20 rows=1048576 width=533 seed_bytes=184549376 seed_spans=16
2026-09-17T00:52:14.955601Z DEBUG aiur/codegen_seeds{circuit=20 rows=1048576}: aiur::trace_codegen::cuda: prepared generated CUDA trace circuit=20 rows=1048576 width=533 seed_bytes=184549376 seed_spans=16
2026-09-17T00:52:15.572279Z DEBUG aiur/codegen_seeds{circuit=20 rows=1048576}: aiur::trace_codegen::cuda: prepared generated CUDA trace circuit=20 rows=1048576 width=533 seed_bytes=184549376 seed_spans=16
2026-09-17T00:52:15.970445Z DEBUG aiur/codegen_seeds{circuit=20 rows=347416}: aiur::trace_codegen::cuda: prepared generated CUDA trace circuit=20 rows=347416 width=533 seed_bytes=61145216 seed_spans=6
2026-09-17T00:52:16.575251Z DEBUG aiur::gpu_trace: CPU trace: circuit lacks generated CUDA coverage circuit=9 rows=3302498
2026-09-17T00:52:16.575707Z DEBUG aiur::gpu_trace: CPU trace: circuit lacks generated CUDA coverage circuit=32 rows=6053003
2026-09-17T00:52:16.575939Z DEBUG aiur::gpu_trace: CPU trace: circuit lacks generated CUDA coverage circuit=42 rows=24
2026-09-17T00:52:16.576138Z DEBUG aiur::gpu_trace: CPU trace: circuit lacks generated CUDA coverage circuit=61 rows=22
2026-09-17T00:52:16.633653Z DEBUG aiur/codegen_seeds{circuit=20 rows=1048576}: aiur::trace_codegen::cuda: prepared generated CUDA trace circuit=20 rows=1048576 width=533 seed_bytes=184549376 seed_spans=16
2026-09-17T00:52:17.054530Z DEBUG aiur::gpu_trace: CPU trace: circuit lacks generated CUDA coverage circuit=2 rows=106
2026-09-17T00:52:17.054539Z DEBUG aiur::gpu_trace: CPU trace: circuit lacks generated CUDA coverage circuit=51 rows=440
2026-09-17T00:52:17.054559Z DEBUG aiur::gpu_trace: CPU trace: circuit lacks generated CUDA coverage circuit=56 rows=1
2026-09-17T00:52:17.054560Z DEBUG aiur::gpu_trace: CPU trace: circuit lacks generated CUDA coverage circuit=53 rows=24
2026-09-17T00:52:17.054561Z DEBUG aiur::gpu_trace: CPU trace: circuit lacks generated CUDA coverage circuit=57 rows=45
2026-09-17T00:52:17.054564Z DEBUG aiur::gpu_trace: CPU trace: circuit lacks generated CUDA coverage circuit=50 rows=23
2026-09-17T00:52:17.054577Z DEBUG aiur::gpu_trace: CPU trace: circuit lacks generated CUDA coverage circuit=58 rows=127
2026-09-17T00:52:17.054580Z DEBUG aiur::gpu_trace: CPU trace: circuit lacks generated CUDA coverage circuit=10 rows=778622
2026-09-17T00:52:17.054559Z DEBUG aiur::gpu_trace: CPU trace: circuit lacks generated CUDA coverage circuit=52 rows=62
2026-09-17T00:52:17.054559Z DEBUG aiur::gpu_trace: CPU trace: circuit lacks generated CUDA coverage circuit=62 rows=24
2026-09-17T00:52:17.054680Z DEBUG aiur/codegen_seeds{circuit=59 rows=74}: aiur::trace_codegen::cuda: prepared generated CUDA trace circuit=59 rows=74 width=26 seed_bytes=6512 seed_spans=1
2026-09-17T00:52:17.054759Z DEBUG aiur::gpu_trace: CPU trace: circuit lacks generated CUDA coverage circuit=54 rows=384
2026-09-17T00:52:17.054874Z DEBUG aiur::gpu_trace: CPU trace: circuit lacks generated CUDA coverage circuit=38 rows=110
2026-09-17T00:52:17.054890Z DEBUG aiur::gpu_trace: CPU trace: circuit lacks generated CUDA coverage circuit=60 rows=32
2026-09-17T00:52:17.054931Z DEBUG aiur::gpu_trace: CPU trace: circuit lacks generated CUDA coverage circuit=63 rows=23
2026-09-17T00:52:17.054941Z DEBUG aiur::gpu_trace: CPU trace: circuit lacks generated CUDA coverage circuit=83 rows=1
2026-09-17T00:52:17.055021Z DEBUG aiur::gpu_trace: CPU trace: circuit lacks generated CUDA coverage circuit=55 rows=3978
2026-09-17T00:52:17.055277Z DEBUG aiur::gpu_trace: CPU trace: circuit lacks generated CUDA coverage circuit=64 rows=2
2026-09-17T00:52:17.055319Z DEBUG aiur::gpu_trace: CPU trace: circuit lacks generated CUDA coverage circuit=85 rows=23
2026-09-17T00:52:17.055352Z DEBUG aiur::gpu_trace: CPU trace: circuit lacks generated CUDA coverage circuit=43 rows=2
2026-09-17T00:52:17.055405Z DEBUG aiur::gpu_trace: CPU trace: circuit lacks generated CUDA coverage circuit=46 rows=22
2026-09-17T00:52:17.055417Z DEBUG aiur::gpu_trace: CPU trace: circuit lacks generated CUDA coverage circuit=44 rows=61
2026-09-17T00:52:17.055445Z DEBUG aiur::gpu_trace: CPU trace: circuit lacks generated CUDA coverage circuit=5 rows=640503
2026-09-17T00:52:17.055519Z DEBUG aiur::gpu_trace: CPU trace: circuit lacks generated CUDA coverage circuit=40 rows=24
2026-09-17T00:52:17.055533Z DEBUG aiur::gpu_trace: CPU trace: circuit lacks generated CUDA coverage circuit=15 rows=24
2026-09-17T00:52:17.055626Z DEBUG aiur::gpu_trace: CPU trace: circuit lacks generated CUDA coverage circuit=48 rows=21
2026-09-17T00:52:17.055650Z DEBUG aiur::gpu_trace: CPU trace: circuit lacks generated CUDA coverage circuit=39 rows=22
2026-09-17T00:52:17.055694Z DEBUG aiur::gpu_trace: CPU trace: circuit lacks generated CUDA coverage circuit=41 rows=22
2026-09-17T00:52:17.055701Z DEBUG aiur::gpu_trace: CPU trace: circuit lacks generated CUDA coverage circuit=45 rows=2
2026-09-17T00:52:17.055770Z DEBUG aiur/codegen_seeds{circuit=49 rows=3}: aiur::trace_codegen::cuda: prepared generated CUDA trace circuit=49 rows=3 width=13 seed_bytes=120 seed_spans=1
2026-09-17T00:52:17.055782Z DEBUG aiur::gpu_trace: CPU trace: circuit lacks generated CUDA coverage circuit=47 rows=4361
2026-09-17T00:52:17.055791Z DEBUG aiur::gpu_trace: CPU trace: circuit lacks generated CUDA coverage circuit=14 rows=22
2026-09-17T00:52:17.055884Z DEBUG aiur::gpu_trace: CPU trace: circuit lacks generated CUDA coverage circuit=16 rows=62
2026-09-17T00:52:17.056025Z DEBUG aiur::gpu_trace: CPU trace: circuit lacks generated CUDA coverage circuit=17 rows=24
2026-09-17T00:52:17.056315Z DEBUG aiur::gpu_trace: CPU trace: circuit lacks generated CUDA coverage circuit=24 rows=2285
2026-09-17T00:52:17.132079Z DEBUG aiur/codegen_seeds{circuit=20 rows=1048576}: aiur::trace_codegen::cuda: prepared generated CUDA trace circuit=20 rows=1048576 width=533 seed_bytes=184549376 seed_spans=16
2026-09-17T00:52:19.688882Z DEBUG aiur::gpu_trace: CPU trace: circuit lacks generated CUDA coverage circuit=31 rows=1362018
2026-09-17T00:52:19.688882Z DEBUG aiur::gpu_trace: CPU trace: circuit lacks generated CUDA coverage circuit=18 rows=3513116
2026-09-17T00:52:19.689876Z DEBUG aiur::gpu_trace: CPU trace: circuit lacks generated CUDA coverage circuit=22 rows=142964
2026-09-17T00:52:19.689887Z DEBUG aiur::gpu_trace: CPU trace: circuit lacks generated CUDA coverage circuit=29 rows=3300084
2026-09-17T00:52:19.853969Z DEBUG aiur/codegen_seeds{circuit=20 rows=1048576}: aiur::trace_codegen::cuda: prepared generated CUDA trace circuit=20 rows=1048576 width=533 seed_bytes=184549376 seed_spans=16
2026-09-17T00:52:19.892915Z DEBUG aiur/codegen_seeds{circuit=30 rows=434371}: aiur::trace_codegen::cuda: prepared generated CUDA trace circuit=30 rows=434371 width=234 seed_bytes=264097568 seed_spans=16
2026-09-17T00:52:22.795406Z DEBUG aiur::gpu_trace: CPU trace: circuit lacks generated CUDA coverage circuit=12 rows=669493
2026-09-17T00:52:22.795433Z DEBUG aiur::gpu_trace: CPU trace: circuit lacks generated CUDA coverage circuit=84 rows=776911
2026-09-17T00:52:22.795944Z DEBUG aiur::gpu_trace: CPU trace: circuit lacks generated CUDA coverage circuit=19 rows=212242
2026-09-17T00:52:22.796482Z DEBUG aiur::gpu_trace: CPU trace: circuit lacks generated CUDA coverage circuit=86 rows=2962421
2026-09-17T00:52:22.796633Z DEBUG aiur::gpu_trace: CPU trace: circuit lacks generated CUDA coverage circuit=27 rows=1203960
2026-09-17T00:52:23.076867Z DEBUG aiur/codegen_seeds{circuit=20 rows=1048576}: aiur::trace_codegen::cuda: prepared generated CUDA trace circuit=20 rows=1048576 width=533 seed_bytes=184549376 seed_spans=16
2026-09-17T00:52:25.237296Z DEBUG aiur::gpu_trace: CPU trace: circuit lacks generated CUDA coverage circuit=0 rows=986096
2026-09-17T00:52:25.237351Z DEBUG aiur::gpu_trace: CPU trace: circuit lacks generated CUDA coverage circuit=37 rows=277795
2026-09-17T00:52:25.237352Z DEBUG aiur::gpu_trace: CPU trace: circuit lacks generated CUDA coverage circuit=28 rows=922226
2026-09-17T00:52:25.237351Z DEBUG aiur::gpu_trace: CPU trace: circuit lacks generated CUDA coverage circuit=65 rows=86206
2026-09-17T00:52:25.237353Z DEBUG aiur::gpu_trace: CPU trace: circuit lacks generated CUDA coverage circuit=4 rows=175092
2026-09-17T00:52:25.237891Z DEBUG aiur::gpu_trace: CPU trace: circuit lacks generated CUDA coverage circuit=35 rows=344198
2026-09-17T00:52:25.238569Z DEBUG aiur::gpu_trace: CPU trace: circuit lacks generated CUDA coverage circuit=33 rows=1053661
2026-09-17T00:52:25.507430Z DEBUG aiur/codegen_seeds{circuit=20 rows=1048576}: aiur::trace_codegen::cuda: prepared generated CUDA trace circuit=20 rows=1048576 width=533 seed_bytes=184549376 seed_spans=16
2026-09-17T00:52:27.963193Z DEBUG aiur::gpu_trace: CPU trace: circuit lacks generated CUDA coverage circuit=3 rows=35661
2026-09-17T00:52:27.963224Z DEBUG aiur::gpu_trace: CPU trace: circuit lacks generated CUDA coverage circuit=1 rows=20047
2026-09-17T00:52:27.963235Z DEBUG aiur::gpu_trace: CPU trace: circuit lacks generated CUDA coverage circuit=6 rows=335105
2026-09-17T00:52:27.963236Z DEBUG aiur::gpu_trace: CPU trace: circuit lacks generated CUDA coverage circuit=25 rows=142964
2026-09-17T00:52:27.963237Z DEBUG aiur::gpu_trace: CPU trace: circuit lacks generated CUDA coverage circuit=34 rows=228800
2026-09-17T00:52:27.963246Z DEBUG aiur::gpu_trace: CPU trace: circuit lacks generated CUDA coverage circuit=7 rows=212619
2026-09-17T00:52:27.963280Z DEBUG aiur::gpu_trace: CPU trace: circuit lacks generated CUDA coverage circuit=8 rows=440667
2026-09-17T00:52:27.963627Z DEBUG aiur::gpu_trace: CPU trace: circuit lacks generated CUDA coverage circuit=13 rows=178559
2026-09-17T00:52:27.963908Z DEBUG aiur::gpu_trace: CPU trace: circuit lacks generated CUDA coverage circuit=21 rows=800829
2026-09-17T00:52:27.964190Z DEBUG aiur::gpu_trace: CPU trace: circuit lacks generated CUDA coverage circuit=66 rows=27120
2026-09-17T00:52:27.964212Z DEBUG aiur::gpu_trace: CPU trace: circuit lacks generated CUDA coverage circuit=11 rows=214524
2026-09-17T00:52:27.964402Z DEBUG aiur::gpu_trace: CPU trace: circuit lacks generated CUDA coverage circuit=23 rows=306504
2026-09-17T00:52:27.964597Z DEBUG aiur::gpu_trace: CPU trace: circuit lacks generated CUDA coverage circuit=36 rows=141477
2026-09-17T00:52:27.964787Z DEBUG aiur::gpu_trace: CPU trace: circuit lacks generated CUDA coverage circuit=26 rows=533851
2026-09-17T00:52:27.964952Z DEBUG aiur::gpu_trace: CPU trace: circuit lacks generated CUDA coverage circuit=87 rows=132649
2026-09-17T00:52:28.150636Z DEBUG aiur/codegen_seeds{circuit=20 rows=1048576}: aiur::trace_codegen::cuda: prepared generated CUDA trace circuit=20 rows=1048576 width=533 seed_bytes=184549376 seed_spans=16
2026-09-17T00:52:30.844798Z DEBUG aiur/codegen_seeds{circuit=20 rows=1048576}: aiur::trace_codegen::cuda: prepared generated CUDA trace circuit=20 rows=1048576 width=533 seed_bytes=184549376 seed_spans=16
2026-09-17T00:52:32.424973Z DEBUG aiur/codegen_seeds{circuit=20 rows=1048576}: aiur::trace_codegen::cuda: prepared generated CUDA trace circuit=20 rows=1048576 width=533 seed_bytes=184549376 seed_spans=16
2026-09-17T00:52:33.613969Z DEBUG aiur/codegen_seeds{circuit=20 rows=347416}: aiur::trace_codegen::cuda: prepared generated CUDA trace circuit=20 rows=347416 width=533 seed_bytes=61145216 seed_spans=6
[aggregate] slot 2: cached proof 8b859c8367afbd89fd5ed23bb625e2e6b23eebe1f18e8af9469e396299b611b5
[lanes] worker 0: join 2 published at +314s
[trace-shards] 8 shards, 1500000000 committed cells: record 14633395166 B in shared pool, host workspace 16607595674 B of 26088568116 B reserved per prover; regenerating round 2
[lanes] executor 1: join 5 executed in 33.9s, record 14633395166 B (13.6 GiB) at +321s
[lanes] worker 0: join 5 proving started at +321s
2026-09-17T00:52:42.157701Z DEBUG aiur::gpu_trace: CPU trace: circuit lacks generated CUDA coverage circuit=9 rows=3216024
2026-09-17T00:52:42.158602Z DEBUG aiur::gpu_trace: CPU trace: circuit lacks generated CUDA coverage circuit=32 rows=5818277
2026-09-17T00:52:42.217213Z DEBUG aiur/codegen_seeds{circuit=20 rows=1048576}: aiur::trace_codegen::cuda: prepared generated CUDA trace circuit=20 rows=1048576 width=533 seed_bytes=184549376 seed_spans=16
2026-09-17T00:52:42.625512Z DEBUG aiur::gpu_trace: CPU trace: circuit lacks generated CUDA coverage circuit=3 rows=32346
2026-09-17T00:52:42.625514Z DEBUG aiur::gpu_trace: CPU trace: circuit lacks generated CUDA coverage circuit=18 rows=2947138
2026-09-17T00:52:42.625543Z DEBUG aiur::gpu_trace: CPU trace: circuit lacks generated CUDA coverage circuit=43 rows=2
2026-09-17T00:52:42.625572Z DEBUG aiur::gpu_trace: CPU trace: circuit lacks generated CUDA coverage circuit=41 rows=19
2026-09-17T00:52:42.625999Z DEBUG aiur::gpu_trace: CPU trace: circuit lacks generated CUDA coverage circuit=5 rows=547570
2026-09-17T00:52:42.626446Z DEBUG aiur::gpu_trace: CPU trace: circuit lacks generated CUDA coverage circuit=29 rows=3159851
2026-09-17T00:52:42.626523Z DEBUG aiur::gpu_trace: CPU trace: circuit lacks generated CUDA coverage circuit=55 rows=3480
2026-09-17T00:52:42.702373Z DEBUG aiur/codegen_seeds{circuit=20 rows=1048576}: aiur::trace_codegen::cuda: prepared generated CUDA trace circuit=20 rows=1048576 width=533 seed_bytes=184549376 seed_spans=16
2026-09-17T00:52:43.697721Z DEBUG aiur::gpu_trace: CPU trace: circuit lacks generated CUDA coverage circuit=53 rows=25
2026-09-17T00:52:43.697750Z DEBUG aiur::gpu_trace: CPU trace: circuit lacks generated CUDA coverage circuit=60 rows=32
2026-09-17T00:52:43.697758Z DEBUG aiur::gpu_trace: CPU trace: circuit lacks generated CUDA coverage circuit=14 rows=19
2026-09-17T00:52:43.697758Z DEBUG aiur::gpu_trace: CPU trace: circuit lacks generated CUDA coverage circuit=61 rows=19
2026-09-17T00:52:43.697758Z DEBUG aiur::gpu_trace: CPU trace: circuit lacks generated CUDA coverage circuit=56 rows=2
2026-09-17T00:52:43.697770Z DEBUG aiur::gpu_trace: CPU trace: circuit lacks generated CUDA coverage circuit=54 rows=386
2026-09-17T00:52:43.697757Z DEBUG aiur::gpu_trace: CPU trace: circuit lacks generated CUDA coverage circuit=50 rows=20
2026-09-17T00:52:43.697760Z DEBUG aiur::gpu_trace: CPU trace: circuit lacks generated CUDA coverage circuit=12 rows=577005
2026-09-17T00:52:43.697761Z DEBUG aiur::gpu_trace: CPU trace: circuit lacks generated CUDA coverage circuit=57 rows=45
2026-09-17T00:52:43.697860Z DEBUG aiur/codegen_seeds{circuit=59 rows=74}: aiur::trace_codegen::cuda: prepared generated CUDA trace circuit=59 rows=74 width=26 seed_bytes=6512 seed_spans=1
2026-09-17T00:52:43.698112Z DEBUG aiur::gpu_trace: CPU trace: circuit lacks generated CUDA coverage circuit=35 rows=338230
2026-09-17T00:52:43.698150Z DEBUG aiur::gpu_trace: CPU trace: circuit lacks generated CUDA coverage circuit=2 rows=94
2026-09-17T00:52:43.698327Z DEBUG aiur::gpu_trace: CPU trace: circuit lacks generated CUDA coverage circuit=24 rows=1976
2026-09-17T00:52:43.698329Z DEBUG aiur::gpu_trace: CPU trace: circuit lacks generated CUDA coverage circuit=51 rows=434
2026-09-17T00:52:43.698366Z DEBUG aiur::gpu_trace: CPU trace: circuit lacks generated CUDA coverage circuit=52 rows=62
2026-09-17T00:52:43.698373Z DEBUG aiur::gpu_trace: CPU trace: circuit lacks generated CUDA coverage circuit=38 rows=104
2026-09-17T00:52:43.698478Z DEBUG aiur::gpu_trace: CPU trace: circuit lacks generated CUDA coverage circuit=16 rows=62
2026-09-17T00:52:43.698616Z DEBUG aiur::gpu_trace: CPU trace: circuit lacks generated CUDA coverage circuit=44 rows=61
2026-09-17T00:52:43.698640Z DEBUG aiur::gpu_trace: CPU trace: circuit lacks generated CUDA coverage circuit=46 rows=19
2026-09-17T00:52:43.698726Z DEBUG aiur::gpu_trace: CPU trace: circuit lacks generated CUDA coverage circuit=45 rows=2
2026-09-17T00:52:43.698860Z DEBUG aiur::gpu_trace: CPU trace: circuit lacks generated CUDA coverage circuit=86 rows=2848003
2026-09-17T00:52:43.699356Z DEBUG aiur::gpu_trace: CPU trace: circuit lacks generated CUDA coverage circuit=47 rows=3865
2026-09-17T00:52:43.890139Z DEBUG aiur/codegen_seeds{circuit=20 rows=1048576}: aiur::trace_codegen::cuda: prepared generated CUDA trace circuit=20 rows=1048576 width=533 seed_bytes=184549376 seed_spans=16
2026-09-17T00:52:43.905317Z DEBUG aiur/codegen_seeds{circuit=30 rows=413610}: aiur::trace_codegen::cuda: prepared generated CUDA trace circuit=30 rows=413610 width=234 seed_bytes=251474880 seed_spans=15
2026-09-17T00:52:44.675285Z DEBUG aiur::gpu_trace: CPU trace: circuit lacks generated CUDA coverage circuit=0 rows=851186
2026-09-17T00:52:44.675334Z DEBUG aiur::gpu_trace: CPU trace: circuit lacks generated CUDA coverage circuit=17 rows=21
2026-09-17T00:52:44.675333Z DEBUG aiur::gpu_trace: CPU trace: circuit lacks generated CUDA coverage circuit=1 rows=16918
2026-09-17T00:52:44.675334Z DEBUG aiur::gpu_trace: CPU trace: circuit lacks generated CUDA coverage circuit=15 rows=21
2026-09-17T00:52:44.675334Z DEBUG aiur::gpu_trace: CPU trace: circuit lacks generated CUDA coverage circuit=10 rows=661386
2026-09-17T00:52:44.675338Z DEBUG aiur::gpu_trace: CPU trace: circuit lacks generated CUDA coverage circuit=19 rows=161660
2026-09-17T00:52:44.675338Z DEBUG aiur::gpu_trace: CPU trace: circuit lacks generated CUDA coverage circuit=62 rows=21
2026-09-17T00:52:44.675901Z DEBUG aiur::gpu_trace: CPU trace: circuit lacks generated CUDA coverage circuit=58 rows=123
2026-09-17T00:52:44.676021Z DEBUG aiur::gpu_trace: CPU trace: circuit lacks generated CUDA coverage circuit=27 rows=1309065
2026-09-17T00:52:44.676124Z DEBUG aiur::gpu_trace: CPU trace: circuit lacks generated CUDA coverage circuit=83 rows=1
2026-09-17T00:52:44.676138Z DEBUG aiur::gpu_trace: CPU trace: circuit lacks generated CUDA coverage circuit=63 rows=20
2026-09-17T00:52:44.676276Z DEBUG aiur::gpu_trace: CPU trace: circuit lacks generated CUDA coverage circuit=39 rows=19
2026-09-17T00:52:44.676495Z DEBUG aiur::gpu_trace: CPU trace: circuit lacks generated CUDA coverage circuit=40 rows=21
2026-09-17T00:52:44.676783Z DEBUG aiur::gpu_trace: CPU trace: circuit lacks generated CUDA coverage circuit=85 rows=20
2026-09-17T00:52:44.676836Z DEBUG aiur::gpu_trace: CPU trace: circuit lacks generated CUDA coverage circuit=64 rows=2
2026-09-17T00:52:44.676875Z DEBUG aiur::gpu_trace: CPU trace: circuit lacks generated CUDA coverage circuit=42 rows=21
2026-09-17T00:52:44.677155Z DEBUG aiur::gpu_trace: CPU trace: circuit lacks generated CUDA coverage circuit=48 rows=21
2026-09-17T00:52:44.677263Z DEBUG aiur/codegen_seeds{circuit=49 rows=3}: aiur::trace_codegen::cuda: prepared generated CUDA trace circuit=49 rows=3 width=13 seed_bytes=120 seed_spans=1
2026-09-17T00:52:44.857244Z DEBUG aiur/codegen_seeds{circuit=20 rows=1048576}: aiur::trace_codegen::cuda: prepared generated CUDA trace circuit=20 rows=1048576 width=533 seed_bytes=184549376 seed_spans=16
2026-09-17T00:52:45.654402Z DEBUG aiur::gpu_trace: CPU trace: circuit lacks generated CUDA coverage circuit=34 rows=224600
2026-09-17T00:52:45.654407Z DEBUG aiur::gpu_trace: CPU trace: circuit lacks generated CUDA coverage circuit=23 rows=306504
2026-09-17T00:52:45.654408Z DEBUG aiur::gpu_trace: CPU trace: circuit lacks generated CUDA coverage circuit=25 rows=142964
2026-09-17T00:52:45.654403Z DEBUG aiur::gpu_trace: CPU trace: circuit lacks generated CUDA coverage circuit=21 rows=787211
2026-09-17T00:52:45.654413Z DEBUG aiur::gpu_trace: CPU trace: circuit lacks generated CUDA coverage circuit=37 rows=279075
2026-09-17T00:52:45.654415Z DEBUG aiur::gpu_trace: CPU trace: circuit lacks generated CUDA coverage circuit=13 rows=174956
2026-09-17T00:52:45.654410Z DEBUG aiur::gpu_trace: CPU trace: circuit lacks generated CUDA coverage circuit=4 rows=154466
2026-09-17T00:52:45.654409Z DEBUG aiur::gpu_trace: CPU trace: circuit lacks generated CUDA coverage circuit=28 rows=831505
2026-09-17T00:52:45.654415Z DEBUG aiur::gpu_trace: CPU trace: circuit lacks generated CUDA coverage circuit=31 rows=1179962
2026-09-17T00:52:45.654412Z DEBUG aiur::gpu_trace: CPU trace: circuit lacks generated CUDA coverage circuit=6 rows=325349
2026-09-17T00:52:45.654411Z DEBUG aiur::gpu_trace: CPU trace: circuit lacks generated CUDA coverage circuit=26 rows=464886
2026-09-17T00:52:45.654624Z DEBUG aiur::gpu_trace: CPU trace: circuit lacks generated CUDA coverage circuit=7 rows=185113
2026-09-17T00:52:45.654924Z DEBUG aiur::gpu_trace: CPU trace: circuit lacks generated CUDA coverage circuit=33 rows=1023572
2026-09-17T00:52:45.655035Z DEBUG aiur::gpu_trace: CPU trace: circuit lacks generated CUDA coverage circuit=8 rows=413049
2026-09-17T00:52:45.655103Z DEBUG aiur::gpu_trace: CPU trace: circuit lacks generated CUDA coverage circuit=36 rows=136291
2026-09-17T00:52:45.655340Z DEBUG aiur::gpu_trace: CPU trace: circuit lacks generated CUDA coverage circuit=65 rows=67742
2026-09-17T00:52:45.655352Z DEBUG aiur::gpu_trace: CPU trace: circuit lacks generated CUDA coverage circuit=11 rows=197079
2026-09-17T00:52:45.655624Z DEBUG aiur::gpu_trace: CPU trace: circuit lacks generated CUDA coverage circuit=84 rows=712429
2026-09-17T00:52:45.655670Z DEBUG aiur::gpu_trace: CPU trace: circuit lacks generated CUDA coverage circuit=66 rows=17044
2026-09-17T00:52:45.655837Z DEBUG aiur::gpu_trace: CPU trace: circuit lacks generated CUDA coverage circuit=87 rows=133953
2026-09-17T00:52:45.975900Z DEBUG aiur/codegen_seeds{circuit=20 rows=1048576}: aiur::trace_codegen::cuda: prepared generated CUDA trace circuit=20 rows=1048576 width=533 seed_bytes=184549376 seed_spans=16
2026-09-17T00:52:46.686507Z DEBUG aiur::gpu_trace: CPU trace: circuit lacks generated CUDA coverage circuit=22 rows=142964
2026-09-17T00:52:46.744489Z DEBUG aiur/codegen_seeds{circuit=20 rows=1048576}: aiur::trace_codegen::cuda: prepared generated CUDA trace circuit=20 rows=1048576 width=533 seed_bytes=184549376 seed_spans=16
2026-09-17T00:52:47.663762Z DEBUG aiur/codegen_seeds{circuit=20 rows=1048576}: aiur::trace_codegen::cuda: prepared generated CUDA trace circuit=20 rows=1048576 width=533 seed_bytes=184549376 seed_spans=16
2026-09-17T00:52:48.078460Z DEBUG aiur/codegen_seeds{circuit=20 rows=476568}: aiur::trace_codegen::cuda: prepared generated CUDA trace circuit=20 rows=476568 width=533 seed_bytes=83875968 seed_spans=8
2026-09-17T00:52:48.683361Z DEBUG aiur::gpu_trace: CPU trace: circuit lacks generated CUDA coverage circuit=32 rows=5818277
2026-09-17T00:52:48.684118Z DEBUG aiur::gpu_trace: CPU trace: circuit lacks generated CUDA coverage circuit=9 rows=3216024
2026-09-17T00:52:48.730934Z DEBUG aiur/codegen_seeds{circuit=20 rows=1048576}: aiur::trace_codegen::cuda: prepared generated CUDA trace circuit=20 rows=1048576 width=533 seed_bytes=184549376 seed_spans=16
2026-09-17T00:52:49.143876Z DEBUG aiur::gpu_trace: CPU trace: circuit lacks generated CUDA coverage circuit=3 rows=32346
2026-09-17T00:52:49.143908Z DEBUG aiur::gpu_trace: CPU trace: circuit lacks generated CUDA coverage circuit=18 rows=2947138
2026-09-17T00:52:49.143912Z DEBUG aiur::gpu_trace: CPU trace: circuit lacks generated CUDA coverage circuit=29 rows=3159851
2026-09-17T00:52:49.143908Z DEBUG aiur::gpu_trace: CPU trace: circuit lacks generated CUDA coverage circuit=43 rows=2
2026-09-17T00:52:49.144302Z DEBUG aiur::gpu_trace: CPU trace: circuit lacks generated CUDA coverage circuit=5 rows=547570
2026-09-17T00:52:49.144344Z DEBUG aiur::gpu_trace: CPU trace: circuit lacks generated CUDA coverage circuit=41 rows=19
2026-09-17T00:52:49.144735Z DEBUG aiur::gpu_trace: CPU trace: circuit lacks generated CUDA coverage circuit=55 rows=3480
2026-09-17T00:52:49.219950Z DEBUG aiur/codegen_seeds{circuit=20 rows=1048576}: aiur::trace_codegen::cuda: prepared generated CUDA trace circuit=20 rows=1048576 width=533 seed_bytes=184549376 seed_spans=16
2026-09-17T00:52:51.818674Z DEBUG aiur::gpu_trace: CPU trace: circuit lacks generated CUDA coverage circuit=16 rows=62
2026-09-17T00:52:51.818682Z DEBUG aiur::gpu_trace: CPU trace: circuit lacks generated CUDA coverage circuit=46 rows=19
2026-09-17T00:52:51.818685Z DEBUG aiur::gpu_trace: CPU trace: circuit lacks generated CUDA coverage circuit=38 rows=104
2026-09-17T00:52:51.818688Z DEBUG aiur::gpu_trace: CPU trace: circuit lacks generated CUDA coverage circuit=53 rows=25
2026-09-17T00:52:51.818685Z DEBUG aiur::gpu_trace: CPU trace: circuit lacks generated CUDA coverage circuit=12 rows=577005
2026-09-17T00:52:51.818685Z DEBUG aiur::gpu_trace: CPU trace: circuit lacks generated CUDA coverage circuit=50 rows=20
2026-09-17T00:52:51.818699Z DEBUG aiur::gpu_trace: CPU trace: circuit lacks generated CUDA coverage circuit=57 rows=45
2026-09-17T00:52:51.818683Z DEBUG aiur::gpu_trace: CPU trace: circuit lacks generated CUDA coverage circuit=24 rows=1976
2026-09-17T00:52:51.818682Z DEBUG aiur::gpu_trace: CPU trace: circuit lacks generated CUDA coverage circuit=56 rows=2
2026-09-17T00:52:51.818687Z DEBUG aiur::gpu_trace: CPU trace: circuit lacks generated CUDA coverage circuit=2 rows=94
2026-09-17T00:52:51.818756Z DEBUG aiur/codegen_seeds{circuit=59 rows=74}: aiur::trace_codegen::cuda: prepared generated CUDA trace circuit=59 rows=74 width=26 seed_bytes=6512 seed_spans=1
2026-09-17T00:52:51.818771Z DEBUG aiur::gpu_trace: CPU trace: circuit lacks generated CUDA coverage circuit=60 rows=32
2026-09-17T00:52:51.818778Z DEBUG aiur::gpu_trace: CPU trace: circuit lacks generated CUDA coverage circuit=54 rows=386
2026-09-17T00:52:51.819082Z DEBUG aiur::gpu_trace: CPU trace: circuit lacks generated CUDA coverage circuit=14 rows=19
2026-09-17T00:52:51.819295Z DEBUG aiur::gpu_trace: CPU trace: circuit lacks generated CUDA coverage circuit=44 rows=61
2026-09-17T00:52:51.819300Z DEBUG aiur::gpu_trace: CPU trace: circuit lacks generated CUDA coverage circuit=45 rows=2
2026-09-17T00:52:51.819471Z DEBUG aiur::gpu_trace: CPU trace: circuit lacks generated CUDA coverage circuit=61 rows=19
2026-09-17T00:52:51.819475Z DEBUG aiur::gpu_trace: CPU trace: circuit lacks generated CUDA coverage circuit=35 rows=338230
2026-09-17T00:52:51.819583Z DEBUG aiur::gpu_trace: CPU trace: circuit lacks generated CUDA coverage circuit=47 rows=3865
2026-09-17T00:52:51.819654Z DEBUG aiur::gpu_trace: CPU trace: circuit lacks generated CUDA coverage circuit=51 rows=434
2026-09-17T00:52:51.819670Z DEBUG aiur::gpu_trace: CPU trace: circuit lacks generated CUDA coverage circuit=86 rows=2848003
2026-09-17T00:52:51.819686Z DEBUG aiur::gpu_trace: CPU trace: circuit lacks generated CUDA coverage circuit=52 rows=62
2026-09-17T00:52:52.061566Z DEBUG aiur/codegen_seeds{circuit=20 rows=1048576}: aiur::trace_codegen::cuda: prepared generated CUDA trace circuit=20 rows=1048576 width=533 seed_bytes=184549376 seed_spans=16
2026-09-17T00:52:52.077560Z DEBUG aiur/codegen_seeds{circuit=30 rows=413610}: aiur::trace_codegen::cuda: prepared generated CUDA trace circuit=30 rows=413610 width=234 seed_bytes=251474880 seed_spans=15
2026-09-17T00:52:54.378449Z DEBUG aiur::gpu_trace: CPU trace: circuit lacks generated CUDA coverage circuit=0 rows=851186
2026-09-17T00:52:54.378472Z DEBUG aiur::gpu_trace: CPU trace: circuit lacks generated CUDA coverage circuit=15 rows=21
2026-09-17T00:52:54.378493Z DEBUG aiur::gpu_trace: CPU trace: circuit lacks generated CUDA coverage circuit=1 rows=16918
2026-09-17T00:52:54.378494Z DEBUG aiur::gpu_trace: CPU trace: circuit lacks generated CUDA coverage circuit=62 rows=21
2026-09-17T00:52:54.378501Z DEBUG aiur::gpu_trace: CPU trace: circuit lacks generated CUDA coverage circuit=10 rows=661386
2026-09-17T00:52:54.378542Z DEBUG aiur::gpu_trace: CPU trace: circuit lacks generated CUDA coverage circuit=83 rows=1
2026-09-17T00:52:54.378495Z DEBUG aiur::gpu_trace: CPU trace: circuit lacks generated CUDA coverage circuit=63 rows=20
2026-09-17T00:52:54.378496Z DEBUG aiur::gpu_trace: CPU trace: circuit lacks generated CUDA coverage circuit=85 rows=20
2026-09-17T00:52:54.378748Z DEBUG aiur::gpu_trace: CPU trace: circuit lacks generated CUDA coverage circuit=19 rows=161660
2026-09-17T00:52:54.378901Z DEBUG aiur::gpu_trace: CPU trace: circuit lacks generated CUDA coverage circuit=17 rows=21
2026-09-17T00:52:54.379185Z DEBUG aiur::gpu_trace: CPU trace: circuit lacks generated CUDA coverage circuit=58 rows=123
2026-09-17T00:52:54.379199Z DEBUG aiur::gpu_trace: CPU trace: circuit lacks generated CUDA coverage circuit=64 rows=2
2026-09-17T00:52:54.379211Z DEBUG aiur::gpu_trace: CPU trace: circuit lacks generated CUDA coverage circuit=39 rows=19
2026-09-17T00:52:54.379536Z DEBUG aiur::gpu_trace: CPU trace: circuit lacks generated CUDA coverage circuit=40 rows=21
2026-09-17T00:52:54.379705Z DEBUG aiur::gpu_trace: CPU trace: circuit lacks generated CUDA coverage circuit=27 rows=1309065
2026-09-17T00:52:54.379738Z DEBUG aiur::gpu_trace: CPU trace: circuit lacks generated CUDA coverage circuit=42 rows=21
2026-09-17T00:52:54.380279Z DEBUG aiur::gpu_trace: CPU trace: circuit lacks generated CUDA coverage circuit=48 rows=21
2026-09-17T00:52:54.380403Z DEBUG aiur/codegen_seeds{circuit=49 rows=3}: aiur::trace_codegen::cuda: prepared generated CUDA trace circuit=49 rows=3 width=13 seed_bytes=120 seed_spans=1
2026-09-17T00:52:54.571880Z DEBUG aiur/codegen_seeds{circuit=20 rows=1048576}: aiur::trace_codegen::cuda: prepared generated CUDA trace circuit=20 rows=1048576 width=533 seed_bytes=184549376 seed_spans=16
2026-09-17T00:52:57.192303Z DEBUG aiur::gpu_trace: CPU trace: circuit lacks generated CUDA coverage circuit=6 rows=325349
2026-09-17T00:52:57.192304Z DEBUG aiur::gpu_trace: CPU trace: circuit lacks generated CUDA coverage circuit=25 rows=142964
2026-09-17T00:52:57.192303Z DEBUG aiur::gpu_trace: CPU trace: circuit lacks generated CUDA coverage circuit=66 rows=17044
2026-09-17T00:52:57.192308Z DEBUG aiur::gpu_trace: CPU trace: circuit lacks generated CUDA coverage circuit=84 rows=712429
2026-09-17T00:52:57.192304Z DEBUG aiur::gpu_trace: CPU trace: circuit lacks generated CUDA coverage circuit=4 rows=154466
2026-09-17T00:52:57.192303Z DEBUG aiur::gpu_trace: CPU trace: circuit lacks generated CUDA coverage circuit=65 rows=67742
2026-09-17T00:52:57.192338Z DEBUG aiur::gpu_trace: CPU trace: circuit lacks generated CUDA coverage circuit=37 rows=279075
2026-09-17T00:52:57.192891Z DEBUG aiur::gpu_trace: CPU trace: circuit lacks generated CUDA coverage circuit=7 rows=185113
2026-09-17T00:52:57.192964Z DEBUG aiur::gpu_trace: CPU trace: circuit lacks generated CUDA coverage circuit=13 rows=174956
2026-09-17T00:52:57.193165Z DEBUG aiur::gpu_trace: CPU trace: circuit lacks generated CUDA coverage circuit=21 rows=787211
2026-09-17T00:52:57.193201Z DEBUG aiur::gpu_trace: CPU trace: circuit lacks generated CUDA coverage circuit=31 rows=1179962
2026-09-17T00:52:57.193207Z DEBUG aiur::gpu_trace: CPU trace: circuit lacks generated CUDA coverage circuit=34 rows=224600
2026-09-17T00:52:57.193263Z DEBUG aiur::gpu_trace: CPU trace: circuit lacks generated CUDA coverage circuit=23 rows=306504
2026-09-17T00:52:57.193410Z DEBUG aiur::gpu_trace: CPU trace: circuit lacks generated CUDA coverage circuit=11 rows=197079
2026-09-17T00:52:57.193509Z DEBUG aiur::gpu_trace: CPU trace: circuit lacks generated CUDA coverage circuit=36 rows=136291
2026-09-17T00:52:57.193536Z DEBUG aiur::gpu_trace: CPU trace: circuit lacks generated CUDA coverage circuit=8 rows=413049
2026-09-17T00:52:57.193575Z DEBUG aiur::gpu_trace: CPU trace: circuit lacks generated CUDA coverage circuit=33 rows=1023572
2026-09-17T00:52:57.193686Z DEBUG aiur::gpu_trace: CPU trace: circuit lacks generated CUDA coverage circuit=87 rows=133953
2026-09-17T00:52:57.194132Z DEBUG aiur::gpu_trace: CPU trace: circuit lacks generated CUDA coverage circuit=28 rows=831505
2026-09-17T00:52:57.194143Z DEBUG aiur::gpu_trace: CPU trace: circuit lacks generated CUDA coverage circuit=26 rows=464886
2026-09-17T00:52:57.528199Z DEBUG aiur/codegen_seeds{circuit=20 rows=1048576}: aiur::trace_codegen::cuda: prepared generated CUDA trace circuit=20 rows=1048576 width=533 seed_bytes=184549376 seed_spans=16
2026-09-17T00:53:00.005070Z DEBUG aiur::gpu_trace: CPU trace: circuit lacks generated CUDA coverage circuit=22 rows=142964
2026-09-17T00:53:00.063258Z DEBUG aiur/codegen_seeds{circuit=20 rows=1048576}: aiur::trace_codegen::cuda: prepared generated CUDA trace circuit=20 rows=1048576 width=533 seed_bytes=184549376 seed_spans=16
2026-09-17T00:53:02.478286Z DEBUG aiur/codegen_seeds{circuit=20 rows=1048576}: aiur::trace_codegen::cuda: prepared generated CUDA trace circuit=20 rows=1048576 width=533 seed_bytes=184549376 seed_spans=16
2026-09-17T00:53:03.691694Z DEBUG aiur/codegen_seeds{circuit=20 rows=476568}: aiur::trace_codegen::cuda: prepared generated CUDA trace circuit=20 rows=476568 width=533 seed_bytes=83875968 seed_spans=8
[aggregate] slot 5: cached proof 6aaff85641805f0b44a900f2b8a73c9f1376a4342e53d32c9321b0f4cc29b1ca
[lanes] worker 0: join 5 published at +344s
[lanes] root dispatched at +344s
[aggregate] structural-joining slots 2, 5 into 6
[lanes] executor 0: root execution started at +344s
[trace-shards] 7 shards, 1500000000 committed cells: record 12215552497 B in shared pool, host workspace 16607595674 B of 26088568116 B reserved per prover; regenerating round 2
[lanes] executor 0: root executed in 26.2s, record 12215552497 B (11.3 GiB) at +370s
[lanes] worker 0: root proving started at +370s
2026-09-17T00:53:31.788578Z DEBUG aiur::gpu_trace: CPU trace: circuit lacks generated CUDA coverage circuit=9 rows=2799792
2026-09-17T00:53:31.789373Z DEBUG aiur::gpu_trace: CPU trace: circuit lacks generated CUDA coverage circuit=32 rows=5041511
2026-09-17T00:53:31.849595Z DEBUG aiur/codegen_seeds{circuit=20 rows=1048576}: aiur::trace_codegen::cuda: prepared generated CUDA trace circuit=20 rows=1048576 width=533 seed_bytes=184549376 seed_spans=16
2026-09-17T00:53:32.212177Z DEBUG aiur::gpu_trace: CPU trace: circuit lacks generated CUDA coverage circuit=51 rows=215
2026-09-17T00:53:32.212196Z DEBUG aiur::gpu_trace: CPU trace: circuit lacks generated CUDA coverage circuit=60 rows=24
2026-09-17T00:53:32.212192Z DEBUG aiur::gpu_trace: CPU trace: circuit lacks generated CUDA coverage circuit=2 rows=94
2026-09-17T00:53:32.212205Z DEBUG aiur::gpu_trace: CPU trace: circuit lacks generated CUDA coverage circuit=61 rows=17
2026-09-17T00:53:32.212416Z DEBUG aiur::gpu_trace: CPU trace: circuit lacks generated CUDA coverage circuit=29 rows=2691011
2026-09-17T00:53:32.212774Z DEBUG aiur::gpu_trace: CPU trace: circuit lacks generated CUDA coverage circuit=54 rows=175
2026-09-17T00:53:32.212834Z DEBUG aiur::gpu_trace: CPU trace: circuit lacks generated CUDA coverage circuit=38 rows=84
2026-09-17T00:53:32.212920Z DEBUG aiur::gpu_trace: CPU trace: circuit lacks generated CUDA coverage circuit=39 rows=17
2026-09-17T00:53:32.213280Z DEBUG aiur::gpu_trace: CPU trace: circuit lacks generated CUDA coverage circuit=10 rows=574636
2026-09-17T00:53:32.213370Z DEBUG aiur::gpu_trace: CPU trace: circuit lacks generated CUDA coverage circuit=55 rows=1107
2026-09-17T00:53:32.213403Z DEBUG aiur::gpu_trace: CPU trace: circuit lacks generated CUDA coverage circuit=45 rows=2
2026-09-17T00:53:32.213565Z DEBUG aiur::gpu_trace: CPU trace: circuit lacks generated CUDA coverage circuit=47 rows=1281
2026-09-17T00:53:32.387490Z DEBUG aiur/codegen_seeds{circuit=20 rows=1048576}: aiur::trace_codegen::cuda: prepared generated CUDA trace circuit=20 rows=1048576 width=533 seed_bytes=184549376 seed_spans=16
2026-09-17T00:53:32.396186Z DEBUG aiur/codegen_seeds{circuit=30 rows=350633}: aiur::trace_codegen::cuda: prepared generated CUDA trace circuit=30 rows=350633 width=234 seed_bytes=213184864 seed_spans=13
2026-09-17T00:53:33.282204Z DEBUG aiur::gpu_trace: CPU trace: circuit lacks generated CUDA coverage circuit=53 rows=22
2026-09-17T00:53:33.282204Z DEBUG aiur::gpu_trace: CPU trace: circuit lacks generated CUDA coverage circuit=56 rows=2
2026-09-17T00:53:33.282208Z DEBUG aiur::gpu_trace: CPU trace: circuit lacks generated CUDA coverage circuit=50 rows=18
2026-09-17T00:53:33.282206Z DEBUG aiur::gpu_trace: CPU trace: circuit lacks generated CUDA coverage circuit=5 rows=421801
2026-09-17T00:53:33.282211Z DEBUG aiur::gpu_trace: CPU trace: circuit lacks generated CUDA coverage circuit=63 rows=18
2026-09-17T00:53:33.282204Z DEBUG aiur::gpu_trace: CPU trace: circuit lacks generated CUDA coverage circuit=62 rows=19
2026-09-17T00:53:33.282559Z DEBUG aiur::gpu_trace: CPU trace: circuit lacks generated CUDA coverage circuit=43 rows=2
2026-09-17T00:53:33.282662Z DEBUG aiur::gpu_trace: CPU trace: circuit lacks generated CUDA coverage circuit=64 rows=2
2026-09-17T00:53:33.282692Z DEBUG aiur::gpu_trace: CPU trace: circuit lacks generated CUDA coverage circuit=46 rows=17
2026-09-17T00:53:33.282734Z DEBUG aiur::gpu_trace: CPU trace: circuit lacks generated CUDA coverage circuit=40 rows=19
2026-09-17T00:53:33.282875Z DEBUG aiur::gpu_trace: CPU trace: circuit lacks generated CUDA coverage circuit=52 rows=46
2026-09-17T00:53:33.282874Z DEBUG aiur/codegen_seeds{circuit=59 rows=52}: aiur::trace_codegen::cuda: prepared generated CUDA trace circuit=59 rows=52 width=26 seed_bytes=4576 seed_spans=1
2026-09-17T00:53:33.283005Z DEBUG aiur::gpu_trace: CPU trace: circuit lacks generated CUDA coverage circuit=44 rows=45
2026-09-17T00:53:33.283154Z DEBUG aiur::gpu_trace: CPU trace: circuit lacks generated CUDA coverage circuit=57 rows=32
2026-09-17T00:53:33.283187Z DEBUG aiur::gpu_trace: CPU trace: circuit lacks generated CUDA coverage circuit=83 rows=1
2026-09-17T00:53:33.283187Z DEBUG aiur::gpu_trace: CPU trace: circuit lacks generated CUDA coverage circuit=14 rows=17
2026-09-17T00:53:33.283208Z DEBUG aiur::gpu_trace: CPU trace: circuit lacks generated CUDA coverage circuit=58 rows=93
2026-09-17T00:53:33.283287Z DEBUG aiur::gpu_trace: CPU trace: circuit lacks generated CUDA coverage circuit=48 rows=37
2026-09-17T00:53:33.283290Z DEBUG aiur::gpu_trace: CPU trace: circuit lacks generated CUDA coverage circuit=41 rows=17
2026-09-17T00:53:33.283318Z DEBUG aiur::gpu_trace: CPU trace: circuit lacks generated CUDA coverage circuit=85 rows=18
2026-09-17T00:53:33.283325Z DEBUG aiur::gpu_trace: CPU trace: circuit lacks generated CUDA coverage circuit=18 rows=3223494
2026-09-17T00:53:33.283567Z DEBUG aiur::gpu_trace: CPU trace: circuit lacks generated CUDA coverage circuit=86 rows=2487822
2026-09-17T00:53:33.283637Z DEBUG aiur/codegen_seeds{circuit=49 rows=3}: aiur::trace_codegen::cuda: prepared generated CUDA trace circuit=49 rows=3 width=13 seed_bytes=120 seed_spans=1
2026-09-17T00:53:33.283688Z DEBUG aiur::gpu_trace: CPU trace: circuit lacks generated CUDA coverage circuit=15 rows=19
2026-09-17T00:53:33.283749Z DEBUG aiur::gpu_trace: CPU trace: circuit lacks generated CUDA coverage circuit=42 rows=19
2026-09-17T00:53:33.283931Z DEBUG aiur::gpu_trace: CPU trace: circuit lacks generated CUDA coverage circuit=16 rows=46
2026-09-17T00:53:33.283974Z DEBUG aiur::gpu_trace: CPU trace: circuit lacks generated CUDA coverage circuit=17 rows=19
2026-09-17T00:53:33.285161Z DEBUG aiur::gpu_trace: CPU trace: circuit lacks generated CUDA coverage circuit=19 rows=230976
2026-09-17T00:53:33.288353Z DEBUG aiur::gpu_trace: CPU trace: circuit lacks generated CUDA coverage circuit=87 rows=39148
2026-09-17T00:53:33.467227Z DEBUG aiur/codegen_seeds{circuit=20 rows=1048576}: aiur::trace_codegen::cuda: prepared generated CUDA trace circuit=20 rows=1048576 width=533 seed_bytes=184549376 seed_spans=16
2026-09-17T00:53:34.242110Z DEBUG aiur::gpu_trace: CPU trace: circuit lacks generated CUDA coverage circuit=0 rows=691257
2026-09-17T00:53:34.242131Z DEBUG aiur::gpu_trace: CPU trace: circuit lacks generated CUDA coverage circuit=28 rows=563120
2026-09-17T00:53:34.242146Z DEBUG aiur::gpu_trace: CPU trace: circuit lacks generated CUDA coverage circuit=12 rows=426407
2026-09-17T00:53:34.242162Z DEBUG aiur::gpu_trace: CPU trace: circuit lacks generated CUDA coverage circuit=31 rows=889328
2026-09-17T00:53:34.242162Z DEBUG aiur::gpu_trace: CPU trace: circuit lacks generated CUDA coverage circuit=4 rows=145559
2026-09-17T00:53:34.242743Z DEBUG aiur::gpu_trace: CPU trace: circuit lacks generated CUDA coverage circuit=8 rows=252521
2026-09-17T00:53:34.242816Z DEBUG aiur::gpu_trace: CPU trace: circuit lacks generated CUDA coverage circuit=27 rows=508745
2026-09-17T00:53:34.243506Z DEBUG aiur::gpu_trace: CPU trace: circuit lacks generated CUDA coverage circuit=33 rows=598767
2026-09-17T00:53:34.487540Z DEBUG aiur/codegen_seeds{circuit=20 rows=1048576}: aiur::trace_codegen::cuda: prepared generated CUDA trace circuit=20 rows=1048576 width=533 seed_bytes=184549376 seed_spans=16
2026-09-17T00:53:35.240762Z DEBUG aiur::gpu_trace: CPU trace: circuit lacks generated CUDA coverage circuit=3 rows=17799
2026-09-17T00:53:35.240766Z DEBUG aiur::gpu_trace: CPU trace: circuit lacks generated CUDA coverage circuit=1 rows=12496
2026-09-17T00:53:35.240794Z DEBUG aiur::gpu_trace: CPU trace: circuit lacks generated CUDA coverage circuit=26 rows=330656
2026-09-17T00:53:35.240801Z DEBUG aiur::gpu_trace: CPU trace: circuit lacks generated CUDA coverage circuit=25 rows=40840
2026-09-17T00:53:35.240804Z DEBUG aiur::gpu_trace: CPU trace: circuit lacks generated CUDA coverage circuit=6 rows=153364
2026-09-17T00:53:35.240808Z DEBUG aiur::gpu_trace: CPU trace: circuit lacks generated CUDA coverage circuit=37 rows=116111
2026-09-17T00:53:35.241209Z DEBUG aiur::gpu_trace: CPU trace: circuit lacks generated CUDA coverage circuit=13 rows=91165
2026-09-17T00:53:35.241364Z DEBUG aiur::gpu_trace: CPU trace: circuit lacks generated CUDA coverage circuit=84 rows=496027
2026-09-17T00:53:35.241379Z DEBUG aiur::gpu_trace: CPU trace: circuit lacks generated CUDA coverage circuit=21 rows=280877
2026-09-17T00:53:35.241383Z DEBUG aiur::gpu_trace: CPU trace: circuit lacks generated CUDA coverage circuit=7 rows=150438
2026-09-17T00:53:35.241507Z DEBUG aiur::gpu_trace: CPU trace: circuit lacks generated CUDA coverage circuit=23 rows=92470
2026-09-17T00:53:35.241593Z DEBUG aiur::gpu_trace: CPU trace: circuit lacks generated CUDA coverage circuit=24 rows=1770
2026-09-17T00:53:35.241652Z DEBUG aiur::gpu_trace: CPU trace: circuit lacks generated CUDA coverage circuit=34 rows=114300
2026-09-17T00:53:35.241950Z DEBUG aiur::gpu_trace: CPU trace: circuit lacks generated CUDA coverage circuit=11 rows=172169
2026-09-17T00:53:35.242106Z DEBUG aiur::gpu_trace: CPU trace: circuit lacks generated CUDA coverage circuit=35 rows=184458
2026-09-17T00:53:35.242143Z DEBUG aiur::gpu_trace: CPU trace: circuit lacks generated CUDA coverage circuit=65 rows=71797
2026-09-17T00:53:35.242170Z DEBUG aiur::gpu_trace: CPU trace: circuit lacks generated CUDA coverage circuit=66 rows=40583
2026-09-17T00:53:35.242436Z DEBUG aiur::gpu_trace: CPU trace: circuit lacks generated CUDA coverage circuit=36 rows=118726
2026-09-17T00:53:35.243445Z DEBUG aiur::gpu_trace: CPU trace: circuit lacks generated CUDA coverage circuit=22 rows=40840
2026-09-17T00:53:35.372793Z DEBUG aiur/codegen_seeds{circuit=20 rows=1048576}: aiur::trace_codegen::cuda: prepared generated CUDA trace circuit=20 rows=1048576 width=533 seed_bytes=184549376 seed_spans=16
2026-09-17T00:53:36.289360Z DEBUG aiur/codegen_seeds{circuit=20 rows=1048576}: aiur::trace_codegen::cuda: prepared generated CUDA trace circuit=20 rows=1048576 width=533 seed_bytes=184549376 seed_spans=16
2026-09-17T00:53:36.839124Z DEBUG aiur/codegen_seeds{circuit=20 rows=117088}: aiur::trace_codegen::cuda: prepared generated CUDA trace circuit=20 rows=117088 width=533 seed_bytes=20607488 seed_spans=2
2026-09-17T00:53:37.313546Z DEBUG aiur::gpu_trace: CPU trace: circuit lacks generated CUDA coverage circuit=32 rows=5041511
2026-09-17T00:53:37.313549Z DEBUG aiur::gpu_trace: CPU trace: circuit lacks generated CUDA coverage circuit=9 rows=2799792
2026-09-17T00:53:37.367943Z DEBUG aiur/codegen_seeds{circuit=20 rows=1048576}: aiur::trace_codegen::cuda: prepared generated CUDA trace circuit=20 rows=1048576 width=533 seed_bytes=184549376 seed_spans=16
2026-09-17T00:53:37.726074Z DEBUG aiur::gpu_trace: CPU trace: circuit lacks generated CUDA coverage circuit=2 rows=94
2026-09-17T00:53:37.726101Z DEBUG aiur::gpu_trace: CPU trace: circuit lacks generated CUDA coverage circuit=51 rows=215
2026-09-17T00:53:37.726077Z DEBUG aiur::gpu_trace: CPU trace: circuit lacks generated CUDA coverage circuit=29 rows=2691011
2026-09-17T00:53:37.726574Z DEBUG aiur::gpu_trace: CPU trace: circuit lacks generated CUDA coverage circuit=38 rows=84
2026-09-17T00:53:37.726620Z DEBUG aiur::gpu_trace: CPU trace: circuit lacks generated CUDA coverage circuit=60 rows=24
2026-09-17T00:53:37.726695Z DEBUG aiur::gpu_trace: CPU trace: circuit lacks generated CUDA coverage circuit=10 rows=574636
2026-09-17T00:53:37.726711Z DEBUG aiur::gpu_trace: CPU trace: circuit lacks generated CUDA coverage circuit=54 rows=175
2026-09-17T00:53:37.726732Z DEBUG aiur::gpu_trace: CPU trace: circuit lacks generated CUDA coverage circuit=61 rows=17
2026-09-17T00:53:37.726835Z DEBUG aiur::gpu_trace: CPU trace: circuit lacks generated CUDA coverage circuit=47 rows=1281
2026-09-17T00:53:37.727044Z DEBUG aiur::gpu_trace: CPU trace: circuit lacks generated CUDA coverage circuit=45 rows=2
2026-09-17T00:53:37.727288Z DEBUG aiur::gpu_trace: CPU trace: circuit lacks generated CUDA coverage circuit=55 rows=1107
2026-09-17T00:53:37.727520Z DEBUG aiur::gpu_trace: CPU trace: circuit lacks generated CUDA coverage circuit=39 rows=17
2026-09-17T00:53:37.875843Z DEBUG aiur/codegen_seeds{circuit=20 rows=1048576}: aiur::trace_codegen::cuda: prepared generated CUDA trace circuit=20 rows=1048576 width=533 seed_bytes=184549376 seed_spans=16
2026-09-17T00:53:37.881058Z DEBUG aiur/codegen_seeds{circuit=30 rows=350633}: aiur::trace_codegen::cuda: prepared generated CUDA trace circuit=30 rows=350633 width=234 seed_bytes=213184864 seed_spans=13
2026-09-17T00:53:40.440567Z DEBUG aiur::gpu_trace: CPU trace: circuit lacks generated CUDA coverage circuit=50 rows=18
2026-09-17T00:53:40.440586Z DEBUG aiur::gpu_trace: CPU trace: circuit lacks generated CUDA coverage circuit=14 rows=17
2026-09-17T00:53:40.440591Z DEBUG aiur::gpu_trace: CPU trace: circuit lacks generated CUDA coverage circuit=40 rows=19
2026-09-17T00:53:40.440595Z DEBUG aiur::gpu_trace: CPU trace: circuit lacks generated CUDA coverage circuit=43 rows=2
2026-09-17T00:53:40.440603Z DEBUG aiur::gpu_trace: CPU trace: circuit lacks generated CUDA coverage circuit=46 rows=17
2026-09-17T00:53:40.440589Z DEBUG aiur::gpu_trace: CPU trace: circuit lacks generated CUDA coverage circuit=15 rows=19
2026-09-17T00:53:40.440599Z DEBUG aiur::gpu_trace: CPU trace: circuit lacks generated CUDA coverage circuit=63 rows=18
2026-09-17T00:53:40.440591Z DEBUG aiur::gpu_trace: CPU trace: circuit lacks generated CUDA coverage circuit=19 rows=230976
2026-09-17T00:53:40.440589Z DEBUG aiur::gpu_trace: CPU trace: circuit lacks generated CUDA coverage circuit=16 rows=46
2026-09-17T00:53:40.440586Z DEBUG aiur::gpu_trace: CPU trace: circuit lacks generated CUDA coverage circuit=62 rows=19
2026-09-17T00:53:40.440597Z DEBUG aiur::gpu_trace: CPU trace: circuit lacks generated CUDA coverage circuit=52 rows=46
2026-09-17T00:53:40.440603Z DEBUG aiur::gpu_trace: CPU trace: circuit lacks generated CUDA coverage circuit=53 rows=22
2026-09-17T00:53:40.440586Z DEBUG aiur::gpu_trace: CPU trace: circuit lacks generated CUDA coverage circuit=56 rows=2
2026-09-17T00:53:40.440591Z DEBUG aiur::gpu_trace: CPU trace: circuit lacks generated CUDA coverage circuit=18 rows=3223494
2026-09-17T00:53:40.440892Z DEBUG aiur::gpu_trace: CPU trace: circuit lacks generated CUDA coverage circuit=5 rows=421801
2026-09-17T00:53:40.441045Z DEBUG aiur::gpu_trace: CPU trace: circuit lacks generated CUDA coverage circuit=48 rows=37
2026-09-17T00:53:40.441061Z DEBUG aiur::gpu_trace: CPU trace: circuit lacks generated CUDA coverage circuit=64 rows=2
2026-09-17T00:53:40.441306Z DEBUG aiur::gpu_trace: CPU trace: circuit lacks generated CUDA coverage circuit=17 rows=19
2026-09-17T00:53:40.441330Z DEBUG aiur::gpu_trace: CPU trace: circuit lacks generated CUDA coverage circuit=44 rows=45
2026-09-17T00:53:40.441332Z DEBUG aiur/codegen_seeds{circuit=49 rows=3}: aiur::trace_codegen::cuda: prepared generated CUDA trace circuit=49 rows=3 width=13 seed_bytes=120 seed_spans=1
2026-09-17T00:53:40.441419Z DEBUG aiur::gpu_trace: CPU trace: circuit lacks generated CUDA coverage circuit=57 rows=32
2026-09-17T00:53:40.441535Z DEBUG aiur::gpu_trace: CPU trace: circuit lacks generated CUDA coverage circuit=41 rows=17
2026-09-17T00:53:40.441696Z DEBUG aiur::gpu_trace: CPU trace: circuit lacks generated CUDA coverage circuit=58 rows=93
2026-09-17T00:53:40.441825Z DEBUG aiur/codegen_seeds{circuit=59 rows=52}: aiur::trace_codegen::cuda: prepared generated CUDA trace circuit=59 rows=52 width=26 seed_bytes=4576 seed_spans=1
2026-09-17T00:53:40.442043Z DEBUG aiur::gpu_trace: CPU trace: circuit lacks generated CUDA coverage circuit=86 rows=2487822
2026-09-17T00:53:40.442073Z DEBUG aiur::gpu_trace: CPU trace: circuit lacks generated CUDA coverage circuit=83 rows=1
2026-09-17T00:53:40.442144Z DEBUG aiur::gpu_trace: CPU trace: circuit lacks generated CUDA coverage circuit=42 rows=19
2026-09-17T00:53:40.442184Z DEBUG aiur::gpu_trace: CPU trace: circuit lacks generated CUDA coverage circuit=85 rows=18
2026-09-17T00:53:40.442304Z DEBUG aiur::gpu_trace: CPU trace: circuit lacks generated CUDA coverage circuit=87 rows=39148
2026-09-17T00:53:40.769340Z DEBUG aiur/codegen_seeds{circuit=20 rows=1048576}: aiur::trace_codegen::cuda: prepared generated CUDA trace circuit=20 rows=1048576 width=533 seed_bytes=184549376 seed_spans=16
2026-09-17T00:53:43.009319Z DEBUG aiur::gpu_trace: CPU trace: circuit lacks generated CUDA coverage circuit=0 rows=691257
2026-09-17T00:53:43.009332Z DEBUG aiur::gpu_trace: CPU trace: circuit lacks generated CUDA coverage circuit=4 rows=145559
2026-09-17T00:53:43.009335Z DEBUG aiur::gpu_trace: CPU trace: circuit lacks generated CUDA coverage circuit=12 rows=426407
2026-09-17T00:53:43.009333Z DEBUG aiur::gpu_trace: CPU trace: circuit lacks generated CUDA coverage circuit=8 rows=252521
2026-09-17T00:53:43.009333Z DEBUG aiur::gpu_trace: CPU trace: circuit lacks generated CUDA coverage circuit=31 rows=889328
2026-09-17T00:53:43.009888Z DEBUG aiur::gpu_trace: CPU trace: circuit lacks generated CUDA coverage circuit=28 rows=563120
2026-09-17T00:53:43.009948Z DEBUG aiur::gpu_trace: CPU trace: circuit lacks generated CUDA coverage circuit=27 rows=508745
2026-09-17T00:53:43.010534Z DEBUG aiur::gpu_trace: CPU trace: circuit lacks generated CUDA coverage circuit=33 rows=598767
2026-09-17T00:53:43.248034Z DEBUG aiur/codegen_seeds{circuit=20 rows=1048576}: aiur::trace_codegen::cuda: prepared generated CUDA trace circuit=20 rows=1048576 width=533 seed_bytes=184549376 seed_spans=16
2026-09-17T00:53:45.614257Z DEBUG aiur::gpu_trace: CPU trace: circuit lacks generated CUDA coverage circuit=1 rows=12496
2026-09-17T00:53:45.614274Z DEBUG aiur::gpu_trace: CPU trace: circuit lacks generated CUDA coverage circuit=7 rows=150438
2026-09-17T00:53:45.614279Z DEBUG aiur::gpu_trace: CPU trace: circuit lacks generated CUDA coverage circuit=3 rows=17799
2026-09-17T00:53:45.614281Z DEBUG aiur::gpu_trace: CPU trace: circuit lacks generated CUDA coverage circuit=6 rows=153364
2026-09-17T00:53:45.614278Z DEBUG aiur::gpu_trace: CPU trace: circuit lacks generated CUDA coverage circuit=25 rows=40840
2026-09-17T00:53:45.614277Z DEBUG aiur::gpu_trace: CPU trace: circuit lacks generated CUDA coverage circuit=37 rows=116111
2026-09-17T00:53:45.614299Z DEBUG aiur::gpu_trace: CPU trace: circuit lacks generated CUDA coverage circuit=65 rows=71797
2026-09-17T00:53:45.614548Z DEBUG aiur::gpu_trace: CPU trace: circuit lacks generated CUDA coverage circuit=21 rows=280877
2026-09-17T00:53:45.614685Z DEBUG aiur::gpu_trace: CPU trace: circuit lacks generated CUDA coverage circuit=23 rows=92470
2026-09-17T00:53:45.614705Z DEBUG aiur::gpu_trace: CPU trace: circuit lacks generated CUDA coverage circuit=22 rows=40840
2026-09-17T00:53:45.614810Z DEBUG aiur::gpu_trace: CPU trace: circuit lacks generated CUDA coverage circuit=24 rows=1770
2026-09-17T00:53:45.614934Z DEBUG aiur::gpu_trace: CPU trace: circuit lacks generated CUDA coverage circuit=34 rows=114300
2026-09-17T00:53:45.614961Z DEBUG aiur::gpu_trace: CPU trace: circuit lacks generated CUDA coverage circuit=66 rows=40583
2026-09-17T00:53:45.615025Z DEBUG aiur::gpu_trace: CPU trace: circuit lacks generated CUDA coverage circuit=35 rows=184458
2026-09-17T00:53:45.615211Z DEBUG aiur::gpu_trace: CPU trace: circuit lacks generated CUDA coverage circuit=13 rows=91165
2026-09-17T00:53:45.615405Z DEBUG aiur::gpu_trace: CPU trace: circuit lacks generated CUDA coverage circuit=11 rows=172169
2026-09-17T00:53:45.615446Z DEBUG aiur::gpu_trace: CPU trace: circuit lacks generated CUDA coverage circuit=26 rows=330656
2026-09-17T00:53:45.615509Z DEBUG aiur::gpu_trace: CPU trace: circuit lacks generated CUDA coverage circuit=36 rows=118726
2026-09-17T00:53:45.615675Z DEBUG aiur::gpu_trace: CPU trace: circuit lacks generated CUDA coverage circuit=84 rows=496027
2026-09-17T00:53:45.750909Z DEBUG aiur/codegen_seeds{circuit=20 rows=1048576}: aiur::trace_codegen::cuda: prepared generated CUDA trace circuit=20 rows=1048576 width=533 seed_bytes=184549376 seed_spans=16
2026-09-17T00:53:48.475275Z DEBUG aiur/codegen_seeds{circuit=20 rows=1048576}: aiur::trace_codegen::cuda: prepared generated CUDA trace circuit=20 rows=1048576 width=533 seed_bytes=184549376 seed_spans=16
2026-09-17T00:53:50.005739Z DEBUG aiur/codegen_seeds{circuit=20 rows=117088}: aiur::trace_codegen::cuda: prepared generated CUDA trace circuit=20 rows=117088 width=533 seed_bytes=20607488 seed_spans=2
[aggregate] slot 6: cached proof e48bbe71fa7b89d93fb106cfad61bd2c7e9a11f0b518aade7898cc909c45a7cd
[trace-shards] 3 shards, 1500000000 committed cells: record 4690810921 B in shared pool, host workspace 16332312908 B of 26088568116 B reserved per prover; regenerating round 2
2026-09-17T00:54:00.866199Z DEBUG aiur::gpu_trace: CPU trace: circuit lacks generated CUDA coverage circuit=65 rows=54
2026-09-17T00:54:00.866199Z DEBUG aiur::gpu_trace: CPU trace: circuit lacks generated CUDA coverage circuit=3 rows=8513
2026-09-17T00:54:00.866205Z DEBUG aiur::gpu_trace: CPU trace: circuit lacks generated CUDA coverage circuit=56 rows=1
2026-09-17T00:54:00.866203Z DEBUG aiur::gpu_trace: CPU trace: circuit lacks generated CUDA coverage circuit=9 rows=1250460
2026-09-17T00:54:00.866545Z DEBUG aiur::gpu_trace: CPU trace: circuit lacks generated CUDA coverage circuit=29 rows=1184771
2026-09-17T00:54:00.866659Z DEBUG aiur::gpu_trace: CPU trace: circuit lacks generated CUDA coverage circuit=26 rows=134773
2026-09-17T00:54:00.866668Z DEBUG aiur::gpu_trace: CPU trace: circuit lacks generated CUDA coverage circuit=32 rows=2222981
2026-09-17T00:54:00.866712Z DEBUG aiur::gpu_trace: CPU trace: circuit lacks generated CUDA coverage circuit=44 rows=23
2026-09-17T00:54:00.866929Z DEBUG aiur::gpu_trace: CPU trace: circuit lacks generated CUDA coverage circuit=5 rows=155680
2026-09-17T00:54:00.867335Z DEBUG aiur::gpu_trace: CPU trace: circuit lacks generated CUDA coverage circuit=47 rows=666
2026-09-17T00:54:01.150577Z DEBUG aiur/codegen_seeds{circuit=30 rows=154984}: aiur::trace_codegen::cuda: prepared generated CUDA trace circuit=30 rows=154984 width=234 seed_bytes=94230272 seed_spans=6
2026-09-17T00:54:01.169531Z DEBUG aiur/codegen_seeds{circuit=20 rows=1048576}: aiur::trace_codegen::cuda: prepared generated CUDA trace circuit=20 rows=1048576 width=533 seed_bytes=184549376 seed_spans=16
2026-09-17T00:54:01.170279Z DEBUG aiur::gpu_trace: CPU trace: circuit lacks generated CUDA coverage circuit=0 rows=283283
2026-09-17T00:54:01.170300Z DEBUG aiur::gpu_trace: CPU trace: circuit lacks generated CUDA coverage circuit=62 rows=8
2026-09-17T00:54:01.170311Z DEBUG aiur::gpu_trace: CPU trace: circuit lacks generated CUDA coverage circuit=28 rows=236239
2026-09-17T00:54:01.170316Z DEBUG aiur::gpu_trace: CPU trace: circuit lacks generated CUDA coverage circuit=66 rows=3
2026-09-17T00:54:01.170319Z DEBUG aiur::gpu_trace: CPU trace: circuit lacks generated CUDA coverage circuit=53 rows=19
2026-09-17T00:54:01.170324Z DEBUG aiur::gpu_trace: CPU trace: circuit lacks generated CUDA coverage circuit=25 rows=40840
2026-09-17T00:54:01.170327Z DEBUG aiur::gpu_trace: CPU trace: circuit lacks generated CUDA coverage circuit=51 rows=103
2026-09-17T00:54:01.170323Z DEBUG aiur::gpu_trace: CPU trace: circuit lacks generated CUDA coverage circuit=6 rows=90367
2026-09-17T00:54:01.170327Z DEBUG aiur::gpu_trace: CPU trace: circuit lacks generated CUDA coverage circuit=1 rows=7
2026-09-17T00:54:01.170323Z DEBUG aiur::gpu_trace: CPU trace: circuit lacks generated CUDA coverage circuit=37 rows=54274
2026-09-17T00:54:01.170328Z DEBUG aiur::gpu_trace: CPU trace: circuit lacks generated CUDA coverage circuit=55 rows=577
2026-09-17T00:54:01.170347Z DEBUG aiur::gpu_trace: CPU trace: circuit lacks generated CUDA coverage circuit=18 rows=644486
2026-09-17T00:54:01.170325Z DEBUG aiur::gpu_trace: CPU trace: circuit lacks generated CUDA coverage circuit=27 rows=242586
2026-09-17T00:54:01.170325Z DEBUG aiur::gpu_trace: CPU trace: circuit lacks generated CUDA coverage circuit=64 rows=1
2026-09-17T00:54:01.170327Z DEBUG aiur::gpu_trace: CPU trace: circuit lacks generated CUDA coverage circuit=54 rows=90
2026-09-17T00:54:01.170328Z DEBUG aiur::gpu_trace: CPU trace: circuit lacks generated CUDA coverage circuit=31 rows=365003
2026-09-17T00:54:01.170328Z DEBUG aiur::gpu_trace: CPU trace: circuit lacks generated CUDA coverage circuit=4 rows=49635
2026-09-17T00:54:01.170327Z DEBUG aiur::gpu_trace: CPU trace: circuit lacks generated CUDA coverage circuit=12 rows=170291
2026-09-17T00:54:01.170322Z DEBUG aiur::gpu_trace: CPU trace: circuit lacks generated CUDA coverage circuit=63 rows=8
2026-09-17T00:54:01.170327Z DEBUG aiur::gpu_trace: CPU trace: circuit lacks generated CUDA coverage circuit=50 rows=8
2026-09-17T00:54:01.170502Z DEBUG aiur::gpu_trace: CPU trace: circuit lacks generated CUDA coverage circuit=52 rows=23
2026-09-17T00:54:01.170524Z DEBUG aiur::gpu_trace: CPU trace: circuit lacks generated CUDA coverage circuit=43 rows=1
2026-09-17T00:54:01.170611Z DEBUG aiur::gpu_trace: CPU trace: circuit lacks generated CUDA coverage circuit=46 rows=7
2026-09-17T00:54:01.170637Z DEBUG aiur::gpu_trace: CPU trace: circuit lacks generated CUDA coverage circuit=57 rows=22
2026-09-17T00:54:01.170645Z DEBUG aiur::gpu_trace: CPU trace: circuit lacks generated CUDA coverage circuit=15 rows=8
2026-09-17T00:54:01.170777Z DEBUG aiur::gpu_trace: CPU trace: circuit lacks generated CUDA coverage circuit=40 rows=8
2026-09-17T00:54:01.170823Z DEBUG aiur::gpu_trace: CPU trace: circuit lacks generated CUDA coverage circuit=2 rows=46
2026-09-17T00:54:01.170867Z DEBUG aiur::gpu_trace: CPU trace: circuit lacks generated CUDA coverage circuit=21 rows=227800
2026-09-17T00:54:01.170896Z DEBUG aiur::gpu_trace: CPU trace: circuit lacks generated CUDA coverage circuit=45 rows=1
2026-09-17T00:54:01.171024Z DEBUG aiur::gpu_trace: CPU trace: circuit lacks generated CUDA coverage circuit=48 rows=19
2026-09-17T00:54:01.171034Z DEBUG aiur::gpu_trace: CPU trace: circuit lacks generated CUDA coverage circuit=10 rows=141594
2026-09-17T00:54:01.171042Z DEBUG aiur::gpu_trace: CPU trace: circuit lacks generated CUDA coverage circuit=38 rows=39
2026-09-17T00:54:01.171056Z DEBUG aiur::gpu_trace: CPU trace: circuit lacks generated CUDA coverage circuit=16 rows=23
2026-09-17T00:54:01.171105Z DEBUG aiur::gpu_trace: CPU trace: circuit lacks generated CUDA coverage circuit=58 rows=57
2026-09-17T00:54:01.171110Z DEBUG aiur::gpu_trace: CPU trace: circuit lacks generated CUDA coverage circuit=41 rows=7
2026-09-17T00:54:01.171113Z DEBUG aiur::gpu_trace: CPU trace: circuit lacks generated CUDA coverage circuit=17 rows=8
2026-09-17T00:54:01.171122Z DEBUG aiur::gpu_trace: CPU trace: circuit lacks generated CUDA coverage circuit=7 rows=61674
2026-09-17T00:54:01.171132Z DEBUG aiur::gpu_trace: CPU trace: circuit lacks generated CUDA coverage circuit=39 rows=7
2026-09-17T00:54:01.171172Z DEBUG aiur::gpu_trace: CPU trace: circuit lacks generated CUDA coverage circuit=19 rows=21432
2026-09-17T00:54:01.171194Z DEBUG aiur::gpu_trace: CPU trace: circuit lacks generated CUDA coverage circuit=11 rows=73861
2026-09-17T00:54:01.171198Z DEBUG aiur/codegen_seeds{circuit=59 rows=33}: aiur::trace_codegen::cuda: prepared generated CUDA trace circuit=59 rows=33 width=26 seed_bytes=2904 seed_spans=1
2026-09-17T00:54:01.171263Z DEBUG aiur::gpu_trace: CPU trace: circuit lacks generated CUDA coverage circuit=23 rows=92470
2026-09-17T00:54:01.171260Z DEBUG aiur::gpu_trace: CPU trace: circuit lacks generated CUDA coverage circuit=8 rows=112124
2026-09-17T00:54:01.171268Z DEBUG aiur::gpu_trace: CPU trace: circuit lacks generated CUDA coverage circuit=60 rows=12
2026-09-17T00:54:01.171312Z DEBUG aiur::gpu_trace: CPU trace: circuit lacks generated CUDA coverage circuit=22 rows=40840
2026-09-17T00:54:01.171329Z DEBUG aiur::gpu_trace: CPU trace: circuit lacks generated CUDA coverage circuit=42 rows=8
2026-09-17T00:54:01.171339Z DEBUG aiur/codegen_seeds{circuit=49 rows=2}: aiur::trace_codegen::cuda: prepared generated CUDA trace circuit=49 rows=2 width=13 seed_bytes=80 seed_spans=1
2026-09-17T00:54:01.171466Z DEBUG aiur::gpu_trace: CPU trace: circuit lacks generated CUDA coverage circuit=61 rows=7
2026-09-17T00:54:01.171467Z DEBUG aiur::gpu_trace: CPU trace: circuit lacks generated CUDA coverage circuit=84 rows=214968
2026-09-17T00:54:01.171552Z DEBUG aiur::gpu_trace: CPU trace: circuit lacks generated CUDA coverage circuit=85 rows=8
2026-09-17T00:54:01.171552Z DEBUG aiur::gpu_trace: CPU trace: circuit lacks generated CUDA coverage circuit=86 rows=1098354
2026-09-17T00:54:01.171632Z DEBUG aiur::gpu_trace: CPU trace: circuit lacks generated CUDA coverage circuit=13 rows=51554
2026-09-17T00:54:01.171652Z DEBUG aiur::gpu_trace: CPU trace: circuit lacks generated CUDA coverage circuit=83 rows=1
2026-09-17T00:54:01.171662Z DEBUG aiur::gpu_trace: CPU trace: circuit lacks generated CUDA coverage circuit=24 rows=736
2026-09-17T00:54:01.171672Z DEBUG aiur::gpu_trace: CPU trace: circuit lacks generated CUDA coverage circuit=14 rows=7
2026-09-17T00:54:01.171760Z DEBUG aiur::gpu_trace: CPU trace: circuit lacks generated CUDA coverage circuit=34 rows=54300
2026-09-17T00:54:01.171775Z DEBUG aiur::gpu_trace: CPU trace: circuit lacks generated CUDA coverage circuit=87 rows=39148
2026-09-17T00:54:01.171791Z DEBUG aiur::gpu_trace: CPU trace: circuit lacks generated CUDA coverage circuit=35 rows=86742
2026-09-17T00:54:01.171908Z DEBUG aiur::gpu_trace: CPU trace: circuit lacks generated CUDA coverage circuit=36 rows=52828
2026-09-17T00:54:01.172199Z DEBUG aiur::gpu_trace: CPU trace: circuit lacks generated CUDA coverage circuit=33 rows=283295
2026-09-17T00:54:01.400642Z DEBUG aiur/codegen_seeds{circuit=20 rows=1048576}: aiur::trace_codegen::cuda: prepared generated CUDA trace circuit=20 rows=1048576 width=533 seed_bytes=184549376 seed_spans=16
2026-09-17T00:54:02.196320Z DEBUG aiur/codegen_seeds{circuit=20 rows=419208}: aiur::trace_codegen::cuda: prepared generated CUDA trace circuit=20 rows=419208 width=533 seed_bytes=73780608 seed_spans=7
2026-09-17T00:54:03.253236Z DEBUG aiur::gpu_trace: CPU trace: circuit lacks generated CUDA coverage circuit=26 rows=134773
2026-09-17T00:54:03.253258Z DEBUG aiur::gpu_trace: CPU trace: circuit lacks generated CUDA coverage circuit=56 rows=1
2026-09-17T00:54:03.253265Z DEBUG aiur::gpu_trace: CPU trace: circuit lacks generated CUDA coverage circuit=9 rows=1250460
2026-09-17T00:54:03.253269Z DEBUG aiur::gpu_trace: CPU trace: circuit lacks generated CUDA coverage circuit=3 rows=8513
2026-09-17T00:54:03.253456Z DEBUG aiur::gpu_trace: CPU trace: circuit lacks generated CUDA coverage circuit=32 rows=2222981
2026-09-17T00:54:03.253559Z DEBUG aiur::gpu_trace: CPU trace: circuit lacks generated CUDA coverage circuit=29 rows=1184771
2026-09-17T00:54:03.253572Z DEBUG aiur::gpu_trace: CPU trace: circuit lacks generated CUDA coverage circuit=44 rows=23
2026-09-17T00:54:03.254124Z DEBUG aiur::gpu_trace: CPU trace: circuit lacks generated CUDA coverage circuit=47 rows=666
2026-09-17T00:54:03.254170Z DEBUG aiur::gpu_trace: CPU trace: circuit lacks generated CUDA coverage circuit=5 rows=155680
2026-09-17T00:54:03.254194Z DEBUG aiur::gpu_trace: CPU trace: circuit lacks generated CUDA coverage circuit=65 rows=54
2026-09-17T00:54:03.526830Z DEBUG aiur/codegen_seeds{circuit=30 rows=154984}: aiur::trace_codegen::cuda: prepared generated CUDA trace circuit=30 rows=154984 width=234 seed_bytes=94230272 seed_spans=6
2026-09-17T00:54:03.550033Z DEBUG aiur/codegen_seeds{circuit=20 rows=1048576}: aiur::trace_codegen::cuda: prepared generated CUDA trace circuit=20 rows=1048576 width=533 seed_bytes=184549376 seed_spans=16
2026-09-17T00:54:03.550759Z DEBUG aiur::gpu_trace: CPU trace: circuit lacks generated CUDA coverage circuit=0 rows=283283
2026-09-17T00:54:03.550778Z DEBUG aiur::gpu_trace: CPU trace: circuit lacks generated CUDA coverage circuit=62 rows=8
2026-09-17T00:54:03.550781Z DEBUG aiur::gpu_trace: CPU trace: circuit lacks generated CUDA coverage circuit=53 rows=19
2026-09-17T00:54:03.550788Z DEBUG aiur::gpu_trace: CPU trace: circuit lacks generated CUDA coverage circuit=54 rows=90
2026-09-17T00:54:03.550800Z DEBUG aiur::gpu_trace: CPU trace: circuit lacks generated CUDA coverage circuit=57 rows=22
2026-09-17T00:54:03.550814Z DEBUG aiur::gpu_trace: CPU trace: circuit lacks generated CUDA coverage circuit=63 rows=8
2026-09-17T00:54:03.550820Z DEBUG aiur::gpu_trace: CPU trace: circuit lacks generated CUDA coverage circuit=50 rows=8
2026-09-17T00:54:03.550820Z DEBUG aiur::gpu_trace: CPU trace: circuit lacks generated CUDA coverage circuit=4 rows=49635
2026-09-17T00:54:03.550817Z DEBUG aiur::gpu_trace: CPU trace: circuit lacks generated CUDA coverage circuit=64 rows=1
2026-09-17T00:54:03.550817Z DEBUG aiur::gpu_trace: CPU trace: circuit lacks generated CUDA coverage circuit=8 rows=112124
2026-09-17T00:54:03.550817Z DEBUG aiur::gpu_trace: CPU trace: circuit lacks generated CUDA coverage circuit=66 rows=3
2026-09-17T00:54:03.550820Z DEBUG aiur::gpu_trace: CPU trace: circuit lacks generated CUDA coverage circuit=6 rows=90367
2026-09-17T00:54:03.550819Z DEBUG aiur::gpu_trace: CPU trace: circuit lacks generated CUDA coverage circuit=2 rows=46
2026-09-17T00:54:03.550821Z DEBUG aiur::gpu_trace: CPU trace: circuit lacks generated CUDA coverage circuit=12 rows=170291
2026-09-17T00:54:03.550822Z DEBUG aiur::gpu_trace: CPU trace: circuit lacks generated CUDA coverage circuit=25 rows=40840
2026-09-17T00:54:03.550822Z DEBUG aiur::gpu_trace: CPU trace: circuit lacks generated CUDA coverage circuit=60 rows=12
2026-09-17T00:54:03.550820Z DEBUG aiur::gpu_trace: CPU trace: circuit lacks generated CUDA coverage circuit=11 rows=73861
2026-09-17T00:54:03.550820Z DEBUG aiur::gpu_trace: CPU trace: circuit lacks generated CUDA coverage circuit=1 rows=7
2026-09-17T00:54:03.550819Z DEBUG aiur::gpu_trace: CPU trace: circuit lacks generated CUDA coverage circuit=10 rows=141594
2026-09-17T00:54:03.550818Z DEBUG aiur::gpu_trace: CPU trace: circuit lacks generated CUDA coverage circuit=7 rows=61674
2026-09-17T00:54:03.550821Z DEBUG aiur::gpu_trace: CPU trace: circuit lacks generated CUDA coverage circuit=55 rows=577
2026-09-17T00:54:03.550819Z DEBUG aiur::gpu_trace: CPU trace: circuit lacks generated CUDA coverage circuit=58 rows=57
2026-09-17T00:54:03.550913Z DEBUG aiur/codegen_seeds{circuit=59 rows=33}: aiur::trace_codegen::cuda: prepared generated CUDA trace circuit=59 rows=33 width=26 seed_bytes=2904 seed_spans=1
2026-09-17T00:54:03.551102Z DEBUG aiur::gpu_trace: CPU trace: circuit lacks generated CUDA coverage circuit=61 rows=7
2026-09-17T00:54:03.551224Z DEBUG aiur::gpu_trace: CPU trace: circuit lacks generated CUDA coverage circuit=18 rows=644486
2026-09-17T00:54:03.551226Z DEBUG aiur::gpu_trace: CPU trace: circuit lacks generated CUDA coverage circuit=21 rows=227800
2026-09-17T00:54:03.551270Z DEBUG aiur::gpu_trace: CPU trace: circuit lacks generated CUDA coverage circuit=84 rows=214968
2026-09-17T00:54:03.551339Z DEBUG aiur::gpu_trace: CPU trace: circuit lacks generated CUDA coverage circuit=51 rows=103
2026-09-17T00:54:03.551354Z DEBUG aiur::gpu_trace: CPU trace: circuit lacks generated CUDA coverage circuit=37 rows=54274
2026-09-17T00:54:03.551386Z DEBUG aiur::gpu_trace: CPU trace: circuit lacks generated CUDA coverage circuit=52 rows=23
2026-09-17T00:54:03.551384Z DEBUG aiur::gpu_trace: CPU trace: circuit lacks generated CUDA coverage circuit=86 rows=1098354
2026-09-17T00:54:03.551461Z DEBUG aiur::gpu_trace: CPU trace: circuit lacks generated CUDA coverage circuit=85 rows=8
2026-09-17T00:54:03.551472Z DEBUG aiur::gpu_trace: CPU trace: circuit lacks generated CUDA coverage circuit=43 rows=1
2026-09-17T00:54:03.551527Z DEBUG aiur::gpu_trace: CPU trace: circuit lacks generated CUDA coverage circuit=19 rows=21432
2026-09-17T00:54:03.551531Z DEBUG aiur::gpu_trace: CPU trace: circuit lacks generated CUDA coverage circuit=87 rows=39148
2026-09-17T00:54:03.551562Z DEBUG aiur::gpu_trace: CPU trace: circuit lacks generated CUDA coverage circuit=15 rows=8
2026-09-17T00:54:03.551714Z DEBUG aiur::gpu_trace: CPU trace: circuit lacks generated CUDA coverage circuit=46 rows=7
2026-09-17T00:54:03.551758Z DEBUG aiur::gpu_trace: CPU trace: circuit lacks generated CUDA coverage circuit=40 rows=8
2026-09-17T00:54:03.551760Z DEBUG aiur::gpu_trace: CPU trace: circuit lacks generated CUDA coverage circuit=83 rows=1
2026-09-17T00:54:03.551766Z DEBUG aiur::gpu_trace: CPU trace: circuit lacks generated CUDA coverage circuit=16 rows=23
2026-09-17T00:54:03.551898Z DEBUG aiur::gpu_trace: CPU trace: circuit lacks generated CUDA coverage circuit=41 rows=7
2026-09-17T00:54:03.551905Z DEBUG aiur::gpu_trace: CPU trace: circuit lacks generated CUDA coverage circuit=38 rows=39
2026-09-17T00:54:03.551966Z DEBUG aiur::gpu_trace: CPU trace: circuit lacks generated CUDA coverage circuit=39 rows=7
2026-09-17T00:54:03.551986Z DEBUG aiur::gpu_trace: CPU trace: circuit lacks generated CUDA coverage circuit=45 rows=1
2026-09-17T00:54:03.551988Z DEBUG aiur::gpu_trace: CPU trace: circuit lacks generated CUDA coverage circuit=17 rows=8
2026-09-17T00:54:03.552121Z DEBUG aiur::gpu_trace: CPU trace: circuit lacks generated CUDA coverage circuit=23 rows=92470
2026-09-17T00:54:03.552226Z DEBUG aiur::gpu_trace: CPU trace: circuit lacks generated CUDA coverage circuit=42 rows=8
2026-09-17T00:54:03.552243Z DEBUG aiur::gpu_trace: CPU trace: circuit lacks generated CUDA coverage circuit=48 rows=19
2026-09-17T00:54:03.552355Z DEBUG aiur/codegen_seeds{circuit=49 rows=2}: aiur::trace_codegen::cuda: prepared generated CUDA trace circuit=49 rows=2 width=13 seed_bytes=80 seed_spans=1
2026-09-17T00:54:03.552383Z DEBUG aiur::gpu_trace: CPU trace: circuit lacks generated CUDA coverage circuit=24 rows=736
2026-09-17T00:54:03.552413Z DEBUG aiur::gpu_trace: CPU trace: circuit lacks generated CUDA coverage circuit=31 rows=365003
2026-09-17T00:54:03.552517Z DEBUG aiur::gpu_trace: CPU trace: circuit lacks generated CUDA coverage circuit=34 rows=54300
2026-09-17T00:54:03.552522Z DEBUG aiur::gpu_trace: CPU trace: circuit lacks generated CUDA coverage circuit=35 rows=86742
2026-09-17T00:54:03.552559Z DEBUG aiur::gpu_trace: CPU trace: circuit lacks generated CUDA coverage circuit=13 rows=51554
2026-09-17T00:54:03.552583Z DEBUG aiur::gpu_trace: CPU trace: circuit lacks generated CUDA coverage circuit=22 rows=40840
2026-09-17T00:54:03.552612Z DEBUG aiur::gpu_trace: CPU trace: circuit lacks generated CUDA coverage circuit=33 rows=283295
2026-09-17T00:54:03.559446Z DEBUG aiur::gpu_trace: CPU trace: circuit lacks generated CUDA coverage circuit=14 rows=7
2026-09-17T00:54:03.561966Z DEBUG aiur::gpu_trace: CPU trace: circuit lacks generated CUDA coverage circuit=36 rows=52828
2026-09-17T00:54:03.618407Z DEBUG aiur::gpu_trace: CPU trace: circuit lacks generated CUDA coverage circuit=28 rows=236239
2026-09-17T00:54:03.638476Z DEBUG aiur::gpu_trace: CPU trace: circuit lacks generated CUDA coverage circuit=27 rows=242586
2026-09-17T00:54:03.771557Z DEBUG aiur/codegen_seeds{circuit=20 rows=1048576}: aiur::trace_codegen::cuda: prepared generated CUDA trace circuit=20 rows=1048576 width=533 seed_bytes=184549376 seed_spans=16
2026-09-17T00:54:06.131832Z DEBUG aiur/codegen_seeds{circuit=20 rows=419208}: aiur::trace_codegen::cuda: prepared generated CUDA trace circuit=20 rows=419208 width=533 seed_bytes=73780608 seed_spans=7
[aggregate] root wrap proven in 17.7s (query-record peak 65.4 GiB): 7 shard(s) verified into 3
[trace-shards] 2 shards, 1500000000 committed cells: record 2596471339 B in shared pool, host workspace 16024734011 B of 26088568116 B reserved per prover; regenerating round 2
2026-09-17T00:54:14.317395Z DEBUG aiur::gpu_trace: CPU trace: circuit lacks generated CUDA coverage circuit=0 rows=122767
2026-09-17T00:54:14.317404Z DEBUG aiur::gpu_trace: CPU trace: circuit lacks generated CUDA coverage circuit=6 rows=75487
2026-09-17T00:54:14.317415Z DEBUG aiur::gpu_trace: CPU trace: circuit lacks generated CUDA coverage circuit=9 rows=851972
2026-09-17T00:54:14.317408Z DEBUG aiur::gpu_trace: CPU trace: circuit lacks generated CUDA coverage circuit=50 rows=4
2026-09-17T00:54:14.317422Z DEBUG aiur::gpu_trace: CPU trace: circuit lacks generated CUDA coverage circuit=43 rows=1
2026-09-17T00:54:14.317424Z DEBUG aiur::gpu_trace: CPU trace: circuit lacks generated CUDA coverage circuit=28 rows=135128
2026-09-17T00:54:14.317427Z DEBUG aiur::gpu_trace: CPU trace: circuit lacks generated CUDA coverage circuit=18 rows=505054
2026-09-17T00:54:14.317427Z DEBUG aiur::gpu_trace: CPU trace: circuit lacks generated CUDA coverage circuit=10 rows=68901
2026-09-17T00:54:14.317427Z DEBUG aiur::gpu_trace: CPU trace: circuit lacks generated CUDA coverage circuit=25 rows=40840
2026-09-17T00:54:14.317425Z DEBUG aiur::gpu_trace: CPU trace: circuit lacks generated CUDA coverage circuit=4 rows=26056
2026-09-17T00:54:14.317426Z DEBUG aiur::gpu_trace: CPU trace: circuit lacks generated CUDA coverage circuit=5 rows=67940
2026-09-17T00:54:14.317426Z DEBUG aiur::gpu_trace: CPU trace: circuit lacks generated CUDA coverage circuit=51 rows=91
2026-09-17T00:54:14.317427Z DEBUG aiur::gpu_trace: CPU trace: circuit lacks generated CUDA coverage circuit=56 rows=1
2026-09-17T00:54:14.317429Z DEBUG aiur::gpu_trace: CPU trace: circuit lacks generated CUDA coverage circuit=34 rows=46700
2026-09-17T00:54:14.317431Z DEBUG aiur::gpu_trace: CPU trace: circuit lacks generated CUDA coverage circuit=65 rows=54
2026-09-17T00:54:14.317428Z DEBUG aiur::gpu_trace: CPU trace: circuit lacks generated CUDA coverage circuit=37 rows=44190
2026-09-17T00:54:14.317426Z DEBUG aiur::gpu_trace: CPU trace: circuit lacks generated CUDA coverage circuit=31 rows=163747
2026-09-17T00:54:14.317428Z DEBUG aiur::gpu_trace: CPU trace: circuit lacks generated CUDA coverage circuit=1 rows=7
2026-09-17T00:54:14.317422Z DEBUG aiur::gpu_trace: CPU trace: circuit lacks generated CUDA coverage circuit=32 rows=1309424
2026-09-17T00:54:14.317422Z DEBUG aiur::gpu_trace: CPU trace: circuit lacks generated CUDA coverage circuit=40 rows=4
2026-09-17T00:54:14.317429Z DEBUG aiur::gpu_trace: CPU trace: circuit lacks generated CUDA coverage circuit=21 rows=227800
2026-09-17T00:54:14.317425Z DEBUG aiur::gpu_trace: CPU trace: circuit lacks generated CUDA coverage circuit=53 rows=19
2026-09-17T00:54:14.317425Z DEBUG aiur::gpu_trace: CPU trace: circuit lacks generated CUDA coverage circuit=62 rows=4
2026-09-17T00:54:14.317425Z DEBUG aiur::gpu_trace: CPU trace: circuit lacks generated CUDA coverage circuit=46 rows=3
2026-09-17T00:54:14.317425Z DEBUG aiur::gpu_trace: CPU trace: circuit lacks generated CUDA coverage circuit=41 rows=3
2026-09-17T00:54:14.317425Z DEBUG aiur::gpu_trace: CPU trace: circuit lacks generated CUDA coverage circuit=44 rows=23
2026-09-17T00:54:14.317426Z DEBUG aiur::gpu_trace: CPU trace: circuit lacks generated CUDA coverage circuit=12 rows=73897
2026-09-17T00:54:14.317665Z DEBUG aiur::gpu_trace: CPU trace: circuit lacks generated CUDA coverage circuit=42 rows=4
2026-09-17T00:54:14.317842Z DEBUG aiur::gpu_trace: CPU trace: circuit lacks generated CUDA coverage circuit=27 rows=312644
2026-09-17T00:54:14.317878Z DEBUG aiur::gpu_trace: CPU trace: circuit lacks generated CUDA coverage circuit=8 rows=76644
2026-09-17T00:54:14.317880Z DEBUG aiur::gpu_trace: CPU trace: circuit lacks generated CUDA coverage circuit=54 rows=88
2026-09-17T00:54:14.317913Z DEBUG aiur::gpu_trace: CPU trace: circuit lacks generated CUDA coverage circuit=63 rows=4
2026-09-17T00:54:14.317911Z DEBUG aiur::gpu_trace: CPU trace: circuit lacks generated CUDA coverage circuit=2 rows=30
2026-09-17T00:54:14.317921Z DEBUG aiur::gpu_trace: CPU trace: circuit lacks generated CUDA coverage circuit=38 rows=31
2026-09-17T00:54:14.317939Z DEBUG aiur::gpu_trace: CPU trace: circuit lacks generated CUDA coverage circuit=66 rows=3
2026-09-17T00:54:14.317973Z DEBUG aiur::gpu_trace: CPU trace: circuit lacks generated CUDA coverage circuit=23 rows=92470
2026-09-17T00:54:14.317998Z DEBUG aiur::gpu_trace: CPU trace: circuit lacks generated CUDA coverage circuit=47 rows=384
2026-09-17T00:54:14.318108Z DEBUG aiur::gpu_trace: CPU trace: circuit lacks generated CUDA coverage circuit=64 rows=1
2026-09-17T00:54:14.318129Z DEBUG aiur::gpu_trace: CPU trace: circuit lacks generated CUDA coverage circuit=45 rows=1
2026-09-17T00:54:14.318131Z DEBUG aiur::gpu_trace: CPU trace: circuit lacks generated CUDA coverage circuit=29 rows=694798
2026-09-17T00:54:14.318202Z DEBUG aiur::gpu_trace: CPU trace: circuit lacks generated CUDA coverage circuit=57 rows=22
2026-09-17T00:54:14.318294Z DEBUG aiur::gpu_trace: CPU trace: circuit lacks generated CUDA coverage circuit=52 rows=23
2026-09-17T00:54:14.318390Z DEBUG aiur::gpu_trace: CPU trace: circuit lacks generated CUDA coverage circuit=39 rows=3
2026-09-17T00:54:14.318391Z DEBUG aiur::gpu_trace: CPU trace: circuit lacks generated CUDA coverage circuit=55 rows=297
2026-09-17T00:54:14.318532Z DEBUG aiur::gpu_trace: CPU trace: circuit lacks generated CUDA coverage circuit=58 rows=57
2026-09-17T00:54:14.318539Z DEBUG aiur::gpu_trace: CPU trace: circuit lacks generated CUDA coverage circuit=48 rows=19
2026-09-17T00:54:14.318617Z DEBUG aiur::gpu_trace: CPU trace: circuit lacks generated CUDA coverage circuit=15 rows=4
2026-09-17T00:54:14.318679Z DEBUG aiur::gpu_trace: CPU trace: circuit lacks generated CUDA coverage circuit=33 rows=338351
2026-09-17T00:54:14.318729Z DEBUG aiur::gpu_trace: CPU trace: circuit lacks generated CUDA coverage circuit=19 rows=16310
2026-09-17T00:54:14.318810Z DEBUG aiur/codegen_seeds{circuit=49 rows=2}: aiur::trace_codegen::cuda: prepared generated CUDA trace circuit=49 rows=2 width=13 seed_bytes=80 seed_spans=1
2026-09-17T00:54:14.318830Z DEBUG aiur::gpu_trace: CPU trace: circuit lacks generated CUDA coverage circuit=16 rows=23
2026-09-17T00:54:14.318876Z DEBUG aiur::gpu_trace: CPU trace: circuit lacks generated CUDA coverage circuit=24 rows=324
2026-09-17T00:54:14.318916Z DEBUG aiur::gpu_trace: CPU trace: circuit lacks generated CUDA coverage circuit=11 rows=42475
2026-09-17T00:54:14.318943Z DEBUG aiur/codegen_seeds{circuit=59 rows=33}: aiur::trace_codegen::cuda: prepared generated CUDA trace circuit=59 rows=33 width=26 seed_bytes=2904 seed_spans=1
2026-09-17T00:54:14.318982Z DEBUG aiur::gpu_trace: CPU trace: circuit lacks generated CUDA coverage circuit=60 rows=12
2026-09-17T00:54:14.319001Z DEBUG aiur::gpu_trace: CPU trace: circuit lacks generated CUDA coverage circuit=35 rows=72110
2026-09-17T00:54:14.319011Z DEBUG aiur::gpu_trace: CPU trace: circuit lacks generated CUDA coverage circuit=17 rows=4
2026-09-17T00:54:14.319159Z DEBUG aiur::gpu_trace: CPU trace: circuit lacks generated CUDA coverage circuit=22 rows=40840
2026-09-17T00:54:14.319211Z DEBUG aiur::gpu_trace: CPU trace: circuit lacks generated CUDA coverage circuit=83 rows=1
2026-09-17T00:54:14.319344Z DEBUG aiur::gpu_trace: CPU trace: circuit lacks generated CUDA coverage circuit=84 rows=128499
2026-09-17T00:54:14.320103Z DEBUG aiur::gpu_trace: CPU trace: circuit lacks generated CUDA coverage circuit=61 rows=3
2026-09-17T00:54:14.323422Z DEBUG aiur::gpu_trace: CPU trace: circuit lacks generated CUDA coverage circuit=36 rows=35044
2026-09-17T00:54:14.323680Z DEBUG aiur::gpu_trace: CPU trace: circuit lacks generated CUDA coverage circuit=14 rows=3
2026-09-17T00:54:14.363335Z DEBUG aiur::gpu_trace: CPU trace: circuit lacks generated CUDA coverage circuit=86 rows=644520
2026-09-17T00:54:14.388944Z DEBUG aiur::gpu_trace: CPU trace: circuit lacks generated CUDA coverage circuit=85 rows=4
2026-09-17T00:54:14.607047Z DEBUG aiur/codegen_seeds{circuit=30 rows=89191}: aiur::trace_codegen::cuda: prepared generated CUDA trace circuit=30 rows=89191 width=234 seed_bytes=54228128 seed_spans=4
2026-09-17T00:54:14.633624Z DEBUG aiur/codegen_seeds{circuit=20 rows=1048576}: aiur::trace_codegen::cuda: prepared generated CUDA trace circuit=20 rows=1048576 width=533 seed_bytes=184549376 seed_spans=16
2026-09-17T00:54:14.636926Z DEBUG aiur::gpu_trace: CPU trace: circuit lacks generated CUDA coverage circuit=7 rows=27238
2026-09-17T00:54:14.636928Z DEBUG aiur::gpu_trace: CPU trace: circuit lacks generated CUDA coverage circuit=13 rows=45550
2026-09-17T00:54:14.636931Z DEBUG aiur::gpu_trace: CPU trace: circuit lacks generated CUDA coverage circuit=3 rows=4977
2026-09-17T00:54:14.637409Z DEBUG aiur::gpu_trace: CPU trace: circuit lacks generated CUDA coverage circuit=87 rows=39148
2026-09-17T00:54:14.638234Z DEBUG aiur::gpu_trace: CPU trace: circuit lacks generated CUDA coverage circuit=26 rows=63056
2026-09-17T00:54:14.654638Z DEBUG aiur/codegen_seeds{circuit=20 rows=254728}: aiur::trace_codegen::cuda: prepared generated CUDA trace circuit=20 rows=254728 width=533 seed_bytes=44832128 seed_spans=4
2026-09-17T00:54:15.667455Z DEBUG aiur::gpu_trace: CPU trace: circuit lacks generated CUDA coverage circuit=0 rows=122767
2026-09-17T00:54:15.667469Z DEBUG aiur::gpu_trace: CPU trace: circuit lacks generated CUDA coverage circuit=25 rows=40840
2026-09-17T00:54:15.667473Z DEBUG aiur::gpu_trace: CPU trace: circuit lacks generated CUDA coverage circuit=12 rows=73897
2026-09-17T00:54:15.667479Z DEBUG aiur::gpu_trace: CPU trace: circuit lacks generated CUDA coverage circuit=28 rows=135128
2026-09-17T00:54:15.667484Z DEBUG aiur::gpu_trace: CPU trace: circuit lacks generated CUDA coverage circuit=29 rows=694798
2026-09-17T00:54:15.667496Z DEBUG aiur::gpu_trace: CPU trace: circuit lacks generated CUDA coverage circuit=37 rows=44190
2026-09-17T00:54:15.667499Z DEBUG aiur::gpu_trace: CPU trace: circuit lacks generated CUDA coverage circuit=43 rows=1
2026-09-17T00:54:15.667500Z DEBUG aiur::gpu_trace: CPU trace: circuit lacks generated CUDA coverage circuit=46 rows=3
2026-09-17T00:54:15.667503Z DEBUG aiur::gpu_trace: CPU trace: circuit lacks generated CUDA coverage circuit=21 rows=227800
2026-09-17T00:54:15.667501Z DEBUG aiur::gpu_trace: CPU trace: circuit lacks generated CUDA coverage circuit=62 rows=4
2026-09-17T00:54:15.667504Z DEBUG aiur::gpu_trace: CPU trace: circuit lacks generated CUDA coverage circuit=31 rows=163747
2026-09-17T00:54:15.667506Z DEBUG aiur::gpu_trace: CPU trace: circuit lacks generated CUDA coverage circuit=19 rows=16310
2026-09-17T00:54:15.667507Z DEBUG aiur::gpu_trace: CPU trace: circuit lacks generated CUDA coverage circuit=18 rows=505054
2026-09-17T00:54:15.667503Z DEBUG aiur::gpu_trace: CPU trace: circuit lacks generated CUDA coverage circuit=40 rows=4
2026-09-17T00:54:15.667506Z DEBUG aiur::gpu_trace: CPU trace: circuit lacks generated CUDA coverage circuit=38 rows=31
2026-09-17T00:54:15.667507Z DEBUG aiur::gpu_trace: CPU trace: circuit lacks generated CUDA coverage circuit=14 rows=3
2026-09-17T00:54:15.667508Z DEBUG aiur::gpu_trace: CPU trace: circuit lacks generated CUDA coverage circuit=56 rows=1
2026-09-17T00:54:15.667505Z DEBUG aiur::gpu_trace: CPU trace: circuit lacks generated CUDA coverage circuit=15 rows=4
2026-09-17T00:54:15.667502Z DEBUG aiur::gpu_trace: CPU trace: circuit lacks generated CUDA coverage circuit=6 rows=75487
2026-09-17T00:54:15.667512Z DEBUG aiur::gpu_trace: CPU trace: circuit lacks generated CUDA coverage circuit=1 rows=7
2026-09-17T00:54:15.667511Z DEBUG aiur::gpu_trace: CPU trace: circuit lacks generated CUDA coverage circuit=4 rows=26056
2026-09-17T00:54:15.667511Z DEBUG aiur::gpu_trace: CPU trace: circuit lacks generated CUDA coverage circuit=50 rows=4
2026-09-17T00:54:15.667504Z DEBUG aiur::gpu_trace: CPU trace: circuit lacks generated CUDA coverage circuit=9 rows=851972
2026-09-17T00:54:15.667680Z DEBUG aiur::gpu_trace: CPU trace: circuit lacks generated CUDA coverage circuit=39 rows=3
2026-09-17T00:54:15.667723Z DEBUG aiur::gpu_trace: CPU trace: circuit lacks generated CUDA coverage circuit=44 rows=23
2026-09-17T00:54:15.667764Z DEBUG aiur::gpu_trace: CPU trace: circuit lacks generated CUDA coverage circuit=57 rows=22
2026-09-17T00:54:15.667800Z DEBUG aiur::gpu_trace: CPU trace: circuit lacks generated CUDA coverage circuit=63 rows=4
2026-09-17T00:54:15.667918Z DEBUG aiur::gpu_trace: CPU trace: circuit lacks generated CUDA coverage circuit=65 rows=54
2026-09-17T00:54:15.667925Z DEBUG aiur::gpu_trace: CPU trace: circuit lacks generated CUDA coverage circuit=47 rows=384
2026-09-17T00:54:15.667955Z DEBUG aiur::gpu_trace: CPU trace: circuit lacks generated CUDA coverage circuit=41 rows=3
2026-09-17T00:54:15.667970Z DEBUG aiur::gpu_trace: CPU trace: circuit lacks generated CUDA coverage circuit=27 rows=312644
2026-09-17T00:54:15.668008Z DEBUG aiur::gpu_trace: CPU trace: circuit lacks generated CUDA coverage circuit=16 rows=23
2026-09-17T00:54:15.668064Z DEBUG aiur::gpu_trace: CPU trace: circuit lacks generated CUDA coverage circuit=51 rows=91
2026-09-17T00:54:15.668067Z DEBUG aiur::gpu_trace: CPU trace: circuit lacks generated CUDA coverage circuit=34 rows=46700
2026-09-17T00:54:15.668116Z DEBUG aiur::gpu_trace: CPU trace: circuit lacks generated CUDA coverage circuit=8 rows=76644
2026-09-17T00:54:15.668194Z DEBUG aiur::gpu_trace: CPU trace: circuit lacks generated CUDA coverage circuit=64 rows=1
2026-09-17T00:54:15.668218Z DEBUG aiur::gpu_trace: CPU trace: circuit lacks generated CUDA coverage circuit=2 rows=30
2026-09-17T00:54:15.668232Z DEBUG aiur::gpu_trace: CPU trace: circuit lacks generated CUDA coverage circuit=17 rows=4
2026-09-17T00:54:15.668246Z DEBUG aiur::gpu_trace: CPU trace: circuit lacks generated CUDA coverage circuit=52 rows=23
2026-09-17T00:54:15.668286Z DEBUG aiur::gpu_trace: CPU trace: circuit lacks generated CUDA coverage circuit=84 rows=128499
2026-09-17T00:54:15.668308Z DEBUG aiur::gpu_trace: CPU trace: circuit lacks generated CUDA coverage circuit=83 rows=1
2026-09-17T00:54:15.668353Z DEBUG aiur::gpu_trace: CPU trace: circuit lacks generated CUDA coverage circuit=58 rows=57
2026-09-17T00:54:15.668392Z DEBUG aiur::gpu_trace: CPU trace: circuit lacks generated CUDA coverage circuit=45 rows=1
2026-09-17T00:54:15.668458Z DEBUG aiur/codegen_seeds{circuit=59 rows=33}: aiur::trace_codegen::cuda: prepared generated CUDA trace circuit=59 rows=33 width=26 seed_bytes=2904 seed_spans=1
2026-09-17T00:54:15.668467Z DEBUG aiur::gpu_trace: CPU trace: circuit lacks generated CUDA coverage circuit=60 rows=12
2026-09-17T00:54:15.668462Z DEBUG aiur::gpu_trace: CPU trace: circuit lacks generated CUDA coverage circuit=48 rows=19
2026-09-17T00:54:15.668511Z DEBUG aiur::gpu_trace: CPU trace: circuit lacks generated CUDA coverage circuit=42 rows=4
2026-09-17T00:54:15.668515Z DEBUG aiur::gpu_trace: CPU trace: circuit lacks generated CUDA coverage circuit=66 rows=3
2026-09-17T00:54:15.668598Z DEBUG aiur::gpu_trace: CPU trace: circuit lacks generated CUDA coverage circuit=32 rows=1309424
2026-09-17T00:54:15.668598Z DEBUG aiur::gpu_trace: CPU trace: circuit lacks generated CUDA coverage circuit=10 rows=68901
2026-09-17T00:54:15.668636Z DEBUG aiur::gpu_trace: CPU trace: circuit lacks generated CUDA coverage circuit=61 rows=3
2026-09-17T00:54:15.668663Z DEBUG aiur::gpu_trace: CPU trace: circuit lacks generated CUDA coverage circuit=11 rows=42475
2026-09-17T00:54:15.668727Z DEBUG aiur::gpu_trace: CPU trace: circuit lacks generated CUDA coverage circuit=53 rows=19
2026-09-17T00:54:15.668787Z DEBUG aiur::gpu_trace: CPU trace: circuit lacks generated CUDA coverage circuit=33 rows=338351
2026-09-17T00:54:15.668805Z DEBUG aiur::gpu_trace: CPU trace: circuit lacks generated CUDA coverage circuit=86 rows=644520
2026-09-17T00:54:15.668809Z DEBUG aiur::gpu_trace: CPU trace: circuit lacks generated CUDA coverage circuit=54 rows=88
2026-09-17T00:54:15.668871Z DEBUG aiur::gpu_trace: CPU trace: circuit lacks generated CUDA coverage circuit=55 rows=297
2026-09-17T00:54:15.668888Z DEBUG aiur/codegen_seeds{circuit=49 rows=2}: aiur::trace_codegen::cuda: prepared generated CUDA trace circuit=49 rows=2 width=13 seed_bytes=80 seed_spans=1
2026-09-17T00:54:15.668951Z DEBUG aiur::gpu_trace: CPU trace: circuit lacks generated CUDA coverage circuit=5 rows=67940
2026-09-17T00:54:15.668999Z DEBUG aiur::gpu_trace: CPU trace: circuit lacks generated CUDA coverage circuit=35 rows=72110
2026-09-17T00:54:15.724308Z DEBUG aiur::gpu_trace: CPU trace: circuit lacks generated CUDA coverage circuit=85 rows=4
2026-09-17T00:54:15.724381Z DEBUG aiur::gpu_trace: CPU trace: circuit lacks generated CUDA coverage circuit=23 rows=92470
2026-09-17T00:54:15.726215Z DEBUG aiur::gpu_trace: CPU trace: circuit lacks generated CUDA coverage circuit=22 rows=40840
2026-09-17T00:54:15.729331Z DEBUG aiur::gpu_trace: CPU trace: circuit lacks generated CUDA coverage circuit=24 rows=324
2026-09-17T00:54:15.734158Z DEBUG aiur::gpu_trace: CPU trace: circuit lacks generated CUDA coverage circuit=36 rows=35044
2026-09-17T00:54:15.947036Z DEBUG aiur/codegen_seeds{circuit=30 rows=89191}: aiur::trace_codegen::cuda: prepared generated CUDA trace circuit=30 rows=89191 width=234 seed_bytes=54228128 seed_spans=4
2026-09-17T00:54:15.972816Z DEBUG aiur/codegen_seeds{circuit=20 rows=1048576}: aiur::trace_codegen::cuda: prepared generated CUDA trace circuit=20 rows=1048576 width=533 seed_bytes=184549376 seed_spans=16
2026-09-17T00:54:15.973928Z DEBUG aiur::gpu_trace: CPU trace: circuit lacks generated CUDA coverage circuit=3 rows=4977
2026-09-17T00:54:15.973971Z DEBUG aiur::gpu_trace: CPU trace: circuit lacks generated CUDA coverage circuit=13 rows=45550
2026-09-17T00:54:15.973968Z DEBUG aiur::gpu_trace: CPU trace: circuit lacks generated CUDA coverage circuit=7 rows=27238
2026-09-17T00:54:15.974485Z DEBUG aiur::gpu_trace: CPU trace: circuit lacks generated CUDA coverage circuit=26 rows=63056
2026-09-17T00:54:15.975320Z DEBUG aiur::gpu_trace: CPU trace: circuit lacks generated CUDA coverage circuit=87 rows=39148
2026-09-17T00:54:15.992913Z DEBUG aiur/codegen_seeds{circuit=20 rows=254728}: aiur::trace_codegen::cuda: prepared generated CUDA trace circuit=20 rows=254728 width=533 seed_bytes=44832128 seed_spans=4
[aggregate] root wrap proven in 9.6s (query-record peak 62.0 GiB): 3 shard(s) verified into 2
[trace-shards] 1 shards, 1500000000 committed cells: record 2027193520 B in shared pool, host workspace 15541336473 B of 26088568116 B reserved per prover; regenerating round 2
2026-09-17T00:54:23.017504Z DEBUG aiur::gpu_trace: CPU trace: circuit lacks generated CUDA coverage circuit=0 rows=78545
2026-09-17T00:54:23.017513Z DEBUG aiur::gpu_trace: CPU trace: circuit lacks generated CUDA coverage circuit=3 rows=3859
2026-09-17T00:54:23.017521Z DEBUG aiur::gpu_trace: CPU trace: circuit lacks generated CUDA coverage circuit=26 rows=41324
2026-09-17T00:54:23.017525Z DEBUG aiur::gpu_trace: CPU trace: circuit lacks generated CUDA coverage circuit=1 rows=7
2026-09-17T00:54:23.017538Z DEBUG aiur::gpu_trace: CPU trace: circuit lacks generated CUDA coverage circuit=12 rows=44886
2026-09-17T00:54:23.017545Z DEBUG aiur::gpu_trace: CPU trace: circuit lacks generated CUDA coverage circuit=35 rows=68452
2026-09-17T00:54:23.017545Z DEBUG aiur::gpu_trace: CPU trace: circuit lacks generated CUDA coverage circuit=28 rows=105369
2026-09-17T00:54:23.017546Z DEBUG aiur::gpu_trace: CPU trace: circuit lacks generated CUDA coverage circuit=34 rows=44800
2026-09-17T00:54:23.017527Z DEBUG aiur::gpu_trace: CPU trace: circuit lacks generated CUDA coverage circuit=7 rows=17866
2026-09-17T00:54:23.017552Z DEBUG aiur::gpu_trace: CPU trace: circuit lacks generated CUDA coverage circuit=36 rows=30567
2026-09-17T00:54:23.017556Z DEBUG aiur::gpu_trace: CPU trace: circuit lacks generated CUDA coverage circuit=37 rows=41669
2026-09-17T00:54:23.017549Z DEBUG aiur::gpu_trace: CPU trace: circuit lacks generated CUDA coverage circuit=29 rows=573228
2026-09-17T00:54:23.017556Z DEBUG aiur::gpu_trace: CPU trace: circuit lacks generated CUDA coverage circuit=53 rows=19
2026-09-17T00:54:23.017553Z DEBUG aiur::gpu_trace: CPU trace: circuit lacks generated CUDA coverage circuit=50 rows=3
2026-09-17T00:54:23.017554Z DEBUG aiur::gpu_trace: CPU trace: circuit lacks generated CUDA coverage circuit=27 rows=329635
2026-09-17T00:54:23.017558Z DEBUG aiur::gpu_trace: CPU trace: circuit lacks generated CUDA coverage circuit=8 rows=67122
2026-09-17T00:54:23.017557Z DEBUG aiur::gpu_trace: CPU trace: circuit lacks generated CUDA coverage circuit=4 rows=19986
2026-09-17T00:54:23.017556Z DEBUG aiur::gpu_trace: CPU trace: circuit lacks generated CUDA coverage circuit=9 rows=752348
2026-09-17T00:54:23.017556Z DEBUG aiur::gpu_trace: CPU trace: circuit lacks generated CUDA coverage circuit=62 rows=3
2026-09-17T00:54:23.017558Z DEBUG aiur::gpu_trace: CPU trace: circuit lacks generated CUDA coverage circuit=56 rows=1
2026-09-17T00:54:23.017558Z DEBUG aiur::gpu_trace: CPU trace: circuit lacks generated CUDA coverage circuit=25 rows=40840
2026-09-17T00:54:23.017556Z DEBUG aiur::gpu_trace: CPU trace: circuit lacks generated CUDA coverage circuit=31 rows=103021
2026-09-17T00:54:23.017556Z DEBUG aiur::gpu_trace: CPU trace: circuit lacks generated CUDA coverage circuit=13 rows=44049
2026-09-17T00:54:23.017549Z DEBUG aiur::gpu_trace: CPU trace: circuit lacks generated CUDA coverage circuit=2 rows=26
2026-09-17T00:54:23.017558Z DEBUG aiur::gpu_trace: CPU trace: circuit lacks generated CUDA coverage circuit=32 rows=1088765
2026-09-17T00:54:23.017558Z DEBUG aiur::gpu_trace: CPU trace: circuit lacks generated CUDA coverage circuit=15 rows=3
2026-09-17T00:54:23.017554Z DEBUG aiur::gpu_trace: CPU trace: circuit lacks generated CUDA coverage circuit=6 rows=71561
2026-09-17T00:54:23.017555Z DEBUG aiur::gpu_trace: CPU trace: circuit lacks generated CUDA coverage circuit=65 rows=54
2026-09-17T00:54:23.017558Z DEBUG aiur::gpu_trace: CPU trace: circuit lacks generated CUDA coverage circuit=18 rows=470050
2026-09-17T00:54:23.017920Z DEBUG aiur::gpu_trace: CPU trace: circuit lacks generated CUDA coverage circuit=54 rows=87
2026-09-17T00:54:23.017980Z DEBUG aiur::gpu_trace: CPU trace: circuit lacks generated CUDA coverage circuit=51 rows=88
2026-09-17T00:54:23.018061Z DEBUG aiur::gpu_trace: CPU trace: circuit lacks generated CUDA coverage circuit=16 rows=23
2026-09-17T00:54:23.018066Z DEBUG aiur::gpu_trace: CPU trace: circuit lacks generated CUDA coverage circuit=63 rows=3
2026-09-17T00:54:23.018108Z DEBUG aiur::gpu_trace: CPU trace: circuit lacks generated CUDA coverage circuit=66 rows=3
2026-09-17T00:54:23.018178Z DEBUG aiur::gpu_trace: CPU trace: circuit lacks generated CUDA coverage circuit=57 rows=22
2026-09-17T00:54:23.018216Z DEBUG aiur::gpu_trace: CPU trace: circuit lacks generated CUDA coverage circuit=55 rows=201
2026-09-17T00:54:23.018242Z DEBUG aiur::gpu_trace: CPU trace: circuit lacks generated CUDA coverage circuit=52 rows=23
2026-09-17T00:54:23.018407Z DEBUG aiur::gpu_trace: CPU trace: circuit lacks generated CUDA coverage circuit=17 rows=3
2026-09-17T00:54:23.018422Z DEBUG aiur::gpu_trace: CPU trace: circuit lacks generated CUDA coverage circuit=64 rows=1
2026-09-17T00:54:23.018514Z DEBUG aiur::gpu_trace: CPU trace: circuit lacks generated CUDA coverage circuit=58 rows=57
2026-09-17T00:54:23.018566Z DEBUG aiur::gpu_trace: CPU trace: circuit lacks generated CUDA coverage circuit=21 rows=227800
2026-09-17T00:54:23.018664Z DEBUG aiur::gpu_trace: CPU trace: circuit lacks generated CUDA coverage circuit=43 rows=1
2026-09-17T00:54:23.018681Z DEBUG aiur::gpu_trace: CPU trace: circuit lacks generated CUDA coverage circuit=84 rows=103959
2026-09-17T00:54:23.018743Z DEBUG aiur::gpu_trace: CPU trace: circuit lacks generated CUDA coverage circuit=46 rows=2
2026-09-17T00:54:23.018789Z DEBUG aiur::gpu_trace: CPU trace: circuit lacks generated CUDA coverage circuit=44 rows=23
2026-09-17T00:54:23.018787Z DEBUG aiur::gpu_trace: CPU trace: circuit lacks generated CUDA coverage circuit=83 rows=1
2026-09-17T00:54:23.018799Z DEBUG aiur::gpu_trace: CPU trace: circuit lacks generated CUDA coverage circuit=10 rows=46291
2026-09-17T00:54:23.018890Z DEBUG aiur/codegen_seeds{circuit=59 rows=33}: aiur::trace_codegen::cuda: prepared generated CUDA trace circuit=59 rows=33 width=26 seed_bytes=2904 seed_spans=1
2026-09-17T00:54:23.018907Z DEBUG aiur::gpu_trace: CPU trace: circuit lacks generated CUDA coverage circuit=60 rows=12
2026-09-17T00:54:23.018926Z DEBUG aiur::gpu_trace: CPU trace: circuit lacks generated CUDA coverage circuit=86 rows=534835
2026-09-17T00:54:23.018932Z DEBUG aiur::gpu_trace: CPU trace: circuit lacks generated CUDA coverage circuit=47 rows=287
2026-09-17T00:54:23.018991Z DEBUG aiur::gpu_trace: CPU trace: circuit lacks generated CUDA coverage circuit=45 rows=1
2026-09-17T00:54:23.019078Z DEBUG aiur::gpu_trace: CPU trace: circuit lacks generated CUDA coverage circuit=33 rows=353988
2026-09-17T00:54:23.019104Z DEBUG aiur::gpu_trace: CPU trace: circuit lacks generated CUDA coverage circuit=61 rows=2
2026-09-17T00:54:23.019257Z DEBUG aiur::gpu_trace: CPU trace: circuit lacks generated CUDA coverage circuit=48 rows=19
2026-09-17T00:54:23.019360Z DEBUG aiur/codegen_seeds{circuit=49 rows=2}: aiur::trace_codegen::cuda: prepared generated CUDA trace circuit=49 rows=2 width=13 seed_bytes=80 seed_spans=1
2026-09-17T00:54:23.022363Z DEBUG aiur::gpu_trace: CPU trace: circuit lacks generated CUDA coverage circuit=87 rows=39148
2026-09-17T00:54:23.022528Z DEBUG aiur::gpu_trace: CPU trace: circuit lacks generated CUDA coverage circuit=40 rows=3
2026-09-17T00:54:23.022621Z DEBUG aiur::gpu_trace: CPU trace: circuit lacks generated CUDA coverage circuit=41 rows=2
2026-09-17T00:54:23.022697Z DEBUG aiur::gpu_trace: CPU trace: circuit lacks generated CUDA coverage circuit=42 rows=3
2026-09-17T00:54:23.022765Z DEBUG aiur::gpu_trace: CPU trace: circuit lacks generated CUDA coverage circuit=38 rows=29
2026-09-17T00:54:23.022927Z DEBUG aiur::gpu_trace: CPU trace: circuit lacks generated CUDA coverage circuit=39 rows=2
2026-09-17T00:54:23.046179Z DEBUG aiur::gpu_trace: CPU trace: circuit lacks generated CUDA coverage circuit=23 rows=92470
2026-09-17T00:54:23.058641Z DEBUG aiur::gpu_trace: CPU trace: circuit lacks generated CUDA coverage circuit=22 rows=40840
2026-09-17T00:54:23.060126Z DEBUG aiur::gpu_trace: CPU trace: circuit lacks generated CUDA coverage circuit=14 rows=2
2026-09-17T00:54:23.067480Z DEBUG aiur::gpu_trace: CPU trace: circuit lacks generated CUDA coverage circuit=11 rows=34300
2026-09-17T00:54:23.077816Z DEBUG aiur::gpu_trace: CPU trace: circuit lacks generated CUDA coverage circuit=85 rows=3
2026-09-17T00:54:23.077865Z DEBUG aiur::gpu_trace: CPU trace: circuit lacks generated CUDA coverage circuit=24 rows=221
2026-09-17T00:54:23.081514Z DEBUG aiur::gpu_trace: CPU trace: circuit lacks generated CUDA coverage circuit=5 rows=41236
2026-09-17T00:54:23.120556Z DEBUG aiur::gpu_trace: CPU trace: circuit lacks generated CUDA coverage circuit=19 rows=15015
2026-09-17T00:54:23.270333Z DEBUG aiur/codegen_seeds{circuit=30 rows=73058}: aiur::trace_codegen::cuda: prepared generated CUDA trace circuit=30 rows=73058 width=234 seed_bytes=44419264 seed_spans=3
2026-09-17T00:54:23.292415Z DEBUG aiur/codegen_seeds{circuit=20 rows=969184}: aiur::trace_codegen::cuda: prepared generated CUDA trace circuit=20 rows=969184 width=533 seed_bytes=170576384 seed_spans=15
2026-09-17T00:54:24.164829Z DEBUG aiur::gpu_trace: CPU trace: circuit lacks generated CUDA coverage circuit=0 rows=78545
2026-09-17T00:54:24.164853Z DEBUG aiur::gpu_trace: CPU trace: circuit lacks generated CUDA coverage circuit=6 rows=71561
2026-09-17T00:54:24.164860Z DEBUG aiur::gpu_trace: CPU trace: circuit lacks generated CUDA coverage circuit=8 rows=67122
2026-09-17T00:54:24.164865Z DEBUG aiur::gpu_trace: CPU trace: circuit lacks generated CUDA coverage circuit=15 rows=3
2026-09-17T00:54:24.164855Z DEBUG aiur::gpu_trace: CPU trace: circuit lacks generated CUDA coverage circuit=7 rows=17866
2026-09-17T00:54:24.164872Z DEBUG aiur::gpu_trace: CPU trace: circuit lacks generated CUDA coverage circuit=16 rows=23
2026-09-17T00:54:24.164874Z DEBUG aiur::gpu_trace: CPU trace: circuit lacks generated CUDA coverage circuit=18 rows=470050
2026-09-17T00:54:24.164873Z DEBUG aiur::gpu_trace: CPU trace: circuit lacks generated CUDA coverage circuit=1 rows=7
2026-09-17T00:54:24.164874Z DEBUG aiur::gpu_trace: CPU trace: circuit lacks generated CUDA coverage circuit=53 rows=19
2026-09-17T00:54:24.164877Z DEBUG aiur::gpu_trace: CPU trace: circuit lacks generated CUDA coverage circuit=52 rows=23
2026-09-17T00:54:24.164869Z DEBUG aiur::gpu_trace: CPU trace: circuit lacks generated CUDA coverage circuit=3 rows=3859
2026-09-17T00:54:24.164876Z DEBUG aiur::gpu_trace: CPU trace: circuit lacks generated CUDA coverage circuit=27 rows=329635
2026-09-17T00:54:24.164873Z DEBUG aiur::gpu_trace: CPU trace: circuit lacks generated CUDA coverage circuit=50 rows=3
2026-09-17T00:54:24.164874Z DEBUG aiur::gpu_trace: CPU trace: circuit lacks generated CUDA coverage circuit=17 rows=3
2026-09-17T00:54:24.164874Z DEBUG aiur::gpu_trace: CPU trace: circuit lacks generated CUDA coverage circuit=28 rows=105369
2026-09-17T00:54:24.164874Z DEBUG aiur::gpu_trace: CPU trace: circuit lacks generated CUDA coverage circuit=51 rows=88
2026-09-17T00:54:24.164874Z DEBUG aiur::gpu_trace: CPU trace: circuit lacks generated CUDA coverage circuit=29 rows=573228
2026-09-17T00:54:24.164875Z DEBUG aiur::gpu_trace: CPU trace: circuit lacks generated CUDA coverage circuit=19 rows=15015
2026-09-17T00:54:24.164874Z DEBUG aiur::gpu_trace: CPU trace: circuit lacks generated CUDA coverage circuit=56 rows=1
2026-09-17T00:54:24.164874Z DEBUG aiur::gpu_trace: CPU trace: circuit lacks generated CUDA coverage circuit=26 rows=41324
2026-09-17T00:54:24.164874Z DEBUG aiur::gpu_trace: CPU trace: circuit lacks generated CUDA coverage circuit=62 rows=3
2026-09-17T00:54:24.164876Z DEBUG aiur::gpu_trace: CPU trace: circuit lacks generated CUDA coverage circuit=54 rows=87
2026-09-17T00:54:24.164875Z DEBUG aiur::gpu_trace: CPU trace: circuit lacks generated CUDA coverage circuit=21 rows=227800
2026-09-17T00:54:24.164867Z DEBUG aiur::gpu_trace: CPU trace: circuit lacks generated CUDA coverage circuit=25 rows=40840
2026-09-17T00:54:24.164878Z DEBUG aiur::gpu_trace: CPU trace: circuit lacks generated CUDA coverage circuit=43 rows=1
2026-09-17T00:54:24.164874Z DEBUG aiur::gpu_trace: CPU trace: circuit lacks generated CUDA coverage circuit=4 rows=19986
2026-09-17T00:54:24.164874Z DEBUG aiur::gpu_trace: CPU trace: circuit lacks generated CUDA coverage circuit=9 rows=752348
2026-09-17T00:54:24.164874Z DEBUG aiur::gpu_trace: CPU trace: circuit lacks generated CUDA coverage circuit=31 rows=103021
2026-09-17T00:54:24.164874Z DEBUG aiur::gpu_trace: CPU trace: circuit lacks generated CUDA coverage circuit=12 rows=44886
2026-09-17T00:54:24.164874Z DEBUG aiur::gpu_trace: CPU trace: circuit lacks generated CUDA coverage circuit=37 rows=41669
2026-09-17T00:54:24.165002Z DEBUG aiur/codegen_seeds{circuit=59 rows=33}: aiur::trace_codegen::cuda: prepared generated CUDA trace circuit=59 rows=33 width=26 seed_bytes=2904 seed_spans=1
2026-09-17T00:54:24.165070Z DEBUG aiur::gpu_trace: CPU trace: circuit lacks generated CUDA coverage circuit=55 rows=201
2026-09-17T00:54:24.165115Z DEBUG aiur::gpu_trace: CPU trace: circuit lacks generated CUDA coverage circuit=2 rows=26
2026-09-17T00:54:24.165149Z DEBUG aiur::gpu_trace: CPU trace: circuit lacks generated CUDA coverage circuit=60 rows=12
2026-09-17T00:54:24.165232Z DEBUG aiur::gpu_trace: CPU trace: circuit lacks generated CUDA coverage circuit=57 rows=22
2026-09-17T00:54:24.165285Z DEBUG aiur::gpu_trace: CPU trace: circuit lacks generated CUDA coverage circuit=23 rows=92470
2026-09-17T00:54:24.165291Z DEBUG aiur::gpu_trace: CPU trace: circuit lacks generated CUDA coverage circuit=44 rows=23
2026-09-17T00:54:24.165323Z DEBUG aiur::gpu_trace: CPU trace: circuit lacks generated CUDA coverage circuit=24 rows=221
2026-09-17T00:54:24.165400Z DEBUG aiur::gpu_trace: CPU trace: circuit lacks generated CUDA coverage circuit=22 rows=40840
2026-09-17T00:54:24.165462Z DEBUG aiur::gpu_trace: CPU trace: circuit lacks generated CUDA coverage circuit=63 rows=3
2026-09-17T00:54:24.165479Z DEBUG aiur::gpu_trace: CPU trace: circuit lacks generated CUDA coverage circuit=10 rows=46291
2026-09-17T00:54:24.165529Z DEBUG aiur::gpu_trace: CPU trace: circuit lacks generated CUDA coverage circuit=40 rows=3
2026-09-17T00:54:24.165538Z DEBUG aiur::gpu_trace: CPU trace: circuit lacks generated CUDA coverage circuit=58 rows=57
2026-09-17T00:54:24.165564Z DEBUG aiur::gpu_trace: CPU trace: circuit lacks generated CUDA coverage circuit=34 rows=44800
2026-09-17T00:54:24.165599Z DEBUG aiur::gpu_trace: CPU trace: circuit lacks generated CUDA coverage circuit=38 rows=29
2026-09-17T00:54:24.165715Z DEBUG aiur::gpu_trace: CPU trace: circuit lacks generated CUDA coverage circuit=45 rows=1
2026-09-17T00:54:24.165725Z DEBUG aiur::gpu_trace: CPU trace: circuit lacks generated CUDA coverage circuit=41 rows=2
2026-09-17T00:54:24.165741Z DEBUG aiur::gpu_trace: CPU trace: circuit lacks generated CUDA coverage circuit=39 rows=2
2026-09-17T00:54:24.165774Z DEBUG aiur::gpu_trace: CPU trace: circuit lacks generated CUDA coverage circuit=64 rows=1
2026-09-17T00:54:24.165822Z DEBUG aiur::gpu_trace: CPU trace: circuit lacks generated CUDA coverage circuit=35 rows=68452
2026-09-17T00:54:24.165827Z DEBUG aiur::gpu_trace: CPU trace: circuit lacks generated CUDA coverage circuit=42 rows=3
2026-09-17T00:54:24.165856Z DEBUG aiur::gpu_trace: CPU trace: circuit lacks generated CUDA coverage circuit=46 rows=2
2026-09-17T00:54:24.165946Z DEBUG aiur::gpu_trace: CPU trace: circuit lacks generated CUDA coverage circuit=47 rows=287
2026-09-17T00:54:24.165970Z DEBUG aiur::gpu_trace: CPU trace: circuit lacks generated CUDA coverage circuit=65 rows=54
2026-09-17T00:54:24.165975Z DEBUG aiur::gpu_trace: CPU trace: circuit lacks generated CUDA coverage circuit=48 rows=19
2026-09-17T00:54:24.166122Z DEBUG aiur::gpu_trace: CPU trace: circuit lacks generated CUDA coverage circuit=66 rows=3
2026-09-17T00:54:24.166187Z DEBUG aiur::gpu_trace: CPU trace: circuit lacks generated CUDA coverage circuit=83 rows=1
2026-09-17T00:54:24.166208Z DEBUG aiur::gpu_trace: CPU trace: circuit lacks generated CUDA coverage circuit=11 rows=34300
2026-09-17T00:54:24.166243Z DEBUG aiur::gpu_trace: CPU trace: circuit lacks generated CUDA coverage circuit=61 rows=2
2026-09-17T00:54:24.166275Z DEBUG aiur/codegen_seeds{circuit=49 rows=2}: aiur::trace_codegen::cuda: prepared generated CUDA trace circuit=49 rows=2 width=13 seed_bytes=80 seed_spans=1
2026-09-17T00:54:24.166303Z DEBUG aiur::gpu_trace: CPU trace: circuit lacks generated CUDA coverage circuit=32 rows=1088765
2026-09-17T00:54:24.166311Z DEBUG aiur::gpu_trace: CPU trace: circuit lacks generated CUDA coverage circuit=84 rows=103959
2026-09-17T00:54:24.166353Z DEBUG aiur::gpu_trace: CPU trace: circuit lacks generated CUDA coverage circuit=5 rows=41236
2026-09-17T00:54:24.166412Z DEBUG aiur::gpu_trace: CPU trace: circuit lacks generated CUDA coverage circuit=33 rows=353988
2026-09-17T00:54:24.167199Z DEBUG aiur::gpu_trace: CPU trace: circuit lacks generated CUDA coverage circuit=36 rows=30567
2026-09-17T00:54:24.168245Z DEBUG aiur::gpu_trace: CPU trace: circuit lacks generated CUDA coverage circuit=13 rows=44049
2026-09-17T00:54:24.222837Z DEBUG aiur::gpu_trace: CPU trace: circuit lacks generated CUDA coverage circuit=85 rows=3
2026-09-17T00:54:24.222897Z DEBUG aiur::gpu_trace: CPU trace: circuit lacks generated CUDA coverage circuit=86 rows=534835
2026-09-17T00:54:24.227671Z DEBUG aiur::gpu_trace: CPU trace: circuit lacks generated CUDA coverage circuit=14 rows=2
2026-09-17T00:54:24.310840Z DEBUG aiur::gpu_trace: CPU trace: circuit lacks generated CUDA coverage circuit=87 rows=39148
2026-09-17T00:54:24.404667Z DEBUG aiur/codegen_seeds{circuit=30 rows=73058}: aiur::trace_codegen::cuda: prepared generated CUDA trace circuit=30 rows=73058 width=234 seed_bytes=44419264 seed_spans=3
2026-09-17T00:54:24.431232Z DEBUG aiur/codegen_seeds{circuit=20 rows=969184}: aiur::trace_codegen::cuda: prepared generated CUDA trace circuit=20 rows=969184 width=533 seed_bytes=170576384 seed_spans=15
[aggregate] root wrap proven in 7.9s (query-record peak 59.4 GiB): 2 shard(s) verified into 1
[lanes] worker 0: root proven at +425s
[lanes] calibration: claims 4 executed: record mean 20.5 GiB, p50 20.8 GiB, p90 21.8 GiB, max 21.8 GiB (unit 0); execution mean 113.2s, max 115.6s
[lanes] calibration: joins 3 executed: record mean 13.3 GiB, p50 13.6 GiB, p90 15.1 GiB, max 15.1 GiB (unit 2); execution mean 33.0s, max 38.9s
[lanes] calibration: 4 shards at a 31.1 GiB initial reservation (155.7 GiB shared record budget): largest claim record 70% of the initial reservation, largest join record 48%, 0 contention retry/retries; p90-scaled candidate 3 shard(s) at this initial reservation (claims measured this run only; a resumed run measures fewer)
[lanes] record pool: peak granted 115.3 GiB, 0 growth waits (0.0s summed across executions), 0 contention retries
[lanes] root cef56bca82bd3d5fb10c162e174c6f26550b3eaff51d92570d7bce7ba92d5f0e verified; composed verdict OK; end to end 425s
	Command being timed: "/tmp/claude-30033/-home-sam-repos-ix/9c1af3d4-3a5f-4585-a0ae-b691c8d73308/scratchpad/bench/ix-new6 prove --ixe /tmp/claude-30033/-home-sam-repos-ix/9c1af3d4-3a5f-4585-a0ae-b691c8d73308/scratchpad/bench/init.ixe --ixes /tmp/claude-30033/-home-sam-repos-ix/9c1af3d4-3a5f-4585-a0ae-b691c8d73308/scratchpad/bench/init-4.ixes --trace-shards --lanes 1 --exec-jobs 3 --max-ram 200"
	User time (seconds): 2091.97
	System time (seconds): 108.06
	Percent of CPU this job got: 513%
	Elapsed (wall clock) time (h:mm:ss or m:ss): 7:08.29
	Average shared text size (kbytes): 0
	Average unshared data size (kbytes): 0
	Average stack size (kbytes): 0
	Average total size (kbytes): 0
	Maximum resident set size (kbytes): 112798712
	Average resident set size (kbytes): 0
	Major (requiring I/O) page faults: 381
	Minor (reclaiming a frame) page faults: 3801405
	Voluntary context switches: 185938
	Involuntary context switches: 152161
	Swaps: 0
	File system inputs: 0
	File system outputs: 272656
	Socket messages sent: 0
	Socket messages received: 0
	Signals delivered: 0
	Page size (bytes): 4096
	Exit status: 0
